label,label_index,sample_index,path
A,0,0,DTASET A-Z/A/0.jpg
A,0,1,DTASET A-Z/A/1.jpg
A,0,2,DTASET A-Z/A/2.jpg
A,0,3,DTASET A-Z/A/3.jpg
A,0,4,DTASET A-Z/A/4.jpg
A,0,5,DTASET A-Z/A/5.jpg
A,0,6,DTASET A-Z/A/6.jpg
A,0,7,DTASET A-Z/A/7.jpg
A,0,8,DTASET A-Z/A/8.jpg
A,0,9,DTASET A-Z/A/9.jpg
A,0,10,DTASET A-Z/A/10.jpg
A,0,11,DTASET A-Z/A/11.jpg
A,0,12,DTASET A-Z/A/12.jpg
A,0,13,DTASET A-Z/A/13.jpg
A,0,14,DTASET A-Z/A/14.jpg
A,0,15,DTASET A-Z/A/15.jpg
A,0,16,DTASET A-Z/A/16.jpg
A,0,17,DTASET A-Z/A/17.jpg
A,0,18,DTASET A-Z/A/18.jpg
A,0,19,DTASET A-Z/A/19.jpg
A,0,20,DTASET A-Z/A/20.jpg
A,0,21,DTASET A-Z/A/21.jpg
A,0,22,DTASET A-Z/A/22.jpg
A,0,23,DTASET A-Z/A/23.jpg
A,0,24,DTASET A-Z/A/24.jpg
A,0,25,DTASET A-Z/A/25.jpg
A,0,26,DTASET A-Z/A/26.jpg
A,0,27,DTASET A-Z/A/27.jpg
A,0,28,DTASET A-Z/A/28.jpg
A,0,29,DTASET A-Z/A/29.jpg
A,0,30,DTASET A-Z/A/30.jpg
A,0,31,DTASET A-Z/A/31.jpg
A,0,32,DTASET A-Z/A/32.jpg
A,0,33,DTASET A-Z/A/33.jpg
A,0,34,DTASET A-Z/A/34.jpg
A,0,35,DTASET A-Z/A/35.jpg
A,0,36,DTASET A-Z/A/36.jpg
A,0,37,DTASET A-Z/A/37.jpg
A,0,38,DTASET A-Z/A/38.jpg
A,0,39,DTASET A-Z/A/39.jpg
A,0,40,DTASET A-Z/A/40.jpg
A,0,41,DTASET A-Z/A/41.jpg
A,0,42,DTASET A-Z/A/42.jpg
A,0,43,DTASET A-Z/A/43.jpg
A,0,44,DTASET A-Z/A/44.jpg
A,0,45,DTASET A-Z/A/45.jpg
A,0,46,DTASET A-Z/A/46.jpg
A,0,47,DTASET A-Z/A/47.jpg
A,0,48,DTASET A-Z/A/48.jpg
A,0,49,DTASET A-Z/A/49.jpg
A,0,50,DTASET A-Z/A/50.jpg
A,0,51,DTASET A-Z/A/51.jpg
A,0,52,DTASET A-Z/A/52.jpg
A,0,53,DTASET A-Z/A/53.jpg
A,0,54,DTASET A-Z/A/54.jpg
A,0,55,DTASET A-Z/A/55.jpg
A,0,56,DTASET A-Z/A/56.jpg
A,0,57,DTASET A-Z/A/57.jpg
A,0,58,DTASET A-Z/A/58.jpg
A,0,59,DTASET A-Z/A/59.jpg
A,0,60,DTASET A-Z/A/60.jpg
A,0,61,DTASET A-Z/A/61.jpg
A,0,62,DTASET A-Z/A/62.jpg
A,0,63,DTASET A-Z/A/63.jpg
A,0,64,DTASET A-Z/A/64.jpg
A,0,65,DTASET A-Z/A/65.jpg
A,0,66,DTASET A-Z/A/66.jpg
A,0,67,DTASET A-Z/A/67.jpg
A,0,68,DTASET A-Z/A/68.jpg
A,0,69,DTASET A-Z/A/69.jpg
A,0,70,DTASET A-Z/A/70.jpg
A,0,71,DTASET A-Z/A/71.jpg
A,0,72,DTASET A-Z/A/72.jpg
A,0,73,DTASET A-Z/A/73.jpg
A,0,74,DTASET A-Z/A/74.jpg
A,0,75,DTASET A-Z/A/75.jpg
A,0,76,DTASET A-Z/A/76.jpg
A,0,77,DTASET A-Z/A/77.jpg
A,0,78,DTASET A-Z/A/78.jpg
A,0,79,DTASET A-Z/A/79.jpg
A,0,80,DTASET A-Z/A/80.jpg
A,0,81,DTASET A-Z/A/81.jpg
A,0,82,DTASET A-Z/A/82.jpg
A,0,83,DTASET A-Z/A/83.jpg
A,0,84,DTASET A-Z/A/84.jpg
A,0,85,DTASET A-Z/A/85.jpg
A,0,86,DTASET A-Z/A/86.jpg
A,0,87,DTASET A-Z/A/87.jpg
A,0,88,DTASET A-Z/A/88.jpg
A,0,89,DTASET A-Z/A/89.jpg
A,0,90,DTASET A-Z/A/90.jpg
A,0,91,DTASET A-Z/A/91.jpg
A,0,92,DTASET A-Z/A/92.jpg
A,0,93,DTASET A-Z/A/93.jpg
A,0,94,DTASET A-Z/A/94.jpg
A,0,95,DTASET A-Z/A/95.jpg
A,0,96,DTASET A-Z/A/96.jpg
A,0,97,DTASET A-Z/A/97.jpg
A,0,98,DTASET A-Z/A/98.jpg
A,0,99,DTASET A-Z/A/99.jpg
A,0,100,DTASET A-Z/A/100.jpg
A,0,101,DTASET A-Z/A/101.jpg
A,0,102,DTASET A-Z/A/102.jpg
A,0,103,DTASET A-Z/A/103.jpg
A,0,104,DTASET A-Z/A/104.jpg
A,0,105,DTASET A-Z/A/105.jpg
A,0,106,DTASET A-Z/A/106.jpg
A,0,107,DTASET A-Z/A/107.jpg
A,0,108,DTASET A-Z/A/108.jpg
A,0,109,DTASET A-Z/A/109.jpg
A,0,110,DTASET A-Z/A/110.jpg
A,0,111,DTASET A-Z/A/111.jpg
A,0,112,DTASET A-Z/A/112.jpg
A,0,113,DTASET A-Z/A/113.jpg
A,0,114,DTASET A-Z/A/114.jpg
A,0,115,DTASET A-Z/A/115.jpg
A,0,116,DTASET A-Z/A/116.jpg
A,0,117,DTASET A-Z/A/117.jpg
A,0,118,DTASET A-Z/A/118.jpg
A,0,119,DTASET A-Z/A/119.jpg
A,0,120,DTASET A-Z/A/120.jpg
A,0,121,DTASET A-Z/A/121.jpg
A,0,122,DTASET A-Z/A/122.jpg
A,0,123,DTASET A-Z/A/123.jpg
A,0,124,DTASET A-Z/A/124.jpg
A,0,125,DTASET A-Z/A/125.jpg
A,0,126,DTASET A-Z/A/126.jpg
A,0,127,DTASET A-Z/A/127.jpg
A,0,128,DTASET A-Z/A/128.jpg
A,0,129,DTASET A-Z/A/129.jpg
A,0,130,DTASET A-Z/A/130.jpg
A,0,131,DTASET A-Z/A/131.jpg
A,0,132,DTASET A-Z/A/132.jpg
A,0,133,DTASET A-Z/A/133.jpg
A,0,134,DTASET A-Z/A/134.jpg
A,0,135,DTASET A-Z/A/135.jpg
A,0,136,DTASET A-Z/A/136.jpg
A,0,137,DTASET A-Z/A/137.jpg
A,0,138,DTASET A-Z/A/138.jpg
A,0,139,DTASET A-Z/A/139.jpg
A,0,140,DTASET A-Z/A/140.jpg
A,0,141,DTASET A-Z/A/141.jpg
A,0,142,DTASET A-Z/A/142.jpg
A,0,143,DTASET A-Z/A/143.jpg
A,0,144,DTASET A-Z/A/144.jpg
A,0,145,DTASET A-Z/A/145.jpg
A,0,146,DTASET A-Z/A/146.jpg
A,0,147,DTASET A-Z/A/147.jpg
A,0,148,DTASET A-Z/A/148.jpg
A,0,149,DTASET A-Z/A/149.jpg
A,0,150,DTASET A-Z/A/150.jpg
A,0,151,DTASET A-Z/A/151.jpg
A,0,152,DTASET A-Z/A/152.jpg
A,0,153,DTASET A-Z/A/153.jpg
A,0,154,DTASET A-Z/A/154.jpg
A,0,155,DTASET A-Z/A/155.jpg
A,0,156,DTASET A-Z/A/156.jpg
A,0,157,DTASET A-Z/A/157.jpg
A,0,158,DTASET A-Z/A/158.jpg
A,0,159,DTASET A-Z/A/159.jpg
A,0,160,DTASET A-Z/A/160.jpg
A,0,161,DTASET A-Z/A/161.jpg
A,0,162,DTASET A-Z/A/162.jpg
A,0,163,DTASET A-Z/A/163.jpg
A,0,164,DTASET A-Z/A/164.jpg
A,0,165,DTASET A-Z/A/165.jpg
A,0,166,DTASET A-Z/A/166.jpg
A,0,167,DTASET A-Z/A/167.jpg
A,0,168,DTASET A-Z/A/168.jpg
A,0,169,DTASET A-Z/A/169.jpg
A,0,170,DTASET A-Z/A/170.jpg
A,0,171,DTASET A-Z/A/171.jpg
A,0,172,DTASET A-Z/A/172.jpg
A,0,173,DTASET A-Z/A/173.jpg
A,0,174,DTASET A-Z/A/174.jpg
A,0,175,DTASET A-Z/A/175.jpg
A,0,176,DTASET A-Z/A/176.jpg
A,0,177,DTASET A-Z/A/177.jpg
A,0,178,DTASET A-Z/A/178.jpg
A,0,179,DTASET A-Z/A/179.jpg
A,0,180,DTASET A-Z/A/180.jpg
A,0,181,DTASET A-Z/A/181.jpg
A,0,182,DTASET A-Z/A/182.jpg
A,0,183,DTASET A-Z/A/183.jpg
A,0,184,DTASET A-Z/A/184.jpg
A,0,185,DTASET A-Z/A/185.jpg
A,0,186,DTASET A-Z/A/186.jpg
A,0,187,DTASET A-Z/A/187.jpg
A,0,188,DTASET A-Z/A/188.jpg
A,0,189,DTASET A-Z/A/189.jpg
A,0,190,DTASET A-Z/A/190.jpg
A,0,191,DTASET A-Z/A/191.jpg
A,0,192,DTASET A-Z/A/192.jpg
A,0,193,DTASET A-Z/A/193.jpg
A,0,194,DTASET A-Z/A/194.jpg
A,0,195,DTASET A-Z/A/195.jpg
A,0,196,DTASET A-Z/A/196.jpg
A,0,197,DTASET A-Z/A/197.jpg
A,0,198,DTASET A-Z/A/198.jpg
A,0,199,DTASET A-Z/A/199.jpg
A,0,200,DTASET A-Z/A/200.jpg
A,0,201,DTASET A-Z/A/201.jpg
A,0,202,DTASET A-Z/A/202.jpg
A,0,203,DTASET A-Z/A/203.jpg
A,0,204,DTASET A-Z/A/204.jpg
A,0,205,DTASET A-Z/A/205.jpg
A,0,206,DTASET A-Z/A/206.jpg
A,0,207,DTASET A-Z/A/207.jpg
A,0,208,DTASET A-Z/A/208.jpg
A,0,209,DTASET A-Z/A/209.jpg
A,0,210,DTASET A-Z/A/210.jpg
A,0,211,DTASET A-Z/A/211.jpg
A,0,212,DTASET A-Z/A/212.jpg
A,0,213,DTASET A-Z/A/213.jpg
A,0,214,DTASET A-Z/A/214.jpg
A,0,215,DTASET A-Z/A/215.jpg
A,0,216,DTASET A-Z/A/216.jpg
A,0,217,DTASET A-Z/A/217.jpg
A,0,218,DTASET A-Z/A/218.jpg
A,0,219,DTASET A-Z/A/219.jpg
A,0,220,DTASET A-Z/A/220.jpg
A,0,221,DTASET A-Z/A/221.jpg
A,0,222,DTASET A-Z/A/222.jpg
A,0,223,DTASET A-Z/A/223.jpg
A,0,224,DTASET A-Z/A/224.jpg
A,0,225,DTASET A-Z/A/225.jpg
A,0,226,DTASET A-Z/A/226.jpg
A,0,227,DTASET A-Z/A/227.jpg
A,0,228,DTASET A-Z/A/228.jpg
A,0,229,DTASET A-Z/A/229.jpg
A,0,230,DTASET A-Z/A/230.jpg
A,0,231,DTASET A-Z/A/231.jpg
A,0,232,DTASET A-Z/A/232.jpg
A,0,233,DTASET A-Z/A/233.jpg
A,0,234,DTASET A-Z/A/234.jpg
A,0,235,DTASET A-Z/A/235.jpg
A,0,236,DTASET A-Z/A/236.jpg
A,0,237,DTASET A-Z/A/237.jpg
A,0,238,DTASET A-Z/A/238.jpg
A,0,239,DTASET A-Z/A/239.jpg
A,0,240,DTASET A-Z/A/240.jpg
A,0,241,DTASET A-Z/A/241.jpg
A,0,242,DTASET A-Z/A/242.jpg
A,0,243,DTASET A-Z/A/243.jpg
A,0,244,DTASET A-Z/A/244.jpg
A,0,245,DTASET A-Z/A/245.jpg
A,0,246,DTASET A-Z/A/246.jpg
A,0,247,DTASET A-Z/A/247.jpg
A,0,248,DTASET A-Z/A/248.jpg
A,0,249,DTASET A-Z/A/249.jpg
A,0,250,DTASET A-Z/A/250.jpg
A,0,251,DTASET A-Z/A/251.jpg
A,0,252,DTASET A-Z/A/252.jpg
A,0,253,DTASET A-Z/A/253.jpg
A,0,254,DTASET A-Z/A/254.jpg
A,0,255,DTASET A-Z/A/255.jpg
A,0,256,DTASET A-Z/A/256.jpg
A,0,257,DTASET A-Z/A/257.jpg
A,0,258,DTASET A-Z/A/258.jpg
A,0,259,DTASET A-Z/A/259.jpg
A,0,260,DTASET A-Z/A/260.jpg
A,0,261,DTASET A-Z/A/261.jpg
A,0,262,DTASET A-Z/A/262.jpg
A,0,263,DTASET A-Z/A/263.jpg
A,0,264,DTASET A-Z/A/264.jpg
A,0,265,DTASET A-Z/A/265.jpg
A,0,266,DTASET A-Z/A/266.jpg
A,0,267,DTASET A-Z/A/267.jpg
A,0,268,DTASET A-Z/A/268.jpg
A,0,269,DTASET A-Z/A/269.jpg
A,0,270,DTASET A-Z/A/270.jpg
A,0,271,DTASET A-Z/A/271.jpg
A,0,272,DTASET A-Z/A/272.jpg
A,0,273,DTASET A-Z/A/273.jpg
A,0,274,DTASET A-Z/A/274.jpg
A,0,275,DTASET A-Z/A/275.jpg
A,0,276,DTASET A-Z/A/276.jpg
A,0,277,DTASET A-Z/A/277.jpg
A,0,278,DTASET A-Z/A/278.jpg
A,0,279,DTASET A-Z/A/279.jpg
A,0,280,DTASET A-Z/A/280.jpg
A,0,281,DTASET A-Z/A/281.jpg
A,0,282,DTASET A-Z/A/282.jpg
A,0,283,DTASET A-Z/A/283.jpg
A,0,284,DTASET A-Z/A/284.jpg
A,0,285,DTASET A-Z/A/285.jpg
A,0,286,DTASET A-Z/A/286.jpg
A,0,287,DTASET A-Z/A/287.jpg
A,0,288,DTASET A-Z/A/288.jpg
A,0,289,DTASET A-Z/A/289.jpg
A,0,290,DTASET A-Z/A/290.jpg
A,0,291,DTASET A-Z/A/291.jpg
A,0,292,DTASET A-Z/A/292.jpg
A,0,293,DTASET A-Z/A/293.jpg
A,0,294,DTASET A-Z/A/294.jpg
A,0,295,DTASET A-Z/A/295.jpg
A,0,296,DTASET A-Z/A/296.jpg
A,0,297,DTASET A-Z/A/297.jpg
A,0,298,DTASET A-Z/A/298.jpg
A,0,299,DTASET A-Z/A/299.jpg
A,0,300,DTASET A-Z/A/300.jpg
A,0,301,DTASET A-Z/A/301.jpg
A,0,302,DTASET A-Z/A/302.jpg
A,0,303,DTASET A-Z/A/303.jpg
A,0,304,DTASET A-Z/A/304.jpg
A,0,305,DTASET A-Z/A/305.jpg
A,0,306,DTASET A-Z/A/306.jpg
A,0,307,DTASET A-Z/A/307.jpg
A,0,308,DTASET A-Z/A/308.jpg
A,0,309,DTASET A-Z/A/309.jpg
A,0,310,DTASET A-Z/A/310.jpg
A,0,311,DTASET A-Z/A/311.jpg
A,0,312,DTASET A-Z/A/312.jpg
A,0,313,DTASET A-Z/A/313.jpg
A,0,314,DTASET A-Z/A/314.jpg
A,0,315,DTASET A-Z/A/315.jpg
A,0,316,DTASET A-Z/A/316.jpg
A,0,317,DTASET A-Z/A/317.jpg
A,0,318,DTASET A-Z/A/318.jpg
A,0,319,DTASET A-Z/A/319.jpg
A,0,320,DTASET A-Z/A/320.jpg
A,0,321,DTASET A-Z/A/321.jpg
A,0,322,DTASET A-Z/A/322.jpg
A,0,323,DTASET A-Z/A/323.jpg
A,0,324,DTASET A-Z/A/324.jpg
A,0,325,DTASET A-Z/A/325.jpg
A,0,326,DTASET A-Z/A/326.jpg
A,0,327,DTASET A-Z/A/327.jpg
A,0,328,DTASET A-Z/A/328.jpg
A,0,329,DTASET A-Z/A/329.jpg
A,0,330,DTASET A-Z/A/330.jpg
A,0,331,DTASET A-Z/A/331.jpg
A,0,332,DTASET A-Z/A/332.jpg
A,0,333,DTASET A-Z/A/333.jpg
A,0,334,DTASET A-Z/A/334.jpg
A,0,335,DTASET A-Z/A/335.jpg
A,0,336,DTASET A-Z/A/336.jpg
A,0,337,DTASET A-Z/A/337.jpg
A,0,338,DTASET A-Z/A/338.jpg
A,0,339,DTASET A-Z/A/339.jpg
A,0,340,DTASET A-Z/A/340.jpg
A,0,341,DTASET A-Z/A/341.jpg
A,0,342,DTASET A-Z/A/342.jpg
A,0,343,DTASET A-Z/A/343.jpg
A,0,344,DTASET A-Z/A/344.jpg
A,0,345,DTASET A-Z/A/345.jpg
A,0,346,DTASET A-Z/A/346.jpg
A,0,347,DTASET A-Z/A/347.jpg
A,0,348,DTASET A-Z/A/348.jpg
A,0,349,DTASET A-Z/A/349.jpg
A,0,350,DTASET A-Z/A/350.jpg
A,0,351,DTASET A-Z/A/351.jpg
A,0,352,DTASET A-Z/A/352.jpg
A,0,353,DTASET A-Z/A/353.jpg
A,0,354,DTASET A-Z/A/354.jpg
A,0,355,DTASET A-Z/A/355.jpg
A,0,356,DTASET A-Z/A/356.jpg
A,0,357,DTASET A-Z/A/357.jpg
A,0,358,DTASET A-Z/A/358.jpg
A,0,359,DTASET A-Z/A/359.jpg
A,0,360,DTASET A-Z/A/360.jpg
A,0,361,DTASET A-Z/A/361.jpg
A,0,362,DTASET A-Z/A/362.jpg
A,0,363,DTASET A-Z/A/363.jpg
A,0,364,DTASET A-Z/A/364.jpg
A,0,365,DTASET A-Z/A/365.jpg
A,0,366,DTASET A-Z/A/366.jpg
A,0,367,DTASET A-Z/A/367.jpg
A,0,368,DTASET A-Z/A/368.jpg
A,0,369,DTASET A-Z/A/369.jpg
A,0,370,DTASET A-Z/A/370.jpg
A,0,371,DTASET A-Z/A/371.jpg
A,0,372,DTASET A-Z/A/372.jpg
A,0,373,DTASET A-Z/A/373.jpg
A,0,374,DTASET A-Z/A/374.jpg
A,0,375,DTASET A-Z/A/375.jpg
A,0,376,DTASET A-Z/A/376.jpg
A,0,377,DTASET A-Z/A/377.jpg
A,0,378,DTASET A-Z/A/378.jpg
A,0,379,DTASET A-Z/A/379.jpg
A,0,380,DTASET A-Z/A/380.jpg
A,0,381,DTASET A-Z/A/381.jpg
A,0,382,DTASET A-Z/A/382.jpg
A,0,383,DTASET A-Z/A/383.jpg
A,0,384,DTASET A-Z/A/384.jpg
A,0,385,DTASET A-Z/A/385.jpg
A,0,386,DTASET A-Z/A/386.jpg
A,0,387,DTASET A-Z/A/387.jpg
A,0,388,DTASET A-Z/A/388.jpg
A,0,389,DTASET A-Z/A/389.jpg
A,0,390,DTASET A-Z/A/390.jpg
A,0,391,DTASET A-Z/A/391.jpg
A,0,392,DTASET A-Z/A/392.jpg
A,0,393,DTASET A-Z/A/393.jpg
A,0,394,DTASET A-Z/A/394.jpg
A,0,395,DTASET A-Z/A/395.jpg
A,0,396,DTASET A-Z/A/396.jpg
A,0,397,DTASET A-Z/A/397.jpg
A,0,398,DTASET A-Z/A/398.jpg
A,0,399,DTASET A-Z/A/399.jpg
A,0,400,DTASET A-Z/A/400.jpg
A,0,401,DTASET A-Z/A/401.jpg
A,0,402,DTASET A-Z/A/402.jpg
A,0,403,DTASET A-Z/A/403.jpg
A,0,404,DTASET A-Z/A/404.jpg
A,0,405,DTASET A-Z/A/405.jpg
A,0,406,DTASET A-Z/A/406.jpg
A,0,407,DTASET A-Z/A/407.jpg
A,0,408,DTASET A-Z/A/408.jpg
A,0,409,DTASET A-Z/A/409.jpg
A,0,410,DTASET A-Z/A/410.jpg
A,0,411,DTASET A-Z/A/411.jpg
A,0,412,DTASET A-Z/A/412.jpg
A,0,413,DTASET A-Z/A/413.jpg
A,0,414,DTASET A-Z/A/414.jpg
A,0,415,DTASET A-Z/A/415.jpg
A,0,416,DTASET A-Z/A/416.jpg
A,0,417,DTASET A-Z/A/417.jpg
A,0,418,DTASET A-Z/A/418.jpg
A,0,419,DTASET A-Z/A/419.jpg
A,0,420,DTASET A-Z/A/420.jpg
A,0,421,DTASET A-Z/A/421.jpg
A,0,422,DTASET A-Z/A/422.jpg
A,0,423,DTASET A-Z/A/423.jpg
A,0,424,DTASET A-Z/A/424.jpg
A,0,425,DTASET A-Z/A/425.jpg
A,0,426,DTASET A-Z/A/426.jpg
A,0,427,DTASET A-Z/A/427.jpg
A,0,428,DTASET A-Z/A/428.jpg
A,0,429,DTASET A-Z/A/429.jpg
A,0,430,DTASET A-Z/A/430.jpg
A,0,431,DTASET A-Z/A/431.jpg
A,0,432,DTASET A-Z/A/432.jpg
A,0,433,DTASET A-Z/A/433.jpg
A,0,434,DTASET A-Z/A/434.jpg
A,0,435,DTASET A-Z/A/435.jpg
A,0,436,DTASET A-Z/A/436.jpg
A,0,437,DTASET A-Z/A/437.jpg
A,0,438,DTASET A-Z/A/438.jpg
A,0,439,DTASET A-Z/A/439.jpg
A,0,440,DTASET A-Z/A/440.jpg
A,0,441,DTASET A-Z/A/441.jpg
A,0,442,DTASET A-Z/A/442.jpg
A,0,443,DTASET A-Z/A/443.jpg
A,0,444,DTASET A-Z/A/444.jpg
A,0,445,DTASET A-Z/A/445.jpg
A,0,446,DTASET A-Z/A/446.jpg
A,0,447,DTASET A-Z/A/447.jpg
A,0,448,DTASET A-Z/A/448.jpg
A,0,449,DTASET A-Z/A/449.jpg
A,0,450,DTASET A-Z/A/450.jpg
A,0,451,DTASET A-Z/A/451.jpg
A,0,452,DTASET A-Z/A/452.jpg
A,0,453,DTASET A-Z/A/453.jpg
A,0,454,DTASET A-Z/A/454.jpg
A,0,455,DTASET A-Z/A/455.jpg
A,0,456,DTASET A-Z/A/456.jpg
A,0,457,DTASET A-Z/A/457.jpg
A,0,458,DTASET A-Z/A/458.jpg
A,0,459,DTASET A-Z/A/459.jpg
A,0,460,DTASET A-Z/A/460.jpg
A,0,461,DTASET A-Z/A/461.jpg
A,0,462,DTASET A-Z/A/462.jpg
A,0,463,DTASET A-Z/A/463.jpg
A,0,464,DTASET A-Z/A/464.jpg
A,0,465,DTASET A-Z/A/465.jpg
A,0,466,DTASET A-Z/A/466.jpg
A,0,467,DTASET A-Z/A/467.jpg
A,0,468,DTASET A-Z/A/468.jpg
A,0,469,DTASET A-Z/A/469.jpg
A,0,470,DTASET A-Z/A/470.jpg
A,0,471,DTASET A-Z/A/471.jpg
A,0,472,DTASET A-Z/A/472.jpg
A,0,473,DTASET A-Z/A/473.jpg
A,0,474,DTASET A-Z/A/474.jpg
A,0,475,DTASET A-Z/A/475.jpg
A,0,476,DTASET A-Z/A/476.jpg
A,0,477,DTASET A-Z/A/477.jpg
A,0,478,DTASET A-Z/A/478.jpg
A,0,479,DTASET A-Z/A/479.jpg
A,0,480,DTASET A-Z/A/480.jpg
A,0,481,DTASET A-Z/A/481.jpg
A,0,482,DTASET A-Z/A/482.jpg
A,0,483,DTASET A-Z/A/483.jpg
A,0,484,DTASET A-Z/A/484.jpg
A,0,485,DTASET A-Z/A/485.jpg
A,0,486,DTASET A-Z/A/486.jpg
A,0,487,DTASET A-Z/A/487.jpg
A,0,488,DTASET A-Z/A/488.jpg
A,0,489,DTASET A-Z/A/489.jpg
A,0,490,DTASET A-Z/A/490.jpg
A,0,491,DTASET A-Z/A/491.jpg
A,0,492,DTASET A-Z/A/492.jpg
A,0,493,DTASET A-Z/A/493.jpg
A,0,494,DTASET A-Z/A/494.jpg
A,0,495,DTASET A-Z/A/495.jpg
A,0,496,DTASET A-Z/A/496.jpg
A,0,497,DTASET A-Z/A/497.jpg
A,0,498,DTASET A-Z/A/498.jpg
A,0,499,DTASET A-Z/A/499.jpg
A,0,500,DTASET A-Z/A/500.jpg
A,0,501,DTASET A-Z/A/501.jpg
A,0,502,DTASET A-Z/A/502.jpg
A,0,503,DTASET A-Z/A/503.jpg
A,0,504,DTASET A-Z/A/504.jpg
A,0,505,DTASET A-Z/A/505.jpg
A,0,506,DTASET A-Z/A/506.jpg
A,0,507,DTASET A-Z/A/507.jpg
A,0,508,DTASET A-Z/A/508.jpg
A,0,509,DTASET A-Z/A/509.jpg
A,0,510,DTASET A-Z/A/510.jpg
A,0,511,DTASET A-Z/A/511.jpg
A,0,512,DTASET A-Z/A/512.jpg
A,0,513,DTASET A-Z/A/513.jpg
A,0,514,DTASET A-Z/A/514.jpg
A,0,515,DTASET A-Z/A/515.jpg
A,0,516,DTASET A-Z/A/516.jpg
A,0,517,DTASET A-Z/A/517.jpg
A,0,518,DTASET A-Z/A/518.jpg
A,0,519,DTASET A-Z/A/519.jpg
A,0,520,DTASET A-Z/A/520.jpg
A,0,521,DTASET A-Z/A/521.jpg
A,0,522,DTASET A-Z/A/522.jpg
A,0,523,DTASET A-Z/A/523.jpg
A,0,524,DTASET A-Z/A/524.jpg
A,0,525,DTASET A-Z/A/525.jpg
A,0,526,DTASET A-Z/A/526.jpg
A,0,527,DTASET A-Z/A/527.jpg
A,0,528,DTASET A-Z/A/528.jpg
A,0,529,DTASET A-Z/A/529.jpg
A,0,530,DTASET A-Z/A/530.jpg
A,0,531,DTASET A-Z/A/531.jpg
A,0,532,DTASET A-Z/A/532.jpg
A,0,533,DTASET A-Z/A/533.jpg
A,0,534,DTASET A-Z/A/534.jpg
A,0,535,DTASET A-Z/A/535.jpg
A,0,536,DTASET A-Z/A/536.jpg
A,0,537,DTASET A-Z/A/537.jpg
A,0,538,DTASET A-Z/A/538.jpg
A,0,539,DTASET A-Z/A/539.jpg
A,0,540,DTASET A-Z/A/540.jpg
A,0,541,DTASET A-Z/A/541.jpg
A,0,542,DTASET A-Z/A/542.jpg
A,0,543,DTASET A-Z/A/543.jpg
A,0,544,DTASET A-Z/A/544.jpg
A,0,545,DTASET A-Z/A/545.jpg
A,0,546,DTASET A-Z/A/546.jpg
A,0,547,DTASET A-Z/A/547.jpg
A,0,548,DTASET A-Z/A/548.jpg
A,0,549,DTASET A-Z/A/549.jpg
A,0,550,DTASET A-Z/A/550.jpg
A,0,551,DTASET A-Z/A/551.jpg
A,0,552,DTASET A-Z/A/552.jpg
A,0,553,DTASET A-Z/A/553.jpg
A,0,554,DTASET A-Z/A/554.jpg
A,0,555,DTASET A-Z/A/555.jpg
A,0,556,DTASET A-Z/A/556.jpg
A,0,557,DTASET A-Z/A/557.jpg
A,0,558,DTASET A-Z/A/558.jpg
A,0,559,DTASET A-Z/A/559.jpg
A,0,560,DTASET A-Z/A/560.jpg
A,0,561,DTASET A-Z/A/561.jpg
A,0,562,DTASET A-Z/A/562.jpg
A,0,563,DTASET A-Z/A/563.jpg
A,0,564,DTASET A-Z/A/564.jpg
A,0,565,DTASET A-Z/A/565.jpg
A,0,566,DTASET A-Z/A/566.jpg
A,0,567,DTASET A-Z/A/567.jpg
A,0,568,DTASET A-Z/A/568.jpg
A,0,569,DTASET A-Z/A/569.jpg
A,0,570,DTASET A-Z/A/570.jpg
A,0,571,DTASET A-Z/A/571.jpg
A,0,572,DTASET A-Z/A/572.jpg
A,0,573,DTASET A-Z/A/573.jpg
A,0,574,DTASET A-Z/A/574.jpg
A,0,575,DTASET A-Z/A/575.jpg
A,0,576,DTASET A-Z/A/576.jpg
A,0,577,DTASET A-Z/A/577.jpg
A,0,578,DTASET A-Z/A/578.jpg
A,0,579,DTASET A-Z/A/579.jpg
A,0,580,DTASET A-Z/A/580.jpg
A,0,581,DTASET A-Z/A/581.jpg
A,0,582,DTASET A-Z/A/582.jpg
A,0,583,DTASET A-Z/A/583.jpg
A,0,584,DTASET A-Z/A/584.jpg
A,0,585,DTASET A-Z/A/585.jpg
A,0,586,DTASET A-Z/A/586.jpg
A,0,587,DTASET A-Z/A/587.jpg
A,0,588,DTASET A-Z/A/588.jpg
A,0,589,DTASET A-Z/A/589.jpg
A,0,590,DTASET A-Z/A/590.jpg
A,0,591,DTASET A-Z/A/591.jpg
A,0,592,DTASET A-Z/A/592.jpg
A,0,593,DTASET A-Z/A/593.jpg
A,0,594,DTASET A-Z/A/594.jpg
A,0,595,DTASET A-Z/A/595.jpg
A,0,596,DTASET A-Z/A/596.jpg
A,0,597,DTASET A-Z/A/597.jpg
A,0,598,DTASET A-Z/A/598.jpg
A,0,599,DTASET A-Z/A/599.jpg
A,0,600,DTASET A-Z/A/600.jpg
A,0,601,DTASET A-Z/A/601.jpg
A,0,602,DTASET A-Z/A/602.jpg
A,0,603,DTASET A-Z/A/603.jpg
A,0,604,DTASET A-Z/A/604.jpg
A,0,605,DTASET A-Z/A/605.jpg
A,0,606,DTASET A-Z/A/606.jpg
A,0,607,DTASET A-Z/A/607.jpg
A,0,608,DTASET A-Z/A/608.jpg
A,0,609,DTASET A-Z/A/609.jpg
A,0,610,DTASET A-Z/A/610.jpg
A,0,611,DTASET A-Z/A/611.jpg
A,0,612,DTASET A-Z/A/612.jpg
A,0,613,DTASET A-Z/A/613.jpg
A,0,614,DTASET A-Z/A/614.jpg
A,0,615,DTASET A-Z/A/615.jpg
A,0,616,DTASET A-Z/A/616.jpg
A,0,617,DTASET A-Z/A/617.jpg
A,0,618,DTASET A-Z/A/618.jpg
A,0,619,DTASET A-Z/A/619.jpg
A,0,620,DTASET A-Z/A/620.jpg
A,0,621,DTASET A-Z/A/621.jpg
A,0,622,DTASET A-Z/A/622.jpg
A,0,623,DTASET A-Z/A/623.jpg
A,0,624,DTASET A-Z/A/624.jpg
A,0,625,DTASET A-Z/A/625.jpg
A,0,626,DTASET A-Z/A/626.jpg
A,0,627,DTASET A-Z/A/627.jpg
A,0,628,DTASET A-Z/A/628.jpg
A,0,629,DTASET A-Z/A/629.jpg
A,0,630,DTASET A-Z/A/630.jpg
A,0,631,DTASET A-Z/A/631.jpg
A,0,632,DTASET A-Z/A/632.jpg
A,0,633,DTASET A-Z/A/633.jpg
A,0,634,DTASET A-Z/A/634.jpg
A,0,635,DTASET A-Z/A/635.jpg
A,0,636,DTASET A-Z/A/636.jpg
A,0,637,DTASET A-Z/A/637.jpg
A,0,638,DTASET A-Z/A/638.jpg
A,0,639,DTASET A-Z/A/639.jpg
A,0,640,DTASET A-Z/A/640.jpg
A,0,641,DTASET A-Z/A/641.jpg
A,0,642,DTASET A-Z/A/642.jpg
A,0,643,DTASET A-Z/A/643.jpg
A,0,644,DTASET A-Z/A/644.jpg
A,0,645,DTASET A-Z/A/645.jpg
A,0,646,DTASET A-Z/A/646.jpg
A,0,647,DTASET A-Z/A/647.jpg
A,0,648,DTASET A-Z/A/648.jpg
A,0,649,DTASET A-Z/A/649.jpg
A,0,650,DTASET A-Z/A/650.jpg
A,0,651,DTASET A-Z/A/651.jpg
A,0,652,DTASET A-Z/A/652.jpg
A,0,653,DTASET A-Z/A/653.jpg
A,0,654,DTASET A-Z/A/654.jpg
A,0,655,DTASET A-Z/A/655.jpg
A,0,656,DTASET A-Z/A/656.jpg
A,0,657,DTASET A-Z/A/657.jpg
A,0,658,DTASET A-Z/A/658.jpg
A,0,659,DTASET A-Z/A/659.jpg
A,0,660,DTASET A-Z/A/660.jpg
A,0,661,DTASET A-Z/A/661.jpg
A,0,662,DTASET A-Z/A/662.jpg
A,0,663,DTASET A-Z/A/663.jpg
A,0,664,DTASET A-Z/A/664.jpg
A,0,665,DTASET A-Z/A/665.jpg
A,0,666,DTASET A-Z/A/666.jpg
A,0,667,DTASET A-Z/A/667.jpg
A,0,668,DTASET A-Z/A/668.jpg
A,0,669,DTASET A-Z/A/669.jpg
A,0,670,DTASET A-Z/A/670.jpg
A,0,671,DTASET A-Z/A/671.jpg
A,0,672,DTASET A-Z/A/672.jpg
A,0,673,DTASET A-Z/A/673.jpg
A,0,674,DTASET A-Z/A/674.jpg
A,0,675,DTASET A-Z/A/675.jpg
A,0,676,DTASET A-Z/A/676.jpg
A,0,677,DTASET A-Z/A/677.jpg
A,0,678,DTASET A-Z/A/678.jpg
A,0,679,DTASET A-Z/A/679.jpg
A,0,680,DTASET A-Z/A/680.jpg
A,0,681,DTASET A-Z/A/681.jpg
A,0,682,DTASET A-Z/A/682.jpg
A,0,683,DTASET A-Z/A/683.jpg
A,0,684,DTASET A-Z/A/684.jpg
A,0,685,DTASET A-Z/A/685.jpg
A,0,686,DTASET A-Z/A/686.jpg
A,0,687,DTASET A-Z/A/687.jpg
A,0,688,DTASET A-Z/A/688.jpg
A,0,689,DTASET A-Z/A/689.jpg
A,0,690,DTASET A-Z/A/690.jpg
A,0,691,DTASET A-Z/A/691.jpg
A,0,692,DTASET A-Z/A/692.jpg
A,0,693,DTASET A-Z/A/693.jpg
A,0,694,DTASET A-Z/A/694.jpg
A,0,695,DTASET A-Z/A/695.jpg
A,0,696,DTASET A-Z/A/696.jpg
A,0,697,DTASET A-Z/A/697.jpg
A,0,698,DTASET A-Z/A/698.jpg
A,0,699,DTASET A-Z/A/699.jpg
A,0,700,DTASET A-Z/A/700.jpg
A,0,701,DTASET A-Z/A/701.jpg
A,0,702,DTASET A-Z/A/702.jpg
A,0,703,DTASET A-Z/A/703.jpg
A,0,704,DTASET A-Z/A/704.jpg
A,0,705,DTASET A-Z/A/705.jpg
A,0,706,DTASET A-Z/A/706.jpg
A,0,707,DTASET A-Z/A/707.jpg
A,0,708,DTASET A-Z/A/708.jpg
A,0,709,DTASET A-Z/A/709.jpg
A,0,710,DTASET A-Z/A/710.jpg
A,0,711,DTASET A-Z/A/711.jpg
A,0,712,DTASET A-Z/A/712.jpg
A,0,713,DTASET A-Z/A/713.jpg
A,0,714,DTASET A-Z/A/714.jpg
A,0,715,DTASET A-Z/A/715.jpg
A,0,716,DTASET A-Z/A/716.jpg
A,0,717,DTASET A-Z/A/717.jpg
A,0,718,DTASET A-Z/A/718.jpg
A,0,719,DTASET A-Z/A/719.jpg
A,0,720,DTASET A-Z/A/720.jpg
A,0,721,DTASET A-Z/A/721.jpg
A,0,722,DTASET A-Z/A/722.jpg
A,0,723,DTASET A-Z/A/723.jpg
A,0,724,DTASET A-Z/A/724.jpg
A,0,725,DTASET A-Z/A/725.jpg
A,0,726,DTASET A-Z/A/726.jpg
A,0,727,DTASET A-Z/A/727.jpg
A,0,728,DTASET A-Z/A/728.jpg
A,0,729,DTASET A-Z/A/729.jpg
A,0,730,DTASET A-Z/A/730.jpg
A,0,731,DTASET A-Z/A/731.jpg
A,0,732,DTASET A-Z/A/732.jpg
A,0,733,DTASET A-Z/A/733.jpg
A,0,734,DTASET A-Z/A/734.jpg
A,0,735,DTASET A-Z/A/735.jpg
A,0,736,DTASET A-Z/A/736.jpg
A,0,737,DTASET A-Z/A/737.jpg
A,0,738,DTASET A-Z/A/738.jpg
A,0,739,DTASET A-Z/A/739.jpg
A,0,740,DTASET A-Z/A/740.jpg
A,0,741,DTASET A-Z/A/741.jpg
A,0,742,DTASET A-Z/A/742.jpg
A,0,743,DTASET A-Z/A/743.jpg
A,0,744,DTASET A-Z/A/744.jpg
A,0,745,DTASET A-Z/A/745.jpg
A,0,746,DTASET A-Z/A/746.jpg
A,0,747,DTASET A-Z/A/747.jpg
A,0,748,DTASET A-Z/A/748.jpg
A,0,749,DTASET A-Z/A/749.jpg
A,0,750,DTASET A-Z/A/750.jpg
A,0,751,DTASET A-Z/A/751.jpg
A,0,752,DTASET A-Z/A/752.jpg
A,0,753,DTASET A-Z/A/753.jpg
A,0,754,DTASET A-Z/A/754.jpg
A,0,755,DTASET A-Z/A/755.jpg
A,0,756,DTASET A-Z/A/756.jpg
A,0,757,DTASET A-Z/A/757.jpg
A,0,758,DTASET A-Z/A/758.jpg
A,0,759,DTASET A-Z/A/759.jpg
A,0,760,DTASET A-Z/A/760.jpg
A,0,761,DTASET A-Z/A/761.jpg
A,0,762,DTASET A-Z/A/762.jpg
A,0,763,DTASET A-Z/A/763.jpg
A,0,764,DTASET A-Z/A/764.jpg
A,0,765,DTASET A-Z/A/765.jpg
A,0,766,DTASET A-Z/A/766.jpg
A,0,767,DTASET A-Z/A/767.jpg
A,0,768,DTASET A-Z/A/768.jpg
A,0,769,DTASET A-Z/A/769.jpg
A,0,770,DTASET A-Z/A/770.jpg
A,0,771,DTASET A-Z/A/771.jpg
A,0,772,DTASET A-Z/A/772.jpg
A,0,773,DTASET A-Z/A/773.jpg
A,0,774,DTASET A-Z/A/774.jpg
A,0,775,DTASET A-Z/A/775.jpg
A,0,776,DTASET A-Z/A/776.jpg
A,0,777,DTASET A-Z/A/777.jpg
A,0,778,DTASET A-Z/A/778.jpg
A,0,779,DTASET A-Z/A/779.jpg
A,0,780,DTASET A-Z/A/780.jpg
A,0,781,DTASET A-Z/A/781.jpg
A,0,782,DTASET A-Z/A/782.jpg
A,0,783,DTASET A-Z/A/783.jpg
A,0,784,DTASET A-Z/A/784.jpg
A,0,785,DTASET A-Z/A/785.jpg
A,0,786,DTASET A-Z/A/786.jpg
A,0,787,DTASET A-Z/A/787.jpg
A,0,788,DTASET A-Z/A/788.jpg
A,0,789,DTASET A-Z/A/789.jpg
A,0,790,DTASET A-Z/A/790.jpg
A,0,791,DTASET A-Z/A/791.jpg
A,0,792,DTASET A-Z/A/792.jpg
A,0,793,DTASET A-Z/A/793.jpg
A,0,794,DTASET A-Z/A/794.jpg
A,0,795,DTASET A-Z/A/795.jpg
A,0,796,DTASET A-Z/A/796.jpg
A,0,797,DTASET A-Z/A/797.jpg
A,0,798,DTASET A-Z/A/798.jpg
A,0,799,DTASET A-Z/A/799.jpg
A,0,800,DTASET A-Z/A/800.jpg
A,0,801,DTASET A-Z/A/801.jpg
A,0,802,DTASET A-Z/A/802.jpg
A,0,803,DTASET A-Z/A/803.jpg
A,0,804,DTASET A-Z/A/804.jpg
A,0,805,DTASET A-Z/A/805.jpg
A,0,806,DTASET A-Z/A/806.jpg
A,0,807,DTASET A-Z/A/807.jpg
A,0,808,DTASET A-Z/A/808.jpg
A,0,809,DTASET A-Z/A/809.jpg
A,0,810,DTASET A-Z/A/810.jpg
A,0,811,DTASET A-Z/A/811.jpg
A,0,812,DTASET A-Z/A/812.jpg
A,0,813,DTASET A-Z/A/813.jpg
A,0,814,DTASET A-Z/A/814.jpg
A,0,815,DTASET A-Z/A/815.jpg
A,0,816,DTASET A-Z/A/816.jpg
A,0,817,DTASET A-Z/A/817.jpg
A,0,818,DTASET A-Z/A/818.jpg
A,0,819,DTASET A-Z/A/819.jpg
A,0,820,DTASET A-Z/A/820.jpg
A,0,821,DTASET A-Z/A/821.jpg
A,0,822,DTASET A-Z/A/822.jpg
A,0,823,DTASET A-Z/A/823.jpg
A,0,824,DTASET A-Z/A/824.jpg
A,0,825,DTASET A-Z/A/825.jpg
A,0,826,DTASET A-Z/A/826.jpg
A,0,827,DTASET A-Z/A/827.jpg
A,0,828,DTASET A-Z/A/828.jpg
A,0,829,DTASET A-Z/A/829.jpg
A,0,830,DTASET A-Z/A/830.jpg
A,0,831,DTASET A-Z/A/831.jpg
A,0,832,DTASET A-Z/A/832.jpg
A,0,833,DTASET A-Z/A/833.jpg
A,0,834,DTASET A-Z/A/834.jpg
A,0,835,DTASET A-Z/A/835.jpg
A,0,836,DTASET A-Z/A/836.jpg
A,0,837,DTASET A-Z/A/837.jpg
A,0,838,DTASET A-Z/A/838.jpg
A,0,839,DTASET A-Z/A/839.jpg
A,0,840,DTASET A-Z/A/840.jpg
A,0,841,DTASET A-Z/A/841.jpg
A,0,842,DTASET A-Z/A/842.jpg
A,0,843,DTASET A-Z/A/843.jpg
A,0,844,DTASET A-Z/A/844.jpg
A,0,845,DTASET A-Z/A/845.jpg
A,0,846,DTASET A-Z/A/846.jpg
A,0,847,DTASET A-Z/A/847.jpg
A,0,848,DTASET A-Z/A/848.jpg
A,0,849,DTASET A-Z/A/849.jpg
A,0,850,DTASET A-Z/A/850.jpg
A,0,851,DTASET A-Z/A/851.jpg
A,0,852,DTASET A-Z/A/852.jpg
A,0,853,DTASET A-Z/A/853.jpg
A,0,854,DTASET A-Z/A/854.jpg
A,0,855,DTASET A-Z/A/855.jpg
A,0,856,DTASET A-Z/A/856.jpg
A,0,857,DTASET A-Z/A/857.jpg
A,0,858,DTASET A-Z/A/858.jpg
A,0,859,DTASET A-Z/A/859.jpg
A,0,860,DTASET A-Z/A/860.jpg
A,0,861,DTASET A-Z/A/861.jpg
A,0,862,DTASET A-Z/A/862.jpg
A,0,863,DTASET A-Z/A/863.jpg
A,0,864,DTASET A-Z/A/864.jpg
A,0,865,DTASET A-Z/A/865.jpg
A,0,866,DTASET A-Z/A/866.jpg
A,0,867,DTASET A-Z/A/867.jpg
A,0,868,DTASET A-Z/A/868.jpg
A,0,869,DTASET A-Z/A/869.jpg
A,0,870,DTASET A-Z/A/870.jpg
A,0,871,DTASET A-Z/A/871.jpg
A,0,872,DTASET A-Z/A/872.jpg
A,0,873,DTASET A-Z/A/873.jpg
A,0,874,DTASET A-Z/A/874.jpg
A,0,875,DTASET A-Z/A/875.jpg
A,0,876,DTASET A-Z/A/876.jpg
A,0,877,DTASET A-Z/A/877.jpg
A,0,878,DTASET A-Z/A/878.jpg
A,0,879,DTASET A-Z/A/879.jpg
A,0,880,DTASET A-Z/A/880.jpg
A,0,881,DTASET A-Z/A/881.jpg
A,0,882,DTASET A-Z/A/882.jpg
A,0,883,DTASET A-Z/A/883.jpg
A,0,884,DTASET A-Z/A/884.jpg
A,0,885,DTASET A-Z/A/885.jpg
A,0,886,DTASET A-Z/A/886.jpg
A,0,887,DTASET A-Z/A/887.jpg
A,0,888,DTASET A-Z/A/888.jpg
A,0,889,DTASET A-Z/A/889.jpg
A,0,890,DTASET A-Z/A/890.jpg
A,0,891,DTASET A-Z/A/891.jpg
A,0,892,DTASET A-Z/A/892.jpg
A,0,893,DTASET A-Z/A/893.jpg
A,0,894,DTASET A-Z/A/894.jpg
A,0,895,DTASET A-Z/A/895.jpg
A,0,896,DTASET A-Z/A/896.jpg
A,0,897,DTASET A-Z/A/897.jpg
A,0,898,DTASET A-Z/A/898.jpg
A,0,899,DTASET A-Z/A/899.jpg
A,0,900,DTASET A-Z/A/900.jpg
A,0,901,DTASET A-Z/A/901.jpg
A,0,902,DTASET A-Z/A/902.jpg
A,0,903,DTASET A-Z/A/903.jpg
A,0,904,DTASET A-Z/A/904.jpg
A,0,905,DTASET A-Z/A/905.jpg
A,0,906,DTASET A-Z/A/906.jpg
A,0,907,DTASET A-Z/A/907.jpg
A,0,908,DTASET A-Z/A/908.jpg
A,0,909,DTASET A-Z/A/909.jpg
A,0,910,DTASET A-Z/A/910.jpg
A,0,911,DTASET A-Z/A/911.jpg
A,0,912,DTASET A-Z/A/912.jpg
A,0,913,DTASET A-Z/A/913.jpg
A,0,914,DTASET A-Z/A/914.jpg
A,0,915,DTASET A-Z/A/915.jpg
A,0,916,DTASET A-Z/A/916.jpg
A,0,917,DTASET A-Z/A/917.jpg
A,0,918,DTASET A-Z/A/918.jpg
A,0,919,DTASET A-Z/A/919.jpg
A,0,920,DTASET A-Z/A/920.jpg
A,0,921,DTASET A-Z/A/921.jpg
A,0,922,DTASET A-Z/A/922.jpg
A,0,923,DTASET A-Z/A/923.jpg
A,0,924,DTASET A-Z/A/924.jpg
A,0,925,DTASET A-Z/A/925.jpg
A,0,926,DTASET A-Z/A/926.jpg
A,0,927,DTASET A-Z/A/927.jpg
A,0,928,DTASET A-Z/A/928.jpg
A,0,929,DTASET A-Z/A/929.jpg
A,0,930,DTASET A-Z/A/930.jpg
A,0,931,DTASET A-Z/A/931.jpg
A,0,932,DTASET A-Z/A/932.jpg
A,0,933,DTASET A-Z/A/933.jpg
A,0,934,DTASET A-Z/A/934.jpg
A,0,935,DTASET A-Z/A/935.jpg
A,0,936,DTASET A-Z/A/936.jpg
A,0,937,DTASET A-Z/A/937.jpg
A,0,938,DTASET A-Z/A/938.jpg
A,0,939,DTASET A-Z/A/939.jpg
A,0,940,DTASET A-Z/A/940.jpg
A,0,941,DTASET A-Z/A/941.jpg
A,0,942,DTASET A-Z/A/942.jpg
A,0,943,DTASET A-Z/A/943.jpg
A,0,944,DTASET A-Z/A/944.jpg
A,0,945,DTASET A-Z/A/945.jpg
A,0,946,DTASET A-Z/A/946.jpg
A,0,947,DTASET A-Z/A/947.jpg
A,0,948,DTASET A-Z/A/948.jpg
A,0,949,DTASET A-Z/A/949.jpg
A,0,950,DTASET A-Z/A/950.jpg
A,0,951,DTASET A-Z/A/951.jpg
A,0,952,DTASET A-Z/A/952.jpg
A,0,953,DTASET A-Z/A/953.jpg
A,0,954,DTASET A-Z/A/954.jpg
A,0,955,DTASET A-Z/A/955.jpg
A,0,956,DTASET A-Z/A/956.jpg
A,0,957,DTASET A-Z/A/957.jpg
A,0,958,DTASET A-Z/A/958.jpg
A,0,959,DTASET A-Z/A/959.jpg
A,0,960,DTASET A-Z/A/960.jpg
A,0,961,DTASET A-Z/A/961.jpg
A,0,962,DTASET A-Z/A/962.jpg
A,0,963,DTASET A-Z/A/963.jpg
A,0,964,DTASET A-Z/A/964.jpg
A,0,965,DTASET A-Z/A/965.jpg
A,0,966,DTASET A-Z/A/966.jpg
A,0,967,DTASET A-Z/A/967.jpg
A,0,968,DTASET A-Z/A/968.jpg
A,0,969,DTASET A-Z/A/969.jpg
A,0,970,DTASET A-Z/A/970.jpg
A,0,971,DTASET A-Z/A/971.jpg
A,0,972,DTASET A-Z/A/972.jpg
A,0,973,DTASET A-Z/A/973.jpg
A,0,974,DTASET A-Z/A/974.jpg
A,0,975,DTASET A-Z/A/975.jpg
A,0,976,DTASET A-Z/A/976.jpg
A,0,977,DTASET A-Z/A/977.jpg
A,0,978,DTASET A-Z/A/978.jpg
A,0,979,DTASET A-Z/A/979.jpg
A,0,980,DTASET A-Z/A/980.jpg
A,0,981,DTASET A-Z/A/981.jpg
A,0,982,DTASET A-Z/A/982.jpg
A,0,983,DTASET A-Z/A/983.jpg
A,0,984,DTASET A-Z/A/984.jpg
A,0,985,DTASET A-Z/A/985.jpg
A,0,986,DTASET A-Z/A/986.jpg
A,0,987,DTASET A-Z/A/987.jpg
A,0,988,DTASET A-Z/A/988.jpg
A,0,989,DTASET A-Z/A/989.jpg
A,0,990,DTASET A-Z/A/990.jpg
A,0,991,DTASET A-Z/A/991.jpg
A,0,992,DTASET A-Z/A/992.jpg
A,0,993,DTASET A-Z/A/993.jpg
A,0,994,DTASET A-Z/A/994.jpg
A,0,995,DTASET A-Z/A/995.jpg
A,0,996,DTASET A-Z/A/996.jpg
A,0,997,DTASET A-Z/A/997.jpg
A,0,998,DTASET A-Z/A/998.jpg
A,0,999,DTASET A-Z/A/999.jpg
A,0,1000,DTASET A-Z/A/1000.jpg
A,0,1001,DTASET A-Z/A/1001.jpg
A,0,1002,DTASET A-Z/A/1002.jpg
A,0,1003,DTASET A-Z/A/1003.jpg
A,0,1004,DTASET A-Z/A/1004.jpg
A,0,1005,DTASET A-Z/A/1005.jpg
A,0,1006,DTASET A-Z/A/1006.jpg
A,0,1007,DTASET A-Z/A/1007.jpg
A,0,1008,DTASET A-Z/A/1008.jpg
A,0,1009,DTASET A-Z/A/1009.jpg
A,0,1010,DTASET A-Z/A/1010.jpg
A,0,1011,DTASET A-Z/A/1011.jpg
A,0,1012,DTASET A-Z/A/1012.jpg
A,0,1013,DTASET A-Z/A/1013.jpg
A,0,1014,DTASET A-Z/A/1014.jpg
A,0,1015,DTASET A-Z/A/1015.jpg
A,0,1016,DTASET A-Z/A/1016.jpg
A,0,1017,DTASET A-Z/A/1017.jpg
A,0,1018,DTASET A-Z/A/1018.jpg
A,0,1019,DTASET A-Z/A/1019.jpg
A,0,1020,DTASET A-Z/A/1020.jpg
A,0,1021,DTASET A-Z/A/1021.jpg
A,0,1022,DTASET A-Z/A/1022.jpg
A,0,1023,DTASET A-Z/A/1023.jpg
A,0,1024,DTASET A-Z/A/1024.jpg
A,0,1025,DTASET A-Z/A/1025.jpg
A,0,1026,DTASET A-Z/A/1026.jpg
A,0,1027,DTASET A-Z/A/1027.jpg
A,0,1028,DTASET A-Z/A/1028.jpg
A,0,1029,DTASET A-Z/A/1029.jpg
A,0,1030,DTASET A-Z/A/1030.jpg
A,0,1031,DTASET A-Z/A/1031.jpg
A,0,1032,DTASET A-Z/A/1032.jpg
A,0,1033,DTASET A-Z/A/1033.jpg
A,0,1034,DTASET A-Z/A/1034.jpg
A,0,1035,DTASET A-Z/A/1035.jpg
A,0,1036,DTASET A-Z/A/1036.jpg
A,0,1037,DTASET A-Z/A/1037.jpg
A,0,1038,DTASET A-Z/A/1038.jpg
A,0,1039,DTASET A-Z/A/1039.jpg
A,0,1040,DTASET A-Z/A/1040.jpg
A,0,1041,DTASET A-Z/A/1041.jpg
A,0,1042,DTASET A-Z/A/1042.jpg
A,0,1043,DTASET A-Z/A/1043.jpg
A,0,1044,DTASET A-Z/A/1044.jpg
A,0,1045,DTASET A-Z/A/1045.jpg
A,0,1046,DTASET A-Z/A/1046.jpg
A,0,1047,DTASET A-Z/A/1047.jpg
A,0,1048,DTASET A-Z/A/1048.jpg
A,0,1049,DTASET A-Z/A/1049.jpg
A,0,1050,DTASET A-Z/A/1050.jpg
A,0,1051,DTASET A-Z/A/1051.jpg
A,0,1052,DTASET A-Z/A/1052.jpg
A,0,1053,DTASET A-Z/A/1053.jpg
A,0,1054,DTASET A-Z/A/1054.jpg
A,0,1055,DTASET A-Z/A/1055.jpg
A,0,1056,DTASET A-Z/A/1056.jpg
A,0,1057,DTASET A-Z/A/1057.jpg
A,0,1058,DTASET A-Z/A/1058.jpg
A,0,1059,DTASET A-Z/A/1059.jpg
A,0,1060,DTASET A-Z/A/1060.jpg
A,0,1061,DTASET A-Z/A/1061.jpg
A,0,1062,DTASET A-Z/A/1062.jpg
A,0,1063,DTASET A-Z/A/1063.jpg
A,0,1064,DTASET A-Z/A/1064.jpg
A,0,1065,DTASET A-Z/A/1065.jpg
A,0,1066,DTASET A-Z/A/1066.jpg
A,0,1067,DTASET A-Z/A/1067.jpg
A,0,1068,DTASET A-Z/A/1068.jpg
A,0,1069,DTASET A-Z/A/1069.jpg
A,0,1070,DTASET A-Z/A/1070.jpg
A,0,1071,DTASET A-Z/A/1071.jpg
A,0,1072,DTASET A-Z/A/1072.jpg
A,0,1073,DTASET A-Z/A/1073.jpg
A,0,1074,DTASET A-Z/A/1074.jpg
A,0,1075,DTASET A-Z/A/1075.jpg
A,0,1076,DTASET A-Z/A/1076.jpg
A,0,1077,DTASET A-Z/A/1077.jpg
A,0,1078,DTASET A-Z/A/1078.jpg
A,0,1079,DTASET A-Z/A/1079.jpg
A,0,1080,DTASET A-Z/A/1080.jpg
A,0,1081,DTASET A-Z/A/1081.jpg
A,0,1082,DTASET A-Z/A/1082.jpg
A,0,1083,DTASET A-Z/A/1083.jpg
A,0,1084,DTASET A-Z/A/1084.jpg
A,0,1085,DTASET A-Z/A/1085.jpg
A,0,1086,DTASET A-Z/A/1086.jpg
A,0,1087,DTASET A-Z/A/1087.jpg
A,0,1088,DTASET A-Z/A/1088.jpg
A,0,1089,DTASET A-Z/A/1089.jpg
A,0,1090,DTASET A-Z/A/1090.jpg
A,0,1091,DTASET A-Z/A/1091.jpg
A,0,1092,DTASET A-Z/A/1092.jpg
A,0,1093,DTASET A-Z/A/1093.jpg
A,0,1094,DTASET A-Z/A/1094.jpg
A,0,1095,DTASET A-Z/A/1095.jpg
A,0,1096,DTASET A-Z/A/1096.jpg
A,0,1097,DTASET A-Z/A/1097.jpg
A,0,1098,DTASET A-Z/A/1098.jpg
A,0,1099,DTASET A-Z/A/1099.jpg
A,0,1100,DTASET A-Z/A/1100.jpg
A,0,1101,DTASET A-Z/A/1101.jpg
A,0,1102,DTASET A-Z/A/1102.jpg
A,0,1103,DTASET A-Z/A/1103.jpg
A,0,1104,DTASET A-Z/A/1104.jpg
A,0,1105,DTASET A-Z/A/1105.jpg
A,0,1106,DTASET A-Z/A/1106.jpg
A,0,1107,DTASET A-Z/A/1107.jpg
A,0,1108,DTASET A-Z/A/1108.jpg
A,0,1109,DTASET A-Z/A/1109.jpg
A,0,1110,DTASET A-Z/A/1110.jpg
A,0,1111,DTASET A-Z/A/1111.jpg
A,0,1112,DTASET A-Z/A/1112.jpg
A,0,1113,DTASET A-Z/A/1113.jpg
A,0,1114,DTASET A-Z/A/1114.jpg
A,0,1115,DTASET A-Z/A/1115.jpg
A,0,1116,DTASET A-Z/A/1116.jpg
A,0,1117,DTASET A-Z/A/1117.jpg
A,0,1118,DTASET A-Z/A/1118.jpg
A,0,1119,DTASET A-Z/A/1119.jpg
A,0,1120,DTASET A-Z/A/1120.jpg
A,0,1121,DTASET A-Z/A/1121.jpg
A,0,1122,DTASET A-Z/A/1122.jpg
A,0,1123,DTASET A-Z/A/1123.jpg
A,0,1124,DTASET A-Z/A/1124.jpg
A,0,1125,DTASET A-Z/A/1125.jpg
A,0,1126,DTASET A-Z/A/1126.jpg
A,0,1127,DTASET A-Z/A/1127.jpg
A,0,1128,DTASET A-Z/A/1128.jpg
A,0,1129,DTASET A-Z/A/1129.jpg
A,0,1130,DTASET A-Z/A/1130.jpg
A,0,1131,DTASET A-Z/A/1131.jpg
A,0,1132,DTASET A-Z/A/1132.jpg
A,0,1133,DTASET A-Z/A/1133.jpg
A,0,1134,DTASET A-Z/A/1134.jpg
A,0,1135,DTASET A-Z/A/1135.jpg
A,0,1136,DTASET A-Z/A/1136.jpg
A,0,1137,DTASET A-Z/A/1137.jpg
A,0,1138,DTASET A-Z/A/1138.jpg
A,0,1139,DTASET A-Z/A/1139.jpg
A,0,1140,DTASET A-Z/A/1140.jpg
A,0,1141,DTASET A-Z/A/1141.jpg
A,0,1142,DTASET A-Z/A/1142.jpg
A,0,1143,DTASET A-Z/A/1143.jpg
A,0,1144,DTASET A-Z/A/1144.jpg
A,0,1145,DTASET A-Z/A/1145.jpg
A,0,1146,DTASET A-Z/A/1146.jpg
A,0,1147,DTASET A-Z/A/1147.jpg
A,0,1148,DTASET A-Z/A/1148.jpg
A,0,1149,DTASET A-Z/A/1149.jpg
A,0,1150,DTASET A-Z/A/1150.jpg
A,0,1151,DTASET A-Z/A/1151.jpg
A,0,1152,DTASET A-Z/A/1152.jpg
A,0,1153,DTASET A-Z/A/1153.jpg
A,0,1154,DTASET A-Z/A/1154.jpg
A,0,1155,DTASET A-Z/A/1155.jpg
A,0,1156,DTASET A-Z/A/1156.jpg
A,0,1157,DTASET A-Z/A/1157.jpg
A,0,1158,DTASET A-Z/A/1158.jpg
A,0,1159,DTASET A-Z/A/1159.jpg
A,0,1160,DTASET A-Z/A/1160.jpg
A,0,1161,DTASET A-Z/A/1161.jpg
A,0,1162,DTASET A-Z/A/1162.jpg
A,0,1163,DTASET A-Z/A/1163.jpg
A,0,1164,DTASET A-Z/A/1164.jpg
A,0,1165,DTASET A-Z/A/1165.jpg
A,0,1166,DTASET A-Z/A/1166.jpg
A,0,1167,DTASET A-Z/A/1167.jpg
A,0,1168,DTASET A-Z/A/1168.jpg
A,0,1169,DTASET A-Z/A/1169.jpg
A,0,1170,DTASET A-Z/A/1170.jpg
A,0,1171,DTASET A-Z/A/1171.jpg
A,0,1172,DTASET A-Z/A/1172.jpg
A,0,1173,DTASET A-Z/A/1173.jpg
A,0,1174,DTASET A-Z/A/1174.jpg
A,0,1175,DTASET A-Z/A/1175.jpg
A,0,1176,DTASET A-Z/A/1176.jpg
A,0,1177,DTASET A-Z/A/1177.jpg
A,0,1178,DTASET A-Z/A/1178.jpg
A,0,1179,DTASET A-Z/A/1179.jpg
A,0,1180,DTASET A-Z/A/1180.jpg
A,0,1181,DTASET A-Z/A/1181.jpg
A,0,1182,DTASET A-Z/A/1182.jpg
A,0,1183,DTASET A-Z/A/1183.jpg
A,0,1184,DTASET A-Z/A/1184.jpg
A,0,1185,DTASET A-Z/A/1185.jpg
A,0,1186,DTASET A-Z/A/1186.jpg
A,0,1187,DTASET A-Z/A/1187.jpg
A,0,1188,DTASET A-Z/A/1188.jpg
A,0,1189,DTASET A-Z/A/1189.jpg
A,0,1190,DTASET A-Z/A/1190.jpg
A,0,1191,DTASET A-Z/A/1191.jpg
A,0,1192,DTASET A-Z/A/1192.jpg
A,0,1193,DTASET A-Z/A/1193.jpg
A,0,1194,DTASET A-Z/A/1194.jpg
A,0,1195,DTASET A-Z/A/1195.jpg
A,0,1196,DTASET A-Z/A/1196.jpg
A,0,1197,DTASET A-Z/A/1197.jpg
A,0,1198,DTASET A-Z/A/1198.jpg
A,0,1199,DTASET A-Z/A/1199.jpg
B,1,0,DTASET A-Z/B/0.jpg
B,1,1,DTASET A-Z/B/1.jpg
B,1,2,DTASET A-Z/B/2.jpg
B,1,3,DTASET A-Z/B/3.jpg
B,1,4,DTASET A-Z/B/4.jpg
B,1,5,DTASET A-Z/B/5.jpg
B,1,6,DTASET A-Z/B/6.jpg
B,1,7,DTASET A-Z/B/7.jpg
B,1,8,DTASET A-Z/B/8.jpg
B,1,9,DTASET A-Z/B/9.jpg
B,1,10,DTASET A-Z/B/10.jpg
B,1,11,DTASET A-Z/B/11.jpg
B,1,12,DTASET A-Z/B/12.jpg
B,1,13,DTASET A-Z/B/13.jpg
B,1,14,DTASET A-Z/B/14.jpg
B,1,15,DTASET A-Z/B/15.jpg
B,1,16,DTASET A-Z/B/16.jpg
B,1,17,DTASET A-Z/B/17.jpg
B,1,18,DTASET A-Z/B/18.jpg
B,1,19,DTASET A-Z/B/19.jpg
B,1,20,DTASET A-Z/B/20.jpg
B,1,21,DTASET A-Z/B/21.jpg
B,1,22,DTASET A-Z/B/22.jpg
B,1,23,DTASET A-Z/B/23.jpg
B,1,24,DTASET A-Z/B/24.jpg
B,1,25,DTASET A-Z/B/25.jpg
B,1,26,DTASET A-Z/B/26.jpg
B,1,27,DTASET A-Z/B/27.jpg
B,1,28,DTASET A-Z/B/28.jpg
B,1,29,DTASET A-Z/B/29.jpg
B,1,30,DTASET A-Z/B/30.jpg
B,1,31,DTASET A-Z/B/31.jpg
B,1,32,DTASET A-Z/B/32.jpg
B,1,33,DTASET A-Z/B/33.jpg
B,1,34,DTASET A-Z/B/34.jpg
B,1,35,DTASET A-Z/B/35.jpg
B,1,36,DTASET A-Z/B/36.jpg
B,1,37,DTASET A-Z/B/37.jpg
B,1,38,DTASET A-Z/B/38.jpg
B,1,39,DTASET A-Z/B/39.jpg
B,1,40,DTASET A-Z/B/40.jpg
B,1,41,DTASET A-Z/B/41.jpg
B,1,42,DTASET A-Z/B/42.jpg
B,1,43,DTASET A-Z/B/43.jpg
B,1,44,DTASET A-Z/B/44.jpg
B,1,45,DTASET A-Z/B/45.jpg
B,1,46,DTASET A-Z/B/46.jpg
B,1,47,DTASET A-Z/B/47.jpg
B,1,48,DTASET A-Z/B/48.jpg
B,1,49,DTASET A-Z/B/49.jpg
B,1,50,DTASET A-Z/B/50.jpg
B,1,51,DTASET A-Z/B/51.jpg
B,1,52,DTASET A-Z/B/52.jpg
B,1,53,DTASET A-Z/B/53.jpg
B,1,54,DTASET A-Z/B/54.jpg
B,1,55,DTASET A-Z/B/55.jpg
B,1,56,DTASET A-Z/B/56.jpg
B,1,57,DTASET A-Z/B/57.jpg
B,1,58,DTASET A-Z/B/58.jpg
B,1,59,DTASET A-Z/B/59.jpg
B,1,60,DTASET A-Z/B/60.jpg
B,1,61,DTASET A-Z/B/61.jpg
B,1,62,DTASET A-Z/B/62.jpg
B,1,63,DTASET A-Z/B/63.jpg
B,1,64,DTASET A-Z/B/64.jpg
B,1,65,DTASET A-Z/B/65.jpg
B,1,66,DTASET A-Z/B/66.jpg
B,1,67,DTASET A-Z/B/67.jpg
B,1,68,DTASET A-Z/B/68.jpg
B,1,69,DTASET A-Z/B/69.jpg
B,1,70,DTASET A-Z/B/70.jpg
B,1,71,DTASET A-Z/B/71.jpg
B,1,72,DTASET A-Z/B/72.jpg
B,1,73,DTASET A-Z/B/73.jpg
B,1,74,DTASET A-Z/B/74.jpg
B,1,75,DTASET A-Z/B/75.jpg
B,1,76,DTASET A-Z/B/76.jpg
B,1,77,DTASET A-Z/B/77.jpg
B,1,78,DTASET A-Z/B/78.jpg
B,1,79,DTASET A-Z/B/79.jpg
B,1,80,DTASET A-Z/B/80.jpg
B,1,81,DTASET A-Z/B/81.jpg
B,1,82,DTASET A-Z/B/82.jpg
B,1,83,DTASET A-Z/B/83.jpg
B,1,84,DTASET A-Z/B/84.jpg
B,1,85,DTASET A-Z/B/85.jpg
B,1,86,DTASET A-Z/B/86.jpg
B,1,87,DTASET A-Z/B/87.jpg
B,1,88,DTASET A-Z/B/88.jpg
B,1,89,DTASET A-Z/B/89.jpg
B,1,90,DTASET A-Z/B/90.jpg
B,1,91,DTASET A-Z/B/91.jpg
B,1,92,DTASET A-Z/B/92.jpg
B,1,93,DTASET A-Z/B/93.jpg
B,1,94,DTASET A-Z/B/94.jpg
B,1,95,DTASET A-Z/B/95.jpg
B,1,96,DTASET A-Z/B/96.jpg
B,1,97,DTASET A-Z/B/97.jpg
B,1,98,DTASET A-Z/B/98.jpg
B,1,99,DTASET A-Z/B/99.jpg
B,1,100,DTASET A-Z/B/100.jpg
B,1,101,DTASET A-Z/B/101.jpg
B,1,102,DTASET A-Z/B/102.jpg
B,1,103,DTASET A-Z/B/103.jpg
B,1,104,DTASET A-Z/B/104.jpg
B,1,105,DTASET A-Z/B/105.jpg
B,1,106,DTASET A-Z/B/106.jpg
B,1,107,DTASET A-Z/B/107.jpg
B,1,108,DTASET A-Z/B/108.jpg
B,1,109,DTASET A-Z/B/109.jpg
B,1,110,DTASET A-Z/B/110.jpg
B,1,111,DTASET A-Z/B/111.jpg
B,1,112,DTASET A-Z/B/112.jpg
B,1,113,DTASET A-Z/B/113.jpg
B,1,114,DTASET A-Z/B/114.jpg
B,1,115,DTASET A-Z/B/115.jpg
B,1,116,DTASET A-Z/B/116.jpg
B,1,117,DTASET A-Z/B/117.jpg
B,1,118,DTASET A-Z/B/118.jpg
B,1,119,DTASET A-Z/B/119.jpg
B,1,120,DTASET A-Z/B/120.jpg
B,1,121,DTASET A-Z/B/121.jpg
B,1,122,DTASET A-Z/B/122.jpg
B,1,123,DTASET A-Z/B/123.jpg
B,1,124,DTASET A-Z/B/124.jpg
B,1,125,DTASET A-Z/B/125.jpg
B,1,126,DTASET A-Z/B/126.jpg
B,1,127,DTASET A-Z/B/127.jpg
B,1,128,DTASET A-Z/B/128.jpg
B,1,129,DTASET A-Z/B/129.jpg
B,1,130,DTASET A-Z/B/130.jpg
B,1,131,DTASET A-Z/B/131.jpg
B,1,132,DTASET A-Z/B/132.jpg
B,1,133,DTASET A-Z/B/133.jpg
B,1,134,DTASET A-Z/B/134.jpg
B,1,135,DTASET A-Z/B/135.jpg
B,1,136,DTASET A-Z/B/136.jpg
B,1,137,DTASET A-Z/B/137.jpg
B,1,138,DTASET A-Z/B/138.jpg
B,1,139,DTASET A-Z/B/139.jpg
B,1,140,DTASET A-Z/B/140.jpg
B,1,141,DTASET A-Z/B/141.jpg
B,1,142,DTASET A-Z/B/142.jpg
B,1,143,DTASET A-Z/B/143.jpg
B,1,144,DTASET A-Z/B/144.jpg
B,1,145,DTASET A-Z/B/145.jpg
B,1,146,DTASET A-Z/B/146.jpg
B,1,147,DTASET A-Z/B/147.jpg
B,1,148,DTASET A-Z/B/148.jpg
B,1,149,DTASET A-Z/B/149.jpg
B,1,150,DTASET A-Z/B/150.jpg
B,1,151,DTASET A-Z/B/151.jpg
B,1,152,DTASET A-Z/B/152.jpg
B,1,153,DTASET A-Z/B/153.jpg
B,1,154,DTASET A-Z/B/154.jpg
B,1,155,DTASET A-Z/B/155.jpg
B,1,156,DTASET A-Z/B/156.jpg
B,1,157,DTASET A-Z/B/157.jpg
B,1,158,DTASET A-Z/B/158.jpg
B,1,159,DTASET A-Z/B/159.jpg
B,1,160,DTASET A-Z/B/160.jpg
B,1,161,DTASET A-Z/B/161.jpg
B,1,162,DTASET A-Z/B/162.jpg
B,1,163,DTASET A-Z/B/163.jpg
B,1,164,DTASET A-Z/B/164.jpg
B,1,165,DTASET A-Z/B/165.jpg
B,1,166,DTASET A-Z/B/166.jpg
B,1,167,DTASET A-Z/B/167.jpg
B,1,168,DTASET A-Z/B/168.jpg
B,1,169,DTASET A-Z/B/169.jpg
B,1,170,DTASET A-Z/B/170.jpg
B,1,171,DTASET A-Z/B/171.jpg
B,1,172,DTASET A-Z/B/172.jpg
B,1,173,DTASET A-Z/B/173.jpg
B,1,174,DTASET A-Z/B/174.jpg
B,1,175,DTASET A-Z/B/175.jpg
B,1,176,DTASET A-Z/B/176.jpg
B,1,177,DTASET A-Z/B/177.jpg
B,1,178,DTASET A-Z/B/178.jpg
B,1,179,DTASET A-Z/B/179.jpg
B,1,180,DTASET A-Z/B/180.jpg
B,1,181,DTASET A-Z/B/181.jpg
B,1,182,DTASET A-Z/B/182.jpg
B,1,183,DTASET A-Z/B/183.jpg
B,1,184,DTASET A-Z/B/184.jpg
B,1,185,DTASET A-Z/B/185.jpg
B,1,186,DTASET A-Z/B/186.jpg
B,1,187,DTASET A-Z/B/187.jpg
B,1,188,DTASET A-Z/B/188.jpg
B,1,189,DTASET A-Z/B/189.jpg
B,1,190,DTASET A-Z/B/190.jpg
B,1,191,DTASET A-Z/B/191.jpg
B,1,192,DTASET A-Z/B/192.jpg
B,1,193,DTASET A-Z/B/193.jpg
B,1,194,DTASET A-Z/B/194.jpg
B,1,195,DTASET A-Z/B/195.jpg
B,1,196,DTASET A-Z/B/196.jpg
B,1,197,DTASET A-Z/B/197.jpg
B,1,198,DTASET A-Z/B/198.jpg
B,1,199,DTASET A-Z/B/199.jpg
B,1,200,DTASET A-Z/B/200.jpg
B,1,201,DTASET A-Z/B/201.jpg
B,1,202,DTASET A-Z/B/202.jpg
B,1,203,DTASET A-Z/B/203.jpg
B,1,204,DTASET A-Z/B/204.jpg
B,1,205,DTASET A-Z/B/205.jpg
B,1,206,DTASET A-Z/B/206.jpg
B,1,207,DTASET A-Z/B/207.jpg
B,1,208,DTASET A-Z/B/208.jpg
B,1,209,DTASET A-Z/B/209.jpg
B,1,210,DTASET A-Z/B/210.jpg
B,1,211,DTASET A-Z/B/211.jpg
B,1,212,DTASET A-Z/B/212.jpg
B,1,213,DTASET A-Z/B/213.jpg
B,1,214,DTASET A-Z/B/214.jpg
B,1,215,DTASET A-Z/B/215.jpg
B,1,216,DTASET A-Z/B/216.jpg
B,1,217,DTASET A-Z/B/217.jpg
B,1,218,DTASET A-Z/B/218.jpg
B,1,219,DTASET A-Z/B/219.jpg
B,1,220,DTASET A-Z/B/220.jpg
B,1,221,DTASET A-Z/B/221.jpg
B,1,222,DTASET A-Z/B/222.jpg
B,1,223,DTASET A-Z/B/223.jpg
B,1,224,DTASET A-Z/B/224.jpg
B,1,225,DTASET A-Z/B/225.jpg
B,1,226,DTASET A-Z/B/226.jpg
B,1,227,DTASET A-Z/B/227.jpg
B,1,228,DTASET A-Z/B/228.jpg
B,1,229,DTASET A-Z/B/229.jpg
B,1,230,DTASET A-Z/B/230.jpg
B,1,231,DTASET A-Z/B/231.jpg
B,1,232,DTASET A-Z/B/232.jpg
B,1,233,DTASET A-Z/B/233.jpg
B,1,234,DTASET A-Z/B/234.jpg
B,1,235,DTASET A-Z/B/235.jpg
B,1,236,DTASET A-Z/B/236.jpg
B,1,237,DTASET A-Z/B/237.jpg
B,1,238,DTASET A-Z/B/238.jpg
B,1,239,DTASET A-Z/B/239.jpg
B,1,240,DTASET A-Z/B/240.jpg
B,1,241,DTASET A-Z/B/241.jpg
B,1,242,DTASET A-Z/B/242.jpg
B,1,243,DTASET A-Z/B/243.jpg
B,1,244,DTASET A-Z/B/244.jpg
B,1,245,DTASET A-Z/B/245.jpg
B,1,246,DTASET A-Z/B/246.jpg
B,1,247,DTASET A-Z/B/247.jpg
B,1,248,DTASET A-Z/B/248.jpg
B,1,249,DTASET A-Z/B/249.jpg
B,1,250,DTASET A-Z/B/250.jpg
B,1,251,DTASET A-Z/B/251.jpg
B,1,252,DTASET A-Z/B/252.jpg
B,1,253,DTASET A-Z/B/253.jpg
B,1,254,DTASET A-Z/B/254.jpg
B,1,255,DTASET A-Z/B/255.jpg
B,1,256,DTASET A-Z/B/256.jpg
B,1,257,DTASET A-Z/B/257.jpg
B,1,258,DTASET A-Z/B/258.jpg
B,1,259,DTASET A-Z/B/259.jpg
B,1,260,DTASET A-Z/B/260.jpg
B,1,261,DTASET A-Z/B/261.jpg
B,1,262,DTASET A-Z/B/262.jpg
B,1,263,DTASET A-Z/B/263.jpg
B,1,264,DTASET A-Z/B/264.jpg
B,1,265,DTASET A-Z/B/265.jpg
B,1,266,DTASET A-Z/B/266.jpg
B,1,267,DTASET A-Z/B/267.jpg
B,1,268,DTASET A-Z/B/268.jpg
B,1,269,DTASET A-Z/B/269.jpg
B,1,270,DTASET A-Z/B/270.jpg
B,1,271,DTASET A-Z/B/271.jpg
B,1,272,DTASET A-Z/B/272.jpg
B,1,273,DTASET A-Z/B/273.jpg
B,1,274,DTASET A-Z/B/274.jpg
B,1,275,DTASET A-Z/B/275.jpg
B,1,276,DTASET A-Z/B/276.jpg
B,1,277,DTASET A-Z/B/277.jpg
B,1,278,DTASET A-Z/B/278.jpg
B,1,279,DTASET A-Z/B/279.jpg
B,1,280,DTASET A-Z/B/280.jpg
B,1,281,DTASET A-Z/B/281.jpg
B,1,282,DTASET A-Z/B/282.jpg
B,1,283,DTASET A-Z/B/283.jpg
B,1,284,DTASET A-Z/B/284.jpg
B,1,285,DTASET A-Z/B/285.jpg
B,1,286,DTASET A-Z/B/286.jpg
B,1,287,DTASET A-Z/B/287.jpg
B,1,288,DTASET A-Z/B/288.jpg
B,1,289,DTASET A-Z/B/289.jpg
B,1,290,DTASET A-Z/B/290.jpg
B,1,291,DTASET A-Z/B/291.jpg
B,1,292,DTASET A-Z/B/292.jpg
B,1,293,DTASET A-Z/B/293.jpg
B,1,294,DTASET A-Z/B/294.jpg
B,1,295,DTASET A-Z/B/295.jpg
B,1,296,DTASET A-Z/B/296.jpg
B,1,297,DTASET A-Z/B/297.jpg
B,1,298,DTASET A-Z/B/298.jpg
B,1,299,DTASET A-Z/B/299.jpg
B,1,300,DTASET A-Z/B/300.jpg
B,1,301,DTASET A-Z/B/301.jpg
B,1,302,DTASET A-Z/B/302.jpg
B,1,303,DTASET A-Z/B/303.jpg
B,1,304,DTASET A-Z/B/304.jpg
B,1,305,DTASET A-Z/B/305.jpg
B,1,306,DTASET A-Z/B/306.jpg
B,1,307,DTASET A-Z/B/307.jpg
B,1,308,DTASET A-Z/B/308.jpg
B,1,309,DTASET A-Z/B/309.jpg
B,1,310,DTASET A-Z/B/310.jpg
B,1,311,DTASET A-Z/B/311.jpg
B,1,312,DTASET A-Z/B/312.jpg
B,1,313,DTASET A-Z/B/313.jpg
B,1,314,DTASET A-Z/B/314.jpg
B,1,315,DTASET A-Z/B/315.jpg
B,1,316,DTASET A-Z/B/316.jpg
B,1,317,DTASET A-Z/B/317.jpg
B,1,318,DTASET A-Z/B/318.jpg
B,1,319,DTASET A-Z/B/319.jpg
B,1,320,DTASET A-Z/B/320.jpg
B,1,321,DTASET A-Z/B/321.jpg
B,1,322,DTASET A-Z/B/322.jpg
B,1,323,DTASET A-Z/B/323.jpg
B,1,324,DTASET A-Z/B/324.jpg
B,1,325,DTASET A-Z/B/325.jpg
B,1,326,DTASET A-Z/B/326.jpg
B,1,327,DTASET A-Z/B/327.jpg
B,1,328,DTASET A-Z/B/328.jpg
B,1,329,DTASET A-Z/B/329.jpg
B,1,330,DTASET A-Z/B/330.jpg
B,1,331,DTASET A-Z/B/331.jpg
B,1,332,DTASET A-Z/B/332.jpg
B,1,333,DTASET A-Z/B/333.jpg
B,1,334,DTASET A-Z/B/334.jpg
B,1,335,DTASET A-Z/B/335.jpg
B,1,336,DTASET A-Z/B/336.jpg
B,1,337,DTASET A-Z/B/337.jpg
B,1,338,DTASET A-Z/B/338.jpg
B,1,339,DTASET A-Z/B/339.jpg
B,1,340,DTASET A-Z/B/340.jpg
B,1,341,DTASET A-Z/B/341.jpg
B,1,342,DTASET A-Z/B/342.jpg
B,1,343,DTASET A-Z/B/343.jpg
B,1,344,DTASET A-Z/B/344.jpg
B,1,345,DTASET A-Z/B/345.jpg
B,1,346,DTASET A-Z/B/346.jpg
B,1,347,DTASET A-Z/B/347.jpg
B,1,348,DTASET A-Z/B/348.jpg
B,1,349,DTASET A-Z/B/349.jpg
B,1,350,DTASET A-Z/B/350.jpg
B,1,351,DTASET A-Z/B/351.jpg
B,1,352,DTASET A-Z/B/352.jpg
B,1,353,DTASET A-Z/B/353.jpg
B,1,354,DTASET A-Z/B/354.jpg
B,1,355,DTASET A-Z/B/355.jpg
B,1,356,DTASET A-Z/B/356.jpg
B,1,357,DTASET A-Z/B/357.jpg
B,1,358,DTASET A-Z/B/358.jpg
B,1,359,DTASET A-Z/B/359.jpg
B,1,360,DTASET A-Z/B/360.jpg
B,1,361,DTASET A-Z/B/361.jpg
B,1,362,DTASET A-Z/B/362.jpg
B,1,363,DTASET A-Z/B/363.jpg
B,1,364,DTASET A-Z/B/364.jpg
B,1,365,DTASET A-Z/B/365.jpg
B,1,366,DTASET A-Z/B/366.jpg
B,1,367,DTASET A-Z/B/367.jpg
B,1,368,DTASET A-Z/B/368.jpg
B,1,369,DTASET A-Z/B/369.jpg
B,1,370,DTASET A-Z/B/370.jpg
B,1,371,DTASET A-Z/B/371.jpg
B,1,372,DTASET A-Z/B/372.jpg
B,1,373,DTASET A-Z/B/373.jpg
B,1,374,DTASET A-Z/B/374.jpg
B,1,375,DTASET A-Z/B/375.jpg
B,1,376,DTASET A-Z/B/376.jpg
B,1,377,DTASET A-Z/B/377.jpg
B,1,378,DTASET A-Z/B/378.jpg
B,1,379,DTASET A-Z/B/379.jpg
B,1,380,DTASET A-Z/B/380.jpg
B,1,381,DTASET A-Z/B/381.jpg
B,1,382,DTASET A-Z/B/382.jpg
B,1,383,DTASET A-Z/B/383.jpg
B,1,384,DTASET A-Z/B/384.jpg
B,1,385,DTASET A-Z/B/385.jpg
B,1,386,DTASET A-Z/B/386.jpg
B,1,387,DTASET A-Z/B/387.jpg
B,1,388,DTASET A-Z/B/388.jpg
B,1,389,DTASET A-Z/B/389.jpg
B,1,390,DTASET A-Z/B/390.jpg
B,1,391,DTASET A-Z/B/391.jpg
B,1,392,DTASET A-Z/B/392.jpg
B,1,393,DTASET A-Z/B/393.jpg
B,1,394,DTASET A-Z/B/394.jpg
B,1,395,DTASET A-Z/B/395.jpg
B,1,396,DTASET A-Z/B/396.jpg
B,1,397,DTASET A-Z/B/397.jpg
B,1,398,DTASET A-Z/B/398.jpg
B,1,399,DTASET A-Z/B/399.jpg
B,1,400,DTASET A-Z/B/400.jpg
B,1,401,DTASET A-Z/B/401.jpg
B,1,402,DTASET A-Z/B/402.jpg
B,1,403,DTASET A-Z/B/403.jpg
B,1,404,DTASET A-Z/B/404.jpg
B,1,405,DTASET A-Z/B/405.jpg
B,1,406,DTASET A-Z/B/406.jpg
B,1,407,DTASET A-Z/B/407.jpg
B,1,408,DTASET A-Z/B/408.jpg
B,1,409,DTASET A-Z/B/409.jpg
B,1,410,DTASET A-Z/B/410.jpg
B,1,411,DTASET A-Z/B/411.jpg
B,1,412,DTASET A-Z/B/412.jpg
B,1,413,DTASET A-Z/B/413.jpg
B,1,414,DTASET A-Z/B/414.jpg
B,1,415,DTASET A-Z/B/415.jpg
B,1,416,DTASET A-Z/B/416.jpg
B,1,417,DTASET A-Z/B/417.jpg
B,1,418,DTASET A-Z/B/418.jpg
B,1,419,DTASET A-Z/B/419.jpg
B,1,420,DTASET A-Z/B/420.jpg
B,1,421,DTASET A-Z/B/421.jpg
B,1,422,DTASET A-Z/B/422.jpg
B,1,423,DTASET A-Z/B/423.jpg
B,1,424,DTASET A-Z/B/424.jpg
B,1,425,DTASET A-Z/B/425.jpg
B,1,426,DTASET A-Z/B/426.jpg
B,1,427,DTASET A-Z/B/427.jpg
B,1,428,DTASET A-Z/B/428.jpg
B,1,429,DTASET A-Z/B/429.jpg
B,1,430,DTASET A-Z/B/430.jpg
B,1,431,DTASET A-Z/B/431.jpg
B,1,432,DTASET A-Z/B/432.jpg
B,1,433,DTASET A-Z/B/433.jpg
B,1,434,DTASET A-Z/B/434.jpg
B,1,435,DTASET A-Z/B/435.jpg
B,1,436,DTASET A-Z/B/436.jpg
B,1,437,DTASET A-Z/B/437.jpg
B,1,438,DTASET A-Z/B/438.jpg
B,1,439,DTASET A-Z/B/439.jpg
B,1,440,DTASET A-Z/B/440.jpg
B,1,441,DTASET A-Z/B/441.jpg
B,1,442,DTASET A-Z/B/442.jpg
B,1,443,DTASET A-Z/B/443.jpg
B,1,444,DTASET A-Z/B/444.jpg
B,1,445,DTASET A-Z/B/445.jpg
B,1,446,DTASET A-Z/B/446.jpg
B,1,447,DTASET A-Z/B/447.jpg
B,1,448,DTASET A-Z/B/448.jpg
B,1,449,DTASET A-Z/B/449.jpg
B,1,450,DTASET A-Z/B/450.jpg
B,1,451,DTASET A-Z/B/451.jpg
B,1,452,DTASET A-Z/B/452.jpg
B,1,453,DTASET A-Z/B/453.jpg
B,1,454,DTASET A-Z/B/454.jpg
B,1,455,DTASET A-Z/B/455.jpg
B,1,456,DTASET A-Z/B/456.jpg
B,1,457,DTASET A-Z/B/457.jpg
B,1,458,DTASET A-Z/B/458.jpg
B,1,459,DTASET A-Z/B/459.jpg
B,1,460,DTASET A-Z/B/460.jpg
B,1,461,DTASET A-Z/B/461.jpg
B,1,462,DTASET A-Z/B/462.jpg
B,1,463,DTASET A-Z/B/463.jpg
B,1,464,DTASET A-Z/B/464.jpg
B,1,465,DTASET A-Z/B/465.jpg
B,1,466,DTASET A-Z/B/466.jpg
B,1,467,DTASET A-Z/B/467.jpg
B,1,468,DTASET A-Z/B/468.jpg
B,1,469,DTASET A-Z/B/469.jpg
B,1,470,DTASET A-Z/B/470.jpg
B,1,471,DTASET A-Z/B/471.jpg
B,1,472,DTASET A-Z/B/472.jpg
B,1,473,DTASET A-Z/B/473.jpg
B,1,474,DTASET A-Z/B/474.jpg
B,1,475,DTASET A-Z/B/475.jpg
B,1,476,DTASET A-Z/B/476.jpg
B,1,477,DTASET A-Z/B/477.jpg
B,1,478,DTASET A-Z/B/478.jpg
B,1,479,DTASET A-Z/B/479.jpg
B,1,480,DTASET A-Z/B/480.jpg
B,1,481,DTASET A-Z/B/481.jpg
B,1,482,DTASET A-Z/B/482.jpg
B,1,483,DTASET A-Z/B/483.jpg
B,1,484,DTASET A-Z/B/484.jpg
B,1,485,DTASET A-Z/B/485.jpg
B,1,486,DTASET A-Z/B/486.jpg
B,1,487,DTASET A-Z/B/487.jpg
B,1,488,DTASET A-Z/B/488.jpg
B,1,489,DTASET A-Z/B/489.jpg
B,1,490,DTASET A-Z/B/490.jpg
B,1,491,DTASET A-Z/B/491.jpg
B,1,492,DTASET A-Z/B/492.jpg
B,1,493,DTASET A-Z/B/493.jpg
B,1,494,DTASET A-Z/B/494.jpg
B,1,495,DTASET A-Z/B/495.jpg
B,1,496,DTASET A-Z/B/496.jpg
B,1,497,DTASET A-Z/B/497.jpg
B,1,498,DTASET A-Z/B/498.jpg
B,1,499,DTASET A-Z/B/499.jpg
B,1,500,DTASET A-Z/B/500.jpg
B,1,501,DTASET A-Z/B/501.jpg
B,1,502,DTASET A-Z/B/502.jpg
B,1,503,DTASET A-Z/B/503.jpg
B,1,504,DTASET A-Z/B/504.jpg
B,1,505,DTASET A-Z/B/505.jpg
B,1,506,DTASET A-Z/B/506.jpg
B,1,507,DTASET A-Z/B/507.jpg
B,1,508,DTASET A-Z/B/508.jpg
B,1,509,DTASET A-Z/B/509.jpg
B,1,510,DTASET A-Z/B/510.jpg
B,1,511,DTASET A-Z/B/511.jpg
B,1,512,DTASET A-Z/B/512.jpg
B,1,513,DTASET A-Z/B/513.jpg
B,1,514,DTASET A-Z/B/514.jpg
B,1,515,DTASET A-Z/B/515.jpg
B,1,516,DTASET A-Z/B/516.jpg
B,1,517,DTASET A-Z/B/517.jpg
B,1,518,DTASET A-Z/B/518.jpg
B,1,519,DTASET A-Z/B/519.jpg
B,1,520,DTASET A-Z/B/520.jpg
B,1,521,DTASET A-Z/B/521.jpg
B,1,522,DTASET A-Z/B/522.jpg
B,1,523,DTASET A-Z/B/523.jpg
B,1,524,DTASET A-Z/B/524.jpg
B,1,525,DTASET A-Z/B/525.jpg
B,1,526,DTASET A-Z/B/526.jpg
B,1,527,DTASET A-Z/B/527.jpg
B,1,528,DTASET A-Z/B/528.jpg
B,1,529,DTASET A-Z/B/529.jpg
B,1,530,DTASET A-Z/B/530.jpg
B,1,531,DTASET A-Z/B/531.jpg
B,1,532,DTASET A-Z/B/532.jpg
B,1,533,DTASET A-Z/B/533.jpg
B,1,534,DTASET A-Z/B/534.jpg
B,1,535,DTASET A-Z/B/535.jpg
B,1,536,DTASET A-Z/B/536.jpg
B,1,537,DTASET A-Z/B/537.jpg
B,1,538,DTASET A-Z/B/538.jpg
B,1,539,DTASET A-Z/B/539.jpg
B,1,540,DTASET A-Z/B/540.jpg
B,1,541,DTASET A-Z/B/541.jpg
B,1,542,DTASET A-Z/B/542.jpg
B,1,543,DTASET A-Z/B/543.jpg
B,1,544,DTASET A-Z/B/544.jpg
B,1,545,DTASET A-Z/B/545.jpg
B,1,546,DTASET A-Z/B/546.jpg
B,1,547,DTASET A-Z/B/547.jpg
B,1,548,DTASET A-Z/B/548.jpg
B,1,549,DTASET A-Z/B/549.jpg
B,1,550,DTASET A-Z/B/550.jpg
B,1,551,DTASET A-Z/B/551.jpg
B,1,552,DTASET A-Z/B/552.jpg
B,1,553,DTASET A-Z/B/553.jpg
B,1,554,DTASET A-Z/B/554.jpg
B,1,555,DTASET A-Z/B/555.jpg
B,1,556,DTASET A-Z/B/556.jpg
B,1,557,DTASET A-Z/B/557.jpg
B,1,558,DTASET A-Z/B/558.jpg
B,1,559,DTASET A-Z/B/559.jpg
B,1,560,DTASET A-Z/B/560.jpg
B,1,561,DTASET A-Z/B/561.jpg
B,1,562,DTASET A-Z/B/562.jpg
B,1,563,DTASET A-Z/B/563.jpg
B,1,564,DTASET A-Z/B/564.jpg
B,1,565,DTASET A-Z/B/565.jpg
B,1,566,DTASET A-Z/B/566.jpg
B,1,567,DTASET A-Z/B/567.jpg
B,1,568,DTASET A-Z/B/568.jpg
B,1,569,DTASET A-Z/B/569.jpg
B,1,570,DTASET A-Z/B/570.jpg
B,1,571,DTASET A-Z/B/571.jpg
B,1,572,DTASET A-Z/B/572.jpg
B,1,573,DTASET A-Z/B/573.jpg
B,1,574,DTASET A-Z/B/574.jpg
B,1,575,DTASET A-Z/B/575.jpg
B,1,576,DTASET A-Z/B/576.jpg
B,1,577,DTASET A-Z/B/577.jpg
B,1,578,DTASET A-Z/B/578.jpg
B,1,579,DTASET A-Z/B/579.jpg
B,1,580,DTASET A-Z/B/580.jpg
B,1,581,DTASET A-Z/B/581.jpg
B,1,582,DTASET A-Z/B/582.jpg
B,1,583,DTASET A-Z/B/583.jpg
B,1,584,DTASET A-Z/B/584.jpg
B,1,585,DTASET A-Z/B/585.jpg
B,1,586,DTASET A-Z/B/586.jpg
B,1,587,DTASET A-Z/B/587.jpg
B,1,588,DTASET A-Z/B/588.jpg
B,1,589,DTASET A-Z/B/589.jpg
B,1,590,DTASET A-Z/B/590.jpg
B,1,591,DTASET A-Z/B/591.jpg
B,1,592,DTASET A-Z/B/592.jpg
B,1,593,DTASET A-Z/B/593.jpg
B,1,594,DTASET A-Z/B/594.jpg
B,1,595,DTASET A-Z/B/595.jpg
B,1,596,DTASET A-Z/B/596.jpg
B,1,597,DTASET A-Z/B/597.jpg
B,1,598,DTASET A-Z/B/598.jpg
B,1,599,DTASET A-Z/B/599.jpg
B,1,600,DTASET A-Z/B/600.jpg
B,1,601,DTASET A-Z/B/601.jpg
B,1,602,DTASET A-Z/B/602.jpg
B,1,603,DTASET A-Z/B/603.jpg
B,1,604,DTASET A-Z/B/604.jpg
B,1,605,DTASET A-Z/B/605.jpg
B,1,606,DTASET A-Z/B/606.jpg
B,1,607,DTASET A-Z/B/607.jpg
B,1,608,DTASET A-Z/B/608.jpg
B,1,609,DTASET A-Z/B/609.jpg
B,1,610,DTASET A-Z/B/610.jpg
B,1,611,DTASET A-Z/B/611.jpg
B,1,612,DTASET A-Z/B/612.jpg
B,1,613,DTASET A-Z/B/613.jpg
B,1,614,DTASET A-Z/B/614.jpg
B,1,615,DTASET A-Z/B/615.jpg
B,1,616,DTASET A-Z/B/616.jpg
B,1,617,DTASET A-Z/B/617.jpg
B,1,618,DTASET A-Z/B/618.jpg
B,1,619,DTASET A-Z/B/619.jpg
B,1,620,DTASET A-Z/B/620.jpg
B,1,621,DTASET A-Z/B/621.jpg
B,1,622,DTASET A-Z/B/622.jpg
B,1,623,DTASET A-Z/B/623.jpg
B,1,624,DTASET A-Z/B/624.jpg
B,1,625,DTASET A-Z/B/625.jpg
B,1,626,DTASET A-Z/B/626.jpg
B,1,627,DTASET A-Z/B/627.jpg
B,1,628,DTASET A-Z/B/628.jpg
B,1,629,DTASET A-Z/B/629.jpg
B,1,630,DTASET A-Z/B/630.jpg
B,1,631,DTASET A-Z/B/631.jpg
B,1,632,DTASET A-Z/B/632.jpg
B,1,633,DTASET A-Z/B/633.jpg
B,1,634,DTASET A-Z/B/634.jpg
B,1,635,DTASET A-Z/B/635.jpg
B,1,636,DTASET A-Z/B/636.jpg
B,1,637,DTASET A-Z/B/637.jpg
B,1,638,DTASET A-Z/B/638.jpg
B,1,639,DTASET A-Z/B/639.jpg
B,1,640,DTASET A-Z/B/640.jpg
B,1,641,DTASET A-Z/B/641.jpg
B,1,642,DTASET A-Z/B/642.jpg
B,1,643,DTASET A-Z/B/643.jpg
B,1,644,DTASET A-Z/B/644.jpg
B,1,645,DTASET A-Z/B/645.jpg
B,1,646,DTASET A-Z/B/646.jpg
B,1,647,DTASET A-Z/B/647.jpg
B,1,648,DTASET A-Z/B/648.jpg
B,1,649,DTASET A-Z/B/649.jpg
B,1,650,DTASET A-Z/B/650.jpg
B,1,651,DTASET A-Z/B/651.jpg
B,1,652,DTASET A-Z/B/652.jpg
B,1,653,DTASET A-Z/B/653.jpg
B,1,654,DTASET A-Z/B/654.jpg
B,1,655,DTASET A-Z/B/655.jpg
B,1,656,DTASET A-Z/B/656.jpg
B,1,657,DTASET A-Z/B/657.jpg
B,1,658,DTASET A-Z/B/658.jpg
B,1,659,DTASET A-Z/B/659.jpg
B,1,660,DTASET A-Z/B/660.jpg
B,1,661,DTASET A-Z/B/661.jpg
B,1,662,DTASET A-Z/B/662.jpg
B,1,663,DTASET A-Z/B/663.jpg
B,1,664,DTASET A-Z/B/664.jpg
B,1,665,DTASET A-Z/B/665.jpg
B,1,666,DTASET A-Z/B/666.jpg
B,1,667,DTASET A-Z/B/667.jpg
B,1,668,DTASET A-Z/B/668.jpg
B,1,669,DTASET A-Z/B/669.jpg
B,1,670,DTASET A-Z/B/670.jpg
B,1,671,DTASET A-Z/B/671.jpg
B,1,672,DTASET A-Z/B/672.jpg
B,1,673,DTASET A-Z/B/673.jpg
B,1,674,DTASET A-Z/B/674.jpg
B,1,675,DTASET A-Z/B/675.jpg
B,1,676,DTASET A-Z/B/676.jpg
B,1,677,DTASET A-Z/B/677.jpg
B,1,678,DTASET A-Z/B/678.jpg
B,1,679,DTASET A-Z/B/679.jpg
B,1,680,DTASET A-Z/B/680.jpg
B,1,681,DTASET A-Z/B/681.jpg
B,1,682,DTASET A-Z/B/682.jpg
B,1,683,DTASET A-Z/B/683.jpg
B,1,684,DTASET A-Z/B/684.jpg
B,1,685,DTASET A-Z/B/685.jpg
B,1,686,DTASET A-Z/B/686.jpg
B,1,687,DTASET A-Z/B/687.jpg
B,1,688,DTASET A-Z/B/688.jpg
B,1,689,DTASET A-Z/B/689.jpg
B,1,690,DTASET A-Z/B/690.jpg
B,1,691,DTASET A-Z/B/691.jpg
B,1,692,DTASET A-Z/B/692.jpg
B,1,693,DTASET A-Z/B/693.jpg
B,1,694,DTASET A-Z/B/694.jpg
B,1,695,DTASET A-Z/B/695.jpg
B,1,696,DTASET A-Z/B/696.jpg
B,1,697,DTASET A-Z/B/697.jpg
B,1,698,DTASET A-Z/B/698.jpg
B,1,699,DTASET A-Z/B/699.jpg
B,1,700,DTASET A-Z/B/700.jpg
B,1,701,DTASET A-Z/B/701.jpg
B,1,702,DTASET A-Z/B/702.jpg
B,1,703,DTASET A-Z/B/703.jpg
B,1,704,DTASET A-Z/B/704.jpg
B,1,705,DTASET A-Z/B/705.jpg
B,1,706,DTASET A-Z/B/706.jpg
B,1,707,DTASET A-Z/B/707.jpg
B,1,708,DTASET A-Z/B/708.jpg
B,1,709,DTASET A-Z/B/709.jpg
B,1,710,DTASET A-Z/B/710.jpg
B,1,711,DTASET A-Z/B/711.jpg
B,1,712,DTASET A-Z/B/712.jpg
B,1,713,DTASET A-Z/B/713.jpg
B,1,714,DTASET A-Z/B/714.jpg
B,1,715,DTASET A-Z/B/715.jpg
B,1,716,DTASET A-Z/B/716.jpg
B,1,717,DTASET A-Z/B/717.jpg
B,1,718,DTASET A-Z/B/718.jpg
B,1,719,DTASET A-Z/B/719.jpg
B,1,720,DTASET A-Z/B/720.jpg
B,1,721,DTASET A-Z/B/721.jpg
B,1,722,DTASET A-Z/B/722.jpg
B,1,723,DTASET A-Z/B/723.jpg
B,1,724,DTASET A-Z/B/724.jpg
B,1,725,DTASET A-Z/B/725.jpg
B,1,726,DTASET A-Z/B/726.jpg
B,1,727,DTASET A-Z/B/727.jpg
B,1,728,DTASET A-Z/B/728.jpg
B,1,729,DTASET A-Z/B/729.jpg
B,1,730,DTASET A-Z/B/730.jpg
B,1,731,DTASET A-Z/B/731.jpg
B,1,732,DTASET A-Z/B/732.jpg
B,1,733,DTASET A-Z/B/733.jpg
B,1,734,DTASET A-Z/B/734.jpg
B,1,735,DTASET A-Z/B/735.jpg
B,1,736,DTASET A-Z/B/736.jpg
B,1,737,DTASET A-Z/B/737.jpg
B,1,738,DTASET A-Z/B/738.jpg
B,1,739,DTASET A-Z/B/739.jpg
B,1,740,DTASET A-Z/B/740.jpg
B,1,741,DTASET A-Z/B/741.jpg
B,1,742,DTASET A-Z/B/742.jpg
B,1,743,DTASET A-Z/B/743.jpg
B,1,744,DTASET A-Z/B/744.jpg
B,1,745,DTASET A-Z/B/745.jpg
B,1,746,DTASET A-Z/B/746.jpg
B,1,747,DTASET A-Z/B/747.jpg
B,1,748,DTASET A-Z/B/748.jpg
B,1,749,DTASET A-Z/B/749.jpg
B,1,750,DTASET A-Z/B/750.jpg
B,1,751,DTASET A-Z/B/751.jpg
B,1,752,DTASET A-Z/B/752.jpg
B,1,753,DTASET A-Z/B/753.jpg
B,1,754,DTASET A-Z/B/754.jpg
B,1,755,DTASET A-Z/B/755.jpg
B,1,756,DTASET A-Z/B/756.jpg
B,1,757,DTASET A-Z/B/757.jpg
B,1,758,DTASET A-Z/B/758.jpg
B,1,759,DTASET A-Z/B/759.jpg
B,1,760,DTASET A-Z/B/760.jpg
B,1,761,DTASET A-Z/B/761.jpg
B,1,762,DTASET A-Z/B/762.jpg
B,1,763,DTASET A-Z/B/763.jpg
B,1,764,DTASET A-Z/B/764.jpg
B,1,765,DTASET A-Z/B/765.jpg
B,1,766,DTASET A-Z/B/766.jpg
B,1,767,DTASET A-Z/B/767.jpg
B,1,768,DTASET A-Z/B/768.jpg
B,1,769,DTASET A-Z/B/769.jpg
B,1,770,DTASET A-Z/B/770.jpg
B,1,771,DTASET A-Z/B/771.jpg
B,1,772,DTASET A-Z/B/772.jpg
B,1,773,DTASET A-Z/B/773.jpg
B,1,774,DTASET A-Z/B/774.jpg
B,1,775,DTASET A-Z/B/775.jpg
B,1,776,DTASET A-Z/B/776.jpg
B,1,777,DTASET A-Z/B/777.jpg
B,1,778,DTASET A-Z/B/778.jpg
B,1,779,DTASET A-Z/B/779.jpg
B,1,780,DTASET A-Z/B/780.jpg
B,1,781,DTASET A-Z/B/781.jpg
B,1,782,DTASET A-Z/B/782.jpg
B,1,783,DTASET A-Z/B/783.jpg
B,1,784,DTASET A-Z/B/784.jpg
B,1,785,DTASET A-Z/B/785.jpg
B,1,786,DTASET A-Z/B/786.jpg
B,1,787,DTASET A-Z/B/787.jpg
B,1,788,DTASET A-Z/B/788.jpg
B,1,789,DTASET A-Z/B/789.jpg
B,1,790,DTASET A-Z/B/790.jpg
B,1,791,DTASET A-Z/B/791.jpg
B,1,792,DTASET A-Z/B/792.jpg
B,1,793,DTASET A-Z/B/793.jpg
B,1,794,DTASET A-Z/B/794.jpg
B,1,795,DTASET A-Z/B/795.jpg
B,1,796,DTASET A-Z/B/796.jpg
B,1,797,DTASET A-Z/B/797.jpg
B,1,798,DTASET A-Z/B/798.jpg
B,1,799,DTASET A-Z/B/799.jpg
B,1,800,DTASET A-Z/B/800.jpg
B,1,801,DTASET A-Z/B/801.jpg
B,1,802,DTASET A-Z/B/802.jpg
B,1,803,DTASET A-Z/B/803.jpg
B,1,804,DTASET A-Z/B/804.jpg
B,1,805,DTASET A-Z/B/805.jpg
B,1,806,DTASET A-Z/B/806.jpg
B,1,807,DTASET A-Z/B/807.jpg
B,1,808,DTASET A-Z/B/808.jpg
B,1,809,DTASET A-Z/B/809.jpg
B,1,810,DTASET A-Z/B/810.jpg
B,1,811,DTASET A-Z/B/811.jpg
B,1,812,DTASET A-Z/B/812.jpg
B,1,813,DTASET A-Z/B/813.jpg
B,1,814,DTASET A-Z/B/814.jpg
B,1,815,DTASET A-Z/B/815.jpg
B,1,816,DTASET A-Z/B/816.jpg
B,1,817,DTASET A-Z/B/817.jpg
B,1,818,DTASET A-Z/B/818.jpg
B,1,819,DTASET A-Z/B/819.jpg
B,1,820,DTASET A-Z/B/820.jpg
B,1,821,DTASET A-Z/B/821.jpg
B,1,822,DTASET A-Z/B/822.jpg
B,1,823,DTASET A-Z/B/823.jpg
B,1,824,DTASET A-Z/B/824.jpg
B,1,825,DTASET A-Z/B/825.jpg
B,1,826,DTASET A-Z/B/826.jpg
B,1,827,DTASET A-Z/B/827.jpg
B,1,828,DTASET A-Z/B/828.jpg
B,1,829,DTASET A-Z/B/829.jpg
B,1,830,DTASET A-Z/B/830.jpg
B,1,831,DTASET A-Z/B/831.jpg
B,1,832,DTASET A-Z/B/832.jpg
B,1,833,DTASET A-Z/B/833.jpg
B,1,834,DTASET A-Z/B/834.jpg
B,1,835,DTASET A-Z/B/835.jpg
B,1,836,DTASET A-Z/B/836.jpg
B,1,837,DTASET A-Z/B/837.jpg
B,1,838,DTASET A-Z/B/838.jpg
B,1,839,DTASET A-Z/B/839.jpg
B,1,840,DTASET A-Z/B/840.jpg
B,1,841,DTASET A-Z/B/841.jpg
B,1,842,DTASET A-Z/B/842.jpg
B,1,843,DTASET A-Z/B/843.jpg
B,1,844,DTASET A-Z/B/844.jpg
B,1,845,DTASET A-Z/B/845.jpg
B,1,846,DTASET A-Z/B/846.jpg
B,1,847,DTASET A-Z/B/847.jpg
B,1,848,DTASET A-Z/B/848.jpg
B,1,849,DTASET A-Z/B/849.jpg
B,1,850,DTASET A-Z/B/850.jpg
B,1,851,DTASET A-Z/B/851.jpg
B,1,852,DTASET A-Z/B/852.jpg
B,1,853,DTASET A-Z/B/853.jpg
B,1,854,DTASET A-Z/B/854.jpg
B,1,855,DTASET A-Z/B/855.jpg
B,1,856,DTASET A-Z/B/856.jpg
B,1,857,DTASET A-Z/B/857.jpg
B,1,858,DTASET A-Z/B/858.jpg
B,1,859,DTASET A-Z/B/859.jpg
B,1,860,DTASET A-Z/B/860.jpg
B,1,861,DTASET A-Z/B/861.jpg
B,1,862,DTASET A-Z/B/862.jpg
B,1,863,DTASET A-Z/B/863.jpg
B,1,864,DTASET A-Z/B/864.jpg
B,1,865,DTASET A-Z/B/865.jpg
B,1,866,DTASET A-Z/B/866.jpg
B,1,867,DTASET A-Z/B/867.jpg
B,1,868,DTASET A-Z/B/868.jpg
B,1,869,DTASET A-Z/B/869.jpg
B,1,870,DTASET A-Z/B/870.jpg
B,1,871,DTASET A-Z/B/871.jpg
B,1,872,DTASET A-Z/B/872.jpg
B,1,873,DTASET A-Z/B/873.jpg
B,1,874,DTASET A-Z/B/874.jpg
B,1,875,DTASET A-Z/B/875.jpg
B,1,876,DTASET A-Z/B/876.jpg
B,1,877,DTASET A-Z/B/877.jpg
B,1,878,DTASET A-Z/B/878.jpg
B,1,879,DTASET A-Z/B/879.jpg
B,1,880,DTASET A-Z/B/880.jpg
B,1,881,DTASET A-Z/B/881.jpg
B,1,882,DTASET A-Z/B/882.jpg
B,1,883,DTASET A-Z/B/883.jpg
B,1,884,DTASET A-Z/B/884.jpg
B,1,885,DTASET A-Z/B/885.jpg
B,1,886,DTASET A-Z/B/886.jpg
B,1,887,DTASET A-Z/B/887.jpg
B,1,888,DTASET A-Z/B/888.jpg
B,1,889,DTASET A-Z/B/889.jpg
B,1,890,DTASET A-Z/B/890.jpg
B,1,891,DTASET A-Z/B/891.jpg
B,1,892,DTASET A-Z/B/892.jpg
B,1,893,DTASET A-Z/B/893.jpg
B,1,894,DTASET A-Z/B/894.jpg
B,1,895,DTASET A-Z/B/895.jpg
B,1,896,DTASET A-Z/B/896.jpg
B,1,897,DTASET A-Z/B/897.jpg
B,1,898,DTASET A-Z/B/898.jpg
B,1,899,DTASET A-Z/B/899.jpg
B,1,900,DTASET A-Z/B/900.jpg
B,1,901,DTASET A-Z/B/901.jpg
B,1,902,DTASET A-Z/B/902.jpg
B,1,903,DTASET A-Z/B/903.jpg
B,1,904,DTASET A-Z/B/904.jpg
B,1,905,DTASET A-Z/B/905.jpg
B,1,906,DTASET A-Z/B/906.jpg
B,1,907,DTASET A-Z/B/907.jpg
B,1,908,DTASET A-Z/B/908.jpg
B,1,909,DTASET A-Z/B/909.jpg
B,1,910,DTASET A-Z/B/910.jpg
B,1,911,DTASET A-Z/B/911.jpg
B,1,912,DTASET A-Z/B/912.jpg
B,1,913,DTASET A-Z/B/913.jpg
B,1,914,DTASET A-Z/B/914.jpg
B,1,915,DTASET A-Z/B/915.jpg
B,1,916,DTASET A-Z/B/916.jpg
B,1,917,DTASET A-Z/B/917.jpg
B,1,918,DTASET A-Z/B/918.jpg
B,1,919,DTASET A-Z/B/919.jpg
B,1,920,DTASET A-Z/B/920.jpg
B,1,921,DTASET A-Z/B/921.jpg
B,1,922,DTASET A-Z/B/922.jpg
B,1,923,DTASET A-Z/B/923.jpg
B,1,924,DTASET A-Z/B/924.jpg
B,1,925,DTASET A-Z/B/925.jpg
B,1,926,DTASET A-Z/B/926.jpg
B,1,927,DTASET A-Z/B/927.jpg
B,1,928,DTASET A-Z/B/928.jpg
B,1,929,DTASET A-Z/B/929.jpg
B,1,930,DTASET A-Z/B/930.jpg
B,1,931,DTASET A-Z/B/931.jpg
B,1,932,DTASET A-Z/B/932.jpg
B,1,933,DTASET A-Z/B/933.jpg
B,1,934,DTASET A-Z/B/934.jpg
B,1,935,DTASET A-Z/B/935.jpg
B,1,936,DTASET A-Z/B/936.jpg
B,1,937,DTASET A-Z/B/937.jpg
B,1,938,DTASET A-Z/B/938.jpg
B,1,939,DTASET A-Z/B/939.jpg
B,1,940,DTASET A-Z/B/940.jpg
B,1,941,DTASET A-Z/B/941.jpg
B,1,942,DTASET A-Z/B/942.jpg
B,1,943,DTASET A-Z/B/943.jpg
B,1,944,DTASET A-Z/B/944.jpg
B,1,945,DTASET A-Z/B/945.jpg
B,1,946,DTASET A-Z/B/946.jpg
B,1,947,DTASET A-Z/B/947.jpg
B,1,948,DTASET A-Z/B/948.jpg
B,1,949,DTASET A-Z/B/949.jpg
B,1,950,DTASET A-Z/B/950.jpg
B,1,951,DTASET A-Z/B/951.jpg
B,1,952,DTASET A-Z/B/952.jpg
B,1,953,DTASET A-Z/B/953.jpg
B,1,954,DTASET A-Z/B/954.jpg
B,1,955,DTASET A-Z/B/955.jpg
B,1,956,DTASET A-Z/B/956.jpg
B,1,957,DTASET A-Z/B/957.jpg
B,1,958,DTASET A-Z/B/958.jpg
B,1,959,DTASET A-Z/B/959.jpg
B,1,960,DTASET A-Z/B/960.jpg
B,1,961,DTASET A-Z/B/961.jpg
B,1,962,DTASET A-Z/B/962.jpg
B,1,963,DTASET A-Z/B/963.jpg
B,1,964,DTASET A-Z/B/964.jpg
B,1,965,DTASET A-Z/B/965.jpg
B,1,966,DTASET A-Z/B/966.jpg
B,1,967,DTASET A-Z/B/967.jpg
B,1,968,DTASET A-Z/B/968.jpg
B,1,969,DTASET A-Z/B/969.jpg
B,1,970,DTASET A-Z/B/970.jpg
B,1,971,DTASET A-Z/B/971.jpg
B,1,972,DTASET A-Z/B/972.jpg
B,1,973,DTASET A-Z/B/973.jpg
B,1,974,DTASET A-Z/B/974.jpg
B,1,975,DTASET A-Z/B/975.jpg
B,1,976,DTASET A-Z/B/976.jpg
B,1,977,DTASET A-Z/B/977.jpg
B,1,978,DTASET A-Z/B/978.jpg
B,1,979,DTASET A-Z/B/979.jpg
B,1,980,DTASET A-Z/B/980.jpg
B,1,981,DTASET A-Z/B/981.jpg
B,1,982,DTASET A-Z/B/982.jpg
B,1,983,DTASET A-Z/B/983.jpg
B,1,984,DTASET A-Z/B/984.jpg
B,1,985,DTASET A-Z/B/985.jpg
B,1,986,DTASET A-Z/B/986.jpg
B,1,987,DTASET A-Z/B/987.jpg
B,1,988,DTASET A-Z/B/988.jpg
B,1,989,DTASET A-Z/B/989.jpg
B,1,990,DTASET A-Z/B/990.jpg
B,1,991,DTASET A-Z/B/991.jpg
B,1,992,DTASET A-Z/B/992.jpg
B,1,993,DTASET A-Z/B/993.jpg
B,1,994,DTASET A-Z/B/994.jpg
B,1,995,DTASET A-Z/B/995.jpg
B,1,996,DTASET A-Z/B/996.jpg
B,1,997,DTASET A-Z/B/997.jpg
B,1,998,DTASET A-Z/B/998.jpg
B,1,999,DTASET A-Z/B/999.jpg
B,1,1000,DTASET A-Z/B/1000.jpg
B,1,1001,DTASET A-Z/B/1001.jpg
B,1,1002,DTASET A-Z/B/1002.jpg
B,1,1003,DTASET A-Z/B/1003.jpg
B,1,1004,DTASET A-Z/B/1004.jpg
B,1,1005,DTASET A-Z/B/1005.jpg
B,1,1006,DTASET A-Z/B/1006.jpg
B,1,1007,DTASET A-Z/B/1007.jpg
B,1,1008,DTASET A-Z/B/1008.jpg
B,1,1009,DTASET A-Z/B/1009.jpg
B,1,1010,DTASET A-Z/B/1010.jpg
B,1,1011,DTASET A-Z/B/1011.jpg
B,1,1012,DTASET A-Z/B/1012.jpg
B,1,1013,DTASET A-Z/B/1013.jpg
B,1,1014,DTASET A-Z/B/1014.jpg
B,1,1015,DTASET A-Z/B/1015.jpg
B,1,1016,DTASET A-Z/B/1016.jpg
B,1,1017,DTASET A-Z/B/1017.jpg
B,1,1018,DTASET A-Z/B/1018.jpg
B,1,1019,DTASET A-Z/B/1019.jpg
B,1,1020,DTASET A-Z/B/1020.jpg
B,1,1021,DTASET A-Z/B/1021.jpg
B,1,1022,DTASET A-Z/B/1022.jpg
B,1,1023,DTASET A-Z/B/1023.jpg
B,1,1024,DTASET A-Z/B/1024.jpg
B,1,1025,DTASET A-Z/B/1025.jpg
B,1,1026,DTASET A-Z/B/1026.jpg
B,1,1027,DTASET A-Z/B/1027.jpg
B,1,1028,DTASET A-Z/B/1028.jpg
B,1,1029,DTASET A-Z/B/1029.jpg
B,1,1030,DTASET A-Z/B/1030.jpg
B,1,1031,DTASET A-Z/B/1031.jpg
B,1,1032,DTASET A-Z/B/1032.jpg
B,1,1033,DTASET A-Z/B/1033.jpg
B,1,1034,DTASET A-Z/B/1034.jpg
B,1,1035,DTASET A-Z/B/1035.jpg
B,1,1036,DTASET A-Z/B/1036.jpg
B,1,1037,DTASET A-Z/B/1037.jpg
B,1,1038,DTASET A-Z/B/1038.jpg
B,1,1039,DTASET A-Z/B/1039.jpg
B,1,1040,DTASET A-Z/B/1040.jpg
B,1,1041,DTASET A-Z/B/1041.jpg
B,1,1042,DTASET A-Z/B/1042.jpg
B,1,1043,DTASET A-Z/B/1043.jpg
B,1,1044,DTASET A-Z/B/1044.jpg
B,1,1045,DTASET A-Z/B/1045.jpg
B,1,1046,DTASET A-Z/B/1046.jpg
B,1,1047,DTASET A-Z/B/1047.jpg
B,1,1048,DTASET A-Z/B/1048.jpg
B,1,1049,DTASET A-Z/B/1049.jpg
B,1,1050,DTASET A-Z/B/1050.jpg
B,1,1051,DTASET A-Z/B/1051.jpg
B,1,1052,DTASET A-Z/B/1052.jpg
B,1,1053,DTASET A-Z/B/1053.jpg
B,1,1054,DTASET A-Z/B/1054.jpg
B,1,1055,DTASET A-Z/B/1055.jpg
B,1,1056,DTASET A-Z/B/1056.jpg
B,1,1057,DTASET A-Z/B/1057.jpg
B,1,1058,DTASET A-Z/B/1058.jpg
B,1,1059,DTASET A-Z/B/1059.jpg
B,1,1060,DTASET A-Z/B/1060.jpg
B,1,1061,DTASET A-Z/B/1061.jpg
B,1,1062,DTASET A-Z/B/1062.jpg
B,1,1063,DTASET A-Z/B/1063.jpg
B,1,1064,DTASET A-Z/B/1064.jpg
B,1,1065,DTASET A-Z/B/1065.jpg
B,1,1066,DTASET A-Z/B/1066.jpg
B,1,1067,DTASET A-Z/B/1067.jpg
B,1,1068,DTASET A-Z/B/1068.jpg
B,1,1069,DTASET A-Z/B/1069.jpg
B,1,1070,DTASET A-Z/B/1070.jpg
B,1,1071,DTASET A-Z/B/1071.jpg
B,1,1072,DTASET A-Z/B/1072.jpg
B,1,1073,DTASET A-Z/B/1073.jpg
B,1,1074,DTASET A-Z/B/1074.jpg
B,1,1075,DTASET A-Z/B/1075.jpg
B,1,1076,DTASET A-Z/B/1076.jpg
B,1,1077,DTASET A-Z/B/1077.jpg
B,1,1078,DTASET A-Z/B/1078.jpg
B,1,1079,DTASET A-Z/B/1079.jpg
B,1,1080,DTASET A-Z/B/1080.jpg
B,1,1081,DTASET A-Z/B/1081.jpg
B,1,1082,DTASET A-Z/B/1082.jpg
B,1,1083,DTASET A-Z/B/1083.jpg
B,1,1084,DTASET A-Z/B/1084.jpg
B,1,1085,DTASET A-Z/B/1085.jpg
B,1,1086,DTASET A-Z/B/1086.jpg
B,1,1087,DTASET A-Z/B/1087.jpg
B,1,1088,DTASET A-Z/B/1088.jpg
B,1,1089,DTASET A-Z/B/1089.jpg
B,1,1090,DTASET A-Z/B/1090.jpg
B,1,1091,DTASET A-Z/B/1091.jpg
B,1,1092,DTASET A-Z/B/1092.jpg
B,1,1093,DTASET A-Z/B/1093.jpg
B,1,1094,DTASET A-Z/B/1094.jpg
B,1,1095,DTASET A-Z/B/1095.jpg
B,1,1096,DTASET A-Z/B/1096.jpg
B,1,1097,DTASET A-Z/B/1097.jpg
B,1,1098,DTASET A-Z/B/1098.jpg
B,1,1099,DTASET A-Z/B/1099.jpg
B,1,1100,DTASET A-Z/B/1100.jpg
B,1,1101,DTASET A-Z/B/1101.jpg
B,1,1102,DTASET A-Z/B/1102.jpg
B,1,1103,DTASET A-Z/B/1103.jpg
B,1,1104,DTASET A-Z/B/1104.jpg
B,1,1105,DTASET A-Z/B/1105.jpg
B,1,1106,DTASET A-Z/B/1106.jpg
B,1,1107,DTASET A-Z/B/1107.jpg
B,1,1108,DTASET A-Z/B/1108.jpg
B,1,1109,DTASET A-Z/B/1109.jpg
B,1,1110,DTASET A-Z/B/1110.jpg
B,1,1111,DTASET A-Z/B/1111.jpg
B,1,1112,DTASET A-Z/B/1112.jpg
B,1,1113,DTASET A-Z/B/1113.jpg
B,1,1114,DTASET A-Z/B/1114.jpg
B,1,1115,DTASET A-Z/B/1115.jpg
B,1,1116,DTASET A-Z/B/1116.jpg
B,1,1117,DTASET A-Z/B/1117.jpg
B,1,1118,DTASET A-Z/B/1118.jpg
B,1,1119,DTASET A-Z/B/1119.jpg
B,1,1120,DTASET A-Z/B/1120.jpg
B,1,1121,DTASET A-Z/B/1121.jpg
B,1,1122,DTASET A-Z/B/1122.jpg
B,1,1123,DTASET A-Z/B/1123.jpg
B,1,1124,DTASET A-Z/B/1124.jpg
B,1,1125,DTASET A-Z/B/1125.jpg
B,1,1126,DTASET A-Z/B/1126.jpg
B,1,1127,DTASET A-Z/B/1127.jpg
B,1,1128,DTASET A-Z/B/1128.jpg
B,1,1129,DTASET A-Z/B/1129.jpg
B,1,1130,DTASET A-Z/B/1130.jpg
B,1,1131,DTASET A-Z/B/1131.jpg
B,1,1132,DTASET A-Z/B/1132.jpg
B,1,1133,DTASET A-Z/B/1133.jpg
B,1,1134,DTASET A-Z/B/1134.jpg
B,1,1135,DTASET A-Z/B/1135.jpg
B,1,1136,DTASET A-Z/B/1136.jpg
B,1,1137,DTASET A-Z/B/1137.jpg
B,1,1138,DTASET A-Z/B/1138.jpg
B,1,1139,DTASET A-Z/B/1139.jpg
B,1,1140,DTASET A-Z/B/1140.jpg
B,1,1141,DTASET A-Z/B/1141.jpg
B,1,1142,DTASET A-Z/B/1142.jpg
B,1,1143,DTASET A-Z/B/1143.jpg
B,1,1144,DTASET A-Z/B/1144.jpg
B,1,1145,DTASET A-Z/B/1145.jpg
B,1,1146,DTASET A-Z/B/1146.jpg
B,1,1147,DTASET A-Z/B/1147.jpg
B,1,1148,DTASET A-Z/B/1148.jpg
B,1,1149,DTASET A-Z/B/1149.jpg
B,1,1150,DTASET A-Z/B/1150.jpg
B,1,1151,DTASET A-Z/B/1151.jpg
B,1,1152,DTASET A-Z/B/1152.jpg
B,1,1153,DTASET A-Z/B/1153.jpg
B,1,1154,DTASET A-Z/B/1154.jpg
B,1,1155,DTASET A-Z/B/1155.jpg
B,1,1156,DTASET A-Z/B/1156.jpg
B,1,1157,DTASET A-Z/B/1157.jpg
B,1,1158,DTASET A-Z/B/1158.jpg
B,1,1159,DTASET A-Z/B/1159.jpg
B,1,1160,DTASET A-Z/B/1160.jpg
B,1,1161,DTASET A-Z/B/1161.jpg
B,1,1162,DTASET A-Z/B/1162.jpg
B,1,1163,DTASET A-Z/B/1163.jpg
B,1,1164,DTASET A-Z/B/1164.jpg
B,1,1165,DTASET A-Z/B/1165.jpg
B,1,1166,DTASET A-Z/B/1166.jpg
B,1,1167,DTASET A-Z/B/1167.jpg
B,1,1168,DTASET A-Z/B/1168.jpg
B,1,1169,DTASET A-Z/B/1169.jpg
B,1,1170,DTASET A-Z/B/1170.jpg
B,1,1171,DTASET A-Z/B/1171.jpg
B,1,1172,DTASET A-Z/B/1172.jpg
B,1,1173,DTASET A-Z/B/1173.jpg
B,1,1174,DTASET A-Z/B/1174.jpg
B,1,1175,DTASET A-Z/B/1175.jpg
B,1,1176,DTASET A-Z/B/1176.jpg
B,1,1177,DTASET A-Z/B/1177.jpg
B,1,1178,DTASET A-Z/B/1178.jpg
B,1,1179,DTASET A-Z/B/1179.jpg
B,1,1180,DTASET A-Z/B/1180.jpg
B,1,1181,DTASET A-Z/B/1181.jpg
B,1,1182,DTASET A-Z/B/1182.jpg
B,1,1183,DTASET A-Z/B/1183.jpg
B,1,1184,DTASET A-Z/B/1184.jpg
B,1,1185,DTASET A-Z/B/1185.jpg
B,1,1186,DTASET A-Z/B/1186.jpg
B,1,1187,DTASET A-Z/B/1187.jpg
B,1,1188,DTASET A-Z/B/1188.jpg
B,1,1189,DTASET A-Z/B/1189.jpg
B,1,1190,DTASET A-Z/B/1190.jpg
B,1,1191,DTASET A-Z/B/1191.jpg
B,1,1192,DTASET A-Z/B/1192.jpg
B,1,1193,DTASET A-Z/B/1193.jpg
B,1,1194,DTASET A-Z/B/1194.jpg
B,1,1195,DTASET A-Z/B/1195.jpg
B,1,1196,DTASET A-Z/B/1196.jpg
B,1,1197,DTASET A-Z/B/1197.jpg
B,1,1198,DTASET A-Z/B/1198.jpg
B,1,1199,DTASET A-Z/B/1199.jpg
C,2,0,DTASET A-Z/C/0.jpg
C,2,1,DTASET A-Z/C/1.jpg
C,2,2,DTASET A-Z/C/2.jpg
C,2,3,DTASET A-Z/C/3.jpg
C,2,4,DTASET A-Z/C/4.jpg
C,2,5,DTASET A-Z/C/5.jpg
C,2,6,DTASET A-Z/C/6.jpg
C,2,7,DTASET A-Z/C/7.jpg
C,2,8,DTASET A-Z/C/8.jpg
C,2,9,DTASET A-Z/C/9.jpg
C,2,10,DTASET A-Z/C/10.jpg
C,2,11,DTASET A-Z/C/11.jpg
C,2,12,DTASET A-Z/C/12.jpg
C,2,13,DTASET A-Z/C/13.jpg
C,2,14,DTASET A-Z/C/14.jpg
C,2,15,DTASET A-Z/C/15.jpg
C,2,16,DTASET A-Z/C/16.jpg
C,2,17,DTASET A-Z/C/17.jpg
C,2,18,DTASET A-Z/C/18.jpg
C,2,19,DTASET A-Z/C/19.jpg
C,2,20,DTASET A-Z/C/20.jpg
C,2,21,DTASET A-Z/C/21.jpg
C,2,22,DTASET A-Z/C/22.jpg
C,2,23,DTASET A-Z/C/23.jpg
C,2,24,DTASET A-Z/C/24.jpg
C,2,25,DTASET A-Z/C/25.jpg
C,2,26,DTASET A-Z/C/26.jpg
C,2,27,DTASET A-Z/C/27.jpg
C,2,28,DTASET A-Z/C/28.jpg
C,2,29,DTASET A-Z/C/29.jpg
C,2,30,DTASET A-Z/C/30.jpg
C,2,31,DTASET A-Z/C/31.jpg
C,2,32,DTASET A-Z/C/32.jpg
C,2,33,DTASET A-Z/C/33.jpg
C,2,34,DTASET A-Z/C/34.jpg
C,2,35,DTASET A-Z/C/35.jpg
C,2,36,DTASET A-Z/C/36.jpg
C,2,37,DTASET A-Z/C/37.jpg
C,2,38,DTASET A-Z/C/38.jpg
C,2,39,DTASET A-Z/C/39.jpg
C,2,40,DTASET A-Z/C/40.jpg
C,2,41,DTASET A-Z/C/41.jpg
C,2,42,DTASET A-Z/C/42.jpg
C,2,43,DTASET A-Z/C/43.jpg
C,2,44,DTASET A-Z/C/44.jpg
C,2,45,DTASET A-Z/C/45.jpg
C,2,46,DTASET A-Z/C/46.jpg
C,2,47,DTASET A-Z/C/47.jpg
C,2,48,DTASET A-Z/C/48.jpg
C,2,49,DTASET A-Z/C/49.jpg
C,2,50,DTASET A-Z/C/50.jpg
C,2,51,DTASET A-Z/C/51.jpg
C,2,52,DTASET A-Z/C/52.jpg
C,2,53,DTASET A-Z/C/53.jpg
C,2,54,DTASET A-Z/C/54.jpg
C,2,55,DTASET A-Z/C/55.jpg
C,2,56,DTASET A-Z/C/56.jpg
C,2,57,DTASET A-Z/C/57.jpg
C,2,58,DTASET A-Z/C/58.jpg
C,2,59,DTASET A-Z/C/59.jpg
C,2,60,DTASET A-Z/C/60.jpg
C,2,61,DTASET A-Z/C/61.jpg
C,2,62,DTASET A-Z/C/62.jpg
C,2,63,DTASET A-Z/C/63.jpg
C,2,64,DTASET A-Z/C/64.jpg
C,2,65,DTASET A-Z/C/65.jpg
C,2,66,DTASET A-Z/C/66.jpg
C,2,67,DTASET A-Z/C/67.jpg
C,2,68,DTASET A-Z/C/68.jpg
C,2,69,DTASET A-Z/C/69.jpg
C,2,70,DTASET A-Z/C/70.jpg
C,2,71,DTASET A-Z/C/71.jpg
C,2,72,DTASET A-Z/C/72.jpg
C,2,73,DTASET A-Z/C/73.jpg
C,2,74,DTASET A-Z/C/74.jpg
C,2,75,DTASET A-Z/C/75.jpg
C,2,76,DTASET A-Z/C/76.jpg
C,2,77,DTASET A-Z/C/77.jpg
C,2,78,DTASET A-Z/C/78.jpg
C,2,79,DTASET A-Z/C/79.jpg
C,2,80,DTASET A-Z/C/80.jpg
C,2,81,DTASET A-Z/C/81.jpg
C,2,82,DTASET A-Z/C/82.jpg
C,2,83,DTASET A-Z/C/83.jpg
C,2,84,DTASET A-Z/C/84.jpg
C,2,85,DTASET A-Z/C/85.jpg
C,2,86,DTASET A-Z/C/86.jpg
C,2,87,DTASET A-Z/C/87.jpg
C,2,88,DTASET A-Z/C/88.jpg
C,2,89,DTASET A-Z/C/89.jpg
C,2,90,DTASET A-Z/C/90.jpg
C,2,91,DTASET A-Z/C/91.jpg
C,2,92,DTASET A-Z/C/92.jpg
C,2,93,DTASET A-Z/C/93.jpg
C,2,94,DTASET A-Z/C/94.jpg
C,2,95,DTASET A-Z/C/95.jpg
C,2,96,DTASET A-Z/C/96.jpg
C,2,97,DTASET A-Z/C/97.jpg
C,2,98,DTASET A-Z/C/98.jpg
C,2,99,DTASET A-Z/C/99.jpg
C,2,100,DTASET A-Z/C/100.jpg
C,2,101,DTASET A-Z/C/101.jpg
C,2,102,DTASET A-Z/C/102.jpg
C,2,103,DTASET A-Z/C/103.jpg
C,2,104,DTASET A-Z/C/104.jpg
C,2,105,DTASET A-Z/C/105.jpg
C,2,106,DTASET A-Z/C/106.jpg
C,2,107,DTASET A-Z/C/107.jpg
C,2,108,DTASET A-Z/C/108.jpg
C,2,109,DTASET A-Z/C/109.jpg
C,2,110,DTASET A-Z/C/110.jpg
C,2,111,DTASET A-Z/C/111.jpg
C,2,112,DTASET A-Z/C/112.jpg
C,2,113,DTASET A-Z/C/113.jpg
C,2,114,DTASET A-Z/C/114.jpg
C,2,115,DTASET A-Z/C/115.jpg
C,2,116,DTASET A-Z/C/116.jpg
C,2,117,DTASET A-Z/C/117.jpg
C,2,118,DTASET A-Z/C/118.jpg
C,2,119,DTASET A-Z/C/119.jpg
C,2,120,DTASET A-Z/C/120.jpg
C,2,121,DTASET A-Z/C/121.jpg
C,2,122,DTASET A-Z/C/122.jpg
C,2,123,DTASET A-Z/C/123.jpg
C,2,124,DTASET A-Z/C/124.jpg
C,2,125,DTASET A-Z/C/125.jpg
C,2,126,DTASET A-Z/C/126.jpg
C,2,127,DTASET A-Z/C/127.jpg
C,2,128,DTASET A-Z/C/128.jpg
C,2,129,DTASET A-Z/C/129.jpg
C,2,130,DTASET A-Z/C/130.jpg
C,2,131,DTASET A-Z/C/131.jpg
C,2,132,DTASET A-Z/C/132.jpg
C,2,133,DTASET A-Z/C/133.jpg
C,2,134,DTASET A-Z/C/134.jpg
C,2,135,DTASET A-Z/C/135.jpg
C,2,136,DTASET A-Z/C/136.jpg
C,2,137,DTASET A-Z/C/137.jpg
C,2,138,DTASET A-Z/C/138.jpg
C,2,139,DTASET A-Z/C/139.jpg
C,2,140,DTASET A-Z/C/140.jpg
C,2,141,DTASET A-Z/C/141.jpg
C,2,142,DTASET A-Z/C/142.jpg
C,2,143,DTASET A-Z/C/143.jpg
C,2,144,DTASET A-Z/C/144.jpg
C,2,145,DTASET A-Z/C/145.jpg
C,2,146,DTASET A-Z/C/146.jpg
C,2,147,DTASET A-Z/C/147.jpg
C,2,148,DTASET A-Z/C/148.jpg
C,2,149,DTASET A-Z/C/149.jpg
C,2,150,DTASET A-Z/C/150.jpg
C,2,151,DTASET A-Z/C/151.jpg
C,2,152,DTASET A-Z/C/152.jpg
C,2,153,DTASET A-Z/C/153.jpg
C,2,154,DTASET A-Z/C/154.jpg
C,2,155,DTASET A-Z/C/155.jpg
C,2,156,DTASET A-Z/C/156.jpg
C,2,157,DTASET A-Z/C/157.jpg
C,2,158,DTASET A-Z/C/158.jpg
C,2,159,DTASET A-Z/C/159.jpg
C,2,160,DTASET A-Z/C/160.jpg
C,2,161,DTASET A-Z/C/161.jpg
C,2,162,DTASET A-Z/C/162.jpg
C,2,163,DTASET A-Z/C/163.jpg
C,2,164,DTASET A-Z/C/164.jpg
C,2,165,DTASET A-Z/C/165.jpg
C,2,166,DTASET A-Z/C/166.jpg
C,2,167,DTASET A-Z/C/167.jpg
C,2,168,DTASET A-Z/C/168.jpg
C,2,169,DTASET A-Z/C/169.jpg
C,2,170,DTASET A-Z/C/170.jpg
C,2,171,DTASET A-Z/C/171.jpg
C,2,172,DTASET A-Z/C/172.jpg
C,2,173,DTASET A-Z/C/173.jpg
C,2,174,DTASET A-Z/C/174.jpg
C,2,175,DTASET A-Z/C/175.jpg
C,2,176,DTASET A-Z/C/176.jpg
C,2,177,DTASET A-Z/C/177.jpg
C,2,178,DTASET A-Z/C/178.jpg
C,2,179,DTASET A-Z/C/179.jpg
C,2,180,DTASET A-Z/C/180.jpg
C,2,181,DTASET A-Z/C/181.jpg
C,2,182,DTASET A-Z/C/182.jpg
C,2,183,DTASET A-Z/C/183.jpg
C,2,184,DTASET A-Z/C/184.jpg
C,2,185,DTASET A-Z/C/185.jpg
C,2,186,DTASET A-Z/C/186.jpg
C,2,187,DTASET A-Z/C/187.jpg
C,2,188,DTASET A-Z/C/188.jpg
C,2,189,DTASET A-Z/C/189.jpg
C,2,190,DTASET A-Z/C/190.jpg
C,2,191,DTASET A-Z/C/191.jpg
C,2,192,DTASET A-Z/C/192.jpg
C,2,193,DTASET A-Z/C/193.jpg
C,2,194,DTASET A-Z/C/194.jpg
C,2,195,DTASET A-Z/C/195.jpg
C,2,196,DTASET A-Z/C/196.jpg
C,2,197,DTASET A-Z/C/197.jpg
C,2,198,DTASET A-Z/C/198.jpg
C,2,199,DTASET A-Z/C/199.jpg
C,2,200,DTASET A-Z/C/200.jpg
C,2,201,DTASET A-Z/C/201.jpg
C,2,202,DTASET A-Z/C/202.jpg
C,2,203,DTASET A-Z/C/203.jpg
C,2,204,DTASET A-Z/C/204.jpg
C,2,205,DTASET A-Z/C/205.jpg
C,2,206,DTASET A-Z/C/206.jpg
C,2,207,DTASET A-Z/C/207.jpg
C,2,208,DTASET A-Z/C/208.jpg
C,2,209,DTASET A-Z/C/209.jpg
C,2,210,DTASET A-Z/C/210.jpg
C,2,211,DTASET A-Z/C/211.jpg
C,2,212,DTASET A-Z/C/212.jpg
C,2,213,DTASET A-Z/C/213.jpg
C,2,214,DTASET A-Z/C/214.jpg
C,2,215,DTASET A-Z/C/215.jpg
C,2,216,DTASET A-Z/C/216.jpg
C,2,217,DTASET A-Z/C/217.jpg
C,2,218,DTASET A-Z/C/218.jpg
C,2,219,DTASET A-Z/C/219.jpg
C,2,220,DTASET A-Z/C/220.jpg
C,2,221,DTASET A-Z/C/221.jpg
C,2,222,DTASET A-Z/C/222.jpg
C,2,223,DTASET A-Z/C/223.jpg
C,2,224,DTASET A-Z/C/224.jpg
C,2,225,DTASET A-Z/C/225.jpg
C,2,226,DTASET A-Z/C/226.jpg
C,2,227,DTASET A-Z/C/227.jpg
C,2,228,DTASET A-Z/C/228.jpg
C,2,229,DTASET A-Z/C/229.jpg
C,2,230,DTASET A-Z/C/230.jpg
C,2,231,DTASET A-Z/C/231.jpg
C,2,232,DTASET A-Z/C/232.jpg
C,2,233,DTASET A-Z/C/233.jpg
C,2,234,DTASET A-Z/C/234.jpg
C,2,235,DTASET A-Z/C/235.jpg
C,2,236,DTASET A-Z/C/236.jpg
C,2,237,DTASET A-Z/C/237.jpg
C,2,238,DTASET A-Z/C/238.jpg
C,2,239,DTASET A-Z/C/239.jpg
C,2,240,DTASET A-Z/C/240.jpg
C,2,241,DTASET A-Z/C/241.jpg
C,2,242,DTASET A-Z/C/242.jpg
C,2,243,DTASET A-Z/C/243.jpg
C,2,244,DTASET A-Z/C/244.jpg
C,2,245,DTASET A-Z/C/245.jpg
C,2,246,DTASET A-Z/C/246.jpg
C,2,247,DTASET A-Z/C/247.jpg
C,2,248,DTASET A-Z/C/248.jpg
C,2,249,DTASET A-Z/C/249.jpg
C,2,250,DTASET A-Z/C/250.jpg
C,2,251,DTASET A-Z/C/251.jpg
C,2,252,DTASET A-Z/C/252.jpg
C,2,253,DTASET A-Z/C/253.jpg
C,2,254,DTASET A-Z/C/254.jpg
C,2,255,DTASET A-Z/C/255.jpg
C,2,256,DTASET A-Z/C/256.jpg
C,2,257,DTASET A-Z/C/257.jpg
C,2,258,DTASET A-Z/C/258.jpg
C,2,259,DTASET A-Z/C/259.jpg
C,2,260,DTASET A-Z/C/260.jpg
C,2,261,DTASET A-Z/C/261.jpg
C,2,262,DTASET A-Z/C/262.jpg
C,2,263,DTASET A-Z/C/263.jpg
C,2,264,DTASET A-Z/C/264.jpg
C,2,265,DTASET A-Z/C/265.jpg
C,2,266,DTASET A-Z/C/266.jpg
C,2,267,DTASET A-Z/C/267.jpg
C,2,268,DTASET A-Z/C/268.jpg
C,2,269,DTASET A-Z/C/269.jpg
C,2,270,DTASET A-Z/C/270.jpg
C,2,271,DTASET A-Z/C/271.jpg
C,2,272,DTASET A-Z/C/272.jpg
C,2,273,DTASET A-Z/C/273.jpg
C,2,274,DTASET A-Z/C/274.jpg
C,2,275,DTASET A-Z/C/275.jpg
C,2,276,DTASET A-Z/C/276.jpg
C,2,277,DTASET A-Z/C/277.jpg
C,2,278,DTASET A-Z/C/278.jpg
C,2,279,DTASET A-Z/C/279.jpg
C,2,280,DTASET A-Z/C/280.jpg
C,2,281,DTASET A-Z/C/281.jpg
C,2,282,DTASET A-Z/C/282.jpg
C,2,283,DTASET A-Z/C/283.jpg
C,2,284,DTASET A-Z/C/284.jpg
C,2,285,DTASET A-Z/C/285.jpg
C,2,286,DTASET A-Z/C/286.jpg
C,2,287,DTASET A-Z/C/287.jpg
C,2,288,DTASET A-Z/C/288.jpg
C,2,289,DTASET A-Z/C/289.jpg
C,2,290,DTASET A-Z/C/290.jpg
C,2,291,DTASET A-Z/C/291.jpg
C,2,292,DTASET A-Z/C/292.jpg
C,2,293,DTASET A-Z/C/293.jpg
C,2,294,DTASET A-Z/C/294.jpg
C,2,295,DTASET A-Z/C/295.jpg
C,2,296,DTASET A-Z/C/296.jpg
C,2,297,DTASET A-Z/C/297.jpg
C,2,298,DTASET A-Z/C/298.jpg
C,2,299,DTASET A-Z/C/299.jpg
C,2,300,DTASET A-Z/C/300.jpg
C,2,301,DTASET A-Z/C/301.jpg
C,2,302,DTASET A-Z/C/302.jpg
C,2,303,DTASET A-Z/C/303.jpg
C,2,304,DTASET A-Z/C/304.jpg
C,2,305,DTASET A-Z/C/305.jpg
C,2,306,DTASET A-Z/C/306.jpg
C,2,307,DTASET A-Z/C/307.jpg
C,2,308,DTASET A-Z/C/308.jpg
C,2,309,DTASET A-Z/C/309.jpg
C,2,310,DTASET A-Z/C/310.jpg
C,2,311,DTASET A-Z/C/311.jpg
C,2,312,DTASET A-Z/C/312.jpg
C,2,313,DTASET A-Z/C/313.jpg
C,2,314,DTASET A-Z/C/314.jpg
C,2,315,DTASET A-Z/C/315.jpg
C,2,316,DTASET A-Z/C/316.jpg
C,2,317,DTASET A-Z/C/317.jpg
C,2,318,DTASET A-Z/C/318.jpg
C,2,319,DTASET A-Z/C/319.jpg
C,2,320,DTASET A-Z/C/320.jpg
C,2,321,DTASET A-Z/C/321.jpg
C,2,322,DTASET A-Z/C/322.jpg
C,2,323,DTASET A-Z/C/323.jpg
C,2,324,DTASET A-Z/C/324.jpg
C,2,325,DTASET A-Z/C/325.jpg
C,2,326,DTASET A-Z/C/326.jpg
C,2,327,DTASET A-Z/C/327.jpg
C,2,328,DTASET A-Z/C/328.jpg
C,2,329,DTASET A-Z/C/329.jpg
C,2,330,DTASET A-Z/C/330.jpg
C,2,331,DTASET A-Z/C/331.jpg
C,2,332,DTASET A-Z/C/332.jpg
C,2,333,DTASET A-Z/C/333.jpg
C,2,334,DTASET A-Z/C/334.jpg
C,2,335,DTASET A-Z/C/335.jpg
C,2,336,DTASET A-Z/C/336.jpg
C,2,337,DTASET A-Z/C/337.jpg
C,2,338,DTASET A-Z/C/338.jpg
C,2,339,DTASET A-Z/C/339.jpg
C,2,340,DTASET A-Z/C/340.jpg
C,2,341,DTASET A-Z/C/341.jpg
C,2,342,DTASET A-Z/C/342.jpg
C,2,343,DTASET A-Z/C/343.jpg
C,2,344,DTASET A-Z/C/344.jpg
C,2,345,DTASET A-Z/C/345.jpg
C,2,346,DTASET A-Z/C/346.jpg
C,2,347,DTASET A-Z/C/347.jpg
C,2,348,DTASET A-Z/C/348.jpg
C,2,349,DTASET A-Z/C/349.jpg
C,2,350,DTASET A-Z/C/350.jpg
C,2,351,DTASET A-Z/C/351.jpg
C,2,352,DTASET A-Z/C/352.jpg
C,2,353,DTASET A-Z/C/353.jpg
C,2,354,DTASET A-Z/C/354.jpg
C,2,355,DTASET A-Z/C/355.jpg
C,2,356,DTASET A-Z/C/356.jpg
C,2,357,DTASET A-Z/C/357.jpg
C,2,358,DTASET A-Z/C/358.jpg
C,2,359,DTASET A-Z/C/359.jpg
C,2,360,DTASET A-Z/C/360.jpg
C,2,361,DTASET A-Z/C/361.jpg
C,2,362,DTASET A-Z/C/362.jpg
C,2,363,DTASET A-Z/C/363.jpg
C,2,364,DTASET A-Z/C/364.jpg
C,2,365,DTASET A-Z/C/365.jpg
C,2,366,DTASET A-Z/C/366.jpg
C,2,367,DTASET A-Z/C/367.jpg
C,2,368,DTASET A-Z/C/368.jpg
C,2,369,DTASET A-Z/C/369.jpg
C,2,370,DTASET A-Z/C/370.jpg
C,2,371,DTASET A-Z/C/371.jpg
C,2,372,DTASET A-Z/C/372.jpg
C,2,373,DTASET A-Z/C/373.jpg
C,2,374,DTASET A-Z/C/374.jpg
C,2,375,DTASET A-Z/C/375.jpg
C,2,376,DTASET A-Z/C/376.jpg
C,2,377,DTASET A-Z/C/377.jpg
C,2,378,DTASET A-Z/C/378.jpg
C,2,379,DTASET A-Z/C/379.jpg
C,2,380,DTASET A-Z/C/380.jpg
C,2,381,DTASET A-Z/C/381.jpg
C,2,382,DTASET A-Z/C/382.jpg
C,2,383,DTASET A-Z/C/383.jpg
C,2,384,DTASET A-Z/C/384.jpg
C,2,385,DTASET A-Z/C/385.jpg
C,2,386,DTASET A-Z/C/386.jpg
C,2,387,DTASET A-Z/C/387.jpg
C,2,388,DTASET A-Z/C/388.jpg
C,2,389,DTASET A-Z/C/389.jpg
C,2,390,DTASET A-Z/C/390.jpg
C,2,391,DTASET A-Z/C/391.jpg
C,2,392,DTASET A-Z/C/392.jpg
C,2,393,DTASET A-Z/C/393.jpg
C,2,394,DTASET A-Z/C/394.jpg
C,2,395,DTASET A-Z/C/395.jpg
C,2,396,DTASET A-Z/C/396.jpg
C,2,397,DTASET A-Z/C/397.jpg
C,2,398,DTASET A-Z/C/398.jpg
C,2,399,DTASET A-Z/C/399.jpg
C,2,400,DTASET A-Z/C/400.jpg
C,2,401,DTASET A-Z/C/401.jpg
C,2,402,DTASET A-Z/C/402.jpg
C,2,403,DTASET A-Z/C/403.jpg
C,2,404,DTASET A-Z/C/404.jpg
C,2,405,DTASET A-Z/C/405.jpg
C,2,406,DTASET A-Z/C/406.jpg
C,2,407,DTASET A-Z/C/407.jpg
C,2,408,DTASET A-Z/C/408.jpg
C,2,409,DTASET A-Z/C/409.jpg
C,2,410,DTASET A-Z/C/410.jpg
C,2,411,DTASET A-Z/C/411.jpg
C,2,412,DTASET A-Z/C/412.jpg
C,2,413,DTASET A-Z/C/413.jpg
C,2,414,DTASET A-Z/C/414.jpg
C,2,415,DTASET A-Z/C/415.jpg
C,2,416,DTASET A-Z/C/416.jpg
C,2,417,DTASET A-Z/C/417.jpg
C,2,418,DTASET A-Z/C/418.jpg
C,2,419,DTASET A-Z/C/419.jpg
C,2,420,DTASET A-Z/C/420.jpg
C,2,421,DTASET A-Z/C/421.jpg
C,2,422,DTASET A-Z/C/422.jpg
C,2,423,DTASET A-Z/C/423.jpg
C,2,424,DTASET A-Z/C/424.jpg
C,2,425,DTASET A-Z/C/425.jpg
C,2,426,DTASET A-Z/C/426.jpg
C,2,427,DTASET A-Z/C/427.jpg
C,2,428,DTASET A-Z/C/428.jpg
C,2,429,DTASET A-Z/C/429.jpg
C,2,430,DTASET A-Z/C/430.jpg
C,2,431,DTASET A-Z/C/431.jpg
C,2,432,DTASET A-Z/C/432.jpg
C,2,433,DTASET A-Z/C/433.jpg
C,2,434,DTASET A-Z/C/434.jpg
C,2,435,DTASET A-Z/C/435.jpg
C,2,436,DTASET A-Z/C/436.jpg
C,2,437,DTASET A-Z/C/437.jpg
C,2,438,DTASET A-Z/C/438.jpg
C,2,439,DTASET A-Z/C/439.jpg
C,2,440,DTASET A-Z/C/440.jpg
C,2,441,DTASET A-Z/C/441.jpg
C,2,442,DTASET A-Z/C/442.jpg
C,2,443,DTASET A-Z/C/443.jpg
C,2,444,DTASET A-Z/C/444.jpg
C,2,445,DTASET A-Z/C/445.jpg
C,2,446,DTASET A-Z/C/446.jpg
C,2,447,DTASET A-Z/C/447.jpg
C,2,448,DTASET A-Z/C/448.jpg
C,2,449,DTASET A-Z/C/449.jpg
C,2,450,DTASET A-Z/C/450.jpg
C,2,451,DTASET A-Z/C/451.jpg
C,2,452,DTASET A-Z/C/452.jpg
C,2,453,DTASET A-Z/C/453.jpg
C,2,454,DTASET A-Z/C/454.jpg
C,2,455,DTASET A-Z/C/455.jpg
C,2,456,DTASET A-Z/C/456.jpg
C,2,457,DTASET A-Z/C/457.jpg
C,2,458,DTASET A-Z/C/458.jpg
C,2,459,DTASET A-Z/C/459.jpg
C,2,460,DTASET A-Z/C/460.jpg
C,2,461,DTASET A-Z/C/461.jpg
C,2,462,DTASET A-Z/C/462.jpg
C,2,463,DTASET A-Z/C/463.jpg
C,2,464,DTASET A-Z/C/464.jpg
C,2,465,DTASET A-Z/C/465.jpg
C,2,466,DTASET A-Z/C/466.jpg
C,2,467,DTASET A-Z/C/467.jpg
C,2,468,DTASET A-Z/C/468.jpg
C,2,469,DTASET A-Z/C/469.jpg
C,2,470,DTASET A-Z/C/470.jpg
C,2,471,DTASET A-Z/C/471.jpg
C,2,472,DTASET A-Z/C/472.jpg
C,2,473,DTASET A-Z/C/473.jpg
C,2,474,DTASET A-Z/C/474.jpg
C,2,475,DTASET A-Z/C/475.jpg
C,2,476,DTASET A-Z/C/476.jpg
C,2,477,DTASET A-Z/C/477.jpg
C,2,478,DTASET A-Z/C/478.jpg
C,2,479,DTASET A-Z/C/479.jpg
C,2,480,DTASET A-Z/C/480.jpg
C,2,481,DTASET A-Z/C/481.jpg
C,2,482,DTASET A-Z/C/482.jpg
C,2,483,DTASET A-Z/C/483.jpg
C,2,484,DTASET A-Z/C/484.jpg
C,2,485,DTASET A-Z/C/485.jpg
C,2,486,DTASET A-Z/C/486.jpg
C,2,487,DTASET A-Z/C/487.jpg
C,2,488,DTASET A-Z/C/488.jpg
C,2,489,DTASET A-Z/C/489.jpg
C,2,490,DTASET A-Z/C/490.jpg
C,2,491,DTASET A-Z/C/491.jpg
C,2,492,DTASET A-Z/C/492.jpg
C,2,493,DTASET A-Z/C/493.jpg
C,2,494,DTASET A-Z/C/494.jpg
C,2,495,DTASET A-Z/C/495.jpg
C,2,496,DTASET A-Z/C/496.jpg
C,2,497,DTASET A-Z/C/497.jpg
C,2,498,DTASET A-Z/C/498.jpg
C,2,499,DTASET A-Z/C/499.jpg
C,2,500,DTASET A-Z/C/500.jpg
C,2,501,DTASET A-Z/C/501.jpg
C,2,502,DTASET A-Z/C/502.jpg
C,2,503,DTASET A-Z/C/503.jpg
C,2,504,DTASET A-Z/C/504.jpg
C,2,505,DTASET A-Z/C/505.jpg
C,2,506,DTASET A-Z/C/506.jpg
C,2,507,DTASET A-Z/C/507.jpg
C,2,508,DTASET A-Z/C/508.jpg
C,2,509,DTASET A-Z/C/509.jpg
C,2,510,DTASET A-Z/C/510.jpg
C,2,511,DTASET A-Z/C/511.jpg
C,2,512,DTASET A-Z/C/512.jpg
C,2,513,DTASET A-Z/C/513.jpg
C,2,514,DTASET A-Z/C/514.jpg
C,2,515,DTASET A-Z/C/515.jpg
C,2,516,DTASET A-Z/C/516.jpg
C,2,517,DTASET A-Z/C/517.jpg
C,2,518,DTASET A-Z/C/518.jpg
C,2,519,DTASET A-Z/C/519.jpg
C,2,520,DTASET A-Z/C/520.jpg
C,2,521,DTASET A-Z/C/521.jpg
C,2,522,DTASET A-Z/C/522.jpg
C,2,523,DTASET A-Z/C/523.jpg
C,2,524,DTASET A-Z/C/524.jpg
C,2,525,DTASET A-Z/C/525.jpg
C,2,526,DTASET A-Z/C/526.jpg
C,2,527,DTASET A-Z/C/527.jpg
C,2,528,DTASET A-Z/C/528.jpg
C,2,529,DTASET A-Z/C/529.jpg
C,2,530,DTASET A-Z/C/530.jpg
C,2,531,DTASET A-Z/C/531.jpg
C,2,532,DTASET A-Z/C/532.jpg
C,2,533,DTASET A-Z/C/533.jpg
C,2,534,DTASET A-Z/C/534.jpg
C,2,535,DTASET A-Z/C/535.jpg
C,2,536,DTASET A-Z/C/536.jpg
C,2,537,DTASET A-Z/C/537.jpg
C,2,538,DTASET A-Z/C/538.jpg
C,2,539,DTASET A-Z/C/539.jpg
C,2,540,DTASET A-Z/C/540.jpg
C,2,541,DTASET A-Z/C/541.jpg
C,2,542,DTASET A-Z/C/542.jpg
C,2,543,DTASET A-Z/C/543.jpg
C,2,544,DTASET A-Z/C/544.jpg
C,2,545,DTASET A-Z/C/545.jpg
C,2,546,DTASET A-Z/C/546.jpg
C,2,547,DTASET A-Z/C/547.jpg
C,2,548,DTASET A-Z/C/548.jpg
C,2,549,DTASET A-Z/C/549.jpg
C,2,550,DTASET A-Z/C/550.jpg
C,2,551,DTASET A-Z/C/551.jpg
C,2,552,DTASET A-Z/C/552.jpg
C,2,553,DTASET A-Z/C/553.jpg
C,2,554,DTASET A-Z/C/554.jpg
C,2,555,DTASET A-Z/C/555.jpg
C,2,556,DTASET A-Z/C/556.jpg
C,2,557,DTASET A-Z/C/557.jpg
C,2,558,DTASET A-Z/C/558.jpg
C,2,559,DTASET A-Z/C/559.jpg
C,2,560,DTASET A-Z/C/560.jpg
C,2,561,DTASET A-Z/C/561.jpg
C,2,562,DTASET A-Z/C/562.jpg
C,2,563,DTASET A-Z/C/563.jpg
C,2,564,DTASET A-Z/C/564.jpg
C,2,565,DTASET A-Z/C/565.jpg
C,2,566,DTASET A-Z/C/566.jpg
C,2,567,DTASET A-Z/C/567.jpg
C,2,568,DTASET A-Z/C/568.jpg
C,2,569,DTASET A-Z/C/569.jpg
C,2,570,DTASET A-Z/C/570.jpg
C,2,571,DTASET A-Z/C/571.jpg
C,2,572,DTASET A-Z/C/572.jpg
C,2,573,DTASET A-Z/C/573.jpg
C,2,574,DTASET A-Z/C/574.jpg
C,2,575,DTASET A-Z/C/575.jpg
C,2,576,DTASET A-Z/C/576.jpg
C,2,577,DTASET A-Z/C/577.jpg
C,2,578,DTASET A-Z/C/578.jpg
C,2,579,DTASET A-Z/C/579.jpg
C,2,580,DTASET A-Z/C/580.jpg
C,2,581,DTASET A-Z/C/581.jpg
C,2,582,DTASET A-Z/C/582.jpg
C,2,583,DTASET A-Z/C/583.jpg
C,2,584,DTASET A-Z/C/584.jpg
C,2,585,DTASET A-Z/C/585.jpg
C,2,586,DTASET A-Z/C/586.jpg
C,2,587,DTASET A-Z/C/587.jpg
C,2,588,DTASET A-Z/C/588.jpg
C,2,589,DTASET A-Z/C/589.jpg
C,2,590,DTASET A-Z/C/590.jpg
C,2,591,DTASET A-Z/C/591.jpg
C,2,592,DTASET A-Z/C/592.jpg
C,2,593,DTASET A-Z/C/593.jpg
C,2,594,DTASET A-Z/C/594.jpg
C,2,595,DTASET A-Z/C/595.jpg
C,2,596,DTASET A-Z/C/596.jpg
C,2,597,DTASET A-Z/C/597.jpg
C,2,598,DTASET A-Z/C/598.jpg
C,2,599,DTASET A-Z/C/599.jpg
C,2,600,DTASET A-Z/C/600.jpg
C,2,601,DTASET A-Z/C/601.jpg
C,2,602,DTASET A-Z/C/602.jpg
C,2,603,DTASET A-Z/C/603.jpg
C,2,604,DTASET A-Z/C/604.jpg
C,2,605,DTASET A-Z/C/605.jpg
C,2,606,DTASET A-Z/C/606.jpg
C,2,607,DTASET A-Z/C/607.jpg
C,2,608,DTASET A-Z/C/608.jpg
C,2,609,DTASET A-Z/C/609.jpg
C,2,610,DTASET A-Z/C/610.jpg
C,2,611,DTASET A-Z/C/611.jpg
C,2,612,DTASET A-Z/C/612.jpg
C,2,613,DTASET A-Z/C/613.jpg
C,2,614,DTASET A-Z/C/614.jpg
C,2,615,DTASET A-Z/C/615.jpg
C,2,616,DTASET A-Z/C/616.jpg
C,2,617,DTASET A-Z/C/617.jpg
C,2,618,DTASET A-Z/C/618.jpg
C,2,619,DTASET A-Z/C/619.jpg
C,2,620,DTASET A-Z/C/620.jpg
C,2,621,DTASET A-Z/C/621.jpg
C,2,622,DTASET A-Z/C/622.jpg
C,2,623,DTASET A-Z/C/623.jpg
C,2,624,DTASET A-Z/C/624.jpg
C,2,625,DTASET A-Z/C/625.jpg
C,2,626,DTASET A-Z/C/626.jpg
C,2,627,DTASET A-Z/C/627.jpg
C,2,628,DTASET A-Z/C/628.jpg
C,2,629,DTASET A-Z/C/629.jpg
C,2,630,DTASET A-Z/C/630.jpg
C,2,631,DTASET A-Z/C/631.jpg
C,2,632,DTASET A-Z/C/632.jpg
C,2,633,DTASET A-Z/C/633.jpg
C,2,634,DTASET A-Z/C/634.jpg
C,2,635,DTASET A-Z/C/635.jpg
C,2,636,DTASET A-Z/C/636.jpg
C,2,637,DTASET A-Z/C/637.jpg
C,2,638,DTASET A-Z/C/638.jpg
C,2,639,DTASET A-Z/C/639.jpg
C,2,640,DTASET A-Z/C/640.jpg
C,2,641,DTASET A-Z/C/641.jpg
C,2,642,DTASET A-Z/C/642.jpg
C,2,643,DTASET A-Z/C/643.jpg
C,2,644,DTASET A-Z/C/644.jpg
C,2,645,DTASET A-Z/C/645.jpg
C,2,646,DTASET A-Z/C/646.jpg
C,2,647,DTASET A-Z/C/647.jpg
C,2,648,DTASET A-Z/C/648.jpg
C,2,649,DTASET A-Z/C/649.jpg
C,2,650,DTASET A-Z/C/650.jpg
C,2,651,DTASET A-Z/C/651.jpg
C,2,652,DTASET A-Z/C/652.jpg
C,2,653,DTASET A-Z/C/653.jpg
C,2,654,DTASET A-Z/C/654.jpg
C,2,655,DTASET A-Z/C/655.jpg
C,2,656,DTASET A-Z/C/656.jpg
C,2,657,DTASET A-Z/C/657.jpg
C,2,658,DTASET A-Z/C/658.jpg
C,2,659,DTASET A-Z/C/659.jpg
C,2,660,DTASET A-Z/C/660.jpg
C,2,661,DTASET A-Z/C/661.jpg
C,2,662,DTASET A-Z/C/662.jpg
C,2,663,DTASET A-Z/C/663.jpg
C,2,664,DTASET A-Z/C/664.jpg
C,2,665,DTASET A-Z/C/665.jpg
C,2,666,DTASET A-Z/C/666.jpg
C,2,667,DTASET A-Z/C/667.jpg
C,2,668,DTASET A-Z/C/668.jpg
C,2,669,DTASET A-Z/C/669.jpg
C,2,670,DTASET A-Z/C/670.jpg
C,2,671,DTASET A-Z/C/671.jpg
C,2,672,DTASET A-Z/C/672.jpg
C,2,673,DTASET A-Z/C/673.jpg
C,2,674,DTASET A-Z/C/674.jpg
C,2,675,DTASET A-Z/C/675.jpg
C,2,676,DTASET A-Z/C/676.jpg
C,2,677,DTASET A-Z/C/677.jpg
C,2,678,DTASET A-Z/C/678.jpg
C,2,679,DTASET A-Z/C/679.jpg
C,2,680,DTASET A-Z/C/680.jpg
C,2,681,DTASET A-Z/C/681.jpg
C,2,682,DTASET A-Z/C/682.jpg
C,2,683,DTASET A-Z/C/683.jpg
C,2,684,DTASET A-Z/C/684.jpg
C,2,685,DTASET A-Z/C/685.jpg
C,2,686,DTASET A-Z/C/686.jpg
C,2,687,DTASET A-Z/C/687.jpg
C,2,688,DTASET A-Z/C/688.jpg
C,2,689,DTASET A-Z/C/689.jpg
C,2,690,DTASET A-Z/C/690.jpg
C,2,691,DTASET A-Z/C/691.jpg
C,2,692,DTASET A-Z/C/692.jpg
C,2,693,DTASET A-Z/C/693.jpg
C,2,694,DTASET A-Z/C/694.jpg
C,2,695,DTASET A-Z/C/695.jpg
C,2,696,DTASET A-Z/C/696.jpg
C,2,697,DTASET A-Z/C/697.jpg
C,2,698,DTASET A-Z/C/698.jpg
C,2,699,DTASET A-Z/C/699.jpg
C,2,700,DTASET A-Z/C/700.jpg
C,2,701,DTASET A-Z/C/701.jpg
C,2,702,DTASET A-Z/C/702.jpg
C,2,703,DTASET A-Z/C/703.jpg
C,2,704,DTASET A-Z/C/704.jpg
C,2,705,DTASET A-Z/C/705.jpg
C,2,706,DTASET A-Z/C/706.jpg
C,2,707,DTASET A-Z/C/707.jpg
C,2,708,DTASET A-Z/C/708.jpg
C,2,709,DTASET A-Z/C/709.jpg
C,2,710,DTASET A-Z/C/710.jpg
C,2,711,DTASET A-Z/C/711.jpg
C,2,712,DTASET A-Z/C/712.jpg
C,2,713,DTASET A-Z/C/713.jpg
C,2,714,DTASET A-Z/C/714.jpg
C,2,715,DTASET A-Z/C/715.jpg
C,2,716,DTASET A-Z/C/716.jpg
C,2,717,DTASET A-Z/C/717.jpg
C,2,718,DTASET A-Z/C/718.jpg
C,2,719,DTASET A-Z/C/719.jpg
C,2,720,DTASET A-Z/C/720.jpg
C,2,721,DTASET A-Z/C/721.jpg
C,2,722,DTASET A-Z/C/722.jpg
C,2,723,DTASET A-Z/C/723.jpg
C,2,724,DTASET A-Z/C/724.jpg
C,2,725,DTASET A-Z/C/725.jpg
C,2,726,DTASET A-Z/C/726.jpg
C,2,727,DTASET A-Z/C/727.jpg
C,2,728,DTASET A-Z/C/728.jpg
C,2,729,DTASET A-Z/C/729.jpg
C,2,730,DTASET A-Z/C/730.jpg
C,2,731,DTASET A-Z/C/731.jpg
C,2,732,DTASET A-Z/C/732.jpg
C,2,733,DTASET A-Z/C/733.jpg
C,2,734,DTASET A-Z/C/734.jpg
C,2,735,DTASET A-Z/C/735.jpg
C,2,736,DTASET A-Z/C/736.jpg
C,2,737,DTASET A-Z/C/737.jpg
C,2,738,DTASET A-Z/C/738.jpg
C,2,739,DTASET A-Z/C/739.jpg
C,2,740,DTASET A-Z/C/740.jpg
C,2,741,DTASET A-Z/C/741.jpg
C,2,742,DTASET A-Z/C/742.jpg
C,2,743,DTASET A-Z/C/743.jpg
C,2,744,DTASET A-Z/C/744.jpg
C,2,745,DTASET A-Z/C/745.jpg
C,2,746,DTASET A-Z/C/746.jpg
C,2,747,DTASET A-Z/C/747.jpg
C,2,748,DTASET A-Z/C/748.jpg
C,2,749,DTASET A-Z/C/749.jpg
C,2,750,DTASET A-Z/C/750.jpg
C,2,751,DTASET A-Z/C/751.jpg
C,2,752,DTASET A-Z/C/752.jpg
C,2,753,DTASET A-Z/C/753.jpg
C,2,754,DTASET A-Z/C/754.jpg
C,2,755,DTASET A-Z/C/755.jpg
C,2,756,DTASET A-Z/C/756.jpg
C,2,757,DTASET A-Z/C/757.jpg
C,2,758,DTASET A-Z/C/758.jpg
C,2,759,DTASET A-Z/C/759.jpg
C,2,760,DTASET A-Z/C/760.jpg
C,2,761,DTASET A-Z/C/761.jpg
C,2,762,DTASET A-Z/C/762.jpg
C,2,763,DTASET A-Z/C/763.jpg
C,2,764,DTASET A-Z/C/764.jpg
C,2,765,DTASET A-Z/C/765.jpg
C,2,766,DTASET A-Z/C/766.jpg
C,2,767,DTASET A-Z/C/767.jpg
C,2,768,DTASET A-Z/C/768.jpg
C,2,769,DTASET A-Z/C/769.jpg
C,2,770,DTASET A-Z/C/770.jpg
C,2,771,DTASET A-Z/C/771.jpg
C,2,772,DTASET A-Z/C/772.jpg
C,2,773,DTASET A-Z/C/773.jpg
C,2,774,DTASET A-Z/C/774.jpg
C,2,775,DTASET A-Z/C/775.jpg
C,2,776,DTASET A-Z/C/776.jpg
C,2,777,DTASET A-Z/C/777.jpg
C,2,778,DTASET A-Z/C/778.jpg
C,2,779,DTASET A-Z/C/779.jpg
C,2,780,DTASET A-Z/C/780.jpg
C,2,781,DTASET A-Z/C/781.jpg
C,2,782,DTASET A-Z/C/782.jpg
C,2,783,DTASET A-Z/C/783.jpg
C,2,784,DTASET A-Z/C/784.jpg
C,2,785,DTASET A-Z/C/785.jpg
C,2,786,DTASET A-Z/C/786.jpg
C,2,787,DTASET A-Z/C/787.jpg
C,2,788,DTASET A-Z/C/788.jpg
C,2,789,DTASET A-Z/C/789.jpg
C,2,790,DTASET A-Z/C/790.jpg
C,2,791,DTASET A-Z/C/791.jpg
C,2,792,DTASET A-Z/C/792.jpg
C,2,793,DTASET A-Z/C/793.jpg
C,2,794,DTASET A-Z/C/794.jpg
C,2,795,DTASET A-Z/C/795.jpg
C,2,796,DTASET A-Z/C/796.jpg
C,2,797,DTASET A-Z/C/797.jpg
C,2,798,DTASET A-Z/C/798.jpg
C,2,799,DTASET A-Z/C/799.jpg
C,2,800,DTASET A-Z/C/800.jpg
C,2,801,DTASET A-Z/C/801.jpg
C,2,802,DTASET A-Z/C/802.jpg
C,2,803,DTASET A-Z/C/803.jpg
C,2,804,DTASET A-Z/C/804.jpg
C,2,805,DTASET A-Z/C/805.jpg
C,2,806,DTASET A-Z/C/806.jpg
C,2,807,DTASET A-Z/C/807.jpg
C,2,808,DTASET A-Z/C/808.jpg
C,2,809,DTASET A-Z/C/809.jpg
C,2,810,DTASET A-Z/C/810.jpg
C,2,811,DTASET A-Z/C/811.jpg
C,2,812,DTASET A-Z/C/812.jpg
C,2,813,DTASET A-Z/C/813.jpg
C,2,814,DTASET A-Z/C/814.jpg
C,2,815,DTASET A-Z/C/815.jpg
C,2,816,DTASET A-Z/C/816.jpg
C,2,817,DTASET A-Z/C/817.jpg
C,2,818,DTASET A-Z/C/818.jpg
C,2,819,DTASET A-Z/C/819.jpg
C,2,820,DTASET A-Z/C/820.jpg
C,2,821,DTASET A-Z/C/821.jpg
C,2,822,DTASET A-Z/C/822.jpg
C,2,823,DTASET A-Z/C/823.jpg
C,2,824,DTASET A-Z/C/824.jpg
C,2,825,DTASET A-Z/C/825.jpg
C,2,826,DTASET A-Z/C/826.jpg
C,2,827,DTASET A-Z/C/827.jpg
C,2,828,DTASET A-Z/C/828.jpg
C,2,829,DTASET A-Z/C/829.jpg
C,2,830,DTASET A-Z/C/830.jpg
C,2,831,DTASET A-Z/C/831.jpg
C,2,832,DTASET A-Z/C/832.jpg
C,2,833,DTASET A-Z/C/833.jpg
C,2,834,DTASET A-Z/C/834.jpg
C,2,835,DTASET A-Z/C/835.jpg
C,2,836,DTASET A-Z/C/836.jpg
C,2,837,DTASET A-Z/C/837.jpg
C,2,838,DTASET A-Z/C/838.jpg
C,2,839,DTASET A-Z/C/839.jpg
C,2,840,DTASET A-Z/C/840.jpg
C,2,841,DTASET A-Z/C/841.jpg
C,2,842,DTASET A-Z/C/842.jpg
C,2,843,DTASET A-Z/C/843.jpg
C,2,844,DTASET A-Z/C/844.jpg
C,2,845,DTASET A-Z/C/845.jpg
C,2,846,DTASET A-Z/C/846.jpg
C,2,847,DTASET A-Z/C/847.jpg
C,2,848,DTASET A-Z/C/848.jpg
C,2,849,DTASET A-Z/C/849.jpg
C,2,850,DTASET A-Z/C/850.jpg
C,2,851,DTASET A-Z/C/851.jpg
C,2,852,DTASET A-Z/C/852.jpg
C,2,853,DTASET A-Z/C/853.jpg
C,2,854,DTASET A-Z/C/854.jpg
C,2,855,DTASET A-Z/C/855.jpg
C,2,856,DTASET A-Z/C/856.jpg
C,2,857,DTASET A-Z/C/857.jpg
C,2,858,DTASET A-Z/C/858.jpg
C,2,859,DTASET A-Z/C/859.jpg
C,2,860,DTASET A-Z/C/860.jpg
C,2,861,DTASET A-Z/C/861.jpg
C,2,862,DTASET A-Z/C/862.jpg
C,2,863,DTASET A-Z/C/863.jpg
C,2,864,DTASET A-Z/C/864.jpg
C,2,865,DTASET A-Z/C/865.jpg
C,2,866,DTASET A-Z/C/866.jpg
C,2,867,DTASET A-Z/C/867.jpg
C,2,868,DTASET A-Z/C/868.jpg
C,2,869,DTASET A-Z/C/869.jpg
C,2,870,DTASET A-Z/C/870.jpg
C,2,871,DTASET A-Z/C/871.jpg
C,2,872,DTASET A-Z/C/872.jpg
C,2,873,DTASET A-Z/C/873.jpg
C,2,874,DTASET A-Z/C/874.jpg
C,2,875,DTASET A-Z/C/875.jpg
C,2,876,DTASET A-Z/C/876.jpg
C,2,877,DTASET A-Z/C/877.jpg
C,2,878,DTASET A-Z/C/878.jpg
C,2,879,DTASET A-Z/C/879.jpg
C,2,880,DTASET A-Z/C/880.jpg
C,2,881,DTASET A-Z/C/881.jpg
C,2,882,DTASET A-Z/C/882.jpg
C,2,883,DTASET A-Z/C/883.jpg
C,2,884,DTASET A-Z/C/884.jpg
C,2,885,DTASET A-Z/C/885.jpg
C,2,886,DTASET A-Z/C/886.jpg
C,2,887,DTASET A-Z/C/887.jpg
C,2,888,DTASET A-Z/C/888.jpg
C,2,889,DTASET A-Z/C/889.jpg
C,2,890,DTASET A-Z/C/890.jpg
C,2,891,DTASET A-Z/C/891.jpg
C,2,892,DTASET A-Z/C/892.jpg
C,2,893,DTASET A-Z/C/893.jpg
C,2,894,DTASET A-Z/C/894.jpg
C,2,895,DTASET A-Z/C/895.jpg
C,2,896,DTASET A-Z/C/896.jpg
C,2,897,DTASET A-Z/C/897.jpg
C,2,898,DTASET A-Z/C/898.jpg
C,2,899,DTASET A-Z/C/899.jpg
C,2,900,DTASET A-Z/C/900.jpg
C,2,901,DTASET A-Z/C/901.jpg
C,2,902,DTASET A-Z/C/902.jpg
C,2,903,DTASET A-Z/C/903.jpg
C,2,904,DTASET A-Z/C/904.jpg
C,2,905,DTASET A-Z/C/905.jpg
C,2,906,DTASET A-Z/C/906.jpg
C,2,907,DTASET A-Z/C/907.jpg
C,2,908,DTASET A-Z/C/908.jpg
C,2,909,DTASET A-Z/C/909.jpg
C,2,910,DTASET A-Z/C/910.jpg
C,2,911,DTASET A-Z/C/911.jpg
C,2,912,DTASET A-Z/C/912.jpg
C,2,913,DTASET A-Z/C/913.jpg
C,2,914,DTASET A-Z/C/914.jpg
C,2,915,DTASET A-Z/C/915.jpg
C,2,916,DTASET A-Z/C/916.jpg
C,2,917,DTASET A-Z/C/917.jpg
C,2,918,DTASET A-Z/C/918.jpg
C,2,919,DTASET A-Z/C/919.jpg
C,2,920,DTASET A-Z/C/920.jpg
C,2,921,DTASET A-Z/C/921.jpg
C,2,922,DTASET A-Z/C/922.jpg
C,2,923,DTASET A-Z/C/923.jpg
C,2,924,DTASET A-Z/C/924.jpg
C,2,925,DTASET A-Z/C/925.jpg
C,2,926,DTASET A-Z/C/926.jpg
C,2,927,DTASET A-Z/C/927.jpg
C,2,928,DTASET A-Z/C/928.jpg
C,2,929,DTASET A-Z/C/929.jpg
C,2,930,DTASET A-Z/C/930.jpg
C,2,931,DTASET A-Z/C/931.jpg
C,2,932,DTASET A-Z/C/932.jpg
C,2,933,DTASET A-Z/C/933.jpg
C,2,934,DTASET A-Z/C/934.jpg
C,2,935,DTASET A-Z/C/935.jpg
C,2,936,DTASET A-Z/C/936.jpg
C,2,937,DTASET A-Z/C/937.jpg
C,2,938,DTASET A-Z/C/938.jpg
C,2,939,DTASET A-Z/C/939.jpg
C,2,940,DTASET A-Z/C/940.jpg
C,2,941,DTASET A-Z/C/941.jpg
C,2,942,DTASET A-Z/C/942.jpg
C,2,943,DTASET A-Z/C/943.jpg
C,2,944,DTASET A-Z/C/944.jpg
C,2,945,DTASET A-Z/C/945.jpg
C,2,946,DTASET A-Z/C/946.jpg
C,2,947,DTASET A-Z/C/947.jpg
C,2,948,DTASET A-Z/C/948.jpg
C,2,949,DTASET A-Z/C/949.jpg
C,2,950,DTASET A-Z/C/950.jpg
C,2,951,DTASET A-Z/C/951.jpg
C,2,952,DTASET A-Z/C/952.jpg
C,2,953,DTASET A-Z/C/953.jpg
C,2,954,DTASET A-Z/C/954.jpg
C,2,955,DTASET A-Z/C/955.jpg
C,2,956,DTASET A-Z/C/956.jpg
C,2,957,DTASET A-Z/C/957.jpg
C,2,958,DTASET A-Z/C/958.jpg
C,2,959,DTASET A-Z/C/959.jpg
C,2,960,DTASET A-Z/C/960.jpg
C,2,961,DTASET A-Z/C/961.jpg
C,2,962,DTASET A-Z/C/962.jpg
C,2,963,DTASET A-Z/C/963.jpg
C,2,964,DTASET A-Z/C/964.jpg
C,2,965,DTASET A-Z/C/965.jpg
C,2,966,DTASET A-Z/C/966.jpg
C,2,967,DTASET A-Z/C/967.jpg
C,2,968,DTASET A-Z/C/968.jpg
C,2,969,DTASET A-Z/C/969.jpg
C,2,970,DTASET A-Z/C/970.jpg
C,2,971,DTASET A-Z/C/971.jpg
C,2,972,DTASET A-Z/C/972.jpg
C,2,973,DTASET A-Z/C/973.jpg
C,2,974,DTASET A-Z/C/974.jpg
C,2,975,DTASET A-Z/C/975.jpg
C,2,976,DTASET A-Z/C/976.jpg
C,2,977,DTASET A-Z/C/977.jpg
C,2,978,DTASET A-Z/C/978.jpg
C,2,979,DTASET A-Z/C/979.jpg
C,2,980,DTASET A-Z/C/980.jpg
C,2,981,DTASET A-Z/C/981.jpg
C,2,982,DTASET A-Z/C/982.jpg
C,2,983,DTASET A-Z/C/983.jpg
C,2,984,DTASET A-Z/C/984.jpg
C,2,985,DTASET A-Z/C/985.jpg
C,2,986,DTASET A-Z/C/986.jpg
C,2,987,DTASET A-Z/C/987.jpg
C,2,988,DTASET A-Z/C/988.jpg
C,2,989,DTASET A-Z/C/989.jpg
C,2,990,DTASET A-Z/C/990.jpg
C,2,991,DTASET A-Z/C/991.jpg
C,2,992,DTASET A-Z/C/992.jpg
C,2,993,DTASET A-Z/C/993.jpg
C,2,994,DTASET A-Z/C/994.jpg
C,2,995,DTASET A-Z/C/995.jpg
C,2,996,DTASET A-Z/C/996.jpg
C,2,997,DTASET A-Z/C/997.jpg
C,2,998,DTASET A-Z/C/998.jpg
C,2,999,DTASET A-Z/C/999.jpg
C,2,1000,DTASET A-Z/C/1000.jpg
C,2,1001,DTASET A-Z/C/1001.jpg
C,2,1002,DTASET A-Z/C/1002.jpg
C,2,1003,DTASET A-Z/C/1003.jpg
C,2,1004,DTASET A-Z/C/1004.jpg
C,2,1005,DTASET A-Z/C/1005.jpg
C,2,1006,DTASET A-Z/C/1006.jpg
C,2,1007,DTASET A-Z/C/1007.jpg
C,2,1008,DTASET A-Z/C/1008.jpg
C,2,1009,DTASET A-Z/C/1009.jpg
C,2,1010,DTASET A-Z/C/1010.jpg
C,2,1011,DTASET A-Z/C/1011.jpg
C,2,1012,DTASET A-Z/C/1012.jpg
C,2,1013,DTASET A-Z/C/1013.jpg
C,2,1014,DTASET A-Z/C/1014.jpg
C,2,1015,DTASET A-Z/C/1015.jpg
C,2,1016,DTASET A-Z/C/1016.jpg
C,2,1017,DTASET A-Z/C/1017.jpg
C,2,1018,DTASET A-Z/C/1018.jpg
C,2,1019,DTASET A-Z/C/1019.jpg
C,2,1020,DTASET A-Z/C/1020.jpg
C,2,1021,DTASET A-Z/C/1021.jpg
C,2,1022,DTASET A-Z/C/1022.jpg
C,2,1023,DTASET A-Z/C/1023.jpg
C,2,1024,DTASET A-Z/C/1024.jpg
C,2,1025,DTASET A-Z/C/1025.jpg
C,2,1026,DTASET A-Z/C/1026.jpg
C,2,1027,DTASET A-Z/C/1027.jpg
C,2,1028,DTASET A-Z/C/1028.jpg
C,2,1029,DTASET A-Z/C/1029.jpg
C,2,1030,DTASET A-Z/C/1030.jpg
C,2,1031,DTASET A-Z/C/1031.jpg
C,2,1032,DTASET A-Z/C/1032.jpg
C,2,1033,DTASET A-Z/C/1033.jpg
C,2,1034,DTASET A-Z/C/1034.jpg
C,2,1035,DTASET A-Z/C/1035.jpg
C,2,1036,DTASET A-Z/C/1036.jpg
C,2,1037,DTASET A-Z/C/1037.jpg
C,2,1038,DTASET A-Z/C/1038.jpg
C,2,1039,DTASET A-Z/C/1039.jpg
C,2,1040,DTASET A-Z/C/1040.jpg
C,2,1041,DTASET A-Z/C/1041.jpg
C,2,1042,DTASET A-Z/C/1042.jpg
C,2,1043,DTASET A-Z/C/1043.jpg
C,2,1044,DTASET A-Z/C/1044.jpg
C,2,1045,DTASET A-Z/C/1045.jpg
C,2,1046,DTASET A-Z/C/1046.jpg
C,2,1047,DTASET A-Z/C/1047.jpg
C,2,1048,DTASET A-Z/C/1048.jpg
C,2,1049,DTASET A-Z/C/1049.jpg
C,2,1050,DTASET A-Z/C/1050.jpg
C,2,1051,DTASET A-Z/C/1051.jpg
C,2,1052,DTASET A-Z/C/1052.jpg
C,2,1053,DTASET A-Z/C/1053.jpg
C,2,1054,DTASET A-Z/C/1054.jpg
C,2,1055,DTASET A-Z/C/1055.jpg
C,2,1056,DTASET A-Z/C/1056.jpg
C,2,1057,DTASET A-Z/C/1057.jpg
C,2,1058,DTASET A-Z/C/1058.jpg
C,2,1059,DTASET A-Z/C/1059.jpg
C,2,1060,DTASET A-Z/C/1060.jpg
C,2,1061,DTASET A-Z/C/1061.jpg
C,2,1062,DTASET A-Z/C/1062.jpg
C,2,1063,DTASET A-Z/C/1063.jpg
C,2,1064,DTASET A-Z/C/1064.jpg
C,2,1065,DTASET A-Z/C/1065.jpg
C,2,1066,DTASET A-Z/C/1066.jpg
C,2,1067,DTASET A-Z/C/1067.jpg
C,2,1068,DTASET A-Z/C/1068.jpg
C,2,1069,DTASET A-Z/C/1069.jpg
C,2,1070,DTASET A-Z/C/1070.jpg
C,2,1071,DTASET A-Z/C/1071.jpg
C,2,1072,DTASET A-Z/C/1072.jpg
C,2,1073,DTASET A-Z/C/1073.jpg
C,2,1074,DTASET A-Z/C/1074.jpg
C,2,1075,DTASET A-Z/C/1075.jpg
C,2,1076,DTASET A-Z/C/1076.jpg
C,2,1077,DTASET A-Z/C/1077.jpg
C,2,1078,DTASET A-Z/C/1078.jpg
C,2,1079,DTASET A-Z/C/1079.jpg
C,2,1080,DTASET A-Z/C/1080.jpg
C,2,1081,DTASET A-Z/C/1081.jpg
C,2,1082,DTASET A-Z/C/1082.jpg
C,2,1083,DTASET A-Z/C/1083.jpg
C,2,1084,DTASET A-Z/C/1084.jpg
C,2,1085,DTASET A-Z/C/1085.jpg
C,2,1086,DTASET A-Z/C/1086.jpg
C,2,1087,DTASET A-Z/C/1087.jpg
C,2,1088,DTASET A-Z/C/1088.jpg
C,2,1089,DTASET A-Z/C/1089.jpg
C,2,1090,DTASET A-Z/C/1090.jpg
C,2,1091,DTASET A-Z/C/1091.jpg
C,2,1092,DTASET A-Z/C/1092.jpg
C,2,1093,DTASET A-Z/C/1093.jpg
C,2,1094,DTASET A-Z/C/1094.jpg
C,2,1095,DTASET A-Z/C/1095.jpg
C,2,1096,DTASET A-Z/C/1096.jpg
C,2,1097,DTASET A-Z/C/1097.jpg
C,2,1098,DTASET A-Z/C/1098.jpg
C,2,1099,DTASET A-Z/C/1099.jpg
C,2,1100,DTASET A-Z/C/1100.jpg
C,2,1101,DTASET A-Z/C/1101.jpg
C,2,1102,DTASET A-Z/C/1102.jpg
C,2,1103,DTASET A-Z/C/1103.jpg
C,2,1104,DTASET A-Z/C/1104.jpg
C,2,1105,DTASET A-Z/C/1105.jpg
C,2,1106,DTASET A-Z/C/1106.jpg
C,2,1107,DTASET A-Z/C/1107.jpg
C,2,1108,DTASET A-Z/C/1108.jpg
C,2,1109,DTASET A-Z/C/1109.jpg
C,2,1110,DTASET A-Z/C/1110.jpg
C,2,1111,DTASET A-Z/C/1111.jpg
C,2,1112,DTASET A-Z/C/1112.jpg
C,2,1113,DTASET A-Z/C/1113.jpg
C,2,1114,DTASET A-Z/C/1114.jpg
C,2,1115,DTASET A-Z/C/1115.jpg
C,2,1116,DTASET A-Z/C/1116.jpg
C,2,1117,DTASET A-Z/C/1117.jpg
C,2,1118,DTASET A-Z/C/1118.jpg
C,2,1119,DTASET A-Z/C/1119.jpg
C,2,1120,DTASET A-Z/C/1120.jpg
C,2,1121,DTASET A-Z/C/1121.jpg
C,2,1122,DTASET A-Z/C/1122.jpg
C,2,1123,DTASET A-Z/C/1123.jpg
C,2,1124,DTASET A-Z/C/1124.jpg
C,2,1125,DTASET A-Z/C/1125.jpg
C,2,1126,DTASET A-Z/C/1126.jpg
C,2,1127,DTASET A-Z/C/1127.jpg
C,2,1128,DTASET A-Z/C/1128.jpg
C,2,1129,DTASET A-Z/C/1129.jpg
C,2,1130,DTASET A-Z/C/1130.jpg
C,2,1131,DTASET A-Z/C/1131.jpg
C,2,1132,DTASET A-Z/C/1132.jpg
C,2,1133,DTASET A-Z/C/1133.jpg
C,2,1134,DTASET A-Z/C/1134.jpg
C,2,1135,DTASET A-Z/C/1135.jpg
C,2,1136,DTASET A-Z/C/1136.jpg
C,2,1137,DTASET A-Z/C/1137.jpg
C,2,1138,DTASET A-Z/C/1138.jpg
C,2,1139,DTASET A-Z/C/1139.jpg
C,2,1140,DTASET A-Z/C/1140.jpg
C,2,1141,DTASET A-Z/C/1141.jpg
C,2,1142,DTASET A-Z/C/1142.jpg
C,2,1143,DTASET A-Z/C/1143.jpg
C,2,1144,DTASET A-Z/C/1144.jpg
C,2,1145,DTASET A-Z/C/1145.jpg
C,2,1146,DTASET A-Z/C/1146.jpg
C,2,1147,DTASET A-Z/C/1147.jpg
C,2,1148,DTASET A-Z/C/1148.jpg
C,2,1149,DTASET A-Z/C/1149.jpg
C,2,1150,DTASET A-Z/C/1150.jpg
C,2,1151,DTASET A-Z/C/1151.jpg
C,2,1152,DTASET A-Z/C/1152.jpg
C,2,1153,DTASET A-Z/C/1153.jpg
C,2,1154,DTASET A-Z/C/1154.jpg
C,2,1155,DTASET A-Z/C/1155.jpg
C,2,1156,DTASET A-Z/C/1156.jpg
C,2,1157,DTASET A-Z/C/1157.jpg
C,2,1158,DTASET A-Z/C/1158.jpg
C,2,1159,DTASET A-Z/C/1159.jpg
C,2,1160,DTASET A-Z/C/1160.jpg
C,2,1161,DTASET A-Z/C/1161.jpg
C,2,1162,DTASET A-Z/C/1162.jpg
C,2,1163,DTASET A-Z/C/1163.jpg
C,2,1164,DTASET A-Z/C/1164.jpg
C,2,1165,DTASET A-Z/C/1165.jpg
C,2,1166,DTASET A-Z/C/1166.jpg
C,2,1167,DTASET A-Z/C/1167.jpg
C,2,1168,DTASET A-Z/C/1168.jpg
C,2,1169,DTASET A-Z/C/1169.jpg
C,2,1170,DTASET A-Z/C/1170.jpg
C,2,1171,DTASET A-Z/C/1171.jpg
C,2,1172,DTASET A-Z/C/1172.jpg
C,2,1173,DTASET A-Z/C/1173.jpg
C,2,1174,DTASET A-Z/C/1174.jpg
C,2,1175,DTASET A-Z/C/1175.jpg
C,2,1176,DTASET A-Z/C/1176.jpg
C,2,1177,DTASET A-Z/C/1177.jpg
C,2,1178,DTASET A-Z/C/1178.jpg
C,2,1179,DTASET A-Z/C/1179.jpg
C,2,1180,DTASET A-Z/C/1180.jpg
C,2,1181,DTASET A-Z/C/1181.jpg
C,2,1182,DTASET A-Z/C/1182.jpg
C,2,1183,DTASET A-Z/C/1183.jpg
C,2,1184,DTASET A-Z/C/1184.jpg
C,2,1185,DTASET A-Z/C/1185.jpg
C,2,1186,DTASET A-Z/C/1186.jpg
C,2,1187,DTASET A-Z/C/1187.jpg
C,2,1188,DTASET A-Z/C/1188.jpg
C,2,1189,DTASET A-Z/C/1189.jpg
C,2,1190,DTASET A-Z/C/1190.jpg
C,2,1191,DTASET A-Z/C/1191.jpg
C,2,1192,DTASET A-Z/C/1192.jpg
C,2,1193,DTASET A-Z/C/1193.jpg
C,2,1194,DTASET A-Z/C/1194.jpg
C,2,1195,DTASET A-Z/C/1195.jpg
C,2,1196,DTASET A-Z/C/1196.jpg
C,2,1197,DTASET A-Z/C/1197.jpg
C,2,1198,DTASET A-Z/C/1198.jpg
C,2,1199,DTASET A-Z/C/1199.jpg
D,3,0,DTASET A-Z/D/0.jpg
D,3,1,DTASET A-Z/D/1.jpg
D,3,2,DTASET A-Z/D/2.jpg
D,3,3,DTASET A-Z/D/3.jpg
D,3,4,DTASET A-Z/D/4.jpg
D,3,5,DTASET A-Z/D/5.jpg
D,3,6,DTASET A-Z/D/6.jpg
D,3,7,DTASET A-Z/D/7.jpg
D,3,8,DTASET A-Z/D/8.jpg
D,3,9,DTASET A-Z/D/9.jpg
D,3,10,DTASET A-Z/D/10.jpg
D,3,11,DTASET A-Z/D/11.jpg
D,3,12,DTASET A-Z/D/12.jpg
D,3,13,DTASET A-Z/D/13.jpg
D,3,14,DTASET A-Z/D/14.jpg
D,3,15,DTASET A-Z/D/15.jpg
D,3,16,DTASET A-Z/D/16.jpg
D,3,17,DTASET A-Z/D/17.jpg
D,3,18,DTASET A-Z/D/18.jpg
D,3,19,DTASET A-Z/D/19.jpg
D,3,20,DTASET A-Z/D/20.jpg
D,3,21,DTASET A-Z/D/21.jpg
D,3,22,DTASET A-Z/D/22.jpg
D,3,23,DTASET A-Z/D/23.jpg
D,3,24,DTASET A-Z/D/24.jpg
D,3,25,DTASET A-Z/D/25.jpg
D,3,26,DTASET A-Z/D/26.jpg
D,3,27,DTASET A-Z/D/27.jpg
D,3,28,DTASET A-Z/D/28.jpg
D,3,29,DTASET A-Z/D/29.jpg
D,3,30,DTASET A-Z/D/30.jpg
D,3,31,DTASET A-Z/D/31.jpg
D,3,32,DTASET A-Z/D/32.jpg
D,3,33,DTASET A-Z/D/33.jpg
D,3,34,DTASET A-Z/D/34.jpg
D,3,35,DTASET A-Z/D/35.jpg
D,3,36,DTASET A-Z/D/36.jpg
D,3,37,DTASET A-Z/D/37.jpg
D,3,38,DTASET A-Z/D/38.jpg
D,3,39,DTASET A-Z/D/39.jpg
D,3,40,DTASET A-Z/D/40.jpg
D,3,41,DTASET A-Z/D/41.jpg
D,3,42,DTASET A-Z/D/42.jpg
D,3,43,DTASET A-Z/D/43.jpg
D,3,44,DTASET A-Z/D/44.jpg
D,3,45,DTASET A-Z/D/45.jpg
D,3,46,DTASET A-Z/D/46.jpg
D,3,47,DTASET A-Z/D/47.jpg
D,3,48,DTASET A-Z/D/48.jpg
D,3,49,DTASET A-Z/D/49.jpg
D,3,50,DTASET A-Z/D/50.jpg
D,3,51,DTASET A-Z/D/51.jpg
D,3,52,DTASET A-Z/D/52.jpg
D,3,53,DTASET A-Z/D/53.jpg
D,3,54,DTASET A-Z/D/54.jpg
D,3,55,DTASET A-Z/D/55.jpg
D,3,56,DTASET A-Z/D/56.jpg
D,3,57,DTASET A-Z/D/57.jpg
D,3,58,DTASET A-Z/D/58.jpg
D,3,59,DTASET A-Z/D/59.jpg
D,3,60,DTASET A-Z/D/60.jpg
D,3,61,DTASET A-Z/D/61.jpg
D,3,62,DTASET A-Z/D/62.jpg
D,3,63,DTASET A-Z/D/63.jpg
D,3,64,DTASET A-Z/D/64.jpg
D,3,65,DTASET A-Z/D/65.jpg
D,3,66,DTASET A-Z/D/66.jpg
D,3,67,DTASET A-Z/D/67.jpg
D,3,68,DTASET A-Z/D/68.jpg
D,3,69,DTASET A-Z/D/69.jpg
D,3,70,DTASET A-Z/D/70.jpg
D,3,71,DTASET A-Z/D/71.jpg
D,3,72,DTASET A-Z/D/72.jpg
D,3,73,DTASET A-Z/D/73.jpg
D,3,74,DTASET A-Z/D/74.jpg
D,3,75,DTASET A-Z/D/75.jpg
D,3,76,DTASET A-Z/D/76.jpg
D,3,77,DTASET A-Z/D/77.jpg
D,3,78,DTASET A-Z/D/78.jpg
D,3,79,DTASET A-Z/D/79.jpg
D,3,80,DTASET A-Z/D/80.jpg
D,3,81,DTASET A-Z/D/81.jpg
D,3,82,DTASET A-Z/D/82.jpg
D,3,83,DTASET A-Z/D/83.jpg
D,3,84,DTASET A-Z/D/84.jpg
D,3,85,DTASET A-Z/D/85.jpg
D,3,86,DTASET A-Z/D/86.jpg
D,3,87,DTASET A-Z/D/87.jpg
D,3,88,DTASET A-Z/D/88.jpg
D,3,89,DTASET A-Z/D/89.jpg
D,3,90,DTASET A-Z/D/90.jpg
D,3,91,DTASET A-Z/D/91.jpg
D,3,92,DTASET A-Z/D/92.jpg
D,3,93,DTASET A-Z/D/93.jpg
D,3,94,DTASET A-Z/D/94.jpg
D,3,95,DTASET A-Z/D/95.jpg
D,3,96,DTASET A-Z/D/96.jpg
D,3,97,DTASET A-Z/D/97.jpg
D,3,98,DTASET A-Z/D/98.jpg
D,3,99,DTASET A-Z/D/99.jpg
D,3,100,DTASET A-Z/D/100.jpg
D,3,101,DTASET A-Z/D/101.jpg
D,3,102,DTASET A-Z/D/102.jpg
D,3,103,DTASET A-Z/D/103.jpg
D,3,104,DTASET A-Z/D/104.jpg
D,3,105,DTASET A-Z/D/105.jpg
D,3,106,DTASET A-Z/D/106.jpg
D,3,107,DTASET A-Z/D/107.jpg
D,3,108,DTASET A-Z/D/108.jpg
D,3,109,DTASET A-Z/D/109.jpg
D,3,110,DTASET A-Z/D/110.jpg
D,3,111,DTASET A-Z/D/111.jpg
D,3,112,DTASET A-Z/D/112.jpg
D,3,113,DTASET A-Z/D/113.jpg
D,3,114,DTASET A-Z/D/114.jpg
D,3,115,DTASET A-Z/D/115.jpg
D,3,116,DTASET A-Z/D/116.jpg
D,3,117,DTASET A-Z/D/117.jpg
D,3,118,DTASET A-Z/D/118.jpg
D,3,119,DTASET A-Z/D/119.jpg
D,3,120,DTASET A-Z/D/120.jpg
D,3,121,DTASET A-Z/D/121.jpg
D,3,122,DTASET A-Z/D/122.jpg
D,3,123,DTASET A-Z/D/123.jpg
D,3,124,DTASET A-Z/D/124.jpg
D,3,125,DTASET A-Z/D/125.jpg
D,3,126,DTASET A-Z/D/126.jpg
D,3,127,DTASET A-Z/D/127.jpg
D,3,128,DTASET A-Z/D/128.jpg
D,3,129,DTASET A-Z/D/129.jpg
D,3,130,DTASET A-Z/D/130.jpg
D,3,131,DTASET A-Z/D/131.jpg
D,3,132,DTASET A-Z/D/132.jpg
D,3,133,DTASET A-Z/D/133.jpg
D,3,134,DTASET A-Z/D/134.jpg
D,3,135,DTASET A-Z/D/135.jpg
D,3,136,DTASET A-Z/D/136.jpg
D,3,137,DTASET A-Z/D/137.jpg
D,3,138,DTASET A-Z/D/138.jpg
D,3,139,DTASET A-Z/D/139.jpg
D,3,140,DTASET A-Z/D/140.jpg
D,3,141,DTASET A-Z/D/141.jpg
D,3,142,DTASET A-Z/D/142.jpg
D,3,143,DTASET A-Z/D/143.jpg
D,3,144,DTASET A-Z/D/144.jpg
D,3,145,DTASET A-Z/D/145.jpg
D,3,146,DTASET A-Z/D/146.jpg
D,3,147,DTASET A-Z/D/147.jpg
D,3,148,DTASET A-Z/D/148.jpg
D,3,149,DTASET A-Z/D/149.jpg
D,3,150,DTASET A-Z/D/150.jpg
D,3,151,DTASET A-Z/D/151.jpg
D,3,152,DTASET A-Z/D/152.jpg
D,3,153,DTASET A-Z/D/153.jpg
D,3,154,DTASET A-Z/D/154.jpg
D,3,155,DTASET A-Z/D/155.jpg
D,3,156,DTASET A-Z/D/156.jpg
D,3,157,DTASET A-Z/D/157.jpg
D,3,158,DTASET A-Z/D/158.jpg
D,3,159,DTASET A-Z/D/159.jpg
D,3,160,DTASET A-Z/D/160.jpg
D,3,161,DTASET A-Z/D/161.jpg
D,3,162,DTASET A-Z/D/162.jpg
D,3,163,DTASET A-Z/D/163.jpg
D,3,164,DTASET A-Z/D/164.jpg
D,3,165,DTASET A-Z/D/165.jpg
D,3,166,DTASET A-Z/D/166.jpg
D,3,167,DTASET A-Z/D/167.jpg
D,3,168,DTASET A-Z/D/168.jpg
D,3,169,DTASET A-Z/D/169.jpg
D,3,170,DTASET A-Z/D/170.jpg
D,3,171,DTASET A-Z/D/171.jpg
D,3,172,DTASET A-Z/D/172.jpg
D,3,173,DTASET A-Z/D/173.jpg
D,3,174,DTASET A-Z/D/174.jpg
D,3,175,DTASET A-Z/D/175.jpg
D,3,176,DTASET A-Z/D/176.jpg
D,3,177,DTASET A-Z/D/177.jpg
D,3,178,DTASET A-Z/D/178.jpg
D,3,179,DTASET A-Z/D/179.jpg
D,3,180,DTASET A-Z/D/180.jpg
D,3,181,DTASET A-Z/D/181.jpg
D,3,182,DTASET A-Z/D/182.jpg
D,3,183,DTASET A-Z/D/183.jpg
D,3,184,DTASET A-Z/D/184.jpg
D,3,185,DTASET A-Z/D/185.jpg
D,3,186,DTASET A-Z/D/186.jpg
D,3,187,DTASET A-Z/D/187.jpg
D,3,188,DTASET A-Z/D/188.jpg
D,3,189,DTASET A-Z/D/189.jpg
D,3,190,DTASET A-Z/D/190.jpg
D,3,191,DTASET A-Z/D/191.jpg
D,3,192,DTASET A-Z/D/192.jpg
D,3,193,DTASET A-Z/D/193.jpg
D,3,194,DTASET A-Z/D/194.jpg
D,3,195,DTASET A-Z/D/195.jpg
D,3,196,DTASET A-Z/D/196.jpg
D,3,197,DTASET A-Z/D/197.jpg
D,3,198,DTASET A-Z/D/198.jpg
D,3,199,DTASET A-Z/D/199.jpg
D,3,200,DTASET A-Z/D/200.jpg
D,3,201,DTASET A-Z/D/201.jpg
D,3,202,DTASET A-Z/D/202.jpg
D,3,203,DTASET A-Z/D/203.jpg
D,3,204,DTASET A-Z/D/204.jpg
D,3,205,DTASET A-Z/D/205.jpg
D,3,206,DTASET A-Z/D/206.jpg
D,3,207,DTASET A-Z/D/207.jpg
D,3,208,DTASET A-Z/D/208.jpg
D,3,209,DTASET A-Z/D/209.jpg
D,3,210,DTASET A-Z/D/210.jpg
D,3,211,DTASET A-Z/D/211.jpg
D,3,212,DTASET A-Z/D/212.jpg
D,3,213,DTASET A-Z/D/213.jpg
D,3,214,DTASET A-Z/D/214.jpg
D,3,215,DTASET A-Z/D/215.jpg
D,3,216,DTASET A-Z/D/216.jpg
D,3,217,DTASET A-Z/D/217.jpg
D,3,218,DTASET A-Z/D/218.jpg
D,3,219,DTASET A-Z/D/219.jpg
D,3,220,DTASET A-Z/D/220.jpg
D,3,221,DTASET A-Z/D/221.jpg
D,3,222,DTASET A-Z/D/222.jpg
D,3,223,DTASET A-Z/D/223.jpg
D,3,224,DTASET A-Z/D/224.jpg
D,3,225,DTASET A-Z/D/225.jpg
D,3,226,DTASET A-Z/D/226.jpg
D,3,227,DTASET A-Z/D/227.jpg
D,3,228,DTASET A-Z/D/228.jpg
D,3,229,DTASET A-Z/D/229.jpg
D,3,230,DTASET A-Z/D/230.jpg
D,3,231,DTASET A-Z/D/231.jpg
D,3,232,DTASET A-Z/D/232.jpg
D,3,233,DTASET A-Z/D/233.jpg
D,3,234,DTASET A-Z/D/234.jpg
D,3,235,DTASET A-Z/D/235.jpg
D,3,236,DTASET A-Z/D/236.jpg
D,3,237,DTASET A-Z/D/237.jpg
D,3,238,DTASET A-Z/D/238.jpg
D,3,239,DTASET A-Z/D/239.jpg
D,3,240,DTASET A-Z/D/240.jpg
D,3,241,DTASET A-Z/D/241.jpg
D,3,242,DTASET A-Z/D/242.jpg
D,3,243,DTASET A-Z/D/243.jpg
D,3,244,DTASET A-Z/D/244.jpg
D,3,245,DTASET A-Z/D/245.jpg
D,3,246,DTASET A-Z/D/246.jpg
D,3,247,DTASET A-Z/D/247.jpg
D,3,248,DTASET A-Z/D/248.jpg
D,3,249,DTASET A-Z/D/249.jpg
D,3,250,DTASET A-Z/D/250.jpg
D,3,251,DTASET A-Z/D/251.jpg
D,3,252,DTASET A-Z/D/252.jpg
D,3,253,DTASET A-Z/D/253.jpg
D,3,254,DTASET A-Z/D/254.jpg
D,3,255,DTASET A-Z/D/255.jpg
D,3,256,DTASET A-Z/D/256.jpg
D,3,257,DTASET A-Z/D/257.jpg
D,3,258,DTASET A-Z/D/258.jpg
D,3,259,DTASET A-Z/D/259.jpg
D,3,260,DTASET A-Z/D/260.jpg
D,3,261,DTASET A-Z/D/261.jpg
D,3,262,DTASET A-Z/D/262.jpg
D,3,263,DTASET A-Z/D/263.jpg
D,3,264,DTASET A-Z/D/264.jpg
D,3,265,DTASET A-Z/D/265.jpg
D,3,266,DTASET A-Z/D/266.jpg
D,3,267,DTASET A-Z/D/267.jpg
D,3,268,DTASET A-Z/D/268.jpg
D,3,269,DTASET A-Z/D/269.jpg
D,3,270,DTASET A-Z/D/270.jpg
D,3,271,DTASET A-Z/D/271.jpg
D,3,272,DTASET A-Z/D/272.jpg
D,3,273,DTASET A-Z/D/273.jpg
D,3,274,DTASET A-Z/D/274.jpg
D,3,275,DTASET A-Z/D/275.jpg
D,3,276,DTASET A-Z/D/276.jpg
D,3,277,DTASET A-Z/D/277.jpg
D,3,278,DTASET A-Z/D/278.jpg
D,3,279,DTASET A-Z/D/279.jpg
D,3,280,DTASET A-Z/D/280.jpg
D,3,281,DTASET A-Z/D/281.jpg
D,3,282,DTASET A-Z/D/282.jpg
D,3,283,DTASET A-Z/D/283.jpg
D,3,284,DTASET A-Z/D/284.jpg
D,3,285,DTASET A-Z/D/285.jpg
D,3,286,DTASET A-Z/D/286.jpg
D,3,287,DTASET A-Z/D/287.jpg
D,3,288,DTASET A-Z/D/288.jpg
D,3,289,DTASET A-Z/D/289.jpg
D,3,290,DTASET A-Z/D/290.jpg
D,3,291,DTASET A-Z/D/291.jpg
D,3,292,DTASET A-Z/D/292.jpg
D,3,293,DTASET A-Z/D/293.jpg
D,3,294,DTASET A-Z/D/294.jpg
D,3,295,DTASET A-Z/D/295.jpg
D,3,296,DTASET A-Z/D/296.jpg
D,3,297,DTASET A-Z/D/297.jpg
D,3,298,DTASET A-Z/D/298.jpg
D,3,299,DTASET A-Z/D/299.jpg
D,3,300,DTASET A-Z/D/300.jpg
D,3,301,DTASET A-Z/D/301.jpg
D,3,302,DTASET A-Z/D/302.jpg
D,3,303,DTASET A-Z/D/303.jpg
D,3,304,DTASET A-Z/D/304.jpg
D,3,305,DTASET A-Z/D/305.jpg
D,3,306,DTASET A-Z/D/306.jpg
D,3,307,DTASET A-Z/D/307.jpg
D,3,308,DTASET A-Z/D/308.jpg
D,3,309,DTASET A-Z/D/309.jpg
D,3,310,DTASET A-Z/D/310.jpg
D,3,311,DTASET A-Z/D/311.jpg
D,3,312,DTASET A-Z/D/312.jpg
D,3,313,DTASET A-Z/D/313.jpg
D,3,314,DTASET A-Z/D/314.jpg
D,3,315,DTASET A-Z/D/315.jpg
D,3,316,DTASET A-Z/D/316.jpg
D,3,317,DTASET A-Z/D/317.jpg
D,3,318,DTASET A-Z/D/318.jpg
D,3,319,DTASET A-Z/D/319.jpg
D,3,320,DTASET A-Z/D/320.jpg
D,3,321,DTASET A-Z/D/321.jpg
D,3,322,DTASET A-Z/D/322.jpg
D,3,323,DTASET A-Z/D/323.jpg
D,3,324,DTASET A-Z/D/324.jpg
D,3,325,DTASET A-Z/D/325.jpg
D,3,326,DTASET A-Z/D/326.jpg
D,3,327,DTASET A-Z/D/327.jpg
D,3,328,DTASET A-Z/D/328.jpg
D,3,329,DTASET A-Z/D/329.jpg
D,3,330,DTASET A-Z/D/330.jpg
D,3,331,DTASET A-Z/D/331.jpg
D,3,332,DTASET A-Z/D/332.jpg
D,3,333,DTASET A-Z/D/333.jpg
D,3,334,DTASET A-Z/D/334.jpg
D,3,335,DTASET A-Z/D/335.jpg
D,3,336,DTASET A-Z/D/336.jpg
D,3,337,DTASET A-Z/D/337.jpg
D,3,338,DTASET A-Z/D/338.jpg
D,3,339,DTASET A-Z/D/339.jpg
D,3,340,DTASET A-Z/D/340.jpg
D,3,341,DTASET A-Z/D/341.jpg
D,3,342,DTASET A-Z/D/342.jpg
D,3,343,DTASET A-Z/D/343.jpg
D,3,344,DTASET A-Z/D/344.jpg
D,3,345,DTASET A-Z/D/345.jpg
D,3,346,DTASET A-Z/D/346.jpg
D,3,347,DTASET A-Z/D/347.jpg
D,3,348,DTASET A-Z/D/348.jpg
D,3,349,DTASET A-Z/D/349.jpg
D,3,350,DTASET A-Z/D/350.jpg
D,3,351,DTASET A-Z/D/351.jpg
D,3,352,DTASET A-Z/D/352.jpg
D,3,353,DTASET A-Z/D/353.jpg
D,3,354,DTASET A-Z/D/354.jpg
D,3,355,DTASET A-Z/D/355.jpg
D,3,356,DTASET A-Z/D/356.jpg
D,3,357,DTASET A-Z/D/357.jpg
D,3,358,DTASET A-Z/D/358.jpg
D,3,359,DTASET A-Z/D/359.jpg
D,3,360,DTASET A-Z/D/360.jpg
D,3,361,DTASET A-Z/D/361.jpg
D,3,362,DTASET A-Z/D/362.jpg
D,3,363,DTASET A-Z/D/363.jpg
D,3,364,DTASET A-Z/D/364.jpg
D,3,365,DTASET A-Z/D/365.jpg
D,3,366,DTASET A-Z/D/366.jpg
D,3,367,DTASET A-Z/D/367.jpg
D,3,368,DTASET A-Z/D/368.jpg
D,3,369,DTASET A-Z/D/369.jpg
D,3,370,DTASET A-Z/D/370.jpg
D,3,371,DTASET A-Z/D/371.jpg
D,3,372,DTASET A-Z/D/372.jpg
D,3,373,DTASET A-Z/D/373.jpg
D,3,374,DTASET A-Z/D/374.jpg
D,3,375,DTASET A-Z/D/375.jpg
D,3,376,DTASET A-Z/D/376.jpg
D,3,377,DTASET A-Z/D/377.jpg
D,3,378,DTASET A-Z/D/378.jpg
D,3,379,DTASET A-Z/D/379.jpg
D,3,380,DTASET A-Z/D/380.jpg
D,3,381,DTASET A-Z/D/381.jpg
D,3,382,DTASET A-Z/D/382.jpg
D,3,383,DTASET A-Z/D/383.jpg
D,3,384,DTASET A-Z/D/384.jpg
D,3,385,DTASET A-Z/D/385.jpg
D,3,386,DTASET A-Z/D/386.jpg
D,3,387,DTASET A-Z/D/387.jpg
D,3,388,DTASET A-Z/D/388.jpg
D,3,389,DTASET A-Z/D/389.jpg
D,3,390,DTASET A-Z/D/390.jpg
D,3,391,DTASET A-Z/D/391.jpg
D,3,392,DTASET A-Z/D/392.jpg
D,3,393,DTASET A-Z/D/393.jpg
D,3,394,DTASET A-Z/D/394.jpg
D,3,395,DTASET A-Z/D/395.jpg
D,3,396,DTASET A-Z/D/396.jpg
D,3,397,DTASET A-Z/D/397.jpg
D,3,398,DTASET A-Z/D/398.jpg
D,3,399,DTASET A-Z/D/399.jpg
D,3,400,DTASET A-Z/D/400.jpg
D,3,401,DTASET A-Z/D/401.jpg
D,3,402,DTASET A-Z/D/402.jpg
D,3,403,DTASET A-Z/D/403.jpg
D,3,404,DTASET A-Z/D/404.jpg
D,3,405,DTASET A-Z/D/405.jpg
D,3,406,DTASET A-Z/D/406.jpg
D,3,407,DTASET A-Z/D/407.jpg
D,3,408,DTASET A-Z/D/408.jpg
D,3,409,DTASET A-Z/D/409.jpg
D,3,410,DTASET A-Z/D/410.jpg
D,3,411,DTASET A-Z/D/411.jpg
D,3,412,DTASET A-Z/D/412.jpg
D,3,413,DTASET A-Z/D/413.jpg
D,3,414,DTASET A-Z/D/414.jpg
D,3,415,DTASET A-Z/D/415.jpg
D,3,416,DTASET A-Z/D/416.jpg
D,3,417,DTASET A-Z/D/417.jpg
D,3,418,DTASET A-Z/D/418.jpg
D,3,419,DTASET A-Z/D/419.jpg
D,3,420,DTASET A-Z/D/420.jpg
D,3,421,DTASET A-Z/D/421.jpg
D,3,422,DTASET A-Z/D/422.jpg
D,3,423,DTASET A-Z/D/423.jpg
D,3,424,DTASET A-Z/D/424.jpg
D,3,425,DTASET A-Z/D/425.jpg
D,3,426,DTASET A-Z/D/426.jpg
D,3,427,DTASET A-Z/D/427.jpg
D,3,428,DTASET A-Z/D/428.jpg
D,3,429,DTASET A-Z/D/429.jpg
D,3,430,DTASET A-Z/D/430.jpg
D,3,431,DTASET A-Z/D/431.jpg
D,3,432,DTASET A-Z/D/432.jpg
D,3,433,DTASET A-Z/D/433.jpg
D,3,434,DTASET A-Z/D/434.jpg
D,3,435,DTASET A-Z/D/435.jpg
D,3,436,DTASET A-Z/D/436.jpg
D,3,437,DTASET A-Z/D/437.jpg
D,3,438,DTASET A-Z/D/438.jpg
D,3,439,DTASET A-Z/D/439.jpg
D,3,440,DTASET A-Z/D/440.jpg
D,3,441,DTASET A-Z/D/441.jpg
D,3,442,DTASET A-Z/D/442.jpg
D,3,443,DTASET A-Z/D/443.jpg
D,3,444,DTASET A-Z/D/444.jpg
D,3,445,DTASET A-Z/D/445.jpg
D,3,446,DTASET A-Z/D/446.jpg
D,3,447,DTASET A-Z/D/447.jpg
D,3,448,DTASET A-Z/D/448.jpg
D,3,449,DTASET A-Z/D/449.jpg
D,3,450,DTASET A-Z/D/450.jpg
D,3,451,DTASET A-Z/D/451.jpg
D,3,452,DTASET A-Z/D/452.jpg
D,3,453,DTASET A-Z/D/453.jpg
D,3,454,DTASET A-Z/D/454.jpg
D,3,455,DTASET A-Z/D/455.jpg
D,3,456,DTASET A-Z/D/456.jpg
D,3,457,DTASET A-Z/D/457.jpg
D,3,458,DTASET A-Z/D/458.jpg
D,3,459,DTASET A-Z/D/459.jpg
D,3,460,DTASET A-Z/D/460.jpg
D,3,461,DTASET A-Z/D/461.jpg
D,3,462,DTASET A-Z/D/462.jpg
D,3,463,DTASET A-Z/D/463.jpg
D,3,464,DTASET A-Z/D/464.jpg
D,3,465,DTASET A-Z/D/465.jpg
D,3,466,DTASET A-Z/D/466.jpg
D,3,467,DTASET A-Z/D/467.jpg
D,3,468,DTASET A-Z/D/468.jpg
D,3,469,DTASET A-Z/D/469.jpg
D,3,470,DTASET A-Z/D/470.jpg
D,3,471,DTASET A-Z/D/471.jpg
D,3,472,DTASET A-Z/D/472.jpg
D,3,473,DTASET A-Z/D/473.jpg
D,3,474,DTASET A-Z/D/474.jpg
D,3,475,DTASET A-Z/D/475.jpg
D,3,476,DTASET A-Z/D/476.jpg
D,3,477,DTASET A-Z/D/477.jpg
D,3,478,DTASET A-Z/D/478.jpg
D,3,479,DTASET A-Z/D/479.jpg
D,3,480,DTASET A-Z/D/480.jpg
D,3,481,DTASET A-Z/D/481.jpg
D,3,482,DTASET A-Z/D/482.jpg
D,3,483,DTASET A-Z/D/483.jpg
D,3,484,DTASET A-Z/D/484.jpg
D,3,485,DTASET A-Z/D/485.jpg
D,3,486,DTASET A-Z/D/486.jpg
D,3,487,DTASET A-Z/D/487.jpg
D,3,488,DTASET A-Z/D/488.jpg
D,3,489,DTASET A-Z/D/489.jpg
D,3,490,DTASET A-Z/D/490.jpg
D,3,491,DTASET A-Z/D/491.jpg
D,3,492,DTASET A-Z/D/492.jpg
D,3,493,DTASET A-Z/D/493.jpg
D,3,494,DTASET A-Z/D/494.jpg
D,3,495,DTASET A-Z/D/495.jpg
D,3,496,DTASET A-Z/D/496.jpg
D,3,497,DTASET A-Z/D/497.jpg
D,3,498,DTASET A-Z/D/498.jpg
D,3,499,DTASET A-Z/D/499.jpg
D,3,500,DTASET A-Z/D/500.jpg
D,3,501,DTASET A-Z/D/501.jpg
D,3,502,DTASET A-Z/D/502.jpg
D,3,503,DTASET A-Z/D/503.jpg
D,3,504,DTASET A-Z/D/504.jpg
D,3,505,DTASET A-Z/D/505.jpg
D,3,506,DTASET A-Z/D/506.jpg
D,3,507,DTASET A-Z/D/507.jpg
D,3,508,DTASET A-Z/D/508.jpg
D,3,509,DTASET A-Z/D/509.jpg
D,3,510,DTASET A-Z/D/510.jpg
D,3,511,DTASET A-Z/D/511.jpg
D,3,512,DTASET A-Z/D/512.jpg
D,3,513,DTASET A-Z/D/513.jpg
D,3,514,DTASET A-Z/D/514.jpg
D,3,515,DTASET A-Z/D/515.jpg
D,3,516,DTASET A-Z/D/516.jpg
D,3,517,DTASET A-Z/D/517.jpg
D,3,518,DTASET A-Z/D/518.jpg
D,3,519,DTASET A-Z/D/519.jpg
D,3,520,DTASET A-Z/D/520.jpg
D,3,521,DTASET A-Z/D/521.jpg
D,3,522,DTASET A-Z/D/522.jpg
D,3,523,DTASET A-Z/D/523.jpg
D,3,524,DTASET A-Z/D/524.jpg
D,3,525,DTASET A-Z/D/525.jpg
D,3,526,DTASET A-Z/D/526.jpg
D,3,527,DTASET A-Z/D/527.jpg
D,3,528,DTASET A-Z/D/528.jpg
D,3,529,DTASET A-Z/D/529.jpg
D,3,530,DTASET A-Z/D/530.jpg
D,3,531,DTASET A-Z/D/531.jpg
D,3,532,DTASET A-Z/D/532.jpg
D,3,533,DTASET A-Z/D/533.jpg
D,3,534,DTASET A-Z/D/534.jpg
D,3,535,DTASET A-Z/D/535.jpg
D,3,536,DTASET A-Z/D/536.jpg
D,3,537,DTASET A-Z/D/537.jpg
D,3,538,DTASET A-Z/D/538.jpg
D,3,539,DTASET A-Z/D/539.jpg
D,3,540,DTASET A-Z/D/540.jpg
D,3,541,DTASET A-Z/D/541.jpg
D,3,542,DTASET A-Z/D/542.jpg
D,3,543,DTASET A-Z/D/543.jpg
D,3,544,DTASET A-Z/D/544.jpg
D,3,545,DTASET A-Z/D/545.jpg
D,3,546,DTASET A-Z/D/546.jpg
D,3,547,DTASET A-Z/D/547.jpg
D,3,548,DTASET A-Z/D/548.jpg
D,3,549,DTASET A-Z/D/549.jpg
D,3,550,DTASET A-Z/D/550.jpg
D,3,551,DTASET A-Z/D/551.jpg
D,3,552,DTASET A-Z/D/552.jpg
D,3,553,DTASET A-Z/D/553.jpg
D,3,554,DTASET A-Z/D/554.jpg
D,3,555,DTASET A-Z/D/555.jpg
D,3,556,DTASET A-Z/D/556.jpg
D,3,557,DTASET A-Z/D/557.jpg
D,3,558,DTASET A-Z/D/558.jpg
D,3,559,DTASET A-Z/D/559.jpg
D,3,560,DTASET A-Z/D/560.jpg
D,3,561,DTASET A-Z/D/561.jpg
D,3,562,DTASET A-Z/D/562.jpg
D,3,563,DTASET A-Z/D/563.jpg
D,3,564,DTASET A-Z/D/564.jpg
D,3,565,DTASET A-Z/D/565.jpg
D,3,566,DTASET A-Z/D/566.jpg
D,3,567,DTASET A-Z/D/567.jpg
D,3,568,DTASET A-Z/D/568.jpg
D,3,569,DTASET A-Z/D/569.jpg
D,3,570,DTASET A-Z/D/570.jpg
D,3,571,DTASET A-Z/D/571.jpg
D,3,572,DTASET A-Z/D/572.jpg
D,3,573,DTASET A-Z/D/573.jpg
D,3,574,DTASET A-Z/D/574.jpg
D,3,575,DTASET A-Z/D/575.jpg
D,3,576,DTASET A-Z/D/576.jpg
D,3,577,DTASET A-Z/D/577.jpg
D,3,578,DTASET A-Z/D/578.jpg
D,3,579,DTASET A-Z/D/579.jpg
D,3,580,DTASET A-Z/D/580.jpg
D,3,581,DTASET A-Z/D/581.jpg
D,3,582,DTASET A-Z/D/582.jpg
D,3,583,DTASET A-Z/D/583.jpg
D,3,584,DTASET A-Z/D/584.jpg
D,3,585,DTASET A-Z/D/585.jpg
D,3,586,DTASET A-Z/D/586.jpg
D,3,587,DTASET A-Z/D/587.jpg
D,3,588,DTASET A-Z/D/588.jpg
D,3,589,DTASET A-Z/D/589.jpg
D,3,590,DTASET A-Z/D/590.jpg
D,3,591,DTASET A-Z/D/591.jpg
D,3,592,DTASET A-Z/D/592.jpg
D,3,593,DTASET A-Z/D/593.jpg
D,3,594,DTASET A-Z/D/594.jpg
D,3,595,DTASET A-Z/D/595.jpg
D,3,596,DTASET A-Z/D/596.jpg
D,3,597,DTASET A-Z/D/597.jpg
D,3,598,DTASET A-Z/D/598.jpg
D,3,599,DTASET A-Z/D/599.jpg
D,3,600,DTASET A-Z/D/600.jpg
D,3,601,DTASET A-Z/D/601.jpg
D,3,602,DTASET A-Z/D/602.jpg
D,3,603,DTASET A-Z/D/603.jpg
D,3,604,DTASET A-Z/D/604.jpg
D,3,605,DTASET A-Z/D/605.jpg
D,3,606,DTASET A-Z/D/606.jpg
D,3,607,DTASET A-Z/D/607.jpg
D,3,608,DTASET A-Z/D/608.jpg
D,3,609,DTASET A-Z/D/609.jpg
D,3,610,DTASET A-Z/D/610.jpg
D,3,611,DTASET A-Z/D/611.jpg
D,3,612,DTASET A-Z/D/612.jpg
D,3,613,DTASET A-Z/D/613.jpg
D,3,614,DTASET A-Z/D/614.jpg
D,3,615,DTASET A-Z/D/615.jpg
D,3,616,DTASET A-Z/D/616.jpg
D,3,617,DTASET A-Z/D/617.jpg
D,3,618,DTASET A-Z/D/618.jpg
D,3,619,DTASET A-Z/D/619.jpg
D,3,620,DTASET A-Z/D/620.jpg
D,3,621,DTASET A-Z/D/621.jpg
D,3,622,DTASET A-Z/D/622.jpg
D,3,623,DTASET A-Z/D/623.jpg
D,3,624,DTASET A-Z/D/624.jpg
D,3,625,DTASET A-Z/D/625.jpg
D,3,626,DTASET A-Z/D/626.jpg
D,3,627,DTASET A-Z/D/627.jpg
D,3,628,DTASET A-Z/D/628.jpg
D,3,629,DTASET A-Z/D/629.jpg
D,3,630,DTASET A-Z/D/630.jpg
D,3,631,DTASET A-Z/D/631.jpg
D,3,632,DTASET A-Z/D/632.jpg
D,3,633,DTASET A-Z/D/633.jpg
D,3,634,DTASET A-Z/D/634.jpg
D,3,635,DTASET A-Z/D/635.jpg
D,3,636,DTASET A-Z/D/636.jpg
D,3,637,DTASET A-Z/D/637.jpg
D,3,638,DTASET A-Z/D/638.jpg
D,3,639,DTASET A-Z/D/639.jpg
D,3,640,DTASET A-Z/D/640.jpg
D,3,641,DTASET A-Z/D/641.jpg
D,3,642,DTASET A-Z/D/642.jpg
D,3,643,DTASET A-Z/D/643.jpg
D,3,644,DTASET A-Z/D/644.jpg
D,3,645,DTASET A-Z/D/645.jpg
D,3,646,DTASET A-Z/D/646.jpg
D,3,647,DTASET A-Z/D/647.jpg
D,3,648,DTASET A-Z/D/648.jpg
D,3,649,DTASET A-Z/D/649.jpg
D,3,650,DTASET A-Z/D/650.jpg
D,3,651,DTASET A-Z/D/651.jpg
D,3,652,DTASET A-Z/D/652.jpg
D,3,653,DTASET A-Z/D/653.jpg
D,3,654,DTASET A-Z/D/654.jpg
D,3,655,DTASET A-Z/D/655.jpg
D,3,656,DTASET A-Z/D/656.jpg
D,3,657,DTASET A-Z/D/657.jpg
D,3,658,DTASET A-Z/D/658.jpg
D,3,659,DTASET A-Z/D/659.jpg
D,3,660,DTASET A-Z/D/660.jpg
D,3,661,DTASET A-Z/D/661.jpg
D,3,662,DTASET A-Z/D/662.jpg
D,3,663,DTASET A-Z/D/663.jpg
D,3,664,DTASET A-Z/D/664.jpg
D,3,665,DTASET A-Z/D/665.jpg
D,3,666,DTASET A-Z/D/666.jpg
D,3,667,DTASET A-Z/D/667.jpg
D,3,668,DTASET A-Z/D/668.jpg
D,3,669,DTASET A-Z/D/669.jpg
D,3,670,DTASET A-Z/D/670.jpg
D,3,671,DTASET A-Z/D/671.jpg
D,3,672,DTASET A-Z/D/672.jpg
D,3,673,DTASET A-Z/D/673.jpg
D,3,674,DTASET A-Z/D/674.jpg
D,3,675,DTASET A-Z/D/675.jpg
D,3,676,DTASET A-Z/D/676.jpg
D,3,677,DTASET A-Z/D/677.jpg
D,3,678,DTASET A-Z/D/678.jpg
D,3,679,DTASET A-Z/D/679.jpg
D,3,680,DTASET A-Z/D/680.jpg
D,3,681,DTASET A-Z/D/681.jpg
D,3,682,DTASET A-Z/D/682.jpg
D,3,683,DTASET A-Z/D/683.jpg
D,3,684,DTASET A-Z/D/684.jpg
D,3,685,DTASET A-Z/D/685.jpg
D,3,686,DTASET A-Z/D/686.jpg
D,3,687,DTASET A-Z/D/687.jpg
D,3,688,DTASET A-Z/D/688.jpg
D,3,689,DTASET A-Z/D/689.jpg
D,3,690,DTASET A-Z/D/690.jpg
D,3,691,DTASET A-Z/D/691.jpg
D,3,692,DTASET A-Z/D/692.jpg
D,3,693,DTASET A-Z/D/693.jpg
D,3,694,DTASET A-Z/D/694.jpg
D,3,695,DTASET A-Z/D/695.jpg
D,3,696,DTASET A-Z/D/696.jpg
D,3,697,DTASET A-Z/D/697.jpg
D,3,698,DTASET A-Z/D/698.jpg
D,3,699,DTASET A-Z/D/699.jpg
D,3,700,DTASET A-Z/D/700.jpg
D,3,701,DTASET A-Z/D/701.jpg
D,3,702,DTASET A-Z/D/702.jpg
D,3,703,DTASET A-Z/D/703.jpg
D,3,704,DTASET A-Z/D/704.jpg
D,3,705,DTASET A-Z/D/705.jpg
D,3,706,DTASET A-Z/D/706.jpg
D,3,707,DTASET A-Z/D/707.jpg
D,3,708,DTASET A-Z/D/708.jpg
D,3,709,DTASET A-Z/D/709.jpg
D,3,710,DTASET A-Z/D/710.jpg
D,3,711,DTASET A-Z/D/711.jpg
D,3,712,DTASET A-Z/D/712.jpg
D,3,713,DTASET A-Z/D/713.jpg
D,3,714,DTASET A-Z/D/714.jpg
D,3,715,DTASET A-Z/D/715.jpg
D,3,716,DTASET A-Z/D/716.jpg
D,3,717,DTASET A-Z/D/717.jpg
D,3,718,DTASET A-Z/D/718.jpg
D,3,719,DTASET A-Z/D/719.jpg
D,3,720,DTASET A-Z/D/720.jpg
D,3,721,DTASET A-Z/D/721.jpg
D,3,722,DTASET A-Z/D/722.jpg
D,3,723,DTASET A-Z/D/723.jpg
D,3,724,DTASET A-Z/D/724.jpg
D,3,725,DTASET A-Z/D/725.jpg
D,3,726,DTASET A-Z/D/726.jpg
D,3,727,DTASET A-Z/D/727.jpg
D,3,728,DTASET A-Z/D/728.jpg
D,3,729,DTASET A-Z/D/729.jpg
D,3,730,DTASET A-Z/D/730.jpg
D,3,731,DTASET A-Z/D/731.jpg
D,3,732,DTASET A-Z/D/732.jpg
D,3,733,DTASET A-Z/D/733.jpg
D,3,734,DTASET A-Z/D/734.jpg
D,3,735,DTASET A-Z/D/735.jpg
D,3,736,DTASET A-Z/D/736.jpg
D,3,737,DTASET A-Z/D/737.jpg
D,3,738,DTASET A-Z/D/738.jpg
D,3,739,DTASET A-Z/D/739.jpg
D,3,740,DTASET A-Z/D/740.jpg
D,3,741,DTASET A-Z/D/741.jpg
D,3,742,DTASET A-Z/D/742.jpg
D,3,743,DTASET A-Z/D/743.jpg
D,3,744,DTASET A-Z/D/744.jpg
D,3,745,DTASET A-Z/D/745.jpg
D,3,746,DTASET A-Z/D/746.jpg
D,3,747,DTASET A-Z/D/747.jpg
D,3,748,DTASET A-Z/D/748.jpg
D,3,749,DTASET A-Z/D/749.jpg
D,3,750,DTASET A-Z/D/750.jpg
D,3,751,DTASET A-Z/D/751.jpg
D,3,752,DTASET A-Z/D/752.jpg
D,3,753,DTASET A-Z/D/753.jpg
D,3,754,DTASET A-Z/D/754.jpg
D,3,755,DTASET A-Z/D/755.jpg
D,3,756,DTASET A-Z/D/756.jpg
D,3,757,DTASET A-Z/D/757.jpg
D,3,758,DTASET A-Z/D/758.jpg
D,3,759,DTASET A-Z/D/759.jpg
D,3,760,DTASET A-Z/D/760.jpg
D,3,761,DTASET A-Z/D/761.jpg
D,3,762,DTASET A-Z/D/762.jpg
D,3,763,DTASET A-Z/D/763.jpg
D,3,764,DTASET A-Z/D/764.jpg
D,3,765,DTASET A-Z/D/765.jpg
D,3,766,DTASET A-Z/D/766.jpg
D,3,767,DTASET A-Z/D/767.jpg
D,3,768,DTASET A-Z/D/768.jpg
D,3,769,DTASET A-Z/D/769.jpg
D,3,770,DTASET A-Z/D/770.jpg
D,3,771,DTASET A-Z/D/771.jpg
D,3,772,DTASET A-Z/D/772.jpg
D,3,773,DTASET A-Z/D/773.jpg
D,3,774,DTASET A-Z/D/774.jpg
D,3,775,DTASET A-Z/D/775.jpg
D,3,776,DTASET A-Z/D/776.jpg
D,3,777,DTASET A-Z/D/777.jpg
D,3,778,DTASET A-Z/D/778.jpg
D,3,779,DTASET A-Z/D/779.jpg
D,3,780,DTASET A-Z/D/780.jpg
D,3,781,DTASET A-Z/D/781.jpg
D,3,782,DTASET A-Z/D/782.jpg
D,3,783,DTASET A-Z/D/783.jpg
D,3,784,DTASET A-Z/D/784.jpg
D,3,785,DTASET A-Z/D/785.jpg
D,3,786,DTASET A-Z/D/786.jpg
D,3,787,DTASET A-Z/D/787.jpg
D,3,788,DTASET A-Z/D/788.jpg
D,3,789,DTASET A-Z/D/789.jpg
D,3,790,DTASET A-Z/D/790.jpg
D,3,791,DTASET A-Z/D/791.jpg
D,3,792,DTASET A-Z/D/792.jpg
D,3,793,DTASET A-Z/D/793.jpg
D,3,794,DTASET A-Z/D/794.jpg
D,3,795,DTASET A-Z/D/795.jpg
D,3,796,DTASET A-Z/D/796.jpg
D,3,797,DTASET A-Z/D/797.jpg
D,3,798,DTASET A-Z/D/798.jpg
D,3,799,DTASET A-Z/D/799.jpg
D,3,800,DTASET A-Z/D/800.jpg
D,3,801,DTASET A-Z/D/801.jpg
D,3,802,DTASET A-Z/D/802.jpg
D,3,803,DTASET A-Z/D/803.jpg
D,3,804,DTASET A-Z/D/804.jpg
D,3,805,DTASET A-Z/D/805.jpg
D,3,806,DTASET A-Z/D/806.jpg
D,3,807,DTASET A-Z/D/807.jpg
D,3,808,DTASET A-Z/D/808.jpg
D,3,809,DTASET A-Z/D/809.jpg
D,3,810,DTASET A-Z/D/810.jpg
D,3,811,DTASET A-Z/D/811.jpg
D,3,812,DTASET A-Z/D/812.jpg
D,3,813,DTASET A-Z/D/813.jpg
D,3,814,DTASET A-Z/D/814.jpg
D,3,815,DTASET A-Z/D/815.jpg
D,3,816,DTASET A-Z/D/816.jpg
D,3,817,DTASET A-Z/D/817.jpg
D,3,818,DTASET A-Z/D/818.jpg
D,3,819,DTASET A-Z/D/819.jpg
D,3,820,DTASET A-Z/D/820.jpg
D,3,821,DTASET A-Z/D/821.jpg
D,3,822,DTASET A-Z/D/822.jpg
D,3,823,DTASET A-Z/D/823.jpg
D,3,824,DTASET A-Z/D/824.jpg
D,3,825,DTASET A-Z/D/825.jpg
D,3,826,DTASET A-Z/D/826.jpg
D,3,827,DTASET A-Z/D/827.jpg
D,3,828,DTASET A-Z/D/828.jpg
D,3,829,DTASET A-Z/D/829.jpg
D,3,830,DTASET A-Z/D/830.jpg
D,3,831,DTASET A-Z/D/831.jpg
D,3,832,DTASET A-Z/D/832.jpg
D,3,833,DTASET A-Z/D/833.jpg
D,3,834,DTASET A-Z/D/834.jpg
D,3,835,DTASET A-Z/D/835.jpg
D,3,836,DTASET A-Z/D/836.jpg
D,3,837,DTASET A-Z/D/837.jpg
D,3,838,DTASET A-Z/D/838.jpg
D,3,839,DTASET A-Z/D/839.jpg
D,3,840,DTASET A-Z/D/840.jpg
D,3,841,DTASET A-Z/D/841.jpg
D,3,842,DTASET A-Z/D/842.jpg
D,3,843,DTASET A-Z/D/843.jpg
D,3,844,DTASET A-Z/D/844.jpg
D,3,845,DTASET A-Z/D/845.jpg
D,3,846,DTASET A-Z/D/846.jpg
D,3,847,DTASET A-Z/D/847.jpg
D,3,848,DTASET A-Z/D/848.jpg
D,3,849,DTASET A-Z/D/849.jpg
D,3,850,DTASET A-Z/D/850.jpg
D,3,851,DTASET A-Z/D/851.jpg
D,3,852,DTASET A-Z/D/852.jpg
D,3,853,DTASET A-Z/D/853.jpg
D,3,854,DTASET A-Z/D/854.jpg
D,3,855,DTASET A-Z/D/855.jpg
D,3,856,DTASET A-Z/D/856.jpg
D,3,857,DTASET A-Z/D/857.jpg
D,3,858,DTASET A-Z/D/858.jpg
D,3,859,DTASET A-Z/D/859.jpg
D,3,860,DTASET A-Z/D/860.jpg
D,3,861,DTASET A-Z/D/861.jpg
D,3,862,DTASET A-Z/D/862.jpg
D,3,863,DTASET A-Z/D/863.jpg
D,3,864,DTASET A-Z/D/864.jpg
D,3,865,DTASET A-Z/D/865.jpg
D,3,866,DTASET A-Z/D/866.jpg
D,3,867,DTASET A-Z/D/867.jpg
D,3,868,DTASET A-Z/D/868.jpg
D,3,869,DTASET A-Z/D/869.jpg
D,3,870,DTASET A-Z/D/870.jpg
D,3,871,DTASET A-Z/D/871.jpg
D,3,872,DTASET A-Z/D/872.jpg
D,3,873,DTASET A-Z/D/873.jpg
D,3,874,DTASET A-Z/D/874.jpg
D,3,875,DTASET A-Z/D/875.jpg
D,3,876,DTASET A-Z/D/876.jpg
D,3,877,DTASET A-Z/D/877.jpg
D,3,878,DTASET A-Z/D/878.jpg
D,3,879,DTASET A-Z/D/879.jpg
D,3,880,DTASET A-Z/D/880.jpg
D,3,881,DTASET A-Z/D/881.jpg
D,3,882,DTASET A-Z/D/882.jpg
D,3,883,DTASET A-Z/D/883.jpg
D,3,884,DTASET A-Z/D/884.jpg
D,3,885,DTASET A-Z/D/885.jpg
D,3,886,DTASET A-Z/D/886.jpg
D,3,887,DTASET A-Z/D/887.jpg
D,3,888,DTASET A-Z/D/888.jpg
D,3,889,DTASET A-Z/D/889.jpg
D,3,890,DTASET A-Z/D/890.jpg
D,3,891,DTASET A-Z/D/891.jpg
D,3,892,DTASET A-Z/D/892.jpg
D,3,893,DTASET A-Z/D/893.jpg
D,3,894,DTASET A-Z/D/894.jpg
D,3,895,DTASET A-Z/D/895.jpg
D,3,896,DTASET A-Z/D/896.jpg
D,3,897,DTASET A-Z/D/897.jpg
D,3,898,DTASET A-Z/D/898.jpg
D,3,899,DTASET A-Z/D/899.jpg
D,3,900,DTASET A-Z/D/900.jpg
D,3,901,DTASET A-Z/D/901.jpg
D,3,902,DTASET A-Z/D/902.jpg
D,3,903,DTASET A-Z/D/903.jpg
D,3,904,DTASET A-Z/D/904.jpg
D,3,905,DTASET A-Z/D/905.jpg
D,3,906,DTASET A-Z/D/906.jpg
D,3,907,DTASET A-Z/D/907.jpg
D,3,908,DTASET A-Z/D/908.jpg
D,3,909,DTASET A-Z/D/909.jpg
D,3,910,DTASET A-Z/D/910.jpg
D,3,911,DTASET A-Z/D/911.jpg
D,3,912,DTASET A-Z/D/912.jpg
D,3,913,DTASET A-Z/D/913.jpg
D,3,914,DTASET A-Z/D/914.jpg
D,3,915,DTASET A-Z/D/915.jpg
D,3,916,DTASET A-Z/D/916.jpg
D,3,917,DTASET A-Z/D/917.jpg
D,3,918,DTASET A-Z/D/918.jpg
D,3,919,DTASET A-Z/D/919.jpg
D,3,920,DTASET A-Z/D/920.jpg
D,3,921,DTASET A-Z/D/921.jpg
D,3,922,DTASET A-Z/D/922.jpg
D,3,923,DTASET A-Z/D/923.jpg
D,3,924,DTASET A-Z/D/924.jpg
D,3,925,DTASET A-Z/D/925.jpg
D,3,926,DTASET A-Z/D/926.jpg
D,3,927,DTASET A-Z/D/927.jpg
D,3,928,DTASET A-Z/D/928.jpg
D,3,929,DTASET A-Z/D/929.jpg
D,3,930,DTASET A-Z/D/930.jpg
D,3,931,DTASET A-Z/D/931.jpg
D,3,932,DTASET A-Z/D/932.jpg
D,3,933,DTASET A-Z/D/933.jpg
D,3,934,DTASET A-Z/D/934.jpg
D,3,935,DTASET A-Z/D/935.jpg
D,3,936,DTASET A-Z/D/936.jpg
D,3,937,DTASET A-Z/D/937.jpg
D,3,938,DTASET A-Z/D/938.jpg
D,3,939,DTASET A-Z/D/939.jpg
D,3,940,DTASET A-Z/D/940.jpg
D,3,941,DTASET A-Z/D/941.jpg
D,3,942,DTASET A-Z/D/942.jpg
D,3,943,DTASET A-Z/D/943.jpg
D,3,944,DTASET A-Z/D/944.jpg
D,3,945,DTASET A-Z/D/945.jpg
D,3,946,DTASET A-Z/D/946.jpg
D,3,947,DTASET A-Z/D/947.jpg
D,3,948,DTASET A-Z/D/948.jpg
D,3,949,DTASET A-Z/D/949.jpg
D,3,950,DTASET A-Z/D/950.jpg
D,3,951,DTASET A-Z/D/951.jpg
D,3,952,DTASET A-Z/D/952.jpg
D,3,953,DTASET A-Z/D/953.jpg
D,3,954,DTASET A-Z/D/954.jpg
D,3,955,DTASET A-Z/D/955.jpg
D,3,956,DTASET A-Z/D/956.jpg
D,3,957,DTASET A-Z/D/957.jpg
D,3,958,DTASET A-Z/D/958.jpg
D,3,959,DTASET A-Z/D/959.jpg
D,3,960,DTASET A-Z/D/960.jpg
D,3,961,DTASET A-Z/D/961.jpg
D,3,962,DTASET A-Z/D/962.jpg
D,3,963,DTASET A-Z/D/963.jpg
D,3,964,DTASET A-Z/D/964.jpg
D,3,965,DTASET A-Z/D/965.jpg
D,3,966,DTASET A-Z/D/966.jpg
D,3,967,DTASET A-Z/D/967.jpg
D,3,968,DTASET A-Z/D/968.jpg
D,3,969,DTASET A-Z/D/969.jpg
D,3,970,DTASET A-Z/D/970.jpg
D,3,971,DTASET A-Z/D/971.jpg
D,3,972,DTASET A-Z/D/972.jpg
D,3,973,DTASET A-Z/D/973.jpg
D,3,974,DTASET A-Z/D/974.jpg
D,3,975,DTASET A-Z/D/975.jpg
D,3,976,DTASET A-Z/D/976.jpg
D,3,977,DTASET A-Z/D/977.jpg
D,3,978,DTASET A-Z/D/978.jpg
D,3,979,DTASET A-Z/D/979.jpg
D,3,980,DTASET A-Z/D/980.jpg
D,3,981,DTASET A-Z/D/981.jpg
D,3,982,DTASET A-Z/D/982.jpg
D,3,983,DTASET A-Z/D/983.jpg
D,3,984,DTASET A-Z/D/984.jpg
D,3,985,DTASET A-Z/D/985.jpg
D,3,986,DTASET A-Z/D/986.jpg
D,3,987,DTASET A-Z/D/987.jpg
D,3,988,DTASET A-Z/D/988.jpg
D,3,989,DTASET A-Z/D/989.jpg
D,3,990,DTASET A-Z/D/990.jpg
D,3,991,DTASET A-Z/D/991.jpg
D,3,992,DTASET A-Z/D/992.jpg
D,3,993,DTASET A-Z/D/993.jpg
D,3,994,DTASET A-Z/D/994.jpg
D,3,995,DTASET A-Z/D/995.jpg
D,3,996,DTASET A-Z/D/996.jpg
D,3,997,DTASET A-Z/D/997.jpg
D,3,998,DTASET A-Z/D/998.jpg
D,3,999,DTASET A-Z/D/999.jpg
D,3,1000,DTASET A-Z/D/1000.jpg
D,3,1001,DTASET A-Z/D/1001.jpg
D,3,1002,DTASET A-Z/D/1002.jpg
D,3,1003,DTASET A-Z/D/1003.jpg
D,3,1004,DTASET A-Z/D/1004.jpg
D,3,1005,DTASET A-Z/D/1005.jpg
D,3,1006,DTASET A-Z/D/1006.jpg
D,3,1007,DTASET A-Z/D/1007.jpg
D,3,1008,DTASET A-Z/D/1008.jpg
D,3,1009,DTASET A-Z/D/1009.jpg
D,3,1010,DTASET A-Z/D/1010.jpg
D,3,1011,DTASET A-Z/D/1011.jpg
D,3,1012,DTASET A-Z/D/1012.jpg
D,3,1013,DTASET A-Z/D/1013.jpg
D,3,1014,DTASET A-Z/D/1014.jpg
D,3,1015,DTASET A-Z/D/1015.jpg
D,3,1016,DTASET A-Z/D/1016.jpg
D,3,1017,DTASET A-Z/D/1017.jpg
D,3,1018,DTASET A-Z/D/1018.jpg
D,3,1019,DTASET A-Z/D/1019.jpg
D,3,1020,DTASET A-Z/D/1020.jpg
D,3,1021,DTASET A-Z/D/1021.jpg
D,3,1022,DTASET A-Z/D/1022.jpg
D,3,1023,DTASET A-Z/D/1023.jpg
D,3,1024,DTASET A-Z/D/1024.jpg
D,3,1025,DTASET A-Z/D/1025.jpg
D,3,1026,DTASET A-Z/D/1026.jpg
D,3,1027,DTASET A-Z/D/1027.jpg
D,3,1028,DTASET A-Z/D/1028.jpg
D,3,1029,DTASET A-Z/D/1029.jpg
D,3,1030,DTASET A-Z/D/1030.jpg
D,3,1031,DTASET A-Z/D/1031.jpg
D,3,1032,DTASET A-Z/D/1032.jpg
D,3,1033,DTASET A-Z/D/1033.jpg
D,3,1034,DTASET A-Z/D/1034.jpg
D,3,1035,DTASET A-Z/D/1035.jpg
D,3,1036,DTASET A-Z/D/1036.jpg
D,3,1037,DTASET A-Z/D/1037.jpg
D,3,1038,DTASET A-Z/D/1038.jpg
D,3,1039,DTASET A-Z/D/1039.jpg
D,3,1040,DTASET A-Z/D/1040.jpg
D,3,1041,DTASET A-Z/D/1041.jpg
D,3,1042,DTASET A-Z/D/1042.jpg
D,3,1043,DTASET A-Z/D/1043.jpg
D,3,1044,DTASET A-Z/D/1044.jpg
D,3,1045,DTASET A-Z/D/1045.jpg
D,3,1046,DTASET A-Z/D/1046.jpg
D,3,1047,DTASET A-Z/D/1047.jpg
D,3,1048,DTASET A-Z/D/1048.jpg
D,3,1049,DTASET A-Z/D/1049.jpg
D,3,1050,DTASET A-Z/D/1050.jpg
D,3,1051,DTASET A-Z/D/1051.jpg
D,3,1052,DTASET A-Z/D/1052.jpg
D,3,1053,DTASET A-Z/D/1053.jpg
D,3,1054,DTASET A-Z/D/1054.jpg
D,3,1055,DTASET A-Z/D/1055.jpg
D,3,1056,DTASET A-Z/D/1056.jpg
D,3,1057,DTASET A-Z/D/1057.jpg
D,3,1058,DTASET A-Z/D/1058.jpg
D,3,1059,DTASET A-Z/D/1059.jpg
D,3,1060,DTASET A-Z/D/1060.jpg
D,3,1061,DTASET A-Z/D/1061.jpg
D,3,1062,DTASET A-Z/D/1062.jpg
D,3,1063,DTASET A-Z/D/1063.jpg
D,3,1064,DTASET A-Z/D/1064.jpg
D,3,1065,DTASET A-Z/D/1065.jpg
D,3,1066,DTASET A-Z/D/1066.jpg
D,3,1067,DTASET A-Z/D/1067.jpg
D,3,1068,DTASET A-Z/D/1068.jpg
D,3,1069,DTASET A-Z/D/1069.jpg
D,3,1070,DTASET A-Z/D/1070.jpg
D,3,1071,DTASET A-Z/D/1071.jpg
D,3,1072,DTASET A-Z/D/1072.jpg
D,3,1073,DTASET A-Z/D/1073.jpg
D,3,1074,DTASET A-Z/D/1074.jpg
D,3,1075,DTASET A-Z/D/1075.jpg
D,3,1076,DTASET A-Z/D/1076.jpg
D,3,1077,DTASET A-Z/D/1077.jpg
D,3,1078,DTASET A-Z/D/1078.jpg
D,3,1079,DTASET A-Z/D/1079.jpg
D,3,1080,DTASET A-Z/D/1080.jpg
D,3,1081,DTASET A-Z/D/1081.jpg
D,3,1082,DTASET A-Z/D/1082.jpg
D,3,1083,DTASET A-Z/D/1083.jpg
D,3,1084,DTASET A-Z/D/1084.jpg
D,3,1085,DTASET A-Z/D/1085.jpg
D,3,1086,DTASET A-Z/D/1086.jpg
D,3,1087,DTASET A-Z/D/1087.jpg
D,3,1088,DTASET A-Z/D/1088.jpg
D,3,1089,DTASET A-Z/D/1089.jpg
D,3,1090,DTASET A-Z/D/1090.jpg
D,3,1091,DTASET A-Z/D/1091.jpg
D,3,1092,DTASET A-Z/D/1092.jpg
D,3,1093,DTASET A-Z/D/1093.jpg
D,3,1094,DTASET A-Z/D/1094.jpg
D,3,1095,DTASET A-Z/D/1095.jpg
D,3,1096,DTASET A-Z/D/1096.jpg
D,3,1097,DTASET A-Z/D/1097.jpg
D,3,1098,DTASET A-Z/D/1098.jpg
D,3,1099,DTASET A-Z/D/1099.jpg
D,3,1100,DTASET A-Z/D/1100.jpg
D,3,1101,DTASET A-Z/D/1101.jpg
D,3,1102,DTASET A-Z/D/1102.jpg
D,3,1103,DTASET A-Z/D/1103.jpg
D,3,1104,DTASET A-Z/D/1104.jpg
D,3,1105,DTASET A-Z/D/1105.jpg
D,3,1106,DTASET A-Z/D/1106.jpg
D,3,1107,DTASET A-Z/D/1107.jpg
D,3,1108,DTASET A-Z/D/1108.jpg
D,3,1109,DTASET A-Z/D/1109.jpg
D,3,1110,DTASET A-Z/D/1110.jpg
D,3,1111,DTASET A-Z/D/1111.jpg
D,3,1112,DTASET A-Z/D/1112.jpg
D,3,1113,DTASET A-Z/D/1113.jpg
D,3,1114,DTASET A-Z/D/1114.jpg
D,3,1115,DTASET A-Z/D/1115.jpg
D,3,1116,DTASET A-Z/D/1116.jpg
D,3,1117,DTASET A-Z/D/1117.jpg
D,3,1118,DTASET A-Z/D/1118.jpg
D,3,1119,DTASET A-Z/D/1119.jpg
D,3,1120,DTASET A-Z/D/1120.jpg
D,3,1121,DTASET A-Z/D/1121.jpg
D,3,1122,DTASET A-Z/D/1122.jpg
D,3,1123,DTASET A-Z/D/1123.jpg
D,3,1124,DTASET A-Z/D/1124.jpg
D,3,1125,DTASET A-Z/D/1125.jpg
D,3,1126,DTASET A-Z/D/1126.jpg
D,3,1127,DTASET A-Z/D/1127.jpg
D,3,1128,DTASET A-Z/D/1128.jpg
D,3,1129,DTASET A-Z/D/1129.jpg
D,3,1130,DTASET A-Z/D/1130.jpg
D,3,1131,DTASET A-Z/D/1131.jpg
D,3,1132,DTASET A-Z/D/1132.jpg
D,3,1133,DTASET A-Z/D/1133.jpg
D,3,1134,DTASET A-Z/D/1134.jpg
D,3,1135,DTASET A-Z/D/1135.jpg
D,3,1136,DTASET A-Z/D/1136.jpg
D,3,1137,DTASET A-Z/D/1137.jpg
D,3,1138,DTASET A-Z/D/1138.jpg
D,3,1139,DTASET A-Z/D/1139.jpg
D,3,1140,DTASET A-Z/D/1140.jpg
D,3,1141,DTASET A-Z/D/1141.jpg
D,3,1142,DTASET A-Z/D/1142.jpg
D,3,1143,DTASET A-Z/D/1143.jpg
D,3,1144,DTASET A-Z/D/1144.jpg
D,3,1145,DTASET A-Z/D/1145.jpg
D,3,1146,DTASET A-Z/D/1146.jpg
D,3,1147,DTASET A-Z/D/1147.jpg
D,3,1148,DTASET A-Z/D/1148.jpg
D,3,1149,DTASET A-Z/D/1149.jpg
D,3,1150,DTASET A-Z/D/1150.jpg
D,3,1151,DTASET A-Z/D/1151.jpg
D,3,1152,DTASET A-Z/D/1152.jpg
D,3,1153,DTASET A-Z/D/1153.jpg
D,3,1154,DTASET A-Z/D/1154.jpg
D,3,1155,DTASET A-Z/D/1155.jpg
D,3,1156,DTASET A-Z/D/1156.jpg
D,3,1157,DTASET A-Z/D/1157.jpg
D,3,1158,DTASET A-Z/D/1158.jpg
D,3,1159,DTASET A-Z/D/1159.jpg
D,3,1160,DTASET A-Z/D/1160.jpg
D,3,1161,DTASET A-Z/D/1161.jpg
D,3,1162,DTASET A-Z/D/1162.jpg
D,3,1163,DTASET A-Z/D/1163.jpg
D,3,1164,DTASET A-Z/D/1164.jpg
D,3,1165,DTASET A-Z/D/1165.jpg
D,3,1166,DTASET A-Z/D/1166.jpg
D,3,1167,DTASET A-Z/D/1167.jpg
D,3,1168,DTASET A-Z/D/1168.jpg
D,3,1169,DTASET A-Z/D/1169.jpg
D,3,1170,DTASET A-Z/D/1170.jpg
D,3,1171,DTASET A-Z/D/1171.jpg
D,3,1172,DTASET A-Z/D/1172.jpg
D,3,1173,DTASET A-Z/D/1173.jpg
D,3,1174,DTASET A-Z/D/1174.jpg
D,3,1175,DTASET A-Z/D/1175.jpg
D,3,1176,DTASET A-Z/D/1176.jpg
D,3,1177,DTASET A-Z/D/1177.jpg
D,3,1178,DTASET A-Z/D/1178.jpg
D,3,1179,DTASET A-Z/D/1179.jpg
D,3,1180,DTASET A-Z/D/1180.jpg
D,3,1181,DTASET A-Z/D/1181.jpg
D,3,1182,DTASET A-Z/D/1182.jpg
D,3,1183,DTASET A-Z/D/1183.jpg
D,3,1184,DTASET A-Z/D/1184.jpg
D,3,1185,DTASET A-Z/D/1185.jpg
D,3,1186,DTASET A-Z/D/1186.jpg
D,3,1187,DTASET A-Z/D/1187.jpg
D,3,1188,DTASET A-Z/D/1188.jpg
D,3,1189,DTASET A-Z/D/1189.jpg
D,3,1190,DTASET A-Z/D/1190.jpg
D,3,1191,DTASET A-Z/D/1191.jpg
D,3,1192,DTASET A-Z/D/1192.jpg
D,3,1193,DTASET A-Z/D/1193.jpg
D,3,1194,DTASET A-Z/D/1194.jpg
D,3,1195,DTASET A-Z/D/1195.jpg
D,3,1196,DTASET A-Z/D/1196.jpg
D,3,1197,DTASET A-Z/D/1197.jpg
D,3,1198,DTASET A-Z/D/1198.jpg
D,3,1199,DTASET A-Z/D/1199.jpg
E,4,0,DTASET A-Z/E/0.jpg
E,4,1,DTASET A-Z/E/1.jpg
E,4,2,DTASET A-Z/E/2.jpg
E,4,3,DTASET A-Z/E/3.jpg
E,4,4,DTASET A-Z/E/4.jpg
E,4,5,DTASET A-Z/E/5.jpg
E,4,6,DTASET A-Z/E/6.jpg
E,4,7,DTASET A-Z/E/7.jpg
E,4,8,DTASET A-Z/E/8.jpg
E,4,9,DTASET A-Z/E/9.jpg
E,4,10,DTASET A-Z/E/10.jpg
E,4,11,DTASET A-Z/E/11.jpg
E,4,12,DTASET A-Z/E/12.jpg
E,4,13,DTASET A-Z/E/13.jpg
E,4,14,DTASET A-Z/E/14.jpg
E,4,15,DTASET A-Z/E/15.jpg
E,4,16,DTASET A-Z/E/16.jpg
E,4,17,DTASET A-Z/E/17.jpg
E,4,18,DTASET A-Z/E/18.jpg
E,4,19,DTASET A-Z/E/19.jpg
E,4,20,DTASET A-Z/E/20.jpg
E,4,21,DTASET A-Z/E/21.jpg
E,4,22,DTASET A-Z/E/22.jpg
E,4,23,DTASET A-Z/E/23.jpg
E,4,24,DTASET A-Z/E/24.jpg
E,4,25,DTASET A-Z/E/25.jpg
E,4,26,DTASET A-Z/E/26.jpg
E,4,27,DTASET A-Z/E/27.jpg
E,4,28,DTASET A-Z/E/28.jpg
E,4,29,DTASET A-Z/E/29.jpg
E,4,30,DTASET A-Z/E/30.jpg
E,4,31,DTASET A-Z/E/31.jpg
E,4,32,DTASET A-Z/E/32.jpg
E,4,33,DTASET A-Z/E/33.jpg
E,4,34,DTASET A-Z/E/34.jpg
E,4,35,DTASET A-Z/E/35.jpg
E,4,36,DTASET A-Z/E/36.jpg
E,4,37,DTASET A-Z/E/37.jpg
E,4,38,DTASET A-Z/E/38.jpg
E,4,39,DTASET A-Z/E/39.jpg
E,4,40,DTASET A-Z/E/40.jpg
E,4,41,DTASET A-Z/E/41.jpg
E,4,42,DTASET A-Z/E/42.jpg
E,4,43,DTASET A-Z/E/43.jpg
E,4,44,DTASET A-Z/E/44.jpg
E,4,45,DTASET A-Z/E/45.jpg
E,4,46,DTASET A-Z/E/46.jpg
E,4,47,DTASET A-Z/E/47.jpg
E,4,48,DTASET A-Z/E/48.jpg
E,4,49,DTASET A-Z/E/49.jpg
E,4,50,DTASET A-Z/E/50.jpg
E,4,51,DTASET A-Z/E/51.jpg
E,4,52,DTASET A-Z/E/52.jpg
E,4,53,DTASET A-Z/E/53.jpg
E,4,54,DTASET A-Z/E/54.jpg
E,4,55,DTASET A-Z/E/55.jpg
E,4,56,DTASET A-Z/E/56.jpg
E,4,57,DTASET A-Z/E/57.jpg
E,4,58,DTASET A-Z/E/58.jpg
E,4,59,DTASET A-Z/E/59.jpg
E,4,60,DTASET A-Z/E/60.jpg
E,4,61,DTASET A-Z/E/61.jpg
E,4,62,DTASET A-Z/E/62.jpg
E,4,63,DTASET A-Z/E/63.jpg
E,4,64,DTASET A-Z/E/64.jpg
E,4,65,DTASET A-Z/E/65.jpg
E,4,66,DTASET A-Z/E/66.jpg
E,4,67,DTASET A-Z/E/67.jpg
E,4,68,DTASET A-Z/E/68.jpg
E,4,69,DTASET A-Z/E/69.jpg
E,4,70,DTASET A-Z/E/70.jpg
E,4,71,DTASET A-Z/E/71.jpg
E,4,72,DTASET A-Z/E/72.jpg
E,4,73,DTASET A-Z/E/73.jpg
E,4,74,DTASET A-Z/E/74.jpg
E,4,75,DTASET A-Z/E/75.jpg
E,4,76,DTASET A-Z/E/76.jpg
E,4,77,DTASET A-Z/E/77.jpg
E,4,78,DTASET A-Z/E/78.jpg
E,4,79,DTASET A-Z/E/79.jpg
E,4,80,DTASET A-Z/E/80.jpg
E,4,81,DTASET A-Z/E/81.jpg
E,4,82,DTASET A-Z/E/82.jpg
E,4,83,DTASET A-Z/E/83.jpg
E,4,84,DTASET A-Z/E/84.jpg
E,4,85,DTASET A-Z/E/85.jpg
E,4,86,DTASET A-Z/E/86.jpg
E,4,87,DTASET A-Z/E/87.jpg
E,4,88,DTASET A-Z/E/88.jpg
E,4,89,DTASET A-Z/E/89.jpg
E,4,90,DTASET A-Z/E/90.jpg
E,4,91,DTASET A-Z/E/91.jpg
E,4,92,DTASET A-Z/E/92.jpg
E,4,93,DTASET A-Z/E/93.jpg
E,4,94,DTASET A-Z/E/94.jpg
E,4,95,DTASET A-Z/E/95.jpg
E,4,96,DTASET A-Z/E/96.jpg
E,4,97,DTASET A-Z/E/97.jpg
E,4,98,DTASET A-Z/E/98.jpg
E,4,99,DTASET A-Z/E/99.jpg
E,4,100,DTASET A-Z/E/100.jpg
E,4,101,DTASET A-Z/E/101.jpg
E,4,102,DTASET A-Z/E/102.jpg
E,4,103,DTASET A-Z/E/103.jpg
E,4,104,DTASET A-Z/E/104.jpg
E,4,105,DTASET A-Z/E/105.jpg
E,4,106,DTASET A-Z/E/106.jpg
E,4,107,DTASET A-Z/E/107.jpg
E,4,108,DTASET A-Z/E/108.jpg
E,4,109,DTASET A-Z/E/109.jpg
E,4,110,DTASET A-Z/E/110.jpg
E,4,111,DTASET A-Z/E/111.jpg
E,4,112,DTASET A-Z/E/112.jpg
E,4,113,DTASET A-Z/E/113.jpg
E,4,114,DTASET A-Z/E/114.jpg
E,4,115,DTASET A-Z/E/115.jpg
E,4,116,DTASET A-Z/E/116.jpg
E,4,117,DTASET A-Z/E/117.jpg
E,4,118,DTASET A-Z/E/118.jpg
E,4,119,DTASET A-Z/E/119.jpg
E,4,120,DTASET A-Z/E/120.jpg
E,4,121,DTASET A-Z/E/121.jpg
E,4,122,DTASET A-Z/E/122.jpg
E,4,123,DTASET A-Z/E/123.jpg
E,4,124,DTASET A-Z/E/124.jpg
E,4,125,DTASET A-Z/E/125.jpg
E,4,126,DTASET A-Z/E/126.jpg
E,4,127,DTASET A-Z/E/127.jpg
E,4,128,DTASET A-Z/E/128.jpg
E,4,129,DTASET A-Z/E/129.jpg
E,4,130,DTASET A-Z/E/130.jpg
E,4,131,DTASET A-Z/E/131.jpg
E,4,132,DTASET A-Z/E/132.jpg
E,4,133,DTASET A-Z/E/133.jpg
E,4,134,DTASET A-Z/E/134.jpg
E,4,135,DTASET A-Z/E/135.jpg
E,4,136,DTASET A-Z/E/136.jpg
E,4,137,DTASET A-Z/E/137.jpg
E,4,138,DTASET A-Z/E/138.jpg
E,4,139,DTASET A-Z/E/139.jpg
E,4,140,DTASET A-Z/E/140.jpg
E,4,141,DTASET A-Z/E/141.jpg
E,4,142,DTASET A-Z/E/142.jpg
E,4,143,DTASET A-Z/E/143.jpg
E,4,144,DTASET A-Z/E/144.jpg
E,4,145,DTASET A-Z/E/145.jpg
E,4,146,DTASET A-Z/E/146.jpg
E,4,147,DTASET A-Z/E/147.jpg
E,4,148,DTASET A-Z/E/148.jpg
E,4,149,DTASET A-Z/E/149.jpg
E,4,150,DTASET A-Z/E/150.jpg
E,4,151,DTASET A-Z/E/151.jpg
E,4,152,DTASET A-Z/E/152.jpg
E,4,153,DTASET A-Z/E/153.jpg
E,4,154,DTASET A-Z/E/154.jpg
E,4,155,DTASET A-Z/E/155.jpg
E,4,156,DTASET A-Z/E/156.jpg
E,4,157,DTASET A-Z/E/157.jpg
E,4,158,DTASET A-Z/E/158.jpg
E,4,159,DTASET A-Z/E/159.jpg
E,4,160,DTASET A-Z/E/160.jpg
E,4,161,DTASET A-Z/E/161.jpg
E,4,162,DTASET A-Z/E/162.jpg
E,4,163,DTASET A-Z/E/163.jpg
E,4,164,DTASET A-Z/E/164.jpg
E,4,165,DTASET A-Z/E/165.jpg
E,4,166,DTASET A-Z/E/166.jpg
E,4,167,DTASET A-Z/E/167.jpg
E,4,168,DTASET A-Z/E/168.jpg
E,4,169,DTASET A-Z/E/169.jpg
E,4,170,DTASET A-Z/E/170.jpg
E,4,171,DTASET A-Z/E/171.jpg
E,4,172,DTASET A-Z/E/172.jpg
E,4,173,DTASET A-Z/E/173.jpg
E,4,174,DTASET A-Z/E/174.jpg
E,4,175,DTASET A-Z/E/175.jpg
E,4,176,DTASET A-Z/E/176.jpg
E,4,177,DTASET A-Z/E/177.jpg
E,4,178,DTASET A-Z/E/178.jpg
E,4,179,DTASET A-Z/E/179.jpg
E,4,180,DTASET A-Z/E/180.jpg
E,4,181,DTASET A-Z/E/181.jpg
E,4,182,DTASET A-Z/E/182.jpg
E,4,183,DTASET A-Z/E/183.jpg
E,4,184,DTASET A-Z/E/184.jpg
E,4,185,DTASET A-Z/E/185.jpg
E,4,186,DTASET A-Z/E/186.jpg
E,4,187,DTASET A-Z/E/187.jpg
E,4,188,DTASET A-Z/E/188.jpg
E,4,189,DTASET A-Z/E/189.jpg
E,4,190,DTASET A-Z/E/190.jpg
E,4,191,DTASET A-Z/E/191.jpg
E,4,192,DTASET A-Z/E/192.jpg
E,4,193,DTASET A-Z/E/193.jpg
E,4,194,DTASET A-Z/E/194.jpg
E,4,195,DTASET A-Z/E/195.jpg
E,4,196,DTASET A-Z/E/196.jpg
E,4,197,DTASET A-Z/E/197.jpg
E,4,198,DTASET A-Z/E/198.jpg
E,4,199,DTASET A-Z/E/199.jpg
E,4,200,DTASET A-Z/E/200.jpg
E,4,201,DTASET A-Z/E/201.jpg
E,4,202,DTASET A-Z/E/202.jpg
E,4,203,DTASET A-Z/E/203.jpg
E,4,204,DTASET A-Z/E/204.jpg
E,4,205,DTASET A-Z/E/205.jpg
E,4,206,DTASET A-Z/E/206.jpg
E,4,207,DTASET A-Z/E/207.jpg
E,4,208,DTASET A-Z/E/208.jpg
E,4,209,DTASET A-Z/E/209.jpg
E,4,210,DTASET A-Z/E/210.jpg
E,4,211,DTASET A-Z/E/211.jpg
E,4,212,DTASET A-Z/E/212.jpg
E,4,213,DTASET A-Z/E/213.jpg
E,4,214,DTASET A-Z/E/214.jpg
E,4,215,DTASET A-Z/E/215.jpg
E,4,216,DTASET A-Z/E/216.jpg
E,4,217,DTASET A-Z/E/217.jpg
E,4,218,DTASET A-Z/E/218.jpg
E,4,219,DTASET A-Z/E/219.jpg
E,4,220,DTASET A-Z/E/220.jpg
E,4,221,DTASET A-Z/E/221.jpg
E,4,222,DTASET A-Z/E/222.jpg
E,4,223,DTASET A-Z/E/223.jpg
E,4,224,DTASET A-Z/E/224.jpg
E,4,225,DTASET A-Z/E/225.jpg
E,4,226,DTASET A-Z/E/226.jpg
E,4,227,DTASET A-Z/E/227.jpg
E,4,228,DTASET A-Z/E/228.jpg
E,4,229,DTASET A-Z/E/229.jpg
E,4,230,DTASET A-Z/E/230.jpg
E,4,231,DTASET A-Z/E/231.jpg
E,4,232,DTASET A-Z/E/232.jpg
E,4,233,DTASET A-Z/E/233.jpg
E,4,234,DTASET A-Z/E/234.jpg
E,4,235,DTASET A-Z/E/235.jpg
E,4,236,DTASET A-Z/E/236.jpg
E,4,237,DTASET A-Z/E/237.jpg
E,4,238,DTASET A-Z/E/238.jpg
E,4,239,DTASET A-Z/E/239.jpg
E,4,240,DTASET A-Z/E/240.jpg
E,4,241,DTASET A-Z/E/241.jpg
E,4,242,DTASET A-Z/E/242.jpg
E,4,243,DTASET A-Z/E/243.jpg
E,4,244,DTASET A-Z/E/244.jpg
E,4,245,DTASET A-Z/E/245.jpg
E,4,246,DTASET A-Z/E/246.jpg
E,4,247,DTASET A-Z/E/247.jpg
E,4,248,DTASET A-Z/E/248.jpg
E,4,249,DTASET A-Z/E/249.jpg
E,4,250,DTASET A-Z/E/250.jpg
E,4,251,DTASET A-Z/E/251.jpg
E,4,252,DTASET A-Z/E/252.jpg
E,4,253,DTASET A-Z/E/253.jpg
E,4,254,DTASET A-Z/E/254.jpg
E,4,255,DTASET A-Z/E/255.jpg
E,4,256,DTASET A-Z/E/256.jpg
E,4,257,DTASET A-Z/E/257.jpg
E,4,258,DTASET A-Z/E/258.jpg
E,4,259,DTASET A-Z/E/259.jpg
E,4,260,DTASET A-Z/E/260.jpg
E,4,261,DTASET A-Z/E/261.jpg
E,4,262,DTASET A-Z/E/262.jpg
E,4,263,DTASET A-Z/E/263.jpg
E,4,264,DTASET A-Z/E/264.jpg
E,4,265,DTASET A-Z/E/265.jpg
E,4,266,DTASET A-Z/E/266.jpg
E,4,267,DTASET A-Z/E/267.jpg
E,4,268,DTASET A-Z/E/268.jpg
E,4,269,DTASET A-Z/E/269.jpg
E,4,270,DTASET A-Z/E/270.jpg
E,4,271,DTASET A-Z/E/271.jpg
E,4,272,DTASET A-Z/E/272.jpg
E,4,273,DTASET A-Z/E/273.jpg
E,4,274,DTASET A-Z/E/274.jpg
E,4,275,DTASET A-Z/E/275.jpg
E,4,276,DTASET A-Z/E/276.jpg
E,4,277,DTASET A-Z/E/277.jpg
E,4,278,DTASET A-Z/E/278.jpg
E,4,279,DTASET A-Z/E/279.jpg
E,4,280,DTASET A-Z/E/280.jpg
E,4,281,DTASET A-Z/E/281.jpg
E,4,282,DTASET A-Z/E/282.jpg
E,4,283,DTASET A-Z/E/283.jpg
E,4,284,DTASET A-Z/E/284.jpg
E,4,285,DTASET A-Z/E/285.jpg
E,4,286,DTASET A-Z/E/286.jpg
E,4,287,DTASET A-Z/E/287.jpg
E,4,288,DTASET A-Z/E/288.jpg
E,4,289,DTASET A-Z/E/289.jpg
E,4,290,DTASET A-Z/E/290.jpg
E,4,291,DTASET A-Z/E/291.jpg
E,4,292,DTASET A-Z/E/292.jpg
E,4,293,DTASET A-Z/E/293.jpg
E,4,294,DTASET A-Z/E/294.jpg
E,4,295,DTASET A-Z/E/295.jpg
E,4,296,DTASET A-Z/E/296.jpg
E,4,297,DTASET A-Z/E/297.jpg
E,4,298,DTASET A-Z/E/298.jpg
E,4,299,DTASET A-Z/E/299.jpg
E,4,300,DTASET A-Z/E/300.jpg
E,4,301,DTASET A-Z/E/301.jpg
E,4,302,DTASET A-Z/E/302.jpg
E,4,303,DTASET A-Z/E/303.jpg
E,4,304,DTASET A-Z/E/304.jpg
E,4,305,DTASET A-Z/E/305.jpg
E,4,306,DTASET A-Z/E/306.jpg
E,4,307,DTASET A-Z/E/307.jpg
E,4,308,DTASET A-Z/E/308.jpg
E,4,309,DTASET A-Z/E/309.jpg
E,4,310,DTASET A-Z/E/310.jpg
E,4,311,DTASET A-Z/E/311.jpg
E,4,312,DTASET A-Z/E/312.jpg
E,4,313,DTASET A-Z/E/313.jpg
E,4,314,DTASET A-Z/E/314.jpg
E,4,315,DTASET A-Z/E/315.jpg
E,4,316,DTASET A-Z/E/316.jpg
E,4,317,DTASET A-Z/E/317.jpg
E,4,318,DTASET A-Z/E/318.jpg
E,4,319,DTASET A-Z/E/319.jpg
E,4,320,DTASET A-Z/E/320.jpg
E,4,321,DTASET A-Z/E/321.jpg
E,4,322,DTASET A-Z/E/322.jpg
E,4,323,DTASET A-Z/E/323.jpg
E,4,324,DTASET A-Z/E/324.jpg
E,4,325,DTASET A-Z/E/325.jpg
E,4,326,DTASET A-Z/E/326.jpg
E,4,327,DTASET A-Z/E/327.jpg
E,4,328,DTASET A-Z/E/328.jpg
E,4,329,DTASET A-Z/E/329.jpg
E,4,330,DTASET A-Z/E/330.jpg
E,4,331,DTASET A-Z/E/331.jpg
E,4,332,DTASET A-Z/E/332.jpg
E,4,333,DTASET A-Z/E/333.jpg
E,4,334,DTASET A-Z/E/334.jpg
E,4,335,DTASET A-Z/E/335.jpg
E,4,336,DTASET A-Z/E/336.jpg
E,4,337,DTASET A-Z/E/337.jpg
E,4,338,DTASET A-Z/E/338.jpg
E,4,339,DTASET A-Z/E/339.jpg
E,4,340,DTASET A-Z/E/340.jpg
E,4,341,DTASET A-Z/E/341.jpg
E,4,342,DTASET A-Z/E/342.jpg
E,4,343,DTASET A-Z/E/343.jpg
E,4,344,DTASET A-Z/E/344.jpg
E,4,345,DTASET A-Z/E/345.jpg
E,4,346,DTASET A-Z/E/346.jpg
E,4,347,DTASET A-Z/E/347.jpg
E,4,348,DTASET A-Z/E/348.jpg
E,4,349,DTASET A-Z/E/349.jpg
E,4,350,DTASET A-Z/E/350.jpg
E,4,351,DTASET A-Z/E/351.jpg
E,4,352,DTASET A-Z/E/352.jpg
E,4,353,DTASET A-Z/E/353.jpg
E,4,354,DTASET A-Z/E/354.jpg
E,4,355,DTASET A-Z/E/355.jpg
E,4,356,DTASET A-Z/E/356.jpg
E,4,357,DTASET A-Z/E/357.jpg
E,4,358,DTASET A-Z/E/358.jpg
E,4,359,DTASET A-Z/E/359.jpg
E,4,360,DTASET A-Z/E/360.jpg
E,4,361,DTASET A-Z/E/361.jpg
E,4,362,DTASET A-Z/E/362.jpg
E,4,363,DTASET A-Z/E/363.jpg
E,4,364,DTASET A-Z/E/364.jpg
E,4,365,DTASET A-Z/E/365.jpg
E,4,366,DTASET A-Z/E/366.jpg
E,4,367,DTASET A-Z/E/367.jpg
E,4,368,DTASET A-Z/E/368.jpg
E,4,369,DTASET A-Z/E/369.jpg
E,4,370,DTASET A-Z/E/370.jpg
E,4,371,DTASET A-Z/E/371.jpg
E,4,372,DTASET A-Z/E/372.jpg
E,4,373,DTASET A-Z/E/373.jpg
E,4,374,DTASET A-Z/E/374.jpg
E,4,375,DTASET A-Z/E/375.jpg
E,4,376,DTASET A-Z/E/376.jpg
E,4,377,DTASET A-Z/E/377.jpg
E,4,378,DTASET A-Z/E/378.jpg
E,4,379,DTASET A-Z/E/379.jpg
E,4,380,DTASET A-Z/E/380.jpg
E,4,381,DTASET A-Z/E/381.jpg
E,4,382,DTASET A-Z/E/382.jpg
E,4,383,DTASET A-Z/E/383.jpg
E,4,384,DTASET A-Z/E/384.jpg
E,4,385,DTASET A-Z/E/385.jpg
E,4,386,DTASET A-Z/E/386.jpg
E,4,387,DTASET A-Z/E/387.jpg
E,4,388,DTASET A-Z/E/388.jpg
E,4,389,DTASET A-Z/E/389.jpg
E,4,390,DTASET A-Z/E/390.jpg
E,4,391,DTASET A-Z/E/391.jpg
E,4,392,DTASET A-Z/E/392.jpg
E,4,393,DTASET A-Z/E/393.jpg
E,4,394,DTASET A-Z/E/394.jpg
E,4,395,DTASET A-Z/E/395.jpg
E,4,396,DTASET A-Z/E/396.jpg
E,4,397,DTASET A-Z/E/397.jpg
E,4,398,DTASET A-Z/E/398.jpg
E,4,399,DTASET A-Z/E/399.jpg
E,4,400,DTASET A-Z/E/400.jpg
E,4,401,DTASET A-Z/E/401.jpg
E,4,402,DTASET A-Z/E/402.jpg
E,4,403,DTASET A-Z/E/403.jpg
E,4,404,DTASET A-Z/E/404.jpg
E,4,405,DTASET A-Z/E/405.jpg
E,4,406,DTASET A-Z/E/406.jpg
E,4,407,DTASET A-Z/E/407.jpg
E,4,408,DTASET A-Z/E/408.jpg
E,4,409,DTASET A-Z/E/409.jpg
E,4,410,DTASET A-Z/E/410.jpg
E,4,411,DTASET A-Z/E/411.jpg
E,4,412,DTASET A-Z/E/412.jpg
E,4,413,DTASET A-Z/E/413.jpg
E,4,414,DTASET A-Z/E/414.jpg
E,4,415,DTASET A-Z/E/415.jpg
E,4,416,DTASET A-Z/E/416.jpg
E,4,417,DTASET A-Z/E/417.jpg
E,4,418,DTASET A-Z/E/418.jpg
E,4,419,DTASET A-Z/E/419.jpg
E,4,420,DTASET A-Z/E/420.jpg
E,4,421,DTASET A-Z/E/421.jpg
E,4,422,DTASET A-Z/E/422.jpg
E,4,423,DTASET A-Z/E/423.jpg
E,4,424,DTASET A-Z/E/424.jpg
E,4,425,DTASET A-Z/E/425.jpg
E,4,426,DTASET A-Z/E/426.jpg
E,4,427,DTASET A-Z/E/427.jpg
E,4,428,DTASET A-Z/E/428.jpg
E,4,429,DTASET A-Z/E/429.jpg
E,4,430,DTASET A-Z/E/430.jpg
E,4,431,DTASET A-Z/E/431.jpg
E,4,432,DTASET A-Z/E/432.jpg
E,4,433,DTASET A-Z/E/433.jpg
E,4,434,DTASET A-Z/E/434.jpg
E,4,435,DTASET A-Z/E/435.jpg
E,4,436,DTASET A-Z/E/436.jpg
E,4,437,DTASET A-Z/E/437.jpg
E,4,438,DTASET A-Z/E/438.jpg
E,4,439,DTASET A-Z/E/439.jpg
E,4,440,DTASET A-Z/E/440.jpg
E,4,441,DTASET A-Z/E/441.jpg
E,4,442,DTASET A-Z/E/442.jpg
E,4,443,DTASET A-Z/E/443.jpg
E,4,444,DTASET A-Z/E/444.jpg
E,4,445,DTASET A-Z/E/445.jpg
E,4,446,DTASET A-Z/E/446.jpg
E,4,447,DTASET A-Z/E/447.jpg
E,4,448,DTASET A-Z/E/448.jpg
E,4,449,DTASET A-Z/E/449.jpg
E,4,450,DTASET A-Z/E/450.jpg
E,4,451,DTASET A-Z/E/451.jpg
E,4,452,DTASET A-Z/E/452.jpg
E,4,453,DTASET A-Z/E/453.jpg
E,4,454,DTASET A-Z/E/454.jpg
E,4,455,DTASET A-Z/E/455.jpg
E,4,456,DTASET A-Z/E/456.jpg
E,4,457,DTASET A-Z/E/457.jpg
E,4,458,DTASET A-Z/E/458.jpg
E,4,459,DTASET A-Z/E/459.jpg
E,4,460,DTASET A-Z/E/460.jpg
E,4,461,DTASET A-Z/E/461.jpg
E,4,462,DTASET A-Z/E/462.jpg
E,4,463,DTASET A-Z/E/463.jpg
E,4,464,DTASET A-Z/E/464.jpg
E,4,465,DTASET A-Z/E/465.jpg
E,4,466,DTASET A-Z/E/466.jpg
E,4,467,DTASET A-Z/E/467.jpg
E,4,468,DTASET A-Z/E/468.jpg
E,4,469,DTASET A-Z/E/469.jpg
E,4,470,DTASET A-Z/E/470.jpg
E,4,471,DTASET A-Z/E/471.jpg
E,4,472,DTASET A-Z/E/472.jpg
E,4,473,DTASET A-Z/E/473.jpg
E,4,474,DTASET A-Z/E/474.jpg
E,4,475,DTASET A-Z/E/475.jpg
E,4,476,DTASET A-Z/E/476.jpg
E,4,477,DTASET A-Z/E/477.jpg
E,4,478,DTASET A-Z/E/478.jpg
E,4,479,DTASET A-Z/E/479.jpg
E,4,480,DTASET A-Z/E/480.jpg
E,4,481,DTASET A-Z/E/481.jpg
E,4,482,DTASET A-Z/E/482.jpg
E,4,483,DTASET A-Z/E/483.jpg
E,4,484,DTASET A-Z/E/484.jpg
E,4,485,DTASET A-Z/E/485.jpg
E,4,486,DTASET A-Z/E/486.jpg
E,4,487,DTASET A-Z/E/487.jpg
E,4,488,DTASET A-Z/E/488.jpg
E,4,489,DTASET A-Z/E/489.jpg
E,4,490,DTASET A-Z/E/490.jpg
E,4,491,DTASET A-Z/E/491.jpg
E,4,492,DTASET A-Z/E/492.jpg
E,4,493,DTASET A-Z/E/493.jpg
E,4,494,DTASET A-Z/E/494.jpg
E,4,495,DTASET A-Z/E/495.jpg
E,4,496,DTASET A-Z/E/496.jpg
E,4,497,DTASET A-Z/E/497.jpg
E,4,498,DTASET A-Z/E/498.jpg
E,4,499,DTASET A-Z/E/499.jpg
E,4,500,DTASET A-Z/E/500.jpg
E,4,501,DTASET A-Z/E/501.jpg
E,4,502,DTASET A-Z/E/502.jpg
E,4,503,DTASET A-Z/E/503.jpg
E,4,504,DTASET A-Z/E/504.jpg
E,4,505,DTASET A-Z/E/505.jpg
E,4,506,DTASET A-Z/E/506.jpg
E,4,507,DTASET A-Z/E/507.jpg
E,4,508,DTASET A-Z/E/508.jpg
E,4,509,DTASET A-Z/E/509.jpg
E,4,510,DTASET A-Z/E/510.jpg
E,4,511,DTASET A-Z/E/511.jpg
E,4,512,DTASET A-Z/E/512.jpg
E,4,513,DTASET A-Z/E/513.jpg
E,4,514,DTASET A-Z/E/514.jpg
E,4,515,DTASET A-Z/E/515.jpg
E,4,516,DTASET A-Z/E/516.jpg
E,4,517,DTASET A-Z/E/517.jpg
E,4,518,DTASET A-Z/E/518.jpg
E,4,519,DTASET A-Z/E/519.jpg
E,4,520,DTASET A-Z/E/520.jpg
E,4,521,DTASET A-Z/E/521.jpg
E,4,522,DTASET A-Z/E/522.jpg
E,4,523,DTASET A-Z/E/523.jpg
E,4,524,DTASET A-Z/E/524.jpg
E,4,525,DTASET A-Z/E/525.jpg
E,4,526,DTASET A-Z/E/526.jpg
E,4,527,DTASET A-Z/E/527.jpg
E,4,528,DTASET A-Z/E/528.jpg
E,4,529,DTASET A-Z/E/529.jpg
E,4,530,DTASET A-Z/E/530.jpg
E,4,531,DTASET A-Z/E/531.jpg
E,4,532,DTASET A-Z/E/532.jpg
E,4,533,DTASET A-Z/E/533.jpg
E,4,534,DTASET A-Z/E/534.jpg
E,4,535,DTASET A-Z/E/535.jpg
E,4,536,DTASET A-Z/E/536.jpg
E,4,537,DTASET A-Z/E/537.jpg
E,4,538,DTASET A-Z/E/538.jpg
E,4,539,DTASET A-Z/E/539.jpg
E,4,540,DTASET A-Z/E/540.jpg
E,4,541,DTASET A-Z/E/541.jpg
E,4,542,DTASET A-Z/E/542.jpg
E,4,543,DTASET A-Z/E/543.jpg
E,4,544,DTASET A-Z/E/544.jpg
E,4,545,DTASET A-Z/E/545.jpg
E,4,546,DTASET A-Z/E/546.jpg
E,4,547,DTASET A-Z/E/547.jpg
E,4,548,DTASET A-Z/E/548.jpg
E,4,549,DTASET A-Z/E/549.jpg
E,4,550,DTASET A-Z/E/550.jpg
E,4,551,DTASET A-Z/E/551.jpg
E,4,552,DTASET A-Z/E/552.jpg
E,4,553,DTASET A-Z/E/553.jpg
E,4,554,DTASET A-Z/E/554.jpg
E,4,555,DTASET A-Z/E/555.jpg
E,4,556,DTASET A-Z/E/556.jpg
E,4,557,DTASET A-Z/E/557.jpg
E,4,558,DTASET A-Z/E/558.jpg
E,4,559,DTASET A-Z/E/559.jpg
E,4,560,DTASET A-Z/E/560.jpg
E,4,561,DTASET A-Z/E/561.jpg
E,4,562,DTASET A-Z/E/562.jpg
E,4,563,DTASET A-Z/E/563.jpg
E,4,564,DTASET A-Z/E/564.jpg
E,4,565,DTASET A-Z/E/565.jpg
E,4,566,DTASET A-Z/E/566.jpg
E,4,567,DTASET A-Z/E/567.jpg
E,4,568,DTASET A-Z/E/568.jpg
E,4,569,DTASET A-Z/E/569.jpg
E,4,570,DTASET A-Z/E/570.jpg
E,4,571,DTASET A-Z/E/571.jpg
E,4,572,DTASET A-Z/E/572.jpg
E,4,573,DTASET A-Z/E/573.jpg
E,4,574,DTASET A-Z/E/574.jpg
E,4,575,DTASET A-Z/E/575.jpg
E,4,576,DTASET A-Z/E/576.jpg
E,4,577,DTASET A-Z/E/577.jpg
E,4,578,DTASET A-Z/E/578.jpg
E,4,579,DTASET A-Z/E/579.jpg
E,4,580,DTASET A-Z/E/580.jpg
E,4,581,DTASET A-Z/E/581.jpg
E,4,582,DTASET A-Z/E/582.jpg
E,4,583,DTASET A-Z/E/583.jpg
E,4,584,DTASET A-Z/E/584.jpg
E,4,585,DTASET A-Z/E/585.jpg
E,4,586,DTASET A-Z/E/586.jpg
E,4,587,DTASET A-Z/E/587.jpg
E,4,588,DTASET A-Z/E/588.jpg
E,4,589,DTASET A-Z/E/589.jpg
E,4,590,DTASET A-Z/E/590.jpg
E,4,591,DTASET A-Z/E/591.jpg
E,4,592,DTASET A-Z/E/592.jpg
E,4,593,DTASET A-Z/E/593.jpg
E,4,594,DTASET A-Z/E/594.jpg
E,4,595,DTASET A-Z/E/595.jpg
E,4,596,DTASET A-Z/E/596.jpg
E,4,597,DTASET A-Z/E/597.jpg
E,4,598,DTASET A-Z/E/598.jpg
E,4,599,DTASET A-Z/E/599.jpg
E,4,600,DTASET A-Z/E/600.jpg
E,4,601,DTASET A-Z/E/601.jpg
E,4,602,DTASET A-Z/E/602.jpg
E,4,603,DTASET A-Z/E/603.jpg
E,4,604,DTASET A-Z/E/604.jpg
E,4,605,DTASET A-Z/E/605.jpg
E,4,606,DTASET A-Z/E/606.jpg
E,4,607,DTASET A-Z/E/607.jpg
E,4,608,DTASET A-Z/E/608.jpg
E,4,609,DTASET A-Z/E/609.jpg
E,4,610,DTASET A-Z/E/610.jpg
E,4,611,DTASET A-Z/E/611.jpg
E,4,612,DTASET A-Z/E/612.jpg
E,4,613,DTASET A-Z/E/613.jpg
E,4,614,DTASET A-Z/E/614.jpg
E,4,615,DTASET A-Z/E/615.jpg
E,4,616,DTASET A-Z/E/616.jpg
E,4,617,DTASET A-Z/E/617.jpg
E,4,618,DTASET A-Z/E/618.jpg
E,4,619,DTASET A-Z/E/619.jpg
E,4,620,DTASET A-Z/E/620.jpg
E,4,621,DTASET A-Z/E/621.jpg
E,4,622,DTASET A-Z/E/622.jpg
E,4,623,DTASET A-Z/E/623.jpg
E,4,624,DTASET A-Z/E/624.jpg
E,4,625,DTASET A-Z/E/625.jpg
E,4,626,DTASET A-Z/E/626.jpg
E,4,627,DTASET A-Z/E/627.jpg
E,4,628,DTASET A-Z/E/628.jpg
E,4,629,DTASET A-Z/E/629.jpg
E,4,630,DTASET A-Z/E/630.jpg
E,4,631,DTASET A-Z/E/631.jpg
E,4,632,DTASET A-Z/E/632.jpg
E,4,633,DTASET A-Z/E/633.jpg
E,4,634,DTASET A-Z/E/634.jpg
E,4,635,DTASET A-Z/E/635.jpg
E,4,636,DTASET A-Z/E/636.jpg
E,4,637,DTASET A-Z/E/637.jpg
E,4,638,DTASET A-Z/E/638.jpg
E,4,639,DTASET A-Z/E/639.jpg
E,4,640,DTASET A-Z/E/640.jpg
E,4,641,DTASET A-Z/E/641.jpg
E,4,642,DTASET A-Z/E/642.jpg
E,4,643,DTASET A-Z/E/643.jpg
E,4,644,DTASET A-Z/E/644.jpg
E,4,645,DTASET A-Z/E/645.jpg
E,4,646,DTASET A-Z/E/646.jpg
E,4,647,DTASET A-Z/E/647.jpg
E,4,648,DTASET A-Z/E/648.jpg
E,4,649,DTASET A-Z/E/649.jpg
E,4,650,DTASET A-Z/E/650.jpg
E,4,651,DTASET A-Z/E/651.jpg
E,4,652,DTASET A-Z/E/652.jpg
E,4,653,DTASET A-Z/E/653.jpg
E,4,654,DTASET A-Z/E/654.jpg
E,4,655,DTASET A-Z/E/655.jpg
E,4,656,DTASET A-Z/E/656.jpg
E,4,657,DTASET A-Z/E/657.jpg
E,4,658,DTASET A-Z/E/658.jpg
E,4,659,DTASET A-Z/E/659.jpg
E,4,660,DTASET A-Z/E/660.jpg
E,4,661,DTASET A-Z/E/661.jpg
E,4,662,DTASET A-Z/E/662.jpg
E,4,663,DTASET A-Z/E/663.jpg
E,4,664,DTASET A-Z/E/664.jpg
E,4,665,DTASET A-Z/E/665.jpg
E,4,666,DTASET A-Z/E/666.jpg
E,4,667,DTASET A-Z/E/667.jpg
E,4,668,DTASET A-Z/E/668.jpg
E,4,669,DTASET A-Z/E/669.jpg
E,4,670,DTASET A-Z/E/670.jpg
E,4,671,DTASET A-Z/E/671.jpg
E,4,672,DTASET A-Z/E/672.jpg
E,4,673,DTASET A-Z/E/673.jpg
E,4,674,DTASET A-Z/E/674.jpg
E,4,675,DTASET A-Z/E/675.jpg
E,4,676,DTASET A-Z/E/676.jpg
E,4,677,DTASET A-Z/E/677.jpg
E,4,678,DTASET A-Z/E/678.jpg
E,4,679,DTASET A-Z/E/679.jpg
E,4,680,DTASET A-Z/E/680.jpg
E,4,681,DTASET A-Z/E/681.jpg
E,4,682,DTASET A-Z/E/682.jpg
E,4,683,DTASET A-Z/E/683.jpg
E,4,684,DTASET A-Z/E/684.jpg
E,4,685,DTASET A-Z/E/685.jpg
E,4,686,DTASET A-Z/E/686.jpg
E,4,687,DTASET A-Z/E/687.jpg
E,4,688,DTASET A-Z/E/688.jpg
E,4,689,DTASET A-Z/E/689.jpg
E,4,690,DTASET A-Z/E/690.jpg
E,4,691,DTASET A-Z/E/691.jpg
E,4,692,DTASET A-Z/E/692.jpg
E,4,693,DTASET A-Z/E/693.jpg
E,4,694,DTASET A-Z/E/694.jpg
E,4,695,DTASET A-Z/E/695.jpg
E,4,696,DTASET A-Z/E/696.jpg
E,4,697,DTASET A-Z/E/697.jpg
E,4,698,DTASET A-Z/E/698.jpg
E,4,699,DTASET A-Z/E/699.jpg
E,4,700,DTASET A-Z/E/700.jpg
E,4,701,DTASET A-Z/E/701.jpg
E,4,702,DTASET A-Z/E/702.jpg
E,4,703,DTASET A-Z/E/703.jpg
E,4,704,DTASET A-Z/E/704.jpg
E,4,705,DTASET A-Z/E/705.jpg
E,4,706,DTASET A-Z/E/706.jpg
E,4,707,DTASET A-Z/E/707.jpg
E,4,708,DTASET A-Z/E/708.jpg
E,4,709,DTASET A-Z/E/709.jpg
E,4,710,DTASET A-Z/E/710.jpg
E,4,711,DTASET A-Z/E/711.jpg
E,4,712,DTASET A-Z/E/712.jpg
E,4,713,DTASET A-Z/E/713.jpg
E,4,714,DTASET A-Z/E/714.jpg
E,4,715,DTASET A-Z/E/715.jpg
E,4,716,DTASET A-Z/E/716.jpg
E,4,717,DTASET A-Z/E/717.jpg
E,4,718,DTASET A-Z/E/718.jpg
E,4,719,DTASET A-Z/E/719.jpg
E,4,720,DTASET A-Z/E/720.jpg
E,4,721,DTASET A-Z/E/721.jpg
E,4,722,DTASET A-Z/E/722.jpg
E,4,723,DTASET A-Z/E/723.jpg
E,4,724,DTASET A-Z/E/724.jpg
E,4,725,DTASET A-Z/E/725.jpg
E,4,726,DTASET A-Z/E/726.jpg
E,4,727,DTASET A-Z/E/727.jpg
E,4,728,DTASET A-Z/E/728.jpg
E,4,729,DTASET A-Z/E/729.jpg
E,4,730,DTASET A-Z/E/730.jpg
E,4,731,DTASET A-Z/E/731.jpg
E,4,732,DTASET A-Z/E/732.jpg
E,4,733,DTASET A-Z/E/733.jpg
E,4,734,DTASET A-Z/E/734.jpg
E,4,735,DTASET A-Z/E/735.jpg
E,4,736,DTASET A-Z/E/736.jpg
E,4,737,DTASET A-Z/E/737.jpg
E,4,738,DTASET A-Z/E/738.jpg
E,4,739,DTASET A-Z/E/739.jpg
E,4,740,DTASET A-Z/E/740.jpg
E,4,741,DTASET A-Z/E/741.jpg
E,4,742,DTASET A-Z/E/742.jpg
E,4,743,DTASET A-Z/E/743.jpg
E,4,744,DTASET A-Z/E/744.jpg
E,4,745,DTASET A-Z/E/745.jpg
E,4,746,DTASET A-Z/E/746.jpg
E,4,747,DTASET A-Z/E/747.jpg
E,4,748,DTASET A-Z/E/748.jpg
E,4,749,DTASET A-Z/E/749.jpg
E,4,750,DTASET A-Z/E/750.jpg
E,4,751,DTASET A-Z/E/751.jpg
E,4,752,DTASET A-Z/E/752.jpg
E,4,753,DTASET A-Z/E/753.jpg
E,4,754,DTASET A-Z/E/754.jpg
E,4,755,DTASET A-Z/E/755.jpg
E,4,756,DTASET A-Z/E/756.jpg
E,4,757,DTASET A-Z/E/757.jpg
E,4,758,DTASET A-Z/E/758.jpg
E,4,759,DTASET A-Z/E/759.jpg
E,4,760,DTASET A-Z/E/760.jpg
E,4,761,DTASET A-Z/E/761.jpg
E,4,762,DTASET A-Z/E/762.jpg
E,4,763,DTASET A-Z/E/763.jpg
E,4,764,DTASET A-Z/E/764.jpg
E,4,765,DTASET A-Z/E/765.jpg
E,4,766,DTASET A-Z/E/766.jpg
E,4,767,DTASET A-Z/E/767.jpg
E,4,768,DTASET A-Z/E/768.jpg
E,4,769,DTASET A-Z/E/769.jpg
E,4,770,DTASET A-Z/E/770.jpg
E,4,771,DTASET A-Z/E/771.jpg
E,4,772,DTASET A-Z/E/772.jpg
E,4,773,DTASET A-Z/E/773.jpg
E,4,774,DTASET A-Z/E/774.jpg
E,4,775,DTASET A-Z/E/775.jpg
E,4,776,DTASET A-Z/E/776.jpg
E,4,777,DTASET A-Z/E/777.jpg
E,4,778,DTASET A-Z/E/778.jpg
E,4,779,DTASET A-Z/E/779.jpg
E,4,780,DTASET A-Z/E/780.jpg
E,4,781,DTASET A-Z/E/781.jpg
E,4,782,DTASET A-Z/E/782.jpg
E,4,783,DTASET A-Z/E/783.jpg
E,4,784,DTASET A-Z/E/784.jpg
E,4,785,DTASET A-Z/E/785.jpg
E,4,786,DTASET A-Z/E/786.jpg
E,4,787,DTASET A-Z/E/787.jpg
E,4,788,DTASET A-Z/E/788.jpg
E,4,789,DTASET A-Z/E/789.jpg
E,4,790,DTASET A-Z/E/790.jpg
E,4,791,DTASET A-Z/E/791.jpg
E,4,792,DTASET A-Z/E/792.jpg
E,4,793,DTASET A-Z/E/793.jpg
E,4,794,DTASET A-Z/E/794.jpg
E,4,795,DTASET A-Z/E/795.jpg
E,4,796,DTASET A-Z/E/796.jpg
E,4,797,DTASET A-Z/E/797.jpg
E,4,798,DTASET A-Z/E/798.jpg
E,4,799,DTASET A-Z/E/799.jpg
E,4,800,DTASET A-Z/E/800.jpg
E,4,801,DTASET A-Z/E/801.jpg
E,4,802,DTASET A-Z/E/802.jpg
E,4,803,DTASET A-Z/E/803.jpg
E,4,804,DTASET A-Z/E/804.jpg
E,4,805,DTASET A-Z/E/805.jpg
E,4,806,DTASET A-Z/E/806.jpg
E,4,807,DTASET A-Z/E/807.jpg
E,4,808,DTASET A-Z/E/808.jpg
E,4,809,DTASET A-Z/E/809.jpg
E,4,810,DTASET A-Z/E/810.jpg
E,4,811,DTASET A-Z/E/811.jpg
E,4,812,DTASET A-Z/E/812.jpg
E,4,813,DTASET A-Z/E/813.jpg
E,4,814,DTASET A-Z/E/814.jpg
E,4,815,DTASET A-Z/E/815.jpg
E,4,816,DTASET A-Z/E/816.jpg
E,4,817,DTASET A-Z/E/817.jpg
E,4,818,DTASET A-Z/E/818.jpg
E,4,819,DTASET A-Z/E/819.jpg
E,4,820,DTASET A-Z/E/820.jpg
E,4,821,DTASET A-Z/E/821.jpg
E,4,822,DTASET A-Z/E/822.jpg
E,4,823,DTASET A-Z/E/823.jpg
E,4,824,DTASET A-Z/E/824.jpg
E,4,825,DTASET A-Z/E/825.jpg
E,4,826,DTASET A-Z/E/826.jpg
E,4,827,DTASET A-Z/E/827.jpg
E,4,828,DTASET A-Z/E/828.jpg
E,4,829,DTASET A-Z/E/829.jpg
E,4,830,DTASET A-Z/E/830.jpg
E,4,831,DTASET A-Z/E/831.jpg
E,4,832,DTASET A-Z/E/832.jpg
E,4,833,DTASET A-Z/E/833.jpg
E,4,834,DTASET A-Z/E/834.jpg
E,4,835,DTASET A-Z/E/835.jpg
E,4,836,DTASET A-Z/E/836.jpg
E,4,837,DTASET A-Z/E/837.jpg
E,4,838,DTASET A-Z/E/838.jpg
E,4,839,DTASET A-Z/E/839.jpg
E,4,840,DTASET A-Z/E/840.jpg
E,4,841,DTASET A-Z/E/841.jpg
E,4,842,DTASET A-Z/E/842.jpg
E,4,843,DTASET A-Z/E/843.jpg
E,4,844,DTASET A-Z/E/844.jpg
E,4,845,DTASET A-Z/E/845.jpg
E,4,846,DTASET A-Z/E/846.jpg
E,4,847,DTASET A-Z/E/847.jpg
E,4,848,DTASET A-Z/E/848.jpg
E,4,849,DTASET A-Z/E/849.jpg
E,4,850,DTASET A-Z/E/850.jpg
E,4,851,DTASET A-Z/E/851.jpg
E,4,852,DTASET A-Z/E/852.jpg
E,4,853,DTASET A-Z/E/853.jpg
E,4,854,DTASET A-Z/E/854.jpg
E,4,855,DTASET A-Z/E/855.jpg
E,4,856,DTASET A-Z/E/856.jpg
E,4,857,DTASET A-Z/E/857.jpg
E,4,858,DTASET A-Z/E/858.jpg
E,4,859,DTASET A-Z/E/859.jpg
E,4,860,DTASET A-Z/E/860.jpg
E,4,861,DTASET A-Z/E/861.jpg
E,4,862,DTASET A-Z/E/862.jpg
E,4,863,DTASET A-Z/E/863.jpg
E,4,864,DTASET A-Z/E/864.jpg
E,4,865,DTASET A-Z/E/865.jpg
E,4,866,DTASET A-Z/E/866.jpg
E,4,867,DTASET A-Z/E/867.jpg
E,4,868,DTASET A-Z/E/868.jpg
E,4,869,DTASET A-Z/E/869.jpg
E,4,870,DTASET A-Z/E/870.jpg
E,4,871,DTASET A-Z/E/871.jpg
E,4,872,DTASET A-Z/E/872.jpg
E,4,873,DTASET A-Z/E/873.jpg
E,4,874,DTASET A-Z/E/874.jpg
E,4,875,DTASET A-Z/E/875.jpg
E,4,876,DTASET A-Z/E/876.jpg
E,4,877,DTASET A-Z/E/877.jpg
E,4,878,DTASET A-Z/E/878.jpg
E,4,879,DTASET A-Z/E/879.jpg
E,4,880,DTASET A-Z/E/880.jpg
E,4,881,DTASET A-Z/E/881.jpg
E,4,882,DTASET A-Z/E/882.jpg
E,4,883,DTASET A-Z/E/883.jpg
E,4,884,DTASET A-Z/E/884.jpg
E,4,885,DTASET A-Z/E/885.jpg
E,4,886,DTASET A-Z/E/886.jpg
E,4,887,DTASET A-Z/E/887.jpg
E,4,888,DTASET A-Z/E/888.jpg
E,4,889,DTASET A-Z/E/889.jpg
E,4,890,DTASET A-Z/E/890.jpg
E,4,891,DTASET A-Z/E/891.jpg
E,4,892,DTASET A-Z/E/892.jpg
E,4,893,DTASET A-Z/E/893.jpg
E,4,894,DTASET A-Z/E/894.jpg
E,4,895,DTASET A-Z/E/895.jpg
E,4,896,DTASET A-Z/E/896.jpg
E,4,897,DTASET A-Z/E/897.jpg
E,4,898,DTASET A-Z/E/898.jpg
E,4,899,DTASET A-Z/E/899.jpg
E,4,900,DTASET A-Z/E/900.jpg
E,4,901,DTASET A-Z/E/901.jpg
E,4,902,DTASET A-Z/E/902.jpg
E,4,903,DTASET A-Z/E/903.jpg
E,4,904,DTASET A-Z/E/904.jpg
E,4,905,DTASET A-Z/E/905.jpg
E,4,906,DTASET A-Z/E/906.jpg
E,4,907,DTASET A-Z/E/907.jpg
E,4,908,DTASET A-Z/E/908.jpg
E,4,909,DTASET A-Z/E/909.jpg
E,4,910,DTASET A-Z/E/910.jpg
E,4,911,DTASET A-Z/E/911.jpg
E,4,912,DTASET A-Z/E/912.jpg
E,4,913,DTASET A-Z/E/913.jpg
E,4,914,DTASET A-Z/E/914.jpg
E,4,915,DTASET A-Z/E/915.jpg
E,4,916,DTASET A-Z/E/916.jpg
E,4,917,DTASET A-Z/E/917.jpg
E,4,918,DTASET A-Z/E/918.jpg
E,4,919,DTASET A-Z/E/919.jpg
E,4,920,DTASET A-Z/E/920.jpg
E,4,921,DTASET A-Z/E/921.jpg
E,4,922,DTASET A-Z/E/922.jpg
E,4,923,DTASET A-Z/E/923.jpg
E,4,924,DTASET A-Z/E/924.jpg
E,4,925,DTASET A-Z/E/925.jpg
E,4,926,DTASET A-Z/E/926.jpg
E,4,927,DTASET A-Z/E/927.jpg
E,4,928,DTASET A-Z/E/928.jpg
E,4,929,DTASET A-Z/E/929.jpg
E,4,930,DTASET A-Z/E/930.jpg
E,4,931,DTASET A-Z/E/931.jpg
E,4,932,DTASET A-Z/E/932.jpg
E,4,933,DTASET A-Z/E/933.jpg
E,4,934,DTASET A-Z/E/934.jpg
E,4,935,DTASET A-Z/E/935.jpg
E,4,936,DTASET A-Z/E/936.jpg
E,4,937,DTASET A-Z/E/937.jpg
E,4,938,DTASET A-Z/E/938.jpg
E,4,939,DTASET A-Z/E/939.jpg
E,4,940,DTASET A-Z/E/940.jpg
E,4,941,DTASET A-Z/E/941.jpg
E,4,942,DTASET A-Z/E/942.jpg
E,4,943,DTASET A-Z/E/943.jpg
E,4,944,DTASET A-Z/E/944.jpg
E,4,945,DTASET A-Z/E/945.jpg
E,4,946,DTASET A-Z/E/946.jpg
E,4,947,DTASET A-Z/E/947.jpg
E,4,948,DTASET A-Z/E/948.jpg
E,4,949,DTASET A-Z/E/949.jpg
E,4,950,DTASET A-Z/E/950.jpg
E,4,951,DTASET A-Z/E/951.jpg
E,4,952,DTASET A-Z/E/952.jpg
E,4,953,DTASET A-Z/E/953.jpg
E,4,954,DTASET A-Z/E/954.jpg
E,4,955,DTASET A-Z/E/955.jpg
E,4,956,DTASET A-Z/E/956.jpg
E,4,957,DTASET A-Z/E/957.jpg
E,4,958,DTASET A-Z/E/958.jpg
E,4,959,DTASET A-Z/E/959.jpg
E,4,960,DTASET A-Z/E/960.jpg
E,4,961,DTASET A-Z/E/961.jpg
E,4,962,DTASET A-Z/E/962.jpg
E,4,963,DTASET A-Z/E/963.jpg
E,4,964,DTASET A-Z/E/964.jpg
E,4,965,DTASET A-Z/E/965.jpg
E,4,966,DTASET A-Z/E/966.jpg
E,4,967,DTASET A-Z/E/967.jpg
E,4,968,DTASET A-Z/E/968.jpg
E,4,969,DTASET A-Z/E/969.jpg
E,4,970,DTASET A-Z/E/970.jpg
E,4,971,DTASET A-Z/E/971.jpg
E,4,972,DTASET A-Z/E/972.jpg
E,4,973,DTASET A-Z/E/973.jpg
E,4,974,DTASET A-Z/E/974.jpg
E,4,975,DTASET A-Z/E/975.jpg
E,4,976,DTASET A-Z/E/976.jpg
E,4,977,DTASET A-Z/E/977.jpg
E,4,978,DTASET A-Z/E/978.jpg
E,4,979,DTASET A-Z/E/979.jpg
E,4,980,DTASET A-Z/E/980.jpg
E,4,981,DTASET A-Z/E/981.jpg
E,4,982,DTASET A-Z/E/982.jpg
E,4,983,DTASET A-Z/E/983.jpg
E,4,984,DTASET A-Z/E/984.jpg
E,4,985,DTASET A-Z/E/985.jpg
E,4,986,DTASET A-Z/E/986.jpg
E,4,987,DTASET A-Z/E/987.jpg
E,4,988,DTASET A-Z/E/988.jpg
E,4,989,DTASET A-Z/E/989.jpg
E,4,990,DTASET A-Z/E/990.jpg
E,4,991,DTASET A-Z/E/991.jpg
E,4,992,DTASET A-Z/E/992.jpg
E,4,993,DTASET A-Z/E/993.jpg
E,4,994,DTASET A-Z/E/994.jpg
E,4,995,DTASET A-Z/E/995.jpg
E,4,996,DTASET A-Z/E/996.jpg
E,4,997,DTASET A-Z/E/997.jpg
E,4,998,DTASET A-Z/E/998.jpg
E,4,999,DTASET A-Z/E/999.jpg
E,4,1000,DTASET A-Z/E/1000.jpg
E,4,1001,DTASET A-Z/E/1001.jpg
E,4,1002,DTASET A-Z/E/1002.jpg
E,4,1003,DTASET A-Z/E/1003.jpg
E,4,1004,DTASET A-Z/E/1004.jpg
E,4,1005,DTASET A-Z/E/1005.jpg
E,4,1006,DTASET A-Z/E/1006.jpg
E,4,1007,DTASET A-Z/E/1007.jpg
E,4,1008,DTASET A-Z/E/1008.jpg
E,4,1009,DTASET A-Z/E/1009.jpg
E,4,1010,DTASET A-Z/E/1010.jpg
E,4,1011,DTASET A-Z/E/1011.jpg
E,4,1012,DTASET A-Z/E/1012.jpg
E,4,1013,DTASET A-Z/E/1013.jpg
E,4,1014,DTASET A-Z/E/1014.jpg
E,4,1015,DTASET A-Z/E/1015.jpg
E,4,1016,DTASET A-Z/E/1016.jpg
E,4,1017,DTASET A-Z/E/1017.jpg
E,4,1018,DTASET A-Z/E/1018.jpg
E,4,1019,DTASET A-Z/E/1019.jpg
E,4,1020,DTASET A-Z/E/1020.jpg
E,4,1021,DTASET A-Z/E/1021.jpg
E,4,1022,DTASET A-Z/E/1022.jpg
E,4,1023,DTASET A-Z/E/1023.jpg
E,4,1024,DTASET A-Z/E/1024.jpg
E,4,1025,DTASET A-Z/E/1025.jpg
E,4,1026,DTASET A-Z/E/1026.jpg
E,4,1027,DTASET A-Z/E/1027.jpg
E,4,1028,DTASET A-Z/E/1028.jpg
E,4,1029,DTASET A-Z/E/1029.jpg
E,4,1030,DTASET A-Z/E/1030.jpg
E,4,1031,DTASET A-Z/E/1031.jpg
E,4,1032,DTASET A-Z/E/1032.jpg
E,4,1033,DTASET A-Z/E/1033.jpg
E,4,1034,DTASET A-Z/E/1034.jpg
E,4,1035,DTASET A-Z/E/1035.jpg
E,4,1036,DTASET A-Z/E/1036.jpg
E,4,1037,DTASET A-Z/E/1037.jpg
E,4,1038,DTASET A-Z/E/1038.jpg
E,4,1039,DTASET A-Z/E/1039.jpg
E,4,1040,DTASET A-Z/E/1040.jpg
E,4,1041,DTASET A-Z/E/1041.jpg
E,4,1042,DTASET A-Z/E/1042.jpg
E,4,1043,DTASET A-Z/E/1043.jpg
E,4,1044,DTASET A-Z/E/1044.jpg
E,4,1045,DTASET A-Z/E/1045.jpg
E,4,1046,DTASET A-Z/E/1046.jpg
E,4,1047,DTASET A-Z/E/1047.jpg
E,4,1048,DTASET A-Z/E/1048.jpg
E,4,1049,DTASET A-Z/E/1049.jpg
E,4,1050,DTASET A-Z/E/1050.jpg
E,4,1051,DTASET A-Z/E/1051.jpg
E,4,1052,DTASET A-Z/E/1052.jpg
E,4,1053,DTASET A-Z/E/1053.jpg
E,4,1054,DTASET A-Z/E/1054.jpg
E,4,1055,DTASET A-Z/E/1055.jpg
E,4,1056,DTASET A-Z/E/1056.jpg
E,4,1057,DTASET A-Z/E/1057.jpg
E,4,1058,DTASET A-Z/E/1058.jpg
E,4,1059,DTASET A-Z/E/1059.jpg
E,4,1060,DTASET A-Z/E/1060.jpg
E,4,1061,DTASET A-Z/E/1061.jpg
E,4,1062,DTASET A-Z/E/1062.jpg
E,4,1063,DTASET A-Z/E/1063.jpg
E,4,1064,DTASET A-Z/E/1064.jpg
E,4,1065,DTASET A-Z/E/1065.jpg
E,4,1066,DTASET A-Z/E/1066.jpg
E,4,1067,DTASET A-Z/E/1067.jpg
E,4,1068,DTASET A-Z/E/1068.jpg
E,4,1069,DTASET A-Z/E/1069.jpg
E,4,1070,DTASET A-Z/E/1070.jpg
E,4,1071,DTASET A-Z/E/1071.jpg
E,4,1072,DTASET A-Z/E/1072.jpg
E,4,1073,DTASET A-Z/E/1073.jpg
E,4,1074,DTASET A-Z/E/1074.jpg
E,4,1075,DTASET A-Z/E/1075.jpg
E,4,1076,DTASET A-Z/E/1076.jpg
E,4,1077,DTASET A-Z/E/1077.jpg
E,4,1078,DTASET A-Z/E/1078.jpg
E,4,1079,DTASET A-Z/E/1079.jpg
E,4,1080,DTASET A-Z/E/1080.jpg
E,4,1081,DTASET A-Z/E/1081.jpg
E,4,1082,DTASET A-Z/E/1082.jpg
E,4,1083,DTASET A-Z/E/1083.jpg
E,4,1084,DTASET A-Z/E/1084.jpg
E,4,1085,DTASET A-Z/E/1085.jpg
E,4,1086,DTASET A-Z/E/1086.jpg
E,4,1087,DTASET A-Z/E/1087.jpg
E,4,1088,DTASET A-Z/E/1088.jpg
E,4,1089,DTASET A-Z/E/1089.jpg
E,4,1090,DTASET A-Z/E/1090.jpg
E,4,1091,DTASET A-Z/E/1091.jpg
E,4,1092,DTASET A-Z/E/1092.jpg
E,4,1093,DTASET A-Z/E/1093.jpg
E,4,1094,DTASET A-Z/E/1094.jpg
E,4,1095,DTASET A-Z/E/1095.jpg
E,4,1096,DTASET A-Z/E/1096.jpg
E,4,1097,DTASET A-Z/E/1097.jpg
E,4,1098,DTASET A-Z/E/1098.jpg
E,4,1099,DTASET A-Z/E/1099.jpg
E,4,1100,DTASET A-Z/E/1100.jpg
E,4,1101,DTASET A-Z/E/1101.jpg
E,4,1102,DTASET A-Z/E/1102.jpg
E,4,1103,DTASET A-Z/E/1103.jpg
E,4,1104,DTASET A-Z/E/1104.jpg
E,4,1105,DTASET A-Z/E/1105.jpg
E,4,1106,DTASET A-Z/E/1106.jpg
E,4,1107,DTASET A-Z/E/1107.jpg
E,4,1108,DTASET A-Z/E/1108.jpg
E,4,1109,DTASET A-Z/E/1109.jpg
E,4,1110,DTASET A-Z/E/1110.jpg
E,4,1111,DTASET A-Z/E/1111.jpg
E,4,1112,DTASET A-Z/E/1112.jpg
E,4,1113,DTASET A-Z/E/1113.jpg
E,4,1114,DTASET A-Z/E/1114.jpg
E,4,1115,DTASET A-Z/E/1115.jpg
E,4,1116,DTASET A-Z/E/1116.jpg
E,4,1117,DTASET A-Z/E/1117.jpg
E,4,1118,DTASET A-Z/E/1118.jpg
E,4,1119,DTASET A-Z/E/1119.jpg
E,4,1120,DTASET A-Z/E/1120.jpg
E,4,1121,DTASET A-Z/E/1121.jpg
E,4,1122,DTASET A-Z/E/1122.jpg
E,4,1123,DTASET A-Z/E/1123.jpg
E,4,1124,DTASET A-Z/E/1124.jpg
E,4,1125,DTASET A-Z/E/1125.jpg
E,4,1126,DTASET A-Z/E/1126.jpg
E,4,1127,DTASET A-Z/E/1127.jpg
E,4,1128,DTASET A-Z/E/1128.jpg
E,4,1129,DTASET A-Z/E/1129.jpg
E,4,1130,DTASET A-Z/E/1130.jpg
E,4,1131,DTASET A-Z/E/1131.jpg
E,4,1132,DTASET A-Z/E/1132.jpg
E,4,1133,DTASET A-Z/E/1133.jpg
E,4,1134,DTASET A-Z/E/1134.jpg
E,4,1135,DTASET A-Z/E/1135.jpg
E,4,1136,DTASET A-Z/E/1136.jpg
E,4,1137,DTASET A-Z/E/1137.jpg
E,4,1138,DTASET A-Z/E/1138.jpg
E,4,1139,DTASET A-Z/E/1139.jpg
E,4,1140,DTASET A-Z/E/1140.jpg
E,4,1141,DTASET A-Z/E/1141.jpg
E,4,1142,DTASET A-Z/E/1142.jpg
E,4,1143,DTASET A-Z/E/1143.jpg
E,4,1144,DTASET A-Z/E/1144.jpg
E,4,1145,DTASET A-Z/E/1145.jpg
E,4,1146,DTASET A-Z/E/1146.jpg
E,4,1147,DTASET A-Z/E/1147.jpg
E,4,1148,DTASET A-Z/E/1148.jpg
E,4,1149,DTASET A-Z/E/1149.jpg
E,4,1150,DTASET A-Z/E/1150.jpg
E,4,1151,DTASET A-Z/E/1151.jpg
E,4,1152,DTASET A-Z/E/1152.jpg
E,4,1153,DTASET A-Z/E/1153.jpg
E,4,1154,DTASET A-Z/E/1154.jpg
E,4,1155,DTASET A-Z/E/1155.jpg
E,4,1156,DTASET A-Z/E/1156.jpg
E,4,1157,DTASET A-Z/E/1157.jpg
E,4,1158,DTASET A-Z/E/1158.jpg
E,4,1159,DTASET A-Z/E/1159.jpg
E,4,1160,DTASET A-Z/E/1160.jpg
E,4,1161,DTASET A-Z/E/1161.jpg
E,4,1162,DTASET A-Z/E/1162.jpg
E,4,1163,DTASET A-Z/E/1163.jpg
E,4,1164,DTASET A-Z/E/1164.jpg
E,4,1165,DTASET A-Z/E/1165.jpg
E,4,1166,DTASET A-Z/E/1166.jpg
E,4,1167,DTASET A-Z/E/1167.jpg
E,4,1168,DTASET A-Z/E/1168.jpg
E,4,1169,DTASET A-Z/E/1169.jpg
E,4,1170,DTASET A-Z/E/1170.jpg
E,4,1171,DTASET A-Z/E/1171.jpg
E,4,1172,DTASET A-Z/E/1172.jpg
E,4,1173,DTASET A-Z/E/1173.jpg
E,4,1174,DTASET A-Z/E/1174.jpg
E,4,1175,DTASET A-Z/E/1175.jpg
E,4,1176,DTASET A-Z/E/1176.jpg
E,4,1177,DTASET A-Z/E/1177.jpg
E,4,1178,DTASET A-Z/E/1178.jpg
E,4,1179,DTASET A-Z/E/1179.jpg
E,4,1180,DTASET A-Z/E/1180.jpg
E,4,1181,DTASET A-Z/E/1181.jpg
E,4,1182,DTASET A-Z/E/1182.jpg
E,4,1183,DTASET A-Z/E/1183.jpg
E,4,1184,DTASET A-Z/E/1184.jpg
E,4,1185,DTASET A-Z/E/1185.jpg
E,4,1186,DTASET A-Z/E/1186.jpg
E,4,1187,DTASET A-Z/E/1187.jpg
E,4,1188,DTASET A-Z/E/1188.jpg
E,4,1189,DTASET A-Z/E/1189.jpg
E,4,1190,DTASET A-Z/E/1190.jpg
E,4,1191,DTASET A-Z/E/1191.jpg
E,4,1192,DTASET A-Z/E/1192.jpg
E,4,1193,DTASET A-Z/E/1193.jpg
E,4,1194,DTASET A-Z/E/1194.jpg
E,4,1195,DTASET A-Z/E/1195.jpg
E,4,1196,DTASET A-Z/E/1196.jpg
E,4,1197,DTASET A-Z/E/1197.jpg
E,4,1198,DTASET A-Z/E/1198.jpg
E,4,1199,DTASET A-Z/E/1199.jpg
F,5,0,DTASET A-Z/F/0.jpg
F,5,1,DTASET A-Z/F/1.jpg
F,5,2,DTASET A-Z/F/2.jpg
F,5,3,DTASET A-Z/F/3.jpg
F,5,4,DTASET A-Z/F/4.jpg
F,5,5,DTASET A-Z/F/5.jpg
F,5,6,DTASET A-Z/F/6.jpg
F,5,7,DTASET A-Z/F/7.jpg
F,5,8,DTASET A-Z/F/8.jpg
F,5,9,DTASET A-Z/F/9.jpg
F,5,10,DTASET A-Z/F/10.jpg
F,5,11,DTASET A-Z/F/11.jpg
F,5,12,DTASET A-Z/F/12.jpg
F,5,13,DTASET A-Z/F/13.jpg
F,5,14,DTASET A-Z/F/14.jpg
F,5,15,DTASET A-Z/F/15.jpg
F,5,16,DTASET A-Z/F/16.jpg
F,5,17,DTASET A-Z/F/17.jpg
F,5,18,DTASET A-Z/F/18.jpg
F,5,19,DTASET A-Z/F/19.jpg
F,5,20,DTASET A-Z/F/20.jpg
F,5,21,DTASET A-Z/F/21.jpg
F,5,22,DTASET A-Z/F/22.jpg
F,5,23,DTASET A-Z/F/23.jpg
F,5,24,DTASET A-Z/F/24.jpg
F,5,25,DTASET A-Z/F/25.jpg
F,5,26,DTASET A-Z/F/26.jpg
F,5,27,DTASET A-Z/F/27.jpg
F,5,28,DTASET A-Z/F/28.jpg
F,5,29,DTASET A-Z/F/29.jpg
F,5,30,DTASET A-Z/F/30.jpg
F,5,31,DTASET A-Z/F/31.jpg
F,5,32,DTASET A-Z/F/32.jpg
F,5,33,DTASET A-Z/F/33.jpg
F,5,34,DTASET A-Z/F/34.jpg
F,5,35,DTASET A-Z/F/35.jpg
F,5,36,DTASET A-Z/F/36.jpg
F,5,37,DTASET A-Z/F/37.jpg
F,5,38,DTASET A-Z/F/38.jpg
F,5,39,DTASET A-Z/F/39.jpg
F,5,40,DTASET A-Z/F/40.jpg
F,5,41,DTASET A-Z/F/41.jpg
F,5,42,DTASET A-Z/F/42.jpg
F,5,43,DTASET A-Z/F/43.jpg
F,5,44,DTASET A-Z/F/44.jpg
F,5,45,DTASET A-Z/F/45.jpg
F,5,46,DTASET A-Z/F/46.jpg
F,5,47,DTASET A-Z/F/47.jpg
F,5,48,DTASET A-Z/F/48.jpg
F,5,49,DTASET A-Z/F/49.jpg
F,5,50,DTASET A-Z/F/50.jpg
F,5,51,DTASET A-Z/F/51.jpg
F,5,52,DTASET A-Z/F/52.jpg
F,5,53,DTASET A-Z/F/53.jpg
F,5,54,DTASET A-Z/F/54.jpg
F,5,55,DTASET A-Z/F/55.jpg
F,5,56,DTASET A-Z/F/56.jpg
F,5,57,DTASET A-Z/F/57.jpg
F,5,58,DTASET A-Z/F/58.jpg
F,5,59,DTASET A-Z/F/59.jpg
F,5,60,DTASET A-Z/F/60.jpg
F,5,61,DTASET A-Z/F/61.jpg
F,5,62,DTASET A-Z/F/62.jpg
F,5,63,DTASET A-Z/F/63.jpg
F,5,64,DTASET A-Z/F/64.jpg
F,5,65,DTASET A-Z/F/65.jpg
F,5,66,DTASET A-Z/F/66.jpg
F,5,67,DTASET A-Z/F/67.jpg
F,5,68,DTASET A-Z/F/68.jpg
F,5,69,DTASET A-Z/F/69.jpg
F,5,70,DTASET A-Z/F/70.jpg
F,5,71,DTASET A-Z/F/71.jpg
F,5,72,DTASET A-Z/F/72.jpg
F,5,73,DTASET A-Z/F/73.jpg
F,5,74,DTASET A-Z/F/74.jpg
F,5,75,DTASET A-Z/F/75.jpg
F,5,76,DTASET A-Z/F/76.jpg
F,5,77,DTASET A-Z/F/77.jpg
F,5,78,DTASET A-Z/F/78.jpg
F,5,79,DTASET A-Z/F/79.jpg
F,5,80,DTASET A-Z/F/80.jpg
F,5,81,DTASET A-Z/F/81.jpg
F,5,82,DTASET A-Z/F/82.jpg
F,5,83,DTASET A-Z/F/83.jpg
F,5,84,DTASET A-Z/F/84.jpg
F,5,85,DTASET A-Z/F/85.jpg
F,5,86,DTASET A-Z/F/86.jpg
F,5,87,DTASET A-Z/F/87.jpg
F,5,88,DTASET A-Z/F/88.jpg
F,5,89,DTASET A-Z/F/89.jpg
F,5,90,DTASET A-Z/F/90.jpg
F,5,91,DTASET A-Z/F/91.jpg
F,5,92,DTASET A-Z/F/92.jpg
F,5,93,DTASET A-Z/F/93.jpg
F,5,94,DTASET A-Z/F/94.jpg
F,5,95,DTASET A-Z/F/95.jpg
F,5,96,DTASET A-Z/F/96.jpg
F,5,97,DTASET A-Z/F/97.jpg
F,5,98,DTASET A-Z/F/98.jpg
F,5,99,DTASET A-Z/F/99.jpg
F,5,100,DTASET A-Z/F/100.jpg
F,5,101,DTASET A-Z/F/101.jpg
F,5,102,DTASET A-Z/F/102.jpg
F,5,103,DTASET A-Z/F/103.jpg
F,5,104,DTASET A-Z/F/104.jpg
F,5,105,DTASET A-Z/F/105.jpg
F,5,106,DTASET A-Z/F/106.jpg
F,5,107,DTASET A-Z/F/107.jpg
F,5,108,DTASET A-Z/F/108.jpg
F,5,109,DTASET A-Z/F/109.jpg
F,5,110,DTASET A-Z/F/110.jpg
F,5,111,DTASET A-Z/F/111.jpg
F,5,112,DTASET A-Z/F/112.jpg
F,5,113,DTASET A-Z/F/113.jpg
F,5,114,DTASET A-Z/F/114.jpg
F,5,115,DTASET A-Z/F/115.jpg
F,5,116,DTASET A-Z/F/116.jpg
F,5,117,DTASET A-Z/F/117.jpg
F,5,118,DTASET A-Z/F/118.jpg
F,5,119,DTASET A-Z/F/119.jpg
F,5,120,DTASET A-Z/F/120.jpg
F,5,121,DTASET A-Z/F/121.jpg
F,5,122,DTASET A-Z/F/122.jpg
F,5,123,DTASET A-Z/F/123.jpg
F,5,124,DTASET A-Z/F/124.jpg
F,5,125,DTASET A-Z/F/125.jpg
F,5,126,DTASET A-Z/F/126.jpg
F,5,127,DTASET A-Z/F/127.jpg
F,5,128,DTASET A-Z/F/128.jpg
F,5,129,DTASET A-Z/F/129.jpg
F,5,130,DTASET A-Z/F/130.jpg
F,5,131,DTASET A-Z/F/131.jpg
F,5,132,DTASET A-Z/F/132.jpg
F,5,133,DTASET A-Z/F/133.jpg
F,5,134,DTASET A-Z/F/134.jpg
F,5,135,DTASET A-Z/F/135.jpg
F,5,136,DTASET A-Z/F/136.jpg
F,5,137,DTASET A-Z/F/137.jpg
F,5,138,DTASET A-Z/F/138.jpg
F,5,139,DTASET A-Z/F/139.jpg
F,5,140,DTASET A-Z/F/140.jpg
F,5,141,DTASET A-Z/F/141.jpg
F,5,142,DTASET A-Z/F/142.jpg
F,5,143,DTASET A-Z/F/143.jpg
F,5,144,DTASET A-Z/F/144.jpg
F,5,145,DTASET A-Z/F/145.jpg
F,5,146,DTASET A-Z/F/146.jpg
F,5,147,DTASET A-Z/F/147.jpg
F,5,148,DTASET A-Z/F/148.jpg
F,5,149,DTASET A-Z/F/149.jpg
F,5,150,DTASET A-Z/F/150.jpg
F,5,151,DTASET A-Z/F/151.jpg
F,5,152,DTASET A-Z/F/152.jpg
F,5,153,DTASET A-Z/F/153.jpg
F,5,154,DTASET A-Z/F/154.jpg
F,5,155,DTASET A-Z/F/155.jpg
F,5,156,DTASET A-Z/F/156.jpg
F,5,157,DTASET A-Z/F/157.jpg
F,5,158,DTASET A-Z/F/158.jpg
F,5,159,DTASET A-Z/F/159.jpg
F,5,160,DTASET A-Z/F/160.jpg
F,5,161,DTASET A-Z/F/161.jpg
F,5,162,DTASET A-Z/F/162.jpg
F,5,163,DTASET A-Z/F/163.jpg
F,5,164,DTASET A-Z/F/164.jpg
F,5,165,DTASET A-Z/F/165.jpg
F,5,166,DTASET A-Z/F/166.jpg
F,5,167,DTASET A-Z/F/167.jpg
F,5,168,DTASET A-Z/F/168.jpg
F,5,169,DTASET A-Z/F/169.jpg
F,5,170,DTASET A-Z/F/170.jpg
F,5,171,DTASET A-Z/F/171.jpg
F,5,172,DTASET A-Z/F/172.jpg
F,5,173,DTASET A-Z/F/173.jpg
F,5,174,DTASET A-Z/F/174.jpg
F,5,175,DTASET A-Z/F/175.jpg
F,5,176,DTASET A-Z/F/176.jpg
F,5,177,DTASET A-Z/F/177.jpg
F,5,178,DTASET A-Z/F/178.jpg
F,5,179,DTASET A-Z/F/179.jpg
F,5,180,DTASET A-Z/F/180.jpg
F,5,181,DTASET A-Z/F/181.jpg
F,5,182,DTASET A-Z/F/182.jpg
F,5,183,DTASET A-Z/F/183.jpg
F,5,184,DTASET A-Z/F/184.jpg
F,5,185,DTASET A-Z/F/185.jpg
F,5,186,DTASET A-Z/F/186.jpg
F,5,187,DTASET A-Z/F/187.jpg
F,5,188,DTASET A-Z/F/188.jpg
F,5,189,DTASET A-Z/F/189.jpg
F,5,190,DTASET A-Z/F/190.jpg
F,5,191,DTASET A-Z/F/191.jpg
F,5,192,DTASET A-Z/F/192.jpg
F,5,193,DTASET A-Z/F/193.jpg
F,5,194,DTASET A-Z/F/194.jpg
F,5,195,DTASET A-Z/F/195.jpg
F,5,196,DTASET A-Z/F/196.jpg
F,5,197,DTASET A-Z/F/197.jpg
F,5,198,DTASET A-Z/F/198.jpg
F,5,199,DTASET A-Z/F/199.jpg
F,5,200,DTASET A-Z/F/200.jpg
F,5,201,DTASET A-Z/F/201.jpg
F,5,202,DTASET A-Z/F/202.jpg
F,5,203,DTASET A-Z/F/203.jpg
F,5,204,DTASET A-Z/F/204.jpg
F,5,205,DTASET A-Z/F/205.jpg
F,5,206,DTASET A-Z/F/206.jpg
F,5,207,DTASET A-Z/F/207.jpg
F,5,208,DTASET A-Z/F/208.jpg
F,5,209,DTASET A-Z/F/209.jpg
F,5,210,DTASET A-Z/F/210.jpg
F,5,211,DTASET A-Z/F/211.jpg
F,5,212,DTASET A-Z/F/212.jpg
F,5,213,DTASET A-Z/F/213.jpg
F,5,214,DTASET A-Z/F/214.jpg
F,5,215,DTASET A-Z/F/215.jpg
F,5,216,DTASET A-Z/F/216.jpg
F,5,217,DTASET A-Z/F/217.jpg
F,5,218,DTASET A-Z/F/218.jpg
F,5,219,DTASET A-Z/F/219.jpg
F,5,220,DTASET A-Z/F/220.jpg
F,5,221,DTASET A-Z/F/221.jpg
F,5,222,DTASET A-Z/F/222.jpg
F,5,223,DTASET A-Z/F/223.jpg
F,5,224,DTASET A-Z/F/224.jpg
F,5,225,DTASET A-Z/F/225.jpg
F,5,226,DTASET A-Z/F/226.jpg
F,5,227,DTASET A-Z/F/227.jpg
F,5,228,DTASET A-Z/F/228.jpg
F,5,229,DTASET A-Z/F/229.jpg
F,5,230,DTASET A-Z/F/230.jpg
F,5,231,DTASET A-Z/F/231.jpg
F,5,232,DTASET A-Z/F/232.jpg
F,5,233,DTASET A-Z/F/233.jpg
F,5,234,DTASET A-Z/F/234.jpg
F,5,235,DTASET A-Z/F/235.jpg
F,5,236,DTASET A-Z/F/236.jpg
F,5,237,DTASET A-Z/F/237.jpg
F,5,238,DTASET A-Z/F/238.jpg
F,5,239,DTASET A-Z/F/239.jpg
F,5,240,DTASET A-Z/F/240.jpg
F,5,241,DTASET A-Z/F/241.jpg
F,5,242,DTASET A-Z/F/242.jpg
F,5,243,DTASET A-Z/F/243.jpg
F,5,244,DTASET A-Z/F/244.jpg
F,5,245,DTASET A-Z/F/245.jpg
F,5,246,DTASET A-Z/F/246.jpg
F,5,247,DTASET A-Z/F/247.jpg
F,5,248,DTASET A-Z/F/248.jpg
F,5,249,DTASET A-Z/F/249.jpg
F,5,250,DTASET A-Z/F/250.jpg
F,5,251,DTASET A-Z/F/251.jpg
F,5,252,DTASET A-Z/F/252.jpg
F,5,253,DTASET A-Z/F/253.jpg
F,5,254,DTASET A-Z/F/254.jpg
F,5,255,DTASET A-Z/F/255.jpg
F,5,256,DTASET A-Z/F/256.jpg
F,5,257,DTASET A-Z/F/257.jpg
F,5,258,DTASET A-Z/F/258.jpg
F,5,259,DTASET A-Z/F/259.jpg
F,5,260,DTASET A-Z/F/260.jpg
F,5,261,DTASET A-Z/F/261.jpg
F,5,262,DTASET A-Z/F/262.jpg
F,5,263,DTASET A-Z/F/263.jpg
F,5,264,DTASET A-Z/F/264.jpg
F,5,265,DTASET A-Z/F/265.jpg
F,5,266,DTASET A-Z/F/266.jpg
F,5,267,DTASET A-Z/F/267.jpg
F,5,268,DTASET A-Z/F/268.jpg
F,5,269,DTASET A-Z/F/269.jpg
F,5,270,DTASET A-Z/F/270.jpg
F,5,271,DTASET A-Z/F/271.jpg
F,5,272,DTASET A-Z/F/272.jpg
F,5,273,DTASET A-Z/F/273.jpg
F,5,274,DTASET A-Z/F/274.jpg
F,5,275,DTASET A-Z/F/275.jpg
F,5,276,DTASET A-Z/F/276.jpg
F,5,277,DTASET A-Z/F/277.jpg
F,5,278,DTASET A-Z/F/278.jpg
F,5,279,DTASET A-Z/F/279.jpg
F,5,280,DTASET A-Z/F/280.jpg
F,5,281,DTASET A-Z/F/281.jpg
F,5,282,DTASET A-Z/F/282.jpg
F,5,283,DTASET A-Z/F/283.jpg
F,5,284,DTASET A-Z/F/284.jpg
F,5,285,DTASET A-Z/F/285.jpg
F,5,286,DTASET A-Z/F/286.jpg
F,5,287,DTASET A-Z/F/287.jpg
F,5,288,DTASET A-Z/F/288.jpg
F,5,289,DTASET A-Z/F/289.jpg
F,5,290,DTASET A-Z/F/290.jpg
F,5,291,DTASET A-Z/F/291.jpg
F,5,292,DTASET A-Z/F/292.jpg
F,5,293,DTASET A-Z/F/293.jpg
F,5,294,DTASET A-Z/F/294.jpg
F,5,295,DTASET A-Z/F/295.jpg
F,5,296,DTASET A-Z/F/296.jpg
F,5,297,DTASET A-Z/F/297.jpg
F,5,298,DTASET A-Z/F/298.jpg
F,5,299,DTASET A-Z/F/299.jpg
F,5,300,DTASET A-Z/F/300.jpg
F,5,301,DTASET A-Z/F/301.jpg
F,5,302,DTASET A-Z/F/302.jpg
F,5,303,DTASET A-Z/F/303.jpg
F,5,304,DTASET A-Z/F/304.jpg
F,5,305,DTASET A-Z/F/305.jpg
F,5,306,DTASET A-Z/F/306.jpg
F,5,307,DTASET A-Z/F/307.jpg
F,5,308,DTASET A-Z/F/308.jpg
F,5,309,DTASET A-Z/F/309.jpg
F,5,310,DTASET A-Z/F/310.jpg
F,5,311,DTASET A-Z/F/311.jpg
F,5,312,DTASET A-Z/F/312.jpg
F,5,313,DTASET A-Z/F/313.jpg
F,5,314,DTASET A-Z/F/314.jpg
F,5,315,DTASET A-Z/F/315.jpg
F,5,316,DTASET A-Z/F/316.jpg
F,5,317,DTASET A-Z/F/317.jpg
F,5,318,DTASET A-Z/F/318.jpg
F,5,319,DTASET A-Z/F/319.jpg
F,5,320,DTASET A-Z/F/320.jpg
F,5,321,DTASET A-Z/F/321.jpg
F,5,322,DTASET A-Z/F/322.jpg
F,5,323,DTASET A-Z/F/323.jpg
F,5,324,DTASET A-Z/F/324.jpg
F,5,325,DTASET A-Z/F/325.jpg
F,5,326,DTASET A-Z/F/326.jpg
F,5,327,DTASET A-Z/F/327.jpg
F,5,328,DTASET A-Z/F/328.jpg
F,5,329,DTASET A-Z/F/329.jpg
F,5,330,DTASET A-Z/F/330.jpg
F,5,331,DTASET A-Z/F/331.jpg
F,5,332,DTASET A-Z/F/332.jpg
F,5,333,DTASET A-Z/F/333.jpg
F,5,334,DTASET A-Z/F/334.jpg
F,5,335,DTASET A-Z/F/335.jpg
F,5,336,DTASET A-Z/F/336.jpg
F,5,337,DTASET A-Z/F/337.jpg
F,5,338,DTASET A-Z/F/338.jpg
F,5,339,DTASET A-Z/F/339.jpg
F,5,340,DTASET A-Z/F/340.jpg
F,5,341,DTASET A-Z/F/341.jpg
F,5,342,DTASET A-Z/F/342.jpg
F,5,343,DTASET A-Z/F/343.jpg
F,5,344,DTASET A-Z/F/344.jpg
F,5,345,DTASET A-Z/F/345.jpg
F,5,346,DTASET A-Z/F/346.jpg
F,5,347,DTASET A-Z/F/347.jpg
F,5,348,DTASET A-Z/F/348.jpg
F,5,349,DTASET A-Z/F/349.jpg
F,5,350,DTASET A-Z/F/350.jpg
F,5,351,DTASET A-Z/F/351.jpg
F,5,352,DTASET A-Z/F/352.jpg
F,5,353,DTASET A-Z/F/353.jpg
F,5,354,DTASET A-Z/F/354.jpg
F,5,355,DTASET A-Z/F/355.jpg
F,5,356,DTASET A-Z/F/356.jpg
F,5,357,DTASET A-Z/F/357.jpg
F,5,358,DTASET A-Z/F/358.jpg
F,5,359,DTASET A-Z/F/359.jpg
F,5,360,DTASET A-Z/F/360.jpg
F,5,361,DTASET A-Z/F/361.jpg
F,5,362,DTASET A-Z/F/362.jpg
F,5,363,DTASET A-Z/F/363.jpg
F,5,364,DTASET A-Z/F/364.jpg
F,5,365,DTASET A-Z/F/365.jpg
F,5,366,DTASET A-Z/F/366.jpg
F,5,367,DTASET A-Z/F/367.jpg
F,5,368,DTASET A-Z/F/368.jpg
F,5,369,DTASET A-Z/F/369.jpg
F,5,370,DTASET A-Z/F/370.jpg
F,5,371,DTASET A-Z/F/371.jpg
F,5,372,DTASET A-Z/F/372.jpg
F,5,373,DTASET A-Z/F/373.jpg
F,5,374,DTASET A-Z/F/374.jpg
F,5,375,DTASET A-Z/F/375.jpg
F,5,376,DTASET A-Z/F/376.jpg
F,5,377,DTASET A-Z/F/377.jpg
F,5,378,DTASET A-Z/F/378.jpg
F,5,379,DTASET A-Z/F/379.jpg
F,5,380,DTASET A-Z/F/380.jpg
F,5,381,DTASET A-Z/F/381.jpg
F,5,382,DTASET A-Z/F/382.jpg
F,5,383,DTASET A-Z/F/383.jpg
F,5,384,DTASET A-Z/F/384.jpg
F,5,385,DTASET A-Z/F/385.jpg
F,5,386,DTASET A-Z/F/386.jpg
F,5,387,DTASET A-Z/F/387.jpg
F,5,388,DTASET A-Z/F/388.jpg
F,5,389,DTASET A-Z/F/389.jpg
F,5,390,DTASET A-Z/F/390.jpg
F,5,391,DTASET A-Z/F/391.jpg
F,5,392,DTASET A-Z/F/392.jpg
F,5,393,DTASET A-Z/F/393.jpg
F,5,394,DTASET A-Z/F/394.jpg
F,5,395,DTASET A-Z/F/395.jpg
F,5,396,DTASET A-Z/F/396.jpg
F,5,397,DTASET A-Z/F/397.jpg
F,5,398,DTASET A-Z/F/398.jpg
F,5,399,DTASET A-Z/F/399.jpg
F,5,400,DTASET A-Z/F/400.jpg
F,5,401,DTASET A-Z/F/401.jpg
F,5,402,DTASET A-Z/F/402.jpg
F,5,403,DTASET A-Z/F/403.jpg
F,5,404,DTASET A-Z/F/404.jpg
F,5,405,DTASET A-Z/F/405.jpg
F,5,406,DTASET A-Z/F/406.jpg
F,5,407,DTASET A-Z/F/407.jpg
F,5,408,DTASET A-Z/F/408.jpg
F,5,409,DTASET A-Z/F/409.jpg
F,5,410,DTASET A-Z/F/410.jpg
F,5,411,DTASET A-Z/F/411.jpg
F,5,412,DTASET A-Z/F/412.jpg
F,5,413,DTASET A-Z/F/413.jpg
F,5,414,DTASET A-Z/F/414.jpg
F,5,415,DTASET A-Z/F/415.jpg
F,5,416,DTASET A-Z/F/416.jpg
F,5,417,DTASET A-Z/F/417.jpg
F,5,418,DTASET A-Z/F/418.jpg
F,5,419,DTASET A-Z/F/419.jpg
F,5,420,DTASET A-Z/F/420.jpg
F,5,421,DTASET A-Z/F/421.jpg
F,5,422,DTASET A-Z/F/422.jpg
F,5,423,DTASET A-Z/F/423.jpg
F,5,424,DTASET A-Z/F/424.jpg
F,5,425,DTASET A-Z/F/425.jpg
F,5,426,DTASET A-Z/F/426.jpg
F,5,427,DTASET A-Z/F/427.jpg
F,5,428,DTASET A-Z/F/428.jpg
F,5,429,DTASET A-Z/F/429.jpg
F,5,430,DTASET A-Z/F/430.jpg
F,5,431,DTASET A-Z/F/431.jpg
F,5,432,DTASET A-Z/F/432.jpg
F,5,433,DTASET A-Z/F/433.jpg
F,5,434,DTASET A-Z/F/434.jpg
F,5,435,DTASET A-Z/F/435.jpg
F,5,436,DTASET A-Z/F/436.jpg
F,5,437,DTASET A-Z/F/437.jpg
F,5,438,DTASET A-Z/F/438.jpg
F,5,439,DTASET A-Z/F/439.jpg
F,5,440,DTASET A-Z/F/440.jpg
F,5,441,DTASET A-Z/F/441.jpg
F,5,442,DTASET A-Z/F/442.jpg
F,5,443,DTASET A-Z/F/443.jpg
F,5,444,DTASET A-Z/F/444.jpg
F,5,445,DTASET A-Z/F/445.jpg
F,5,446,DTASET A-Z/F/446.jpg
F,5,447,DTASET A-Z/F/447.jpg
F,5,448,DTASET A-Z/F/448.jpg
F,5,449,DTASET A-Z/F/449.jpg
F,5,450,DTASET A-Z/F/450.jpg
F,5,451,DTASET A-Z/F/451.jpg
F,5,452,DTASET A-Z/F/452.jpg
F,5,453,DTASET A-Z/F/453.jpg
F,5,454,DTASET A-Z/F/454.jpg
F,5,455,DTASET A-Z/F/455.jpg
F,5,456,DTASET A-Z/F/456.jpg
F,5,457,DTASET A-Z/F/457.jpg
F,5,458,DTASET A-Z/F/458.jpg
F,5,459,DTASET A-Z/F/459.jpg
F,5,460,DTASET A-Z/F/460.jpg
F,5,461,DTASET A-Z/F/461.jpg
F,5,462,DTASET A-Z/F/462.jpg
F,5,463,DTASET A-Z/F/463.jpg
F,5,464,DTASET A-Z/F/464.jpg
F,5,465,DTASET A-Z/F/465.jpg
F,5,466,DTASET A-Z/F/466.jpg
F,5,467,DTASET A-Z/F/467.jpg
F,5,468,DTASET A-Z/F/468.jpg
F,5,469,DTASET A-Z/F/469.jpg
F,5,470,DTASET A-Z/F/470.jpg
F,5,471,DTASET A-Z/F/471.jpg
F,5,472,DTASET A-Z/F/472.jpg
F,5,473,DTASET A-Z/F/473.jpg
F,5,474,DTASET A-Z/F/474.jpg
F,5,475,DTASET A-Z/F/475.jpg
F,5,476,DTASET A-Z/F/476.jpg
F,5,477,DTASET A-Z/F/477.jpg
F,5,478,DTASET A-Z/F/478.jpg
F,5,479,DTASET A-Z/F/479.jpg
F,5,480,DTASET A-Z/F/480.jpg
F,5,481,DTASET A-Z/F/481.jpg
F,5,482,DTASET A-Z/F/482.jpg
F,5,483,DTASET A-Z/F/483.jpg
F,5,484,DTASET A-Z/F/484.jpg
F,5,485,DTASET A-Z/F/485.jpg
F,5,486,DTASET A-Z/F/486.jpg
F,5,487,DTASET A-Z/F/487.jpg
F,5,488,DTASET A-Z/F/488.jpg
F,5,489,DTASET A-Z/F/489.jpg
F,5,490,DTASET A-Z/F/490.jpg
F,5,491,DTASET A-Z/F/491.jpg
F,5,492,DTASET A-Z/F/492.jpg
F,5,493,DTASET A-Z/F/493.jpg
F,5,494,DTASET A-Z/F/494.jpg
F,5,495,DTASET A-Z/F/495.jpg
F,5,496,DTASET A-Z/F/496.jpg
F,5,497,DTASET A-Z/F/497.jpg
F,5,498,DTASET A-Z/F/498.jpg
F,5,499,DTASET A-Z/F/499.jpg
F,5,500,DTASET A-Z/F/500.jpg
F,5,501,DTASET A-Z/F/501.jpg
F,5,502,DTASET A-Z/F/502.jpg
F,5,503,DTASET A-Z/F/503.jpg
F,5,504,DTASET A-Z/F/504.jpg
F,5,505,DTASET A-Z/F/505.jpg
F,5,506,DTASET A-Z/F/506.jpg
F,5,507,DTASET A-Z/F/507.jpg
F,5,508,DTASET A-Z/F/508.jpg
F,5,509,DTASET A-Z/F/509.jpg
F,5,510,DTASET A-Z/F/510.jpg
F,5,511,DTASET A-Z/F/511.jpg
F,5,512,DTASET A-Z/F/512.jpg
F,5,513,DTASET A-Z/F/513.jpg
F,5,514,DTASET A-Z/F/514.jpg
F,5,515,DTASET A-Z/F/515.jpg
F,5,516,DTASET A-Z/F/516.jpg
F,5,517,DTASET A-Z/F/517.jpg
F,5,518,DTASET A-Z/F/518.jpg
F,5,519,DTASET A-Z/F/519.jpg
F,5,520,DTASET A-Z/F/520.jpg
F,5,521,DTASET A-Z/F/521.jpg
F,5,522,DTASET A-Z/F/522.jpg
F,5,523,DTASET A-Z/F/523.jpg
F,5,524,DTASET A-Z/F/524.jpg
F,5,525,DTASET A-Z/F/525.jpg
F,5,526,DTASET A-Z/F/526.jpg
F,5,527,DTASET A-Z/F/527.jpg
F,5,528,DTASET A-Z/F/528.jpg
F,5,529,DTASET A-Z/F/529.jpg
F,5,530,DTASET A-Z/F/530.jpg
F,5,531,DTASET A-Z/F/531.jpg
F,5,532,DTASET A-Z/F/532.jpg
F,5,533,DTASET A-Z/F/533.jpg
F,5,534,DTASET A-Z/F/534.jpg
F,5,535,DTASET A-Z/F/535.jpg
F,5,536,DTASET A-Z/F/536.jpg
F,5,537,DTASET A-Z/F/537.jpg
F,5,538,DTASET A-Z/F/538.jpg
F,5,539,DTASET A-Z/F/539.jpg
F,5,540,DTASET A-Z/F/540.jpg
F,5,541,DTASET A-Z/F/541.jpg
F,5,542,DTASET A-Z/F/542.jpg
F,5,543,DTASET A-Z/F/543.jpg
F,5,544,DTASET A-Z/F/544.jpg
F,5,545,DTASET A-Z/F/545.jpg
F,5,546,DTASET A-Z/F/546.jpg
F,5,547,DTASET A-Z/F/547.jpg
F,5,548,DTASET A-Z/F/548.jpg
F,5,549,DTASET A-Z/F/549.jpg
F,5,550,DTASET A-Z/F/550.jpg
F,5,551,DTASET A-Z/F/551.jpg
F,5,552,DTASET A-Z/F/552.jpg
F,5,553,DTASET A-Z/F/553.jpg
F,5,554,DTASET A-Z/F/554.jpg
F,5,555,DTASET A-Z/F/555.jpg
F,5,556,DTASET A-Z/F/556.jpg
F,5,557,DTASET A-Z/F/557.jpg
F,5,558,DTASET A-Z/F/558.jpg
F,5,559,DTASET A-Z/F/559.jpg
F,5,560,DTASET A-Z/F/560.jpg
F,5,561,DTASET A-Z/F/561.jpg
F,5,562,DTASET A-Z/F/562.jpg
F,5,563,DTASET A-Z/F/563.jpg
F,5,564,DTASET A-Z/F/564.jpg
F,5,565,DTASET A-Z/F/565.jpg
F,5,566,DTASET A-Z/F/566.jpg
F,5,567,DTASET A-Z/F/567.jpg
F,5,568,DTASET A-Z/F/568.jpg
F,5,569,DTASET A-Z/F/569.jpg
F,5,570,DTASET A-Z/F/570.jpg
F,5,571,DTASET A-Z/F/571.jpg
F,5,572,DTASET A-Z/F/572.jpg
F,5,573,DTASET A-Z/F/573.jpg
F,5,574,DTASET A-Z/F/574.jpg
F,5,575,DTASET A-Z/F/575.jpg
F,5,576,DTASET A-Z/F/576.jpg
F,5,577,DTASET A-Z/F/577.jpg
F,5,578,DTASET A-Z/F/578.jpg
F,5,579,DTASET A-Z/F/579.jpg
F,5,580,DTASET A-Z/F/580.jpg
F,5,581,DTASET A-Z/F/581.jpg
F,5,582,DTASET A-Z/F/582.jpg
F,5,583,DTASET A-Z/F/583.jpg
F,5,584,DTASET A-Z/F/584.jpg
F,5,585,DTASET A-Z/F/585.jpg
F,5,586,DTASET A-Z/F/586.jpg
F,5,587,DTASET A-Z/F/587.jpg
F,5,588,DTASET A-Z/F/588.jpg
F,5,589,DTASET A-Z/F/589.jpg
F,5,590,DTASET A-Z/F/590.jpg
F,5,591,DTASET A-Z/F/591.jpg
F,5,592,DTASET A-Z/F/592.jpg
F,5,593,DTASET A-Z/F/593.jpg
F,5,594,DTASET A-Z/F/594.jpg
F,5,595,DTASET A-Z/F/595.jpg
F,5,596,DTASET A-Z/F/596.jpg
F,5,597,DTASET A-Z/F/597.jpg
F,5,598,DTASET A-Z/F/598.jpg
F,5,599,DTASET A-Z/F/599.jpg
F,5,600,DTASET A-Z/F/600.jpg
F,5,601,DTASET A-Z/F/601.jpg
F,5,602,DTASET A-Z/F/602.jpg
F,5,603,DTASET A-Z/F/603.jpg
F,5,604,DTASET A-Z/F/604.jpg
F,5,605,DTASET A-Z/F/605.jpg
F,5,606,DTASET A-Z/F/606.jpg
F,5,607,DTASET A-Z/F/607.jpg
F,5,608,DTASET A-Z/F/608.jpg
F,5,609,DTASET A-Z/F/609.jpg
F,5,610,DTASET A-Z/F/610.jpg
F,5,611,DTASET A-Z/F/611.jpg
F,5,612,DTASET A-Z/F/612.jpg
F,5,613,DTASET A-Z/F/613.jpg
F,5,614,DTASET A-Z/F/614.jpg
F,5,615,DTASET A-Z/F/615.jpg
F,5,616,DTASET A-Z/F/616.jpg
F,5,617,DTASET A-Z/F/617.jpg
F,5,618,DTASET A-Z/F/618.jpg
F,5,619,DTASET A-Z/F/619.jpg
F,5,620,DTASET A-Z/F/620.jpg
F,5,621,DTASET A-Z/F/621.jpg
F,5,622,DTASET A-Z/F/622.jpg
F,5,623,DTASET A-Z/F/623.jpg
F,5,624,DTASET A-Z/F/624.jpg
F,5,625,DTASET A-Z/F/625.jpg
F,5,626,DTASET A-Z/F/626.jpg
F,5,627,DTASET A-Z/F/627.jpg
F,5,628,DTASET A-Z/F/628.jpg
F,5,629,DTASET A-Z/F/629.jpg
F,5,630,DTASET A-Z/F/630.jpg
F,5,631,DTASET A-Z/F/631.jpg
F,5,632,DTASET A-Z/F/632.jpg
F,5,633,DTASET A-Z/F/633.jpg
F,5,634,DTASET A-Z/F/634.jpg
F,5,635,DTASET A-Z/F/635.jpg
F,5,636,DTASET A-Z/F/636.jpg
F,5,637,DTASET A-Z/F/637.jpg
F,5,638,DTASET A-Z/F/638.jpg
F,5,639,DTASET A-Z/F/639.jpg
F,5,640,DTASET A-Z/F/640.jpg
F,5,641,DTASET A-Z/F/641.jpg
F,5,642,DTASET A-Z/F/642.jpg
F,5,643,DTASET A-Z/F/643.jpg
F,5,644,DTASET A-Z/F/644.jpg
F,5,645,DTASET A-Z/F/645.jpg
F,5,646,DTASET A-Z/F/646.jpg
F,5,647,DTASET A-Z/F/647.jpg
F,5,648,DTASET A-Z/F/648.jpg
F,5,649,DTASET A-Z/F/649.jpg
F,5,650,DTASET A-Z/F/650.jpg
F,5,651,DTASET A-Z/F/651.jpg
F,5,652,DTASET A-Z/F/652.jpg
F,5,653,DTASET A-Z/F/653.jpg
F,5,654,DTASET A-Z/F/654.jpg
F,5,655,DTASET A-Z/F/655.jpg
F,5,656,DTASET A-Z/F/656.jpg
F,5,657,DTASET A-Z/F/657.jpg
F,5,658,DTASET A-Z/F/658.jpg
F,5,659,DTASET A-Z/F/659.jpg
F,5,660,DTASET A-Z/F/660.jpg
F,5,661,DTASET A-Z/F/661.jpg
F,5,662,DTASET A-Z/F/662.jpg
F,5,663,DTASET A-Z/F/663.jpg
F,5,664,DTASET A-Z/F/664.jpg
F,5,665,DTASET A-Z/F/665.jpg
F,5,666,DTASET A-Z/F/666.jpg
F,5,667,DTASET A-Z/F/667.jpg
F,5,668,DTASET A-Z/F/668.jpg
F,5,669,DTASET A-Z/F/669.jpg
F,5,670,DTASET A-Z/F/670.jpg
F,5,671,DTASET A-Z/F/671.jpg
F,5,672,DTASET A-Z/F/672.jpg
F,5,673,DTASET A-Z/F/673.jpg
F,5,674,DTASET A-Z/F/674.jpg
F,5,675,DTASET A-Z/F/675.jpg
F,5,676,DTASET A-Z/F/676.jpg
F,5,677,DTASET A-Z/F/677.jpg
F,5,678,DTASET A-Z/F/678.jpg
F,5,679,DTASET A-Z/F/679.jpg
F,5,680,DTASET A-Z/F/680.jpg
F,5,681,DTASET A-Z/F/681.jpg
F,5,682,DTASET A-Z/F/682.jpg
F,5,683,DTASET A-Z/F/683.jpg
F,5,684,DTASET A-Z/F/684.jpg
F,5,685,DTASET A-Z/F/685.jpg
F,5,686,DTASET A-Z/F/686.jpg
F,5,687,DTASET A-Z/F/687.jpg
F,5,688,DTASET A-Z/F/688.jpg
F,5,689,DTASET A-Z/F/689.jpg
F,5,690,DTASET A-Z/F/690.jpg
F,5,691,DTASET A-Z/F/691.jpg
F,5,692,DTASET A-Z/F/692.jpg
F,5,693,DTASET A-Z/F/693.jpg
F,5,694,DTASET A-Z/F/694.jpg
F,5,695,DTASET A-Z/F/695.jpg
F,5,696,DTASET A-Z/F/696.jpg
F,5,697,DTASET A-Z/F/697.jpg
F,5,698,DTASET A-Z/F/698.jpg
F,5,699,DTASET A-Z/F/699.jpg
F,5,700,DTASET A-Z/F/700.jpg
F,5,701,DTASET A-Z/F/701.jpg
F,5,702,DTASET A-Z/F/702.jpg
F,5,703,DTASET A-Z/F/703.jpg
F,5,704,DTASET A-Z/F/704.jpg
F,5,705,DTASET A-Z/F/705.jpg
F,5,706,DTASET A-Z/F/706.jpg
F,5,707,DTASET A-Z/F/707.jpg
F,5,708,DTASET A-Z/F/708.jpg
F,5,709,DTASET A-Z/F/709.jpg
F,5,710,DTASET A-Z/F/710.jpg
F,5,711,DTASET A-Z/F/711.jpg
F,5,712,DTASET A-Z/F/712.jpg
F,5,713,DTASET A-Z/F/713.jpg
F,5,714,DTASET A-Z/F/714.jpg
F,5,715,DTASET A-Z/F/715.jpg
F,5,716,DTASET A-Z/F/716.jpg
F,5,717,DTASET A-Z/F/717.jpg
F,5,718,DTASET A-Z/F/718.jpg
F,5,719,DTASET A-Z/F/719.jpg
F,5,720,DTASET A-Z/F/720.jpg
F,5,721,DTASET A-Z/F/721.jpg
F,5,722,DTASET A-Z/F/722.jpg
F,5,723,DTASET A-Z/F/723.jpg
F,5,724,DTASET A-Z/F/724.jpg
F,5,725,DTASET A-Z/F/725.jpg
F,5,726,DTASET A-Z/F/726.jpg
F,5,727,DTASET A-Z/F/727.jpg
F,5,728,DTASET A-Z/F/728.jpg
F,5,729,DTASET A-Z/F/729.jpg
F,5,730,DTASET A-Z/F/730.jpg
F,5,731,DTASET A-Z/F/731.jpg
F,5,732,DTASET A-Z/F/732.jpg
F,5,733,DTASET A-Z/F/733.jpg
F,5,734,DTASET A-Z/F/734.jpg
F,5,735,DTASET A-Z/F/735.jpg
F,5,736,DTASET A-Z/F/736.jpg
F,5,737,DTASET A-Z/F/737.jpg
F,5,738,DTASET A-Z/F/738.jpg
F,5,739,DTASET A-Z/F/739.jpg
F,5,740,DTASET A-Z/F/740.jpg
F,5,741,DTASET A-Z/F/741.jpg
F,5,742,DTASET A-Z/F/742.jpg
F,5,743,DTASET A-Z/F/743.jpg
F,5,744,DTASET A-Z/F/744.jpg
F,5,745,DTASET A-Z/F/745.jpg
F,5,746,DTASET A-Z/F/746.jpg
F,5,747,DTASET A-Z/F/747.jpg
F,5,748,DTASET A-Z/F/748.jpg
F,5,749,DTASET A-Z/F/749.jpg
F,5,750,DTASET A-Z/F/750.jpg
F,5,751,DTASET A-Z/F/751.jpg
F,5,752,DTASET A-Z/F/752.jpg
F,5,753,DTASET A-Z/F/753.jpg
F,5,754,DTASET A-Z/F/754.jpg
F,5,755,DTASET A-Z/F/755.jpg
F,5,756,DTASET A-Z/F/756.jpg
F,5,757,DTASET A-Z/F/757.jpg
F,5,758,DTASET A-Z/F/758.jpg
F,5,759,DTASET A-Z/F/759.jpg
F,5,760,DTASET A-Z/F/760.jpg
F,5,761,DTASET A-Z/F/761.jpg
F,5,762,DTASET A-Z/F/762.jpg
F,5,763,DTASET A-Z/F/763.jpg
F,5,764,DTASET A-Z/F/764.jpg
F,5,765,DTASET A-Z/F/765.jpg
F,5,766,DTASET A-Z/F/766.jpg
F,5,767,DTASET A-Z/F/767.jpg
F,5,768,DTASET A-Z/F/768.jpg
F,5,769,DTASET A-Z/F/769.jpg
F,5,770,DTASET A-Z/F/770.jpg
F,5,771,DTASET A-Z/F/771.jpg
F,5,772,DTASET A-Z/F/772.jpg
F,5,773,DTASET A-Z/F/773.jpg
F,5,774,DTASET A-Z/F/774.jpg
F,5,775,DTASET A-Z/F/775.jpg
F,5,776,DTASET A-Z/F/776.jpg
F,5,777,DTASET A-Z/F/777.jpg
F,5,778,DTASET A-Z/F/778.jpg
F,5,779,DTASET A-Z/F/779.jpg
F,5,780,DTASET A-Z/F/780.jpg
F,5,781,DTASET A-Z/F/781.jpg
F,5,782,DTASET A-Z/F/782.jpg
F,5,783,DTASET A-Z/F/783.jpg
F,5,784,DTASET A-Z/F/784.jpg
F,5,785,DTASET A-Z/F/785.jpg
F,5,786,DTASET A-Z/F/786.jpg
F,5,787,DTASET A-Z/F/787.jpg
F,5,788,DTASET A-Z/F/788.jpg
F,5,789,DTASET A-Z/F/789.jpg
F,5,790,DTASET A-Z/F/790.jpg
F,5,791,DTASET A-Z/F/791.jpg
F,5,792,DTASET A-Z/F/792.jpg
F,5,793,DTASET A-Z/F/793.jpg
F,5,794,DTASET A-Z/F/794.jpg
F,5,795,DTASET A-Z/F/795.jpg
F,5,796,DTASET A-Z/F/796.jpg
F,5,797,DTASET A-Z/F/797.jpg
F,5,798,DTASET A-Z/F/798.jpg
F,5,799,DTASET A-Z/F/799.jpg
F,5,800,DTASET A-Z/F/800.jpg
F,5,801,DTASET A-Z/F/801.jpg
F,5,802,DTASET A-Z/F/802.jpg
F,5,803,DTASET A-Z/F/803.jpg
F,5,804,DTASET A-Z/F/804.jpg
F,5,805,DTASET A-Z/F/805.jpg
F,5,806,DTASET A-Z/F/806.jpg
F,5,807,DTASET A-Z/F/807.jpg
F,5,808,DTASET A-Z/F/808.jpg
F,5,809,DTASET A-Z/F/809.jpg
F,5,810,DTASET A-Z/F/810.jpg
F,5,811,DTASET A-Z/F/811.jpg
F,5,812,DTASET A-Z/F/812.jpg
F,5,813,DTASET A-Z/F/813.jpg
F,5,814,DTASET A-Z/F/814.jpg
F,5,815,DTASET A-Z/F/815.jpg
F,5,816,DTASET A-Z/F/816.jpg
F,5,817,DTASET A-Z/F/817.jpg
F,5,818,DTASET A-Z/F/818.jpg
F,5,819,DTASET A-Z/F/819.jpg
F,5,820,DTASET A-Z/F/820.jpg
F,5,821,DTASET A-Z/F/821.jpg
F,5,822,DTASET A-Z/F/822.jpg
F,5,823,DTASET A-Z/F/823.jpg
F,5,824,DTASET A-Z/F/824.jpg
F,5,825,DTASET A-Z/F/825.jpg
F,5,826,DTASET A-Z/F/826.jpg
F,5,827,DTASET A-Z/F/827.jpg
F,5,828,DTASET A-Z/F/828.jpg
F,5,829,DTASET A-Z/F/829.jpg
F,5,830,DTASET A-Z/F/830.jpg
F,5,831,DTASET A-Z/F/831.jpg
F,5,832,DTASET A-Z/F/832.jpg
F,5,833,DTASET A-Z/F/833.jpg
F,5,834,DTASET A-Z/F/834.jpg
F,5,835,DTASET A-Z/F/835.jpg
F,5,836,DTASET A-Z/F/836.jpg
F,5,837,DTASET A-Z/F/837.jpg
F,5,838,DTASET A-Z/F/838.jpg
F,5,839,DTASET A-Z/F/839.jpg
F,5,840,DTASET A-Z/F/840.jpg
F,5,841,DTASET A-Z/F/841.jpg
F,5,842,DTASET A-Z/F/842.jpg
F,5,843,DTASET A-Z/F/843.jpg
F,5,844,DTASET A-Z/F/844.jpg
F,5,845,DTASET A-Z/F/845.jpg
F,5,846,DTASET A-Z/F/846.jpg
F,5,847,DTASET A-Z/F/847.jpg
F,5,848,DTASET A-Z/F/848.jpg
F,5,849,DTASET A-Z/F/849.jpg
F,5,850,DTASET A-Z/F/850.jpg
F,5,851,DTASET A-Z/F/851.jpg
F,5,852,DTASET A-Z/F/852.jpg
F,5,853,DTASET A-Z/F/853.jpg
F,5,854,DTASET A-Z/F/854.jpg
F,5,855,DTASET A-Z/F/855.jpg
F,5,856,DTASET A-Z/F/856.jpg
F,5,857,DTASET A-Z/F/857.jpg
F,5,858,DTASET A-Z/F/858.jpg
F,5,859,DTASET A-Z/F/859.jpg
F,5,860,DTASET A-Z/F/860.jpg
F,5,861,DTASET A-Z/F/861.jpg
F,5,862,DTASET A-Z/F/862.jpg
F,5,863,DTASET A-Z/F/863.jpg
F,5,864,DTASET A-Z/F/864.jpg
F,5,865,DTASET A-Z/F/865.jpg
F,5,866,DTASET A-Z/F/866.jpg
F,5,867,DTASET A-Z/F/867.jpg
F,5,868,DTASET A-Z/F/868.jpg
F,5,869,DTASET A-Z/F/869.jpg
F,5,870,DTASET A-Z/F/870.jpg
F,5,871,DTASET A-Z/F/871.jpg
F,5,872,DTASET A-Z/F/872.jpg
F,5,873,DTASET A-Z/F/873.jpg
F,5,874,DTASET A-Z/F/874.jpg
F,5,875,DTASET A-Z/F/875.jpg
F,5,876,DTASET A-Z/F/876.jpg
F,5,877,DTASET A-Z/F/877.jpg
F,5,878,DTASET A-Z/F/878.jpg
F,5,879,DTASET A-Z/F/879.jpg
F,5,880,DTASET A-Z/F/880.jpg
F,5,881,DTASET A-Z/F/881.jpg
F,5,882,DTASET A-Z/F/882.jpg
F,5,883,DTASET A-Z/F/883.jpg
F,5,884,DTASET A-Z/F/884.jpg
F,5,885,DTASET A-Z/F/885.jpg
F,5,886,DTASET A-Z/F/886.jpg
F,5,887,DTASET A-Z/F/887.jpg
F,5,888,DTASET A-Z/F/888.jpg
F,5,889,DTASET A-Z/F/889.jpg
F,5,890,DTASET A-Z/F/890.jpg
F,5,891,DTASET A-Z/F/891.jpg
F,5,892,DTASET A-Z/F/892.jpg
F,5,893,DTASET A-Z/F/893.jpg
F,5,894,DTASET A-Z/F/894.jpg
F,5,895,DTASET A-Z/F/895.jpg
F,5,896,DTASET A-Z/F/896.jpg
F,5,897,DTASET A-Z/F/897.jpg
F,5,898,DTASET A-Z/F/898.jpg
F,5,899,DTASET A-Z/F/899.jpg
F,5,900,DTASET A-Z/F/900.jpg
F,5,901,DTASET A-Z/F/901.jpg
F,5,902,DTASET A-Z/F/902.jpg
F,5,903,DTASET A-Z/F/903.jpg
F,5,904,DTASET A-Z/F/904.jpg
F,5,905,DTASET A-Z/F/905.jpg
F,5,906,DTASET A-Z/F/906.jpg
F,5,907,DTASET A-Z/F/907.jpg
F,5,908,DTASET A-Z/F/908.jpg
F,5,909,DTASET A-Z/F/909.jpg
F,5,910,DTASET A-Z/F/910.jpg
F,5,911,DTASET A-Z/F/911.jpg
F,5,912,DTASET A-Z/F/912.jpg
F,5,913,DTASET A-Z/F/913.jpg
F,5,914,DTASET A-Z/F/914.jpg
F,5,915,DTASET A-Z/F/915.jpg
F,5,916,DTASET A-Z/F/916.jpg
F,5,917,DTASET A-Z/F/917.jpg
F,5,918,DTASET A-Z/F/918.jpg
F,5,919,DTASET A-Z/F/919.jpg
F,5,920,DTASET A-Z/F/920.jpg
F,5,921,DTASET A-Z/F/921.jpg
F,5,922,DTASET A-Z/F/922.jpg
F,5,923,DTASET A-Z/F/923.jpg
F,5,924,DTASET A-Z/F/924.jpg
F,5,925,DTASET A-Z/F/925.jpg
F,5,926,DTASET A-Z/F/926.jpg
F,5,927,DTASET A-Z/F/927.jpg
F,5,928,DTASET A-Z/F/928.jpg
F,5,929,DTASET A-Z/F/929.jpg
F,5,930,DTASET A-Z/F/930.jpg
F,5,931,DTASET A-Z/F/931.jpg
F,5,932,DTASET A-Z/F/932.jpg
F,5,933,DTASET A-Z/F/933.jpg
F,5,934,DTASET A-Z/F/934.jpg
F,5,935,DTASET A-Z/F/935.jpg
F,5,936,DTASET A-Z/F/936.jpg
F,5,937,DTASET A-Z/F/937.jpg
F,5,938,DTASET A-Z/F/938.jpg
F,5,939,DTASET A-Z/F/939.jpg
F,5,940,DTASET A-Z/F/940.jpg
F,5,941,DTASET A-Z/F/941.jpg
F,5,942,DTASET A-Z/F/942.jpg
F,5,943,DTASET A-Z/F/943.jpg
F,5,944,DTASET A-Z/F/944.jpg
F,5,945,DTASET A-Z/F/945.jpg
F,5,946,DTASET A-Z/F/946.jpg
F,5,947,DTASET A-Z/F/947.jpg
F,5,948,DTASET A-Z/F/948.jpg
F,5,949,DTASET A-Z/F/949.jpg
F,5,950,DTASET A-Z/F/950.jpg
F,5,951,DTASET A-Z/F/951.jpg
F,5,952,DTASET A-Z/F/952.jpg
F,5,953,DTASET A-Z/F/953.jpg
F,5,954,DTASET A-Z/F/954.jpg
F,5,955,DTASET A-Z/F/955.jpg
F,5,956,DTASET A-Z/F/956.jpg
F,5,957,DTASET A-Z/F/957.jpg
F,5,958,DTASET A-Z/F/958.jpg
F,5,959,DTASET A-Z/F/959.jpg
F,5,960,DTASET A-Z/F/960.jpg
F,5,961,DTASET A-Z/F/961.jpg
F,5,962,DTASET A-Z/F/962.jpg
F,5,963,DTASET A-Z/F/963.jpg
F,5,964,DTASET A-Z/F/964.jpg
F,5,965,DTASET A-Z/F/965.jpg
F,5,966,DTASET A-Z/F/966.jpg
F,5,967,DTASET A-Z/F/967.jpg
F,5,968,DTASET A-Z/F/968.jpg
F,5,969,DTASET A-Z/F/969.jpg
F,5,970,DTASET A-Z/F/970.jpg
F,5,971,DTASET A-Z/F/971.jpg
F,5,972,DTASET A-Z/F/972.jpg
F,5,973,DTASET A-Z/F/973.jpg
F,5,974,DTASET A-Z/F/974.jpg
F,5,975,DTASET A-Z/F/975.jpg
F,5,976,DTASET A-Z/F/976.jpg
F,5,977,DTASET A-Z/F/977.jpg
F,5,978,DTASET A-Z/F/978.jpg
F,5,979,DTASET A-Z/F/979.jpg
F,5,980,DTASET A-Z/F/980.jpg
F,5,981,DTASET A-Z/F/981.jpg
F,5,982,DTASET A-Z/F/982.jpg
F,5,983,DTASET A-Z/F/983.jpg
F,5,984,DTASET A-Z/F/984.jpg
F,5,985,DTASET A-Z/F/985.jpg
F,5,986,DTASET A-Z/F/986.jpg
F,5,987,DTASET A-Z/F/987.jpg
F,5,988,DTASET A-Z/F/988.jpg
F,5,989,DTASET A-Z/F/989.jpg
F,5,990,DTASET A-Z/F/990.jpg
F,5,991,DTASET A-Z/F/991.jpg
F,5,992,DTASET A-Z/F/992.jpg
F,5,993,DTASET A-Z/F/993.jpg
F,5,994,DTASET A-Z/F/994.jpg
F,5,995,DTASET A-Z/F/995.jpg
F,5,996,DTASET A-Z/F/996.jpg
F,5,997,DTASET A-Z/F/997.jpg
F,5,998,DTASET A-Z/F/998.jpg
F,5,999,DTASET A-Z/F/999.jpg
F,5,1000,DTASET A-Z/F/1000.jpg
F,5,1001,DTASET A-Z/F/1001.jpg
F,5,1002,DTASET A-Z/F/1002.jpg
F,5,1003,DTASET A-Z/F/1003.jpg
F,5,1004,DTASET A-Z/F/1004.jpg
F,5,1005,DTASET A-Z/F/1005.jpg
F,5,1006,DTASET A-Z/F/1006.jpg
F,5,1007,DTASET A-Z/F/1007.jpg
F,5,1008,DTASET A-Z/F/1008.jpg
F,5,1009,DTASET A-Z/F/1009.jpg
F,5,1010,DTASET A-Z/F/1010.jpg
F,5,1011,DTASET A-Z/F/1011.jpg
F,5,1012,DTASET A-Z/F/1012.jpg
F,5,1013,DTASET A-Z/F/1013.jpg
F,5,1014,DTASET A-Z/F/1014.jpg
F,5,1015,DTASET A-Z/F/1015.jpg
F,5,1016,DTASET A-Z/F/1016.jpg
F,5,1017,DTASET A-Z/F/1017.jpg
F,5,1018,DTASET A-Z/F/1018.jpg
F,5,1019,DTASET A-Z/F/1019.jpg
F,5,1020,DTASET A-Z/F/1020.jpg
F,5,1021,DTASET A-Z/F/1021.jpg
F,5,1022,DTASET A-Z/F/1022.jpg
F,5,1023,DTASET A-Z/F/1023.jpg
F,5,1024,DTASET A-Z/F/1024.jpg
F,5,1025,DTASET A-Z/F/1025.jpg
F,5,1026,DTASET A-Z/F/1026.jpg
F,5,1027,DTASET A-Z/F/1027.jpg
F,5,1028,DTASET A-Z/F/1028.jpg
F,5,1029,DTASET A-Z/F/1029.jpg
F,5,1030,DTASET A-Z/F/1030.jpg
F,5,1031,DTASET A-Z/F/1031.jpg
F,5,1032,DTASET A-Z/F/1032.jpg
F,5,1033,DTASET A-Z/F/1033.jpg
F,5,1034,DTASET A-Z/F/1034.jpg
F,5,1035,DTASET A-Z/F/1035.jpg
F,5,1036,DTASET A-Z/F/1036.jpg
F,5,1037,DTASET A-Z/F/1037.jpg
F,5,1038,DTASET A-Z/F/1038.jpg
F,5,1039,DTASET A-Z/F/1039.jpg
F,5,1040,DTASET A-Z/F/1040.jpg
F,5,1041,DTASET A-Z/F/1041.jpg
F,5,1042,DTASET A-Z/F/1042.jpg
F,5,1043,DTASET A-Z/F/1043.jpg
F,5,1044,DTASET A-Z/F/1044.jpg
F,5,1045,DTASET A-Z/F/1045.jpg
F,5,1046,DTASET A-Z/F/1046.jpg
F,5,1047,DTASET A-Z/F/1047.jpg
F,5,1048,DTASET A-Z/F/1048.jpg
F,5,1049,DTASET A-Z/F/1049.jpg
F,5,1050,DTASET A-Z/F/1050.jpg
F,5,1051,DTASET A-Z/F/1051.jpg
F,5,1052,DTASET A-Z/F/1052.jpg
F,5,1053,DTASET A-Z/F/1053.jpg
F,5,1054,DTASET A-Z/F/1054.jpg
F,5,1055,DTASET A-Z/F/1055.jpg
F,5,1056,DTASET A-Z/F/1056.jpg
F,5,1057,DTASET A-Z/F/1057.jpg
F,5,1058,DTASET A-Z/F/1058.jpg
F,5,1059,DTASET A-Z/F/1059.jpg
F,5,1060,DTASET A-Z/F/1060.jpg
F,5,1061,DTASET A-Z/F/1061.jpg
F,5,1062,DTASET A-Z/F/1062.jpg
F,5,1063,DTASET A-Z/F/1063.jpg
F,5,1064,DTASET A-Z/F/1064.jpg
F,5,1065,DTASET A-Z/F/1065.jpg
F,5,1066,DTASET A-Z/F/1066.jpg
F,5,1067,DTASET A-Z/F/1067.jpg
F,5,1068,DTASET A-Z/F/1068.jpg
F,5,1069,DTASET A-Z/F/1069.jpg
F,5,1070,DTASET A-Z/F/1070.jpg
F,5,1071,DTASET A-Z/F/1071.jpg
F,5,1072,DTASET A-Z/F/1072.jpg
F,5,1073,DTASET A-Z/F/1073.jpg
F,5,1074,DTASET A-Z/F/1074.jpg
F,5,1075,DTASET A-Z/F/1075.jpg
F,5,1076,DTASET A-Z/F/1076.jpg
F,5,1077,DTASET A-Z/F/1077.jpg
F,5,1078,DTASET A-Z/F/1078.jpg
F,5,1079,DTASET A-Z/F/1079.jpg
F,5,1080,DTASET A-Z/F/1080.jpg
F,5,1081,DTASET A-Z/F/1081.jpg
F,5,1082,DTASET A-Z/F/1082.jpg
F,5,1083,DTASET A-Z/F/1083.jpg
F,5,1084,DTASET A-Z/F/1084.jpg
F,5,1085,DTASET A-Z/F/1085.jpg
F,5,1086,DTASET A-Z/F/1086.jpg
F,5,1087,DTASET A-Z/F/1087.jpg
F,5,1088,DTASET A-Z/F/1088.jpg
F,5,1089,DTASET A-Z/F/1089.jpg
F,5,1090,DTASET A-Z/F/1090.jpg
F,5,1091,DTASET A-Z/F/1091.jpg
F,5,1092,DTASET A-Z/F/1092.jpg
F,5,1093,DTASET A-Z/F/1093.jpg
F,5,1094,DTASET A-Z/F/1094.jpg
F,5,1095,DTASET A-Z/F/1095.jpg
F,5,1096,DTASET A-Z/F/1096.jpg
F,5,1097,DTASET A-Z/F/1097.jpg
F,5,1098,DTASET A-Z/F/1098.jpg
F,5,1099,DTASET A-Z/F/1099.jpg
F,5,1100,DTASET A-Z/F/1100.jpg
F,5,1101,DTASET A-Z/F/1101.jpg
F,5,1102,DTASET A-Z/F/1102.jpg
F,5,1103,DTASET A-Z/F/1103.jpg
F,5,1104,DTASET A-Z/F/1104.jpg
F,5,1105,DTASET A-Z/F/1105.jpg
F,5,1106,DTASET A-Z/F/1106.jpg
F,5,1107,DTASET A-Z/F/1107.jpg
F,5,1108,DTASET A-Z/F/1108.jpg
F,5,1109,DTASET A-Z/F/1109.jpg
F,5,1110,DTASET A-Z/F/1110.jpg
F,5,1111,DTASET A-Z/F/1111.jpg
F,5,1112,DTASET A-Z/F/1112.jpg
F,5,1113,DTASET A-Z/F/1113.jpg
F,5,1114,DTASET A-Z/F/1114.jpg
F,5,1115,DTASET A-Z/F/1115.jpg
F,5,1116,DTASET A-Z/F/1116.jpg
F,5,1117,DTASET A-Z/F/1117.jpg
F,5,1118,DTASET A-Z/F/1118.jpg
F,5,1119,DTASET A-Z/F/1119.jpg
F,5,1120,DTASET A-Z/F/1120.jpg
F,5,1121,DTASET A-Z/F/1121.jpg
F,5,1122,DTASET A-Z/F/1122.jpg
F,5,1123,DTASET A-Z/F/1123.jpg
F,5,1124,DTASET A-Z/F/1124.jpg
F,5,1125,DTASET A-Z/F/1125.jpg
F,5,1126,DTASET A-Z/F/1126.jpg
F,5,1127,DTASET A-Z/F/1127.jpg
F,5,1128,DTASET A-Z/F/1128.jpg
F,5,1129,DTASET A-Z/F/1129.jpg
F,5,1130,DTASET A-Z/F/1130.jpg
F,5,1131,DTASET A-Z/F/1131.jpg
F,5,1132,DTASET A-Z/F/1132.jpg
F,5,1133,DTASET A-Z/F/1133.jpg
F,5,1134,DTASET A-Z/F/1134.jpg
F,5,1135,DTASET A-Z/F/1135.jpg
F,5,1136,DTASET A-Z/F/1136.jpg
F,5,1137,DTASET A-Z/F/1137.jpg
F,5,1138,DTASET A-Z/F/1138.jpg
F,5,1139,DTASET A-Z/F/1139.jpg
F,5,1140,DTASET A-Z/F/1140.jpg
F,5,1141,DTASET A-Z/F/1141.jpg
F,5,1142,DTASET A-Z/F/1142.jpg
F,5,1143,DTASET A-Z/F/1143.jpg
F,5,1144,DTASET A-Z/F/1144.jpg
F,5,1145,DTASET A-Z/F/1145.jpg
F,5,1146,DTASET A-Z/F/1146.jpg
F,5,1147,DTASET A-Z/F/1147.jpg
F,5,1148,DTASET A-Z/F/1148.jpg
F,5,1149,DTASET A-Z/F/1149.jpg
F,5,1150,DTASET A-Z/F/1150.jpg
F,5,1151,DTASET A-Z/F/1151.jpg
F,5,1152,DTASET A-Z/F/1152.jpg
F,5,1153,DTASET A-Z/F/1153.jpg
F,5,1154,DTASET A-Z/F/1154.jpg
F,5,1155,DTASET A-Z/F/1155.jpg
F,5,1156,DTASET A-Z/F/1156.jpg
F,5,1157,DTASET A-Z/F/1157.jpg
F,5,1158,DTASET A-Z/F/1158.jpg
F,5,1159,DTASET A-Z/F/1159.jpg
F,5,1160,DTASET A-Z/F/1160.jpg
F,5,1161,DTASET A-Z/F/1161.jpg
F,5,1162,DTASET A-Z/F/1162.jpg
F,5,1163,DTASET A-Z/F/1163.jpg
F,5,1164,DTASET A-Z/F/1164.jpg
F,5,1165,DTASET A-Z/F/1165.jpg
F,5,1166,DTASET A-Z/F/1166.jpg
F,5,1167,DTASET A-Z/F/1167.jpg
F,5,1168,DTASET A-Z/F/1168.jpg
F,5,1169,DTASET A-Z/F/1169.jpg
F,5,1170,DTASET A-Z/F/1170.jpg
F,5,1171,DTASET A-Z/F/1171.jpg
F,5,1172,DTASET A-Z/F/1172.jpg
F,5,1173,DTASET A-Z/F/1173.jpg
F,5,1174,DTASET A-Z/F/1174.jpg
F,5,1175,DTASET A-Z/F/1175.jpg
F,5,1176,DTASET A-Z/F/1176.jpg
F,5,1177,DTASET A-Z/F/1177.jpg
F,5,1178,DTASET A-Z/F/1178.jpg
F,5,1179,DTASET A-Z/F/1179.jpg
F,5,1180,DTASET A-Z/F/1180.jpg
F,5,1181,DTASET A-Z/F/1181.jpg
F,5,1182,DTASET A-Z/F/1182.jpg
F,5,1183,DTASET A-Z/F/1183.jpg
F,5,1184,DTASET A-Z/F/1184.jpg
F,5,1185,DTASET A-Z/F/1185.jpg
F,5,1186,DTASET A-Z/F/1186.jpg
F,5,1187,DTASET A-Z/F/1187.jpg
F,5,1188,DTASET A-Z/F/1188.jpg
F,5,1189,DTASET A-Z/F/1189.jpg
F,5,1190,DTASET A-Z/F/1190.jpg
F,5,1191,DTASET A-Z/F/1191.jpg
F,5,1192,DTASET A-Z/F/1192.jpg
F,5,1193,DTASET A-Z/F/1193.jpg
F,5,1194,DTASET A-Z/F/1194.jpg
F,5,1195,DTASET A-Z/F/1195.jpg
F,5,1196,DTASET A-Z/F/1196.jpg
F,5,1197,DTASET A-Z/F/1197.jpg
F,5,1198,DTASET A-Z/F/1198.jpg
F,5,1199,DTASET A-Z/F/1199.jpg
G,6,0,DTASET A-Z/G/0.jpg
G,6,1,DTASET A-Z/G/1.jpg
G,6,2,DTASET A-Z/G/2.jpg
G,6,3,DTASET A-Z/G/3.jpg
G,6,4,DTASET A-Z/G/4.jpg
G,6,5,DTASET A-Z/G/5.jpg
G,6,6,DTASET A-Z/G/6.jpg
G,6,7,DTASET A-Z/G/7.jpg
G,6,8,DTASET A-Z/G/8.jpg
G,6,9,DTASET A-Z/G/9.jpg
G,6,10,DTASET A-Z/G/10.jpg
G,6,11,DTASET A-Z/G/11.jpg
G,6,12,DTASET A-Z/G/12.jpg
G,6,13,DTASET A-Z/G/13.jpg
G,6,14,DTASET A-Z/G/14.jpg
G,6,15,DTASET A-Z/G/15.jpg
G,6,16,DTASET A-Z/G/16.jpg
G,6,17,DTASET A-Z/G/17.jpg
G,6,18,DTASET A-Z/G/18.jpg
G,6,19,DTASET A-Z/G/19.jpg
G,6,20,DTASET A-Z/G/20.jpg
G,6,21,DTASET A-Z/G/21.jpg
G,6,22,DTASET A-Z/G/22.jpg
G,6,23,DTASET A-Z/G/23.jpg
G,6,24,DTASET A-Z/G/24.jpg
G,6,25,DTASET A-Z/G/25.jpg
G,6,26,DTASET A-Z/G/26.jpg
G,6,27,DTASET A-Z/G/27.jpg
G,6,28,DTASET A-Z/G/28.jpg
G,6,29,DTASET A-Z/G/29.jpg
G,6,30,DTASET A-Z/G/30.jpg
G,6,31,DTASET A-Z/G/31.jpg
G,6,32,DTASET A-Z/G/32.jpg
G,6,33,DTASET A-Z/G/33.jpg
G,6,34,DTASET A-Z/G/34.jpg
G,6,35,DTASET A-Z/G/35.jpg
G,6,36,DTASET A-Z/G/36.jpg
G,6,37,DTASET A-Z/G/37.jpg
G,6,38,DTASET A-Z/G/38.jpg
G,6,39,DTASET A-Z/G/39.jpg
G,6,40,DTASET A-Z/G/40.jpg
G,6,41,DTASET A-Z/G/41.jpg
G,6,42,DTASET A-Z/G/42.jpg
G,6,43,DTASET A-Z/G/43.jpg
G,6,44,DTASET A-Z/G/44.jpg
G,6,45,DTASET A-Z/G/45.jpg
G,6,46,DTASET A-Z/G/46.jpg
G,6,47,DTASET A-Z/G/47.jpg
G,6,48,DTASET A-Z/G/48.jpg
G,6,49,DTASET A-Z/G/49.jpg
G,6,50,DTASET A-Z/G/50.jpg
G,6,51,DTASET A-Z/G/51.jpg
G,6,52,DTASET A-Z/G/52.jpg
G,6,53,DTASET A-Z/G/53.jpg
G,6,54,DTASET A-Z/G/54.jpg
G,6,55,DTASET A-Z/G/55.jpg
G,6,56,DTASET A-Z/G/56.jpg
G,6,57,DTASET A-Z/G/57.jpg
G,6,58,DTASET A-Z/G/58.jpg
G,6,59,DTASET A-Z/G/59.jpg
G,6,60,DTASET A-Z/G/60.jpg
G,6,61,DTASET A-Z/G/61.jpg
G,6,62,DTASET A-Z/G/62.jpg
G,6,63,DTASET A-Z/G/63.jpg
G,6,64,DTASET A-Z/G/64.jpg
G,6,65,DTASET A-Z/G/65.jpg
G,6,66,DTASET A-Z/G/66.jpg
G,6,67,DTASET A-Z/G/67.jpg
G,6,68,DTASET A-Z/G/68.jpg
G,6,69,DTASET A-Z/G/69.jpg
G,6,70,DTASET A-Z/G/70.jpg
G,6,71,DTASET A-Z/G/71.jpg
G,6,72,DTASET A-Z/G/72.jpg
G,6,73,DTASET A-Z/G/73.jpg
G,6,74,DTASET A-Z/G/74.jpg
G,6,75,DTASET A-Z/G/75.jpg
G,6,76,DTASET A-Z/G/76.jpg
G,6,77,DTASET A-Z/G/77.jpg
G,6,78,DTASET A-Z/G/78.jpg
G,6,79,DTASET A-Z/G/79.jpg
G,6,80,DTASET A-Z/G/80.jpg
G,6,81,DTASET A-Z/G/81.jpg
G,6,82,DTASET A-Z/G/82.jpg
G,6,83,DTASET A-Z/G/83.jpg
G,6,84,DTASET A-Z/G/84.jpg
G,6,85,DTASET A-Z/G/85.jpg
G,6,86,DTASET A-Z/G/86.jpg
G,6,87,DTASET A-Z/G/87.jpg
G,6,88,DTASET A-Z/G/88.jpg
G,6,89,DTASET A-Z/G/89.jpg
G,6,90,DTASET A-Z/G/90.jpg
G,6,91,DTASET A-Z/G/91.jpg
G,6,92,DTASET A-Z/G/92.jpg
G,6,93,DTASET A-Z/G/93.jpg
G,6,94,DTASET A-Z/G/94.jpg
G,6,95,DTASET A-Z/G/95.jpg
G,6,96,DTASET A-Z/G/96.jpg
G,6,97,DTASET A-Z/G/97.jpg
G,6,98,DTASET A-Z/G/98.jpg
G,6,99,DTASET A-Z/G/99.jpg
G,6,100,DTASET A-Z/G/100.jpg
G,6,101,DTASET A-Z/G/101.jpg
G,6,102,DTASET A-Z/G/102.jpg
G,6,103,DTASET A-Z/G/103.jpg
G,6,104,DTASET A-Z/G/104.jpg
G,6,105,DTASET A-Z/G/105.jpg
G,6,106,DTASET A-Z/G/106.jpg
G,6,107,DTASET A-Z/G/107.jpg
G,6,108,DTASET A-Z/G/108.jpg
G,6,109,DTASET A-Z/G/109.jpg
G,6,110,DTASET A-Z/G/110.jpg
G,6,111,DTASET A-Z/G/111.jpg
G,6,112,DTASET A-Z/G/112.jpg
G,6,113,DTASET A-Z/G/113.jpg
G,6,114,DTASET A-Z/G/114.jpg
G,6,115,DTASET A-Z/G/115.jpg
G,6,116,DTASET A-Z/G/116.jpg
G,6,117,DTASET A-Z/G/117.jpg
G,6,118,DTASET A-Z/G/118.jpg
G,6,119,DTASET A-Z/G/119.jpg
G,6,120,DTASET A-Z/G/120.jpg
G,6,121,DTASET A-Z/G/121.jpg
G,6,122,DTASET A-Z/G/122.jpg
G,6,123,DTASET A-Z/G/123.jpg
G,6,124,DTASET A-Z/G/124.jpg
G,6,125,DTASET A-Z/G/125.jpg
G,6,126,DTASET A-Z/G/126.jpg
G,6,127,DTASET A-Z/G/127.jpg
G,6,128,DTASET A-Z/G/128.jpg
G,6,129,DTASET A-Z/G/129.jpg
G,6,130,DTASET A-Z/G/130.jpg
G,6,131,DTASET A-Z/G/131.jpg
G,6,132,DTASET A-Z/G/132.jpg
G,6,133,DTASET A-Z/G/133.jpg
G,6,134,DTASET A-Z/G/134.jpg
G,6,135,DTASET A-Z/G/135.jpg
G,6,136,DTASET A-Z/G/136.jpg
G,6,137,DTASET A-Z/G/137.jpg
G,6,138,DTASET A-Z/G/138.jpg
G,6,139,DTASET A-Z/G/139.jpg
G,6,140,DTASET A-Z/G/140.jpg
G,6,141,DTASET A-Z/G/141.jpg
G,6,142,DTASET A-Z/G/142.jpg
G,6,143,DTASET A-Z/G/143.jpg
G,6,144,DTASET A-Z/G/144.jpg
G,6,145,DTASET A-Z/G/145.jpg
G,6,146,DTASET A-Z/G/146.jpg
G,6,147,DTASET A-Z/G/147.jpg
G,6,148,DTASET A-Z/G/148.jpg
G,6,149,DTASET A-Z/G/149.jpg
G,6,150,DTASET A-Z/G/150.jpg
G,6,151,DTASET A-Z/G/151.jpg
G,6,152,DTASET A-Z/G/152.jpg
G,6,153,DTASET A-Z/G/153.jpg
G,6,154,DTASET A-Z/G/154.jpg
G,6,155,DTASET A-Z/G/155.jpg
G,6,156,DTASET A-Z/G/156.jpg
G,6,157,DTASET A-Z/G/157.jpg
G,6,158,DTASET A-Z/G/158.jpg
G,6,159,DTASET A-Z/G/159.jpg
G,6,160,DTASET A-Z/G/160.jpg
G,6,161,DTASET A-Z/G/161.jpg
G,6,162,DTASET A-Z/G/162.jpg
G,6,163,DTASET A-Z/G/163.jpg
G,6,164,DTASET A-Z/G/164.jpg
G,6,165,DTASET A-Z/G/165.jpg
G,6,166,DTASET A-Z/G/166.jpg
G,6,167,DTASET A-Z/G/167.jpg
G,6,168,DTASET A-Z/G/168.jpg
G,6,169,DTASET A-Z/G/169.jpg
G,6,170,DTASET A-Z/G/170.jpg
G,6,171,DTASET A-Z/G/171.jpg
G,6,172,DTASET A-Z/G/172.jpg
G,6,173,DTASET A-Z/G/173.jpg
G,6,174,DTASET A-Z/G/174.jpg
G,6,175,DTASET A-Z/G/175.jpg
G,6,176,DTASET A-Z/G/176.jpg
G,6,177,DTASET A-Z/G/177.jpg
G,6,178,DTASET A-Z/G/178.jpg
G,6,179,DTASET A-Z/G/179.jpg
G,6,180,DTASET A-Z/G/180.jpg
G,6,181,DTASET A-Z/G/181.jpg
G,6,182,DTASET A-Z/G/182.jpg
G,6,183,DTASET A-Z/G/183.jpg
G,6,184,DTASET A-Z/G/184.jpg
G,6,185,DTASET A-Z/G/185.jpg
G,6,186,DTASET A-Z/G/186.jpg
G,6,187,DTASET A-Z/G/187.jpg
G,6,188,DTASET A-Z/G/188.jpg
G,6,189,DTASET A-Z/G/189.jpg
G,6,190,DTASET A-Z/G/190.jpg
G,6,191,DTASET A-Z/G/191.jpg
G,6,192,DTASET A-Z/G/192.jpg
G,6,193,DTASET A-Z/G/193.jpg
G,6,194,DTASET A-Z/G/194.jpg
G,6,195,DTASET A-Z/G/195.jpg
G,6,196,DTASET A-Z/G/196.jpg
G,6,197,DTASET A-Z/G/197.jpg
G,6,198,DTASET A-Z/G/198.jpg
G,6,199,DTASET A-Z/G/199.jpg
G,6,200,DTASET A-Z/G/200.jpg
G,6,201,DTASET A-Z/G/201.jpg
G,6,202,DTASET A-Z/G/202.jpg
G,6,203,DTASET A-Z/G/203.jpg
G,6,204,DTASET A-Z/G/204.jpg
G,6,205,DTASET A-Z/G/205.jpg
G,6,206,DTASET A-Z/G/206.jpg
G,6,207,DTASET A-Z/G/207.jpg
G,6,208,DTASET A-Z/G/208.jpg
G,6,209,DTASET A-Z/G/209.jpg
G,6,210,DTASET A-Z/G/210.jpg
G,6,211,DTASET A-Z/G/211.jpg
G,6,212,DTASET A-Z/G/212.jpg
G,6,213,DTASET A-Z/G/213.jpg
G,6,214,DTASET A-Z/G/214.jpg
G,6,215,DTASET A-Z/G/215.jpg
G,6,216,DTASET A-Z/G/216.jpg
G,6,217,DTASET A-Z/G/217.jpg
G,6,218,DTASET A-Z/G/218.jpg
G,6,219,DTASET A-Z/G/219.jpg
G,6,220,DTASET A-Z/G/220.jpg
G,6,221,DTASET A-Z/G/221.jpg
G,6,222,DTASET A-Z/G/222.jpg
G,6,223,DTASET A-Z/G/223.jpg
G,6,224,DTASET A-Z/G/224.jpg
G,6,225,DTASET A-Z/G/225.jpg
G,6,226,DTASET A-Z/G/226.jpg
G,6,227,DTASET A-Z/G/227.jpg
G,6,228,DTASET A-Z/G/228.jpg
G,6,229,DTASET A-Z/G/229.jpg
G,6,230,DTASET A-Z/G/230.jpg
G,6,231,DTASET A-Z/G/231.jpg
G,6,232,DTASET A-Z/G/232.jpg
G,6,233,DTASET A-Z/G/233.jpg
G,6,234,DTASET A-Z/G/234.jpg
G,6,235,DTASET A-Z/G/235.jpg
G,6,236,DTASET A-Z/G/236.jpg
G,6,237,DTASET A-Z/G/237.jpg
G,6,238,DTASET A-Z/G/238.jpg
G,6,239,DTASET A-Z/G/239.jpg
G,6,240,DTASET A-Z/G/240.jpg
G,6,241,DTASET A-Z/G/241.jpg
G,6,242,DTASET A-Z/G/242.jpg
G,6,243,DTASET A-Z/G/243.jpg
G,6,244,DTASET A-Z/G/244.jpg
G,6,245,DTASET A-Z/G/245.jpg
G,6,246,DTASET A-Z/G/246.jpg
G,6,247,DTASET A-Z/G/247.jpg
G,6,248,DTASET A-Z/G/248.jpg
G,6,249,DTASET A-Z/G/249.jpg
G,6,250,DTASET A-Z/G/250.jpg
G,6,251,DTASET A-Z/G/251.jpg
G,6,252,DTASET A-Z/G/252.jpg
G,6,253,DTASET A-Z/G/253.jpg
G,6,254,DTASET A-Z/G/254.jpg
G,6,255,DTASET A-Z/G/255.jpg
G,6,256,DTASET A-Z/G/256.jpg
G,6,257,DTASET A-Z/G/257.jpg
G,6,258,DTASET A-Z/G/258.jpg
G,6,259,DTASET A-Z/G/259.jpg
G,6,260,DTASET A-Z/G/260.jpg
G,6,261,DTASET A-Z/G/261.jpg
G,6,262,DTASET A-Z/G/262.jpg
G,6,263,DTASET A-Z/G/263.jpg
G,6,264,DTASET A-Z/G/264.jpg
G,6,265,DTASET A-Z/G/265.jpg
G,6,266,DTASET A-Z/G/266.jpg
G,6,267,DTASET A-Z/G/267.jpg
G,6,268,DTASET A-Z/G/268.jpg
G,6,269,DTASET A-Z/G/269.jpg
G,6,270,DTASET A-Z/G/270.jpg
G,6,271,DTASET A-Z/G/271.jpg
G,6,272,DTASET A-Z/G/272.jpg
G,6,273,DTASET A-Z/G/273.jpg
G,6,274,DTASET A-Z/G/274.jpg
G,6,275,DTASET A-Z/G/275.jpg
G,6,276,DTASET A-Z/G/276.jpg
G,6,277,DTASET A-Z/G/277.jpg
G,6,278,DTASET A-Z/G/278.jpg
G,6,279,DTASET A-Z/G/279.jpg
G,6,280,DTASET A-Z/G/280.jpg
G,6,281,DTASET A-Z/G/281.jpg
G,6,282,DTASET A-Z/G/282.jpg
G,6,283,DTASET A-Z/G/283.jpg
G,6,284,DTASET A-Z/G/284.jpg
G,6,285,DTASET A-Z/G/285.jpg
G,6,286,DTASET A-Z/G/286.jpg
G,6,287,DTASET A-Z/G/287.jpg
G,6,288,DTASET A-Z/G/288.jpg
G,6,289,DTASET A-Z/G/289.jpg
G,6,290,DTASET A-Z/G/290.jpg
G,6,291,DTASET A-Z/G/291.jpg
G,6,292,DTASET A-Z/G/292.jpg
G,6,293,DTASET A-Z/G/293.jpg
G,6,294,DTASET A-Z/G/294.jpg
G,6,295,DTASET A-Z/G/295.jpg
G,6,296,DTASET A-Z/G/296.jpg
G,6,297,DTASET A-Z/G/297.jpg
G,6,298,DTASET A-Z/G/298.jpg
G,6,299,DTASET A-Z/G/299.jpg
G,6,300,DTASET A-Z/G/300.jpg
G,6,301,DTASET A-Z/G/301.jpg
G,6,302,DTASET A-Z/G/302.jpg
G,6,303,DTASET A-Z/G/303.jpg
G,6,304,DTASET A-Z/G/304.jpg
G,6,305,DTASET A-Z/G/305.jpg
G,6,306,DTASET A-Z/G/306.jpg
G,6,307,DTASET A-Z/G/307.jpg
G,6,308,DTASET A-Z/G/308.jpg
G,6,309,DTASET A-Z/G/309.jpg
G,6,310,DTASET A-Z/G/310.jpg
G,6,311,DTASET A-Z/G/311.jpg
G,6,312,DTASET A-Z/G/312.jpg
G,6,313,DTASET A-Z/G/313.jpg
G,6,314,DTASET A-Z/G/314.jpg
G,6,315,DTASET A-Z/G/315.jpg
G,6,316,DTASET A-Z/G/316.jpg
G,6,317,DTASET A-Z/G/317.jpg
G,6,318,DTASET A-Z/G/318.jpg
G,6,319,DTASET A-Z/G/319.jpg
G,6,320,DTASET A-Z/G/320.jpg
G,6,321,DTASET A-Z/G/321.jpg
G,6,322,DTASET A-Z/G/322.jpg
G,6,323,DTASET A-Z/G/323.jpg
G,6,324,DTASET A-Z/G/324.jpg
G,6,325,DTASET A-Z/G/325.jpg
G,6,326,DTASET A-Z/G/326.jpg
G,6,327,DTASET A-Z/G/327.jpg
G,6,328,DTASET A-Z/G/328.jpg
G,6,329,DTASET A-Z/G/329.jpg
G,6,330,DTASET A-Z/G/330.jpg
G,6,331,DTASET A-Z/G/331.jpg
G,6,332,DTASET A-Z/G/332.jpg
G,6,333,DTASET A-Z/G/333.jpg
G,6,334,DTASET A-Z/G/334.jpg
G,6,335,DTASET A-Z/G/335.jpg
G,6,336,DTASET A-Z/G/336.jpg
G,6,337,DTASET A-Z/G/337.jpg
G,6,338,DTASET A-Z/G/338.jpg
G,6,339,DTASET A-Z/G/339.jpg
G,6,340,DTASET A-Z/G/340.jpg
G,6,341,DTASET A-Z/G/341.jpg
G,6,342,DTASET A-Z/G/342.jpg
G,6,343,DTASET A-Z/G/343.jpg
G,6,344,DTASET A-Z/G/344.jpg
G,6,345,DTASET A-Z/G/345.jpg
G,6,346,DTASET A-Z/G/346.jpg
G,6,347,DTASET A-Z/G/347.jpg
G,6,348,DTASET A-Z/G/348.jpg
G,6,349,DTASET A-Z/G/349.jpg
G,6,350,DTASET A-Z/G/350.jpg
G,6,351,DTASET A-Z/G/351.jpg
G,6,352,DTASET A-Z/G/352.jpg
G,6,353,DTASET A-Z/G/353.jpg
G,6,354,DTASET A-Z/G/354.jpg
G,6,355,DTASET A-Z/G/355.jpg
G,6,356,DTASET A-Z/G/356.jpg
G,6,357,DTASET A-Z/G/357.jpg
G,6,358,DTASET A-Z/G/358.jpg
G,6,359,DTASET A-Z/G/359.jpg
G,6,360,DTASET A-Z/G/360.jpg
G,6,361,DTASET A-Z/G/361.jpg
G,6,362,DTASET A-Z/G/362.jpg
G,6,363,DTASET A-Z/G/363.jpg
G,6,364,DTASET A-Z/G/364.jpg
G,6,365,DTASET A-Z/G/365.jpg
G,6,366,DTASET A-Z/G/366.jpg
G,6,367,DTASET A-Z/G/367.jpg
G,6,368,DTASET A-Z/G/368.jpg
G,6,369,DTASET A-Z/G/369.jpg
G,6,370,DTASET A-Z/G/370.jpg
G,6,371,DTASET A-Z/G/371.jpg
G,6,372,DTASET A-Z/G/372.jpg
G,6,373,DTASET A-Z/G/373.jpg
G,6,374,DTASET A-Z/G/374.jpg
G,6,375,DTASET A-Z/G/375.jpg
G,6,376,DTASET A-Z/G/376.jpg
G,6,377,DTASET A-Z/G/377.jpg
G,6,378,DTASET A-Z/G/378.jpg
G,6,379,DTASET A-Z/G/379.jpg
G,6,380,DTASET A-Z/G/380.jpg
G,6,381,DTASET A-Z/G/381.jpg
G,6,382,DTASET A-Z/G/382.jpg
G,6,383,DTASET A-Z/G/383.jpg
G,6,384,DTASET A-Z/G/384.jpg
G,6,385,DTASET A-Z/G/385.jpg
G,6,386,DTASET A-Z/G/386.jpg
G,6,387,DTASET A-Z/G/387.jpg
G,6,388,DTASET A-Z/G/388.jpg
G,6,389,DTASET A-Z/G/389.jpg
G,6,390,DTASET A-Z/G/390.jpg
G,6,391,DTASET A-Z/G/391.jpg
G,6,392,DTASET A-Z/G/392.jpg
G,6,393,DTASET A-Z/G/393.jpg
G,6,394,DTASET A-Z/G/394.jpg
G,6,395,DTASET A-Z/G/395.jpg
G,6,396,DTASET A-Z/G/396.jpg
G,6,397,DTASET A-Z/G/397.jpg
G,6,398,DTASET A-Z/G/398.jpg
G,6,399,DTASET A-Z/G/399.jpg
G,6,400,DTASET A-Z/G/400.jpg
G,6,401,DTASET A-Z/G/401.jpg
G,6,402,DTASET A-Z/G/402.jpg
G,6,403,DTASET A-Z/G/403.jpg
G,6,404,DTASET A-Z/G/404.jpg
G,6,405,DTASET A-Z/G/405.jpg
G,6,406,DTASET A-Z/G/406.jpg
G,6,407,DTASET A-Z/G/407.jpg
G,6,408,DTASET A-Z/G/408.jpg
G,6,409,DTASET A-Z/G/409.jpg
G,6,410,DTASET A-Z/G/410.jpg
G,6,411,DTASET A-Z/G/411.jpg
G,6,412,DTASET A-Z/G/412.jpg
G,6,413,DTASET A-Z/G/413.jpg
G,6,414,DTASET A-Z/G/414.jpg
G,6,415,DTASET A-Z/G/415.jpg
G,6,416,DTASET A-Z/G/416.jpg
G,6,417,DTASET A-Z/G/417.jpg
G,6,418,DTASET A-Z/G/418.jpg
G,6,419,DTASET A-Z/G/419.jpg
G,6,420,DTASET A-Z/G/420.jpg
G,6,421,DTASET A-Z/G/421.jpg
G,6,422,DTASET A-Z/G/422.jpg
G,6,423,DTASET A-Z/G/423.jpg
G,6,424,DTASET A-Z/G/424.jpg
G,6,425,DTASET A-Z/G/425.jpg
G,6,426,DTASET A-Z/G/426.jpg
G,6,427,DTASET A-Z/G/427.jpg
G,6,428,DTASET A-Z/G/428.jpg
G,6,429,DTASET A-Z/G/429.jpg
G,6,430,DTASET A-Z/G/430.jpg
G,6,431,DTASET A-Z/G/431.jpg
G,6,432,DTASET A-Z/G/432.jpg
G,6,433,DTASET A-Z/G/433.jpg
G,6,434,DTASET A-Z/G/434.jpg
G,6,435,DTASET A-Z/G/435.jpg
G,6,436,DTASET A-Z/G/436.jpg
G,6,437,DTASET A-Z/G/437.jpg
G,6,438,DTASET A-Z/G/438.jpg
G,6,439,DTASET A-Z/G/439.jpg
G,6,440,DTASET A-Z/G/440.jpg
G,6,441,DTASET A-Z/G/441.jpg
G,6,442,DTASET A-Z/G/442.jpg
G,6,443,DTASET A-Z/G/443.jpg
G,6,444,DTASET A-Z/G/444.jpg
G,6,445,DTASET A-Z/G/445.jpg
G,6,446,DTASET A-Z/G/446.jpg
G,6,447,DTASET A-Z/G/447.jpg
G,6,448,DTASET A-Z/G/448.jpg
G,6,449,DTASET A-Z/G/449.jpg
G,6,450,DTASET A-Z/G/450.jpg
G,6,451,DTASET A-Z/G/451.jpg
G,6,452,DTASET A-Z/G/452.jpg
G,6,453,DTASET A-Z/G/453.jpg
G,6,454,DTASET A-Z/G/454.jpg
G,6,455,DTASET A-Z/G/455.jpg
G,6,456,DTASET A-Z/G/456.jpg
G,6,457,DTASET A-Z/G/457.jpg
G,6,458,DTASET A-Z/G/458.jpg
G,6,459,DTASET A-Z/G/459.jpg
G,6,460,DTASET A-Z/G/460.jpg
G,6,461,DTASET A-Z/G/461.jpg
G,6,462,DTASET A-Z/G/462.jpg
G,6,463,DTASET A-Z/G/463.jpg
G,6,464,DTASET A-Z/G/464.jpg
G,6,465,DTASET A-Z/G/465.jpg
G,6,466,DTASET A-Z/G/466.jpg
G,6,467,DTASET A-Z/G/467.jpg
G,6,468,DTASET A-Z/G/468.jpg
G,6,469,DTASET A-Z/G/469.jpg
G,6,470,DTASET A-Z/G/470.jpg
G,6,471,DTASET A-Z/G/471.jpg
G,6,472,DTASET A-Z/G/472.jpg
G,6,473,DTASET A-Z/G/473.jpg
G,6,474,DTASET A-Z/G/474.jpg
G,6,475,DTASET A-Z/G/475.jpg
G,6,476,DTASET A-Z/G/476.jpg
G,6,477,DTASET A-Z/G/477.jpg
G,6,478,DTASET A-Z/G/478.jpg
G,6,479,DTASET A-Z/G/479.jpg
G,6,480,DTASET A-Z/G/480.jpg
G,6,481,DTASET A-Z/G/481.jpg
G,6,482,DTASET A-Z/G/482.jpg
G,6,483,DTASET A-Z/G/483.jpg
G,6,484,DTASET A-Z/G/484.jpg
G,6,485,DTASET A-Z/G/485.jpg
G,6,486,DTASET A-Z/G/486.jpg
G,6,487,DTASET A-Z/G/487.jpg
G,6,488,DTASET A-Z/G/488.jpg
G,6,489,DTASET A-Z/G/489.jpg
G,6,490,DTASET A-Z/G/490.jpg
G,6,491,DTASET A-Z/G/491.jpg
G,6,492,DTASET A-Z/G/492.jpg
G,6,493,DTASET A-Z/G/493.jpg
G,6,494,DTASET A-Z/G/494.jpg
G,6,495,DTASET A-Z/G/495.jpg
G,6,496,DTASET A-Z/G/496.jpg
G,6,497,DTASET A-Z/G/497.jpg
G,6,498,DTASET A-Z/G/498.jpg
G,6,499,DTASET A-Z/G/499.jpg
G,6,500,DTASET A-Z/G/500.jpg
G,6,501,DTASET A-Z/G/501.jpg
G,6,502,DTASET A-Z/G/502.jpg
G,6,503,DTASET A-Z/G/503.jpg
G,6,504,DTASET A-Z/G/504.jpg
G,6,505,DTASET A-Z/G/505.jpg
G,6,506,DTASET A-Z/G/506.jpg
G,6,507,DTASET A-Z/G/507.jpg
G,6,508,DTASET A-Z/G/508.jpg
G,6,509,DTASET A-Z/G/509.jpg
G,6,510,DTASET A-Z/G/510.jpg
G,6,511,DTASET A-Z/G/511.jpg
G,6,512,DTASET A-Z/G/512.jpg
G,6,513,DTASET A-Z/G/513.jpg
G,6,514,DTASET A-Z/G/514.jpg
G,6,515,DTASET A-Z/G/515.jpg
G,6,516,DTASET A-Z/G/516.jpg
G,6,517,DTASET A-Z/G/517.jpg
G,6,518,DTASET A-Z/G/518.jpg
G,6,519,DTASET A-Z/G/519.jpg
G,6,520,DTASET A-Z/G/520.jpg
G,6,521,DTASET A-Z/G/521.jpg
G,6,522,DTASET A-Z/G/522.jpg
G,6,523,DTASET A-Z/G/523.jpg
G,6,524,DTASET A-Z/G/524.jpg
G,6,525,DTASET A-Z/G/525.jpg
G,6,526,DTASET A-Z/G/526.jpg
G,6,527,DTASET A-Z/G/527.jpg
G,6,528,DTASET A-Z/G/528.jpg
G,6,529,DTASET A-Z/G/529.jpg
G,6,530,DTASET A-Z/G/530.jpg
G,6,531,DTASET A-Z/G/531.jpg
G,6,532,DTASET A-Z/G/532.jpg
G,6,533,DTASET A-Z/G/533.jpg
G,6,534,DTASET A-Z/G/534.jpg
G,6,535,DTASET A-Z/G/535.jpg
G,6,536,DTASET A-Z/G/536.jpg
G,6,537,DTASET A-Z/G/537.jpg
G,6,538,DTASET A-Z/G/538.jpg
G,6,539,DTASET A-Z/G/539.jpg
G,6,540,DTASET A-Z/G/540.jpg
G,6,541,DTASET A-Z/G/541.jpg
G,6,542,DTASET A-Z/G/542.jpg
G,6,543,DTASET A-Z/G/543.jpg
G,6,544,DTASET A-Z/G/544.jpg
G,6,545,DTASET A-Z/G/545.jpg
G,6,546,DTASET A-Z/G/546.jpg
G,6,547,DTASET A-Z/G/547.jpg
G,6,548,DTASET A-Z/G/548.jpg
G,6,549,DTASET A-Z/G/549.jpg
G,6,550,DTASET A-Z/G/550.jpg
G,6,551,DTASET A-Z/G/551.jpg
G,6,552,DTASET A-Z/G/552.jpg
G,6,553,DTASET A-Z/G/553.jpg
G,6,554,DTASET A-Z/G/554.jpg
G,6,555,DTASET A-Z/G/555.jpg
G,6,556,DTASET A-Z/G/556.jpg
G,6,557,DTASET A-Z/G/557.jpg
G,6,558,DTASET A-Z/G/558.jpg
G,6,559,DTASET A-Z/G/559.jpg
G,6,560,DTASET A-Z/G/560.jpg
G,6,561,DTASET A-Z/G/561.jpg
G,6,562,DTASET A-Z/G/562.jpg
G,6,563,DTASET A-Z/G/563.jpg
G,6,564,DTASET A-Z/G/564.jpg
G,6,565,DTASET A-Z/G/565.jpg
G,6,566,DTASET A-Z/G/566.jpg
G,6,567,DTASET A-Z/G/567.jpg
G,6,568,DTASET A-Z/G/568.jpg
G,6,569,DTASET A-Z/G/569.jpg
G,6,570,DTASET A-Z/G/570.jpg
G,6,571,DTASET A-Z/G/571.jpg
G,6,572,DTASET A-Z/G/572.jpg
G,6,573,DTASET A-Z/G/573.jpg
G,6,574,DTASET A-Z/G/574.jpg
G,6,575,DTASET A-Z/G/575.jpg
G,6,576,DTASET A-Z/G/576.jpg
G,6,577,DTASET A-Z/G/577.jpg
G,6,578,DTASET A-Z/G/578.jpg
G,6,579,DTASET A-Z/G/579.jpg
G,6,580,DTASET A-Z/G/580.jpg
G,6,581,DTASET A-Z/G/581.jpg
G,6,582,DTASET A-Z/G/582.jpg
G,6,583,DTASET A-Z/G/583.jpg
G,6,584,DTASET A-Z/G/584.jpg
G,6,585,DTASET A-Z/G/585.jpg
G,6,586,DTASET A-Z/G/586.jpg
G,6,587,DTASET A-Z/G/587.jpg
G,6,588,DTASET A-Z/G/588.jpg
G,6,589,DTASET A-Z/G/589.jpg
G,6,590,DTASET A-Z/G/590.jpg
G,6,591,DTASET A-Z/G/591.jpg
G,6,592,DTASET A-Z/G/592.jpg
G,6,593,DTASET A-Z/G/593.jpg
G,6,594,DTASET A-Z/G/594.jpg
G,6,595,DTASET A-Z/G/595.jpg
G,6,596,DTASET A-Z/G/596.jpg
G,6,597,DTASET A-Z/G/597.jpg
G,6,598,DTASET A-Z/G/598.jpg
G,6,599,DTASET A-Z/G/599.jpg
G,6,600,DTASET A-Z/G/600.jpg
G,6,601,DTASET A-Z/G/601.jpg
G,6,602,DTASET A-Z/G/602.jpg
G,6,603,DTASET A-Z/G/603.jpg
G,6,604,DTASET A-Z/G/604.jpg
G,6,605,DTASET A-Z/G/605.jpg
G,6,606,DTASET A-Z/G/606.jpg
G,6,607,DTASET A-Z/G/607.jpg
G,6,608,DTASET A-Z/G/608.jpg
G,6,609,DTASET A-Z/G/609.jpg
G,6,610,DTASET A-Z/G/610.jpg
G,6,611,DTASET A-Z/G/611.jpg
G,6,612,DTASET A-Z/G/612.jpg
G,6,613,DTASET A-Z/G/613.jpg
G,6,614,DTASET A-Z/G/614.jpg
G,6,615,DTASET A-Z/G/615.jpg
G,6,616,DTASET A-Z/G/616.jpg
G,6,617,DTASET A-Z/G/617.jpg
G,6,618,DTASET A-Z/G/618.jpg
G,6,619,DTASET A-Z/G/619.jpg
G,6,620,DTASET A-Z/G/620.jpg
G,6,621,DTASET A-Z/G/621.jpg
G,6,622,DTASET A-Z/G/622.jpg
G,6,623,DTASET A-Z/G/623.jpg
G,6,624,DTASET A-Z/G/624.jpg
G,6,625,DTASET A-Z/G/625.jpg
G,6,626,DTASET A-Z/G/626.jpg
G,6,627,DTASET A-Z/G/627.jpg
G,6,628,DTASET A-Z/G/628.jpg
G,6,629,DTASET A-Z/G/629.jpg
G,6,630,DTASET A-Z/G/630.jpg
G,6,631,DTASET A-Z/G/631.jpg
G,6,632,DTASET A-Z/G/632.jpg
G,6,633,DTASET A-Z/G/633.jpg
G,6,634,DTASET A-Z/G/634.jpg
G,6,635,DTASET A-Z/G/635.jpg
G,6,636,DTASET A-Z/G/636.jpg
G,6,637,DTASET A-Z/G/637.jpg
G,6,638,DTASET A-Z/G/638.jpg
G,6,639,DTASET A-Z/G/639.jpg
G,6,640,DTASET A-Z/G/640.jpg
G,6,641,DTASET A-Z/G/641.jpg
G,6,642,DTASET A-Z/G/642.jpg
G,6,643,DTASET A-Z/G/643.jpg
G,6,644,DTASET A-Z/G/644.jpg
G,6,645,DTASET A-Z/G/645.jpg
G,6,646,DTASET A-Z/G/646.jpg
G,6,647,DTASET A-Z/G/647.jpg
G,6,648,DTASET A-Z/G/648.jpg
G,6,649,DTASET A-Z/G/649.jpg
G,6,650,DTASET A-Z/G/650.jpg
G,6,651,DTASET A-Z/G/651.jpg
G,6,652,DTASET A-Z/G/652.jpg
G,6,653,DTASET A-Z/G/653.jpg
G,6,654,DTASET A-Z/G/654.jpg
G,6,655,DTASET A-Z/G/655.jpg
G,6,656,DTASET A-Z/G/656.jpg
G,6,657,DTASET A-Z/G/657.jpg
G,6,658,DTASET A-Z/G/658.jpg
G,6,659,DTASET A-Z/G/659.jpg
G,6,660,DTASET A-Z/G/660.jpg
G,6,661,DTASET A-Z/G/661.jpg
G,6,662,DTASET A-Z/G/662.jpg
G,6,663,DTASET A-Z/G/663.jpg
G,6,664,DTASET A-Z/G/664.jpg
G,6,665,DTASET A-Z/G/665.jpg
G,6,666,DTASET A-Z/G/666.jpg
G,6,667,DTASET A-Z/G/667.jpg
G,6,668,DTASET A-Z/G/668.jpg
G,6,669,DTASET A-Z/G/669.jpg
G,6,670,DTASET A-Z/G/670.jpg
G,6,671,DTASET A-Z/G/671.jpg
G,6,672,DTASET A-Z/G/672.jpg
G,6,673,DTASET A-Z/G/673.jpg
G,6,674,DTASET A-Z/G/674.jpg
G,6,675,DTASET A-Z/G/675.jpg
G,6,676,DTASET A-Z/G/676.jpg
G,6,677,DTASET A-Z/G/677.jpg
G,6,678,DTASET A-Z/G/678.jpg
G,6,679,DTASET A-Z/G/679.jpg
G,6,680,DTASET A-Z/G/680.jpg
G,6,681,DTASET A-Z/G/681.jpg
G,6,682,DTASET A-Z/G/682.jpg
G,6,683,DTASET A-Z/G/683.jpg
G,6,684,DTASET A-Z/G/684.jpg
G,6,685,DTASET A-Z/G/685.jpg
G,6,686,DTASET A-Z/G/686.jpg
G,6,687,DTASET A-Z/G/687.jpg
G,6,688,DTASET A-Z/G/688.jpg
G,6,689,DTASET A-Z/G/689.jpg
G,6,690,DTASET A-Z/G/690.jpg
G,6,691,DTASET A-Z/G/691.jpg
G,6,692,DTASET A-Z/G/692.jpg
G,6,693,DTASET A-Z/G/693.jpg
G,6,694,DTASET A-Z/G/694.jpg
G,6,695,DTASET A-Z/G/695.jpg
G,6,696,DTASET A-Z/G/696.jpg
G,6,697,DTASET A-Z/G/697.jpg
G,6,698,DTASET A-Z/G/698.jpg
G,6,699,DTASET A-Z/G/699.jpg
G,6,700,DTASET A-Z/G/700.jpg
G,6,701,DTASET A-Z/G/701.jpg
G,6,702,DTASET A-Z/G/702.jpg
G,6,703,DTASET A-Z/G/703.jpg
G,6,704,DTASET A-Z/G/704.jpg
G,6,705,DTASET A-Z/G/705.jpg
G,6,706,DTASET A-Z/G/706.jpg
G,6,707,DTASET A-Z/G/707.jpg
G,6,708,DTASET A-Z/G/708.jpg
G,6,709,DTASET A-Z/G/709.jpg
G,6,710,DTASET A-Z/G/710.jpg
G,6,711,DTASET A-Z/G/711.jpg
G,6,712,DTASET A-Z/G/712.jpg
G,6,713,DTASET A-Z/G/713.jpg
G,6,714,DTASET A-Z/G/714.jpg
G,6,715,DTASET A-Z/G/715.jpg
G,6,716,DTASET A-Z/G/716.jpg
G,6,717,DTASET A-Z/G/717.jpg
G,6,718,DTASET A-Z/G/718.jpg
G,6,719,DTASET A-Z/G/719.jpg
G,6,720,DTASET A-Z/G/720.jpg
G,6,721,DTASET A-Z/G/721.jpg
G,6,722,DTASET A-Z/G/722.jpg
G,6,723,DTASET A-Z/G/723.jpg
G,6,724,DTASET A-Z/G/724.jpg
G,6,725,DTASET A-Z/G/725.jpg
G,6,726,DTASET A-Z/G/726.jpg
G,6,727,DTASET A-Z/G/727.jpg
G,6,728,DTASET A-Z/G/728.jpg
G,6,729,DTASET A-Z/G/729.jpg
G,6,730,DTASET A-Z/G/730.jpg
G,6,731,DTASET A-Z/G/731.jpg
G,6,732,DTASET A-Z/G/732.jpg
G,6,733,DTASET A-Z/G/733.jpg
G,6,734,DTASET A-Z/G/734.jpg
G,6,735,DTASET A-Z/G/735.jpg
G,6,736,DTASET A-Z/G/736.jpg
G,6,737,DTASET A-Z/G/737.jpg
G,6,738,DTASET A-Z/G/738.jpg
G,6,739,DTASET A-Z/G/739.jpg
G,6,740,DTASET A-Z/G/740.jpg
G,6,741,DTASET A-Z/G/741.jpg
G,6,742,DTASET A-Z/G/742.jpg
G,6,743,DTASET A-Z/G/743.jpg
G,6,744,DTASET A-Z/G/744.jpg
G,6,745,DTASET A-Z/G/745.jpg
G,6,746,DTASET A-Z/G/746.jpg
G,6,747,DTASET A-Z/G/747.jpg
G,6,748,DTASET A-Z/G/748.jpg
G,6,749,DTASET A-Z/G/749.jpg
G,6,750,DTASET A-Z/G/750.jpg
G,6,751,DTASET A-Z/G/751.jpg
G,6,752,DTASET A-Z/G/752.jpg
G,6,753,DTASET A-Z/G/753.jpg
G,6,754,DTASET A-Z/G/754.jpg
G,6,755,DTASET A-Z/G/755.jpg
G,6,756,DTASET A-Z/G/756.jpg
G,6,757,DTASET A-Z/G/757.jpg
G,6,758,DTASET A-Z/G/758.jpg
G,6,759,DTASET A-Z/G/759.jpg
G,6,760,DTASET A-Z/G/760.jpg
G,6,761,DTASET A-Z/G/761.jpg
G,6,762,DTASET A-Z/G/762.jpg
G,6,763,DTASET A-Z/G/763.jpg
G,6,764,DTASET A-Z/G/764.jpg
G,6,765,DTASET A-Z/G/765.jpg
G,6,766,DTASET A-Z/G/766.jpg
G,6,767,DTASET A-Z/G/767.jpg
G,6,768,DTASET A-Z/G/768.jpg
G,6,769,DTASET A-Z/G/769.jpg
G,6,770,DTASET A-Z/G/770.jpg
G,6,771,DTASET A-Z/G/771.jpg
G,6,772,DTASET A-Z/G/772.jpg
G,6,773,DTASET A-Z/G/773.jpg
G,6,774,DTASET A-Z/G/774.jpg
G,6,775,DTASET A-Z/G/775.jpg
G,6,776,DTASET A-Z/G/776.jpg
G,6,777,DTASET A-Z/G/777.jpg
G,6,778,DTASET A-Z/G/778.jpg
G,6,779,DTASET A-Z/G/779.jpg
G,6,780,DTASET A-Z/G/780.jpg
G,6,781,DTASET A-Z/G/781.jpg
G,6,782,DTASET A-Z/G/782.jpg
G,6,783,DTASET A-Z/G/783.jpg
G,6,784,DTASET A-Z/G/784.jpg
G,6,785,DTASET A-Z/G/785.jpg
G,6,786,DTASET A-Z/G/786.jpg
G,6,787,DTASET A-Z/G/787.jpg
G,6,788,DTASET A-Z/G/788.jpg
G,6,789,DTASET A-Z/G/789.jpg
G,6,790,DTASET A-Z/G/790.jpg
G,6,791,DTASET A-Z/G/791.jpg
G,6,792,DTASET A-Z/G/792.jpg
G,6,793,DTASET A-Z/G/793.jpg
G,6,794,DTASET A-Z/G/794.jpg
G,6,795,DTASET A-Z/G/795.jpg
G,6,796,DTASET A-Z/G/796.jpg
G,6,797,DTASET A-Z/G/797.jpg
G,6,798,DTASET A-Z/G/798.jpg
G,6,799,DTASET A-Z/G/799.jpg
G,6,800,DTASET A-Z/G/800.jpg
G,6,801,DTASET A-Z/G/801.jpg
G,6,802,DTASET A-Z/G/802.jpg
G,6,803,DTASET A-Z/G/803.jpg
G,6,804,DTASET A-Z/G/804.jpg
G,6,805,DTASET A-Z/G/805.jpg
G,6,806,DTASET A-Z/G/806.jpg
G,6,807,DTASET A-Z/G/807.jpg
G,6,808,DTASET A-Z/G/808.jpg
G,6,809,DTASET A-Z/G/809.jpg
G,6,810,DTASET A-Z/G/810.jpg
G,6,811,DTASET A-Z/G/811.jpg
G,6,812,DTASET A-Z/G/812.jpg
G,6,813,DTASET A-Z/G/813.jpg
G,6,814,DTASET A-Z/G/814.jpg
G,6,815,DTASET A-Z/G/815.jpg
G,6,816,DTASET A-Z/G/816.jpg
G,6,817,DTASET A-Z/G/817.jpg
G,6,818,DTASET A-Z/G/818.jpg
G,6,819,DTASET A-Z/G/819.jpg
G,6,820,DTASET A-Z/G/820.jpg
G,6,821,DTASET A-Z/G/821.jpg
G,6,822,DTASET A-Z/G/822.jpg
G,6,823,DTASET A-Z/G/823.jpg
G,6,824,DTASET A-Z/G/824.jpg
G,6,825,DTASET A-Z/G/825.jpg
G,6,826,DTASET A-Z/G/826.jpg
G,6,827,DTASET A-Z/G/827.jpg
G,6,828,DTASET A-Z/G/828.jpg
G,6,829,DTASET A-Z/G/829.jpg
G,6,830,DTASET A-Z/G/830.jpg
G,6,831,DTASET A-Z/G/831.jpg
G,6,832,DTASET A-Z/G/832.jpg
G,6,833,DTASET A-Z/G/833.jpg
G,6,834,DTASET A-Z/G/834.jpg
G,6,835,DTASET A-Z/G/835.jpg
G,6,836,DTASET A-Z/G/836.jpg
G,6,837,DTASET A-Z/G/837.jpg
G,6,838,DTASET A-Z/G/838.jpg
G,6,839,DTASET A-Z/G/839.jpg
G,6,840,DTASET A-Z/G/840.jpg
G,6,841,DTASET A-Z/G/841.jpg
G,6,842,DTASET A-Z/G/842.jpg
G,6,843,DTASET A-Z/G/843.jpg
G,6,844,DTASET A-Z/G/844.jpg
G,6,845,DTASET A-Z/G/845.jpg
G,6,846,DTASET A-Z/G/846.jpg
G,6,847,DTASET A-Z/G/847.jpg
G,6,848,DTASET A-Z/G/848.jpg
G,6,849,DTASET A-Z/G/849.jpg
G,6,850,DTASET A-Z/G/850.jpg
G,6,851,DTASET A-Z/G/851.jpg
G,6,852,DTASET A-Z/G/852.jpg
G,6,853,DTASET A-Z/G/853.jpg
G,6,854,DTASET A-Z/G/854.jpg
G,6,855,DTASET A-Z/G/855.jpg
G,6,856,DTASET A-Z/G/856.jpg
G,6,857,DTASET A-Z/G/857.jpg
G,6,858,DTASET A-Z/G/858.jpg
G,6,859,DTASET A-Z/G/859.jpg
G,6,860,DTASET A-Z/G/860.jpg
G,6,861,DTASET A-Z/G/861.jpg
G,6,862,DTASET A-Z/G/862.jpg
G,6,863,DTASET A-Z/G/863.jpg
G,6,864,DTASET A-Z/G/864.jpg
G,6,865,DTASET A-Z/G/865.jpg
G,6,866,DTASET A-Z/G/866.jpg
G,6,867,DTASET A-Z/G/867.jpg
G,6,868,DTASET A-Z/G/868.jpg
G,6,869,DTASET A-Z/G/869.jpg
G,6,870,DTASET A-Z/G/870.jpg
G,6,871,DTASET A-Z/G/871.jpg
G,6,872,DTASET A-Z/G/872.jpg
G,6,873,DTASET A-Z/G/873.jpg
G,6,874,DTASET A-Z/G/874.jpg
G,6,875,DTASET A-Z/G/875.jpg
G,6,876,DTASET A-Z/G/876.jpg
G,6,877,DTASET A-Z/G/877.jpg
G,6,878,DTASET A-Z/G/878.jpg
G,6,879,DTASET A-Z/G/879.jpg
G,6,880,DTASET A-Z/G/880.jpg
G,6,881,DTASET A-Z/G/881.jpg
G,6,882,DTASET A-Z/G/882.jpg
G,6,883,DTASET A-Z/G/883.jpg
G,6,884,DTASET A-Z/G/884.jpg
G,6,885,DTASET A-Z/G/885.jpg
G,6,886,DTASET A-Z/G/886.jpg
G,6,887,DTASET A-Z/G/887.jpg
G,6,888,DTASET A-Z/G/888.jpg
G,6,889,DTASET A-Z/G/889.jpg
G,6,890,DTASET A-Z/G/890.jpg
G,6,891,DTASET A-Z/G/891.jpg
G,6,892,DTASET A-Z/G/892.jpg
G,6,893,DTASET A-Z/G/893.jpg
G,6,894,DTASET A-Z/G/894.jpg
G,6,895,DTASET A-Z/G/895.jpg
G,6,896,DTASET A-Z/G/896.jpg
G,6,897,DTASET A-Z/G/897.jpg
G,6,898,DTASET A-Z/G/898.jpg
G,6,899,DTASET A-Z/G/899.jpg
G,6,900,DTASET A-Z/G/900.jpg
G,6,901,DTASET A-Z/G/901.jpg
G,6,902,DTASET A-Z/G/902.jpg
G,6,903,DTASET A-Z/G/903.jpg
G,6,904,DTASET A-Z/G/904.jpg
G,6,905,DTASET A-Z/G/905.jpg
G,6,906,DTASET A-Z/G/906.jpg
G,6,907,DTASET A-Z/G/907.jpg
G,6,908,DTASET A-Z/G/908.jpg
G,6,909,DTASET A-Z/G/909.jpg
G,6,910,DTASET A-Z/G/910.jpg
G,6,911,DTASET A-Z/G/911.jpg
G,6,912,DTASET A-Z/G/912.jpg
G,6,913,DTASET A-Z/G/913.jpg
G,6,914,DTASET A-Z/G/914.jpg
G,6,915,DTASET A-Z/G/915.jpg
G,6,916,DTASET A-Z/G/916.jpg
G,6,917,DTASET A-Z/G/917.jpg
G,6,918,DTASET A-Z/G/918.jpg
G,6,919,DTASET A-Z/G/919.jpg
G,6,920,DTASET A-Z/G/920.jpg
G,6,921,DTASET A-Z/G/921.jpg
G,6,922,DTASET A-Z/G/922.jpg
G,6,923,DTASET A-Z/G/923.jpg
G,6,924,DTASET A-Z/G/924.jpg
G,6,925,DTASET A-Z/G/925.jpg
G,6,926,DTASET A-Z/G/926.jpg
G,6,927,DTASET A-Z/G/927.jpg
G,6,928,DTASET A-Z/G/928.jpg
G,6,929,DTASET A-Z/G/929.jpg
G,6,930,DTASET A-Z/G/930.jpg
G,6,931,DTASET A-Z/G/931.jpg
G,6,932,DTASET A-Z/G/932.jpg
G,6,933,DTASET A-Z/G/933.jpg
G,6,934,DTASET A-Z/G/934.jpg
G,6,935,DTASET A-Z/G/935.jpg
G,6,936,DTASET A-Z/G/936.jpg
G,6,937,DTASET A-Z/G/937.jpg
G,6,938,DTASET A-Z/G/938.jpg
G,6,939,DTASET A-Z/G/939.jpg
G,6,940,DTASET A-Z/G/940.jpg
G,6,941,DTASET A-Z/G/941.jpg
G,6,942,DTASET A-Z/G/942.jpg
G,6,943,DTASET A-Z/G/943.jpg
G,6,944,DTASET A-Z/G/944.jpg
G,6,945,DTASET A-Z/G/945.jpg
G,6,946,DTASET A-Z/G/946.jpg
G,6,947,DTASET A-Z/G/947.jpg
G,6,948,DTASET A-Z/G/948.jpg
G,6,949,DTASET A-Z/G/949.jpg
G,6,950,DTASET A-Z/G/950.jpg
G,6,951,DTASET A-Z/G/951.jpg
G,6,952,DTASET A-Z/G/952.jpg
G,6,953,DTASET A-Z/G/953.jpg
G,6,954,DTASET A-Z/G/954.jpg
G,6,955,DTASET A-Z/G/955.jpg
G,6,956,DTASET A-Z/G/956.jpg
G,6,957,DTASET A-Z/G/957.jpg
G,6,958,DTASET A-Z/G/958.jpg
G,6,959,DTASET A-Z/G/959.jpg
G,6,960,DTASET A-Z/G/960.jpg
G,6,961,DTASET A-Z/G/961.jpg
G,6,962,DTASET A-Z/G/962.jpg
G,6,963,DTASET A-Z/G/963.jpg
G,6,964,DTASET A-Z/G/964.jpg
G,6,965,DTASET A-Z/G/965.jpg
G,6,966,DTASET A-Z/G/966.jpg
G,6,967,DTASET A-Z/G/967.jpg
G,6,968,DTASET A-Z/G/968.jpg
G,6,969,DTASET A-Z/G/969.jpg
G,6,970,DTASET A-Z/G/970.jpg
G,6,971,DTASET A-Z/G/971.jpg
G,6,972,DTASET A-Z/G/972.jpg
G,6,973,DTASET A-Z/G/973.jpg
G,6,974,DTASET A-Z/G/974.jpg
G,6,975,DTASET A-Z/G/975.jpg
G,6,976,DTASET A-Z/G/976.jpg
G,6,977,DTASET A-Z/G/977.jpg
G,6,978,DTASET A-Z/G/978.jpg
G,6,979,DTASET A-Z/G/979.jpg
G,6,980,DTASET A-Z/G/980.jpg
G,6,981,DTASET A-Z/G/981.jpg
G,6,982,DTASET A-Z/G/982.jpg
G,6,983,DTASET A-Z/G/983.jpg
G,6,984,DTASET A-Z/G/984.jpg
G,6,985,DTASET A-Z/G/985.jpg
G,6,986,DTASET A-Z/G/986.jpg
G,6,987,DTASET A-Z/G/987.jpg
G,6,988,DTASET A-Z/G/988.jpg
G,6,989,DTASET A-Z/G/989.jpg
G,6,990,DTASET A-Z/G/990.jpg
G,6,991,DTASET A-Z/G/991.jpg
G,6,992,DTASET A-Z/G/992.jpg
G,6,993,DTASET A-Z/G/993.jpg
G,6,994,DTASET A-Z/G/994.jpg
G,6,995,DTASET A-Z/G/995.jpg
G,6,996,DTASET A-Z/G/996.jpg
G,6,997,DTASET A-Z/G/997.jpg
G,6,998,DTASET A-Z/G/998.jpg
G,6,999,DTASET A-Z/G/999.jpg
G,6,1000,DTASET A-Z/G/1000.jpg
G,6,1001,DTASET A-Z/G/1001.jpg
G,6,1002,DTASET A-Z/G/1002.jpg
G,6,1003,DTASET A-Z/G/1003.jpg
G,6,1004,DTASET A-Z/G/1004.jpg
G,6,1005,DTASET A-Z/G/1005.jpg
G,6,1006,DTASET A-Z/G/1006.jpg
G,6,1007,DTASET A-Z/G/1007.jpg
G,6,1008,DTASET A-Z/G/1008.jpg
G,6,1009,DTASET A-Z/G/1009.jpg
G,6,1010,DTASET A-Z/G/1010.jpg
G,6,1011,DTASET A-Z/G/1011.jpg
G,6,1012,DTASET A-Z/G/1012.jpg
G,6,1013,DTASET A-Z/G/1013.jpg
G,6,1014,DTASET A-Z/G/1014.jpg
G,6,1015,DTASET A-Z/G/1015.jpg
G,6,1016,DTASET A-Z/G/1016.jpg
G,6,1017,DTASET A-Z/G/1017.jpg
G,6,1018,DTASET A-Z/G/1018.jpg
G,6,1019,DTASET A-Z/G/1019.jpg
G,6,1020,DTASET A-Z/G/1020.jpg
G,6,1021,DTASET A-Z/G/1021.jpg
G,6,1022,DTASET A-Z/G/1022.jpg
G,6,1023,DTASET A-Z/G/1023.jpg
G,6,1024,DTASET A-Z/G/1024.jpg
G,6,1025,DTASET A-Z/G/1025.jpg
G,6,1026,DTASET A-Z/G/1026.jpg
G,6,1027,DTASET A-Z/G/1027.jpg
G,6,1028,DTASET A-Z/G/1028.jpg
G,6,1029,DTASET A-Z/G/1029.jpg
G,6,1030,DTASET A-Z/G/1030.jpg
G,6,1031,DTASET A-Z/G/1031.jpg
G,6,1032,DTASET A-Z/G/1032.jpg
G,6,1033,DTASET A-Z/G/1033.jpg
G,6,1034,DTASET A-Z/G/1034.jpg
G,6,1035,DTASET A-Z/G/1035.jpg
G,6,1036,DTASET A-Z/G/1036.jpg
G,6,1037,DTASET A-Z/G/1037.jpg
G,6,1038,DTASET A-Z/G/1038.jpg
G,6,1039,DTASET A-Z/G/1039.jpg
G,6,1040,DTASET A-Z/G/1040.jpg
G,6,1041,DTASET A-Z/G/1041.jpg
G,6,1042,DTASET A-Z/G/1042.jpg
G,6,1043,DTASET A-Z/G/1043.jpg
G,6,1044,DTASET A-Z/G/1044.jpg
G,6,1045,DTASET A-Z/G/1045.jpg
G,6,1046,DTASET A-Z/G/1046.jpg
G,6,1047,DTASET A-Z/G/1047.jpg
G,6,1048,DTASET A-Z/G/1048.jpg
G,6,1049,DTASET A-Z/G/1049.jpg
G,6,1050,DTASET A-Z/G/1050.jpg
G,6,1051,DTASET A-Z/G/1051.jpg
G,6,1052,DTASET A-Z/G/1052.jpg
G,6,1053,DTASET A-Z/G/1053.jpg
G,6,1054,DTASET A-Z/G/1054.jpg
G,6,1055,DTASET A-Z/G/1055.jpg
G,6,1056,DTASET A-Z/G/1056.jpg
G,6,1057,DTASET A-Z/G/1057.jpg
G,6,1058,DTASET A-Z/G/1058.jpg
G,6,1059,DTASET A-Z/G/1059.jpg
G,6,1060,DTASET A-Z/G/1060.jpg
G,6,1061,DTASET A-Z/G/1061.jpg
G,6,1062,DTASET A-Z/G/1062.jpg
G,6,1063,DTASET A-Z/G/1063.jpg
G,6,1064,DTASET A-Z/G/1064.jpg
G,6,1065,DTASET A-Z/G/1065.jpg
G,6,1066,DTASET A-Z/G/1066.jpg
G,6,1067,DTASET A-Z/G/1067.jpg
G,6,1068,DTASET A-Z/G/1068.jpg
G,6,1069,DTASET A-Z/G/1069.jpg
G,6,1070,DTASET A-Z/G/1070.jpg
G,6,1071,DTASET A-Z/G/1071.jpg
G,6,1072,DTASET A-Z/G/1072.jpg
G,6,1073,DTASET A-Z/G/1073.jpg
G,6,1074,DTASET A-Z/G/1074.jpg
G,6,1075,DTASET A-Z/G/1075.jpg
G,6,1076,DTASET A-Z/G/1076.jpg
G,6,1077,DTASET A-Z/G/1077.jpg
G,6,1078,DTASET A-Z/G/1078.jpg
G,6,1079,DTASET A-Z/G/1079.jpg
G,6,1080,DTASET A-Z/G/1080.jpg
G,6,1081,DTASET A-Z/G/1081.jpg
G,6,1082,DTASET A-Z/G/1082.jpg
G,6,1083,DTASET A-Z/G/1083.jpg
G,6,1084,DTASET A-Z/G/1084.jpg
G,6,1085,DTASET A-Z/G/1085.jpg
G,6,1086,DTASET A-Z/G/1086.jpg
G,6,1087,DTASET A-Z/G/1087.jpg
G,6,1088,DTASET A-Z/G/1088.jpg
G,6,1089,DTASET A-Z/G/1089.jpg
G,6,1090,DTASET A-Z/G/1090.jpg
G,6,1091,DTASET A-Z/G/1091.jpg
G,6,1092,DTASET A-Z/G/1092.jpg
G,6,1093,DTASET A-Z/G/1093.jpg
G,6,1094,DTASET A-Z/G/1094.jpg
G,6,1095,DTASET A-Z/G/1095.jpg
G,6,1096,DTASET A-Z/G/1096.jpg
G,6,1097,DTASET A-Z/G/1097.jpg
G,6,1098,DTASET A-Z/G/1098.jpg
G,6,1099,DTASET A-Z/G/1099.jpg
G,6,1100,DTASET A-Z/G/1100.jpg
G,6,1101,DTASET A-Z/G/1101.jpg
G,6,1102,DTASET A-Z/G/1102.jpg
G,6,1103,DTASET A-Z/G/1103.jpg
G,6,1104,DTASET A-Z/G/1104.jpg
G,6,1105,DTASET A-Z/G/1105.jpg
G,6,1106,DTASET A-Z/G/1106.jpg
G,6,1107,DTASET A-Z/G/1107.jpg
G,6,1108,DTASET A-Z/G/1108.jpg
G,6,1109,DTASET A-Z/G/1109.jpg
G,6,1110,DTASET A-Z/G/1110.jpg
G,6,1111,DTASET A-Z/G/1111.jpg
G,6,1112,DTASET A-Z/G/1112.jpg
G,6,1113,DTASET A-Z/G/1113.jpg
G,6,1114,DTASET A-Z/G/1114.jpg
G,6,1115,DTASET A-Z/G/1115.jpg
G,6,1116,DTASET A-Z/G/1116.jpg
G,6,1117,DTASET A-Z/G/1117.jpg
G,6,1118,DTASET A-Z/G/1118.jpg
G,6,1119,DTASET A-Z/G/1119.jpg
G,6,1120,DTASET A-Z/G/1120.jpg
G,6,1121,DTASET A-Z/G/1121.jpg
G,6,1122,DTASET A-Z/G/1122.jpg
G,6,1123,DTASET A-Z/G/1123.jpg
G,6,1124,DTASET A-Z/G/1124.jpg
G,6,1125,DTASET A-Z/G/1125.jpg
G,6,1126,DTASET A-Z/G/1126.jpg
G,6,1127,DTASET A-Z/G/1127.jpg
G,6,1128,DTASET A-Z/G/1128.jpg
G,6,1129,DTASET A-Z/G/1129.jpg
G,6,1130,DTASET A-Z/G/1130.jpg
G,6,1131,DTASET A-Z/G/1131.jpg
G,6,1132,DTASET A-Z/G/1132.jpg
G,6,1133,DTASET A-Z/G/1133.jpg
G,6,1134,DTASET A-Z/G/1134.jpg
G,6,1135,DTASET A-Z/G/1135.jpg
G,6,1136,DTASET A-Z/G/1136.jpg
G,6,1137,DTASET A-Z/G/1137.jpg
G,6,1138,DTASET A-Z/G/1138.jpg
G,6,1139,DTASET A-Z/G/1139.jpg
G,6,1140,DTASET A-Z/G/1140.jpg
G,6,1141,DTASET A-Z/G/1141.jpg
G,6,1142,DTASET A-Z/G/1142.jpg
G,6,1143,DTASET A-Z/G/1143.jpg
G,6,1144,DTASET A-Z/G/1144.jpg
G,6,1145,DTASET A-Z/G/1145.jpg
G,6,1146,DTASET A-Z/G/1146.jpg
G,6,1147,DTASET A-Z/G/1147.jpg
G,6,1148,DTASET A-Z/G/1148.jpg
G,6,1149,DTASET A-Z/G/1149.jpg
G,6,1150,DTASET A-Z/G/1150.jpg
G,6,1151,DTASET A-Z/G/1151.jpg
G,6,1152,DTASET A-Z/G/1152.jpg
G,6,1153,DTASET A-Z/G/1153.jpg
G,6,1154,DTASET A-Z/G/1154.jpg
G,6,1155,DTASET A-Z/G/1155.jpg
G,6,1156,DTASET A-Z/G/1156.jpg
G,6,1157,DTASET A-Z/G/1157.jpg
G,6,1158,DTASET A-Z/G/1158.jpg
G,6,1159,DTASET A-Z/G/1159.jpg
G,6,1160,DTASET A-Z/G/1160.jpg
G,6,1161,DTASET A-Z/G/1161.jpg
G,6,1162,DTASET A-Z/G/1162.jpg
G,6,1163,DTASET A-Z/G/1163.jpg
G,6,1164,DTASET A-Z/G/1164.jpg
G,6,1165,DTASET A-Z/G/1165.jpg
G,6,1166,DTASET A-Z/G/1166.jpg
G,6,1167,DTASET A-Z/G/1167.jpg
G,6,1168,DTASET A-Z/G/1168.jpg
G,6,1169,DTASET A-Z/G/1169.jpg
G,6,1170,DTASET A-Z/G/1170.jpg
G,6,1171,DTASET A-Z/G/1171.jpg
G,6,1172,DTASET A-Z/G/1172.jpg
G,6,1173,DTASET A-Z/G/1173.jpg
G,6,1174,DTASET A-Z/G/1174.jpg
G,6,1175,DTASET A-Z/G/1175.jpg
G,6,1176,DTASET A-Z/G/1176.jpg
G,6,1177,DTASET A-Z/G/1177.jpg
G,6,1178,DTASET A-Z/G/1178.jpg
G,6,1179,DTASET A-Z/G/1179.jpg
G,6,1180,DTASET A-Z/G/1180.jpg
G,6,1181,DTASET A-Z/G/1181.jpg
G,6,1182,DTASET A-Z/G/1182.jpg
G,6,1183,DTASET A-Z/G/1183.jpg
G,6,1184,DTASET A-Z/G/1184.jpg
G,6,1185,DTASET A-Z/G/1185.jpg
G,6,1186,DTASET A-Z/G/1186.jpg
G,6,1187,DTASET A-Z/G/1187.jpg
G,6,1188,DTASET A-Z/G/1188.jpg
G,6,1189,DTASET A-Z/G/1189.jpg
G,6,1190,DTASET A-Z/G/1190.jpg
G,6,1191,DTASET A-Z/G/1191.jpg
G,6,1192,DTASET A-Z/G/1192.jpg
G,6,1193,DTASET A-Z/G/1193.jpg
G,6,1194,DTASET A-Z/G/1194.jpg
G,6,1195,DTASET A-Z/G/1195.jpg
G,6,1196,DTASET A-Z/G/1196.jpg
G,6,1197,DTASET A-Z/G/1197.jpg
G,6,1198,DTASET A-Z/G/1198.jpg
G,6,1199,DTASET A-Z/G/1199.jpg
H,7,0,DTASET A-Z/H/0.jpg
H,7,1,DTASET A-Z/H/1.jpg
H,7,2,DTASET A-Z/H/2.jpg
H,7,3,DTASET A-Z/H/3.jpg
H,7,4,DTASET A-Z/H/4.jpg
H,7,5,DTASET A-Z/H/5.jpg
H,7,6,DTASET A-Z/H/6.jpg
H,7,7,DTASET A-Z/H/7.jpg
H,7,8,DTASET A-Z/H/8.jpg
H,7,9,DTASET A-Z/H/9.jpg
H,7,10,DTASET A-Z/H/10.jpg
H,7,11,DTASET A-Z/H/11.jpg
H,7,12,DTASET A-Z/H/12.jpg
H,7,13,DTASET A-Z/H/13.jpg
H,7,14,DTASET A-Z/H/14.jpg
H,7,15,DTASET A-Z/H/15.jpg
H,7,16,DTASET A-Z/H/16.jpg
H,7,17,DTASET A-Z/H/17.jpg
H,7,18,DTASET A-Z/H/18.jpg
H,7,19,DTASET A-Z/H/19.jpg
H,7,20,DTASET A-Z/H/20.jpg
H,7,21,DTASET A-Z/H/21.jpg
H,7,22,DTASET A-Z/H/22.jpg
H,7,23,DTASET A-Z/H/23.jpg
H,7,24,DTASET A-Z/H/24.jpg
H,7,25,DTASET A-Z/H/25.jpg
H,7,26,DTASET A-Z/H/26.jpg
H,7,27,DTASET A-Z/H/27.jpg
H,7,28,DTASET A-Z/H/28.jpg
H,7,29,DTASET A-Z/H/29.jpg
H,7,30,DTASET A-Z/H/30.jpg
H,7,31,DTASET A-Z/H/31.jpg
H,7,32,DTASET A-Z/H/32.jpg
H,7,33,DTASET A-Z/H/33.jpg
H,7,34,DTASET A-Z/H/34.jpg
H,7,35,DTASET A-Z/H/35.jpg
H,7,36,DTASET A-Z/H/36.jpg
H,7,37,DTASET A-Z/H/37.jpg
H,7,38,DTASET A-Z/H/38.jpg
H,7,39,DTASET A-Z/H/39.jpg
H,7,40,DTASET A-Z/H/40.jpg
H,7,41,DTASET A-Z/H/41.jpg
H,7,42,DTASET A-Z/H/42.jpg
H,7,43,DTASET A-Z/H/43.jpg
H,7,44,DTASET A-Z/H/44.jpg
H,7,45,DTASET A-Z/H/45.jpg
H,7,46,DTASET A-Z/H/46.jpg
H,7,47,DTASET A-Z/H/47.jpg
H,7,48,DTASET A-Z/H/48.jpg
H,7,49,DTASET A-Z/H/49.jpg
H,7,50,DTASET A-Z/H/50.jpg
H,7,51,DTASET A-Z/H/51.jpg
H,7,52,DTASET A-Z/H/52.jpg
H,7,53,DTASET A-Z/H/53.jpg
H,7,54,DTASET A-Z/H/54.jpg
H,7,55,DTASET A-Z/H/55.jpg
H,7,56,DTASET A-Z/H/56.jpg
H,7,57,DTASET A-Z/H/57.jpg
H,7,58,DTASET A-Z/H/58.jpg
H,7,59,DTASET A-Z/H/59.jpg
H,7,60,DTASET A-Z/H/60.jpg
H,7,61,DTASET A-Z/H/61.jpg
H,7,62,DTASET A-Z/H/62.jpg
H,7,63,DTASET A-Z/H/63.jpg
H,7,64,DTASET A-Z/H/64.jpg
H,7,65,DTASET A-Z/H/65.jpg
H,7,66,DTASET A-Z/H/66.jpg
H,7,67,DTASET A-Z/H/67.jpg
H,7,68,DTASET A-Z/H/68.jpg
H,7,69,DTASET A-Z/H/69.jpg
H,7,70,DTASET A-Z/H/70.jpg
H,7,71,DTASET A-Z/H/71.jpg
H,7,72,DTASET A-Z/H/72.jpg
H,7,73,DTASET A-Z/H/73.jpg
H,7,74,DTASET A-Z/H/74.jpg
H,7,75,DTASET A-Z/H/75.jpg
H,7,76,DTASET A-Z/H/76.jpg
H,7,77,DTASET A-Z/H/77.jpg
H,7,78,DTASET A-Z/H/78.jpg
H,7,79,DTASET A-Z/H/79.jpg
H,7,80,DTASET A-Z/H/80.jpg
H,7,81,DTASET A-Z/H/81.jpg
H,7,82,DTASET A-Z/H/82.jpg
H,7,83,DTASET A-Z/H/83.jpg
H,7,84,DTASET A-Z/H/84.jpg
H,7,85,DTASET A-Z/H/85.jpg
H,7,86,DTASET A-Z/H/86.jpg
H,7,87,DTASET A-Z/H/87.jpg
H,7,88,DTASET A-Z/H/88.jpg
H,7,89,DTASET A-Z/H/89.jpg
H,7,90,DTASET A-Z/H/90.jpg
H,7,91,DTASET A-Z/H/91.jpg
H,7,92,DTASET A-Z/H/92.jpg
H,7,93,DTASET A-Z/H/93.jpg
H,7,94,DTASET A-Z/H/94.jpg
H,7,95,DTASET A-Z/H/95.jpg
H,7,96,DTASET A-Z/H/96.jpg
H,7,97,DTASET A-Z/H/97.jpg
H,7,98,DTASET A-Z/H/98.jpg
H,7,99,DTASET A-Z/H/99.jpg
H,7,100,DTASET A-Z/H/100.jpg
H,7,101,DTASET A-Z/H/101.jpg
H,7,102,DTASET A-Z/H/102.jpg
H,7,103,DTASET A-Z/H/103.jpg
H,7,104,DTASET A-Z/H/104.jpg
H,7,105,DTASET A-Z/H/105.jpg
H,7,106,DTASET A-Z/H/106.jpg
H,7,107,DTASET A-Z/H/107.jpg
H,7,108,DTASET A-Z/H/108.jpg
H,7,109,DTASET A-Z/H/109.jpg
H,7,110,DTASET A-Z/H/110.jpg
H,7,111,DTASET A-Z/H/111.jpg
H,7,112,DTASET A-Z/H/112.jpg
H,7,113,DTASET A-Z/H/113.jpg
H,7,114,DTASET A-Z/H/114.jpg
H,7,115,DTASET A-Z/H/115.jpg
H,7,116,DTASET A-Z/H/116.jpg
H,7,117,DTASET A-Z/H/117.jpg
H,7,118,DTASET A-Z/H/118.jpg
H,7,119,DTASET A-Z/H/119.jpg
H,7,120,DTASET A-Z/H/120.jpg
H,7,121,DTASET A-Z/H/121.jpg
H,7,122,DTASET A-Z/H/122.jpg
H,7,123,DTASET A-Z/H/123.jpg
H,7,124,DTASET A-Z/H/124.jpg
H,7,125,DTASET A-Z/H/125.jpg
H,7,126,DTASET A-Z/H/126.jpg
H,7,127,DTASET A-Z/H/127.jpg
H,7,128,DTASET A-Z/H/128.jpg
H,7,129,DTASET A-Z/H/129.jpg
H,7,130,DTASET A-Z/H/130.jpg
H,7,131,DTASET A-Z/H/131.jpg
H,7,132,DTASET A-Z/H/132.jpg
H,7,133,DTASET A-Z/H/133.jpg
H,7,134,DTASET A-Z/H/134.jpg
H,7,135,DTASET A-Z/H/135.jpg
H,7,136,DTASET A-Z/H/136.jpg
H,7,137,DTASET A-Z/H/137.jpg
H,7,138,DTASET A-Z/H/138.jpg
H,7,139,DTASET A-Z/H/139.jpg
H,7,140,DTASET A-Z/H/140.jpg
H,7,141,DTASET A-Z/H/141.jpg
H,7,142,DTASET A-Z/H/142.jpg
H,7,143,DTASET A-Z/H/143.jpg
H,7,144,DTASET A-Z/H/144.jpg
H,7,145,DTASET A-Z/H/145.jpg
H,7,146,DTASET A-Z/H/146.jpg
H,7,147,DTASET A-Z/H/147.jpg
H,7,148,DTASET A-Z/H/148.jpg
H,7,149,DTASET A-Z/H/149.jpg
H,7,150,DTASET A-Z/H/150.jpg
H,7,151,DTASET A-Z/H/151.jpg
H,7,152,DTASET A-Z/H/152.jpg
H,7,153,DTASET A-Z/H/153.jpg
H,7,154,DTASET A-Z/H/154.jpg
H,7,155,DTASET A-Z/H/155.jpg
H,7,156,DTASET A-Z/H/156.jpg
H,7,157,DTASET A-Z/H/157.jpg
H,7,158,DTASET A-Z/H/158.jpg
H,7,159,DTASET A-Z/H/159.jpg
H,7,160,DTASET A-Z/H/160.jpg
H,7,161,DTASET A-Z/H/161.jpg
H,7,162,DTASET A-Z/H/162.jpg
H,7,163,DTASET A-Z/H/163.jpg
H,7,164,DTASET A-Z/H/164.jpg
H,7,165,DTASET A-Z/H/165.jpg
H,7,166,DTASET A-Z/H/166.jpg
H,7,167,DTASET A-Z/H/167.jpg
H,7,168,DTASET A-Z/H/168.jpg
H,7,169,DTASET A-Z/H/169.jpg
H,7,170,DTASET A-Z/H/170.jpg
H,7,171,DTASET A-Z/H/171.jpg
H,7,172,DTASET A-Z/H/172.jpg
H,7,173,DTASET A-Z/H/173.jpg
H,7,174,DTASET A-Z/H/174.jpg
H,7,175,DTASET A-Z/H/175.jpg
H,7,176,DTASET A-Z/H/176.jpg
H,7,177,DTASET A-Z/H/177.jpg
H,7,178,DTASET A-Z/H/178.jpg
H,7,179,DTASET A-Z/H/179.jpg
H,7,180,DTASET A-Z/H/180.jpg
H,7,181,DTASET A-Z/H/181.jpg
H,7,182,DTASET A-Z/H/182.jpg
H,7,183,DTASET A-Z/H/183.jpg
H,7,184,DTASET A-Z/H/184.jpg
H,7,185,DTASET A-Z/H/185.jpg
H,7,186,DTASET A-Z/H/186.jpg
H,7,187,DTASET A-Z/H/187.jpg
H,7,188,DTASET A-Z/H/188.jpg
H,7,189,DTASET A-Z/H/189.jpg
H,7,190,DTASET A-Z/H/190.jpg
H,7,191,DTASET A-Z/H/191.jpg
H,7,192,DTASET A-Z/H/192.jpg
H,7,193,DTASET A-Z/H/193.jpg
H,7,194,DTASET A-Z/H/194.jpg
H,7,195,DTASET A-Z/H/195.jpg
H,7,196,DTASET A-Z/H/196.jpg
H,7,197,DTASET A-Z/H/197.jpg
H,7,198,DTASET A-Z/H/198.jpg
H,7,199,DTASET A-Z/H/199.jpg
H,7,200,DTASET A-Z/H/200.jpg
H,7,201,DTASET A-Z/H/201.jpg
H,7,202,DTASET A-Z/H/202.jpg
H,7,203,DTASET A-Z/H/203.jpg
H,7,204,DTASET A-Z/H/204.jpg
H,7,205,DTASET A-Z/H/205.jpg
H,7,206,DTASET A-Z/H/206.jpg
H,7,207,DTASET A-Z/H/207.jpg
H,7,208,DTASET A-Z/H/208.jpg
H,7,209,DTASET A-Z/H/209.jpg
H,7,210,DTASET A-Z/H/210.jpg
H,7,211,DTASET A-Z/H/211.jpg
H,7,212,DTASET A-Z/H/212.jpg
H,7,213,DTASET A-Z/H/213.jpg
H,7,214,DTASET A-Z/H/214.jpg
H,7,215,DTASET A-Z/H/215.jpg
H,7,216,DTASET A-Z/H/216.jpg
H,7,217,DTASET A-Z/H/217.jpg
H,7,218,DTASET A-Z/H/218.jpg
H,7,219,DTASET A-Z/H/219.jpg
H,7,220,DTASET A-Z/H/220.jpg
H,7,221,DTASET A-Z/H/221.jpg
H,7,222,DTASET A-Z/H/222.jpg
H,7,223,DTASET A-Z/H/223.jpg
H,7,224,DTASET A-Z/H/224.jpg
H,7,225,DTASET A-Z/H/225.jpg
H,7,226,DTASET A-Z/H/226.jpg
H,7,227,DTASET A-Z/H/227.jpg
H,7,228,DTASET A-Z/H/228.jpg
H,7,229,DTASET A-Z/H/229.jpg
H,7,230,DTASET A-Z/H/230.jpg
H,7,231,DTASET A-Z/H/231.jpg
H,7,232,DTASET A-Z/H/232.jpg
H,7,233,DTASET A-Z/H/233.jpg
H,7,234,DTASET A-Z/H/234.jpg
H,7,235,DTASET A-Z/H/235.jpg
H,7,236,DTASET A-Z/H/236.jpg
H,7,237,DTASET A-Z/H/237.jpg
H,7,238,DTASET A-Z/H/238.jpg
H,7,239,DTASET A-Z/H/239.jpg
H,7,240,DTASET A-Z/H/240.jpg
H,7,241,DTASET A-Z/H/241.jpg
H,7,242,DTASET A-Z/H/242.jpg
H,7,243,DTASET A-Z/H/243.jpg
H,7,244,DTASET A-Z/H/244.jpg
H,7,245,DTASET A-Z/H/245.jpg
H,7,246,DTASET A-Z/H/246.jpg
H,7,247,DTASET A-Z/H/247.jpg
H,7,248,DTASET A-Z/H/248.jpg
H,7,249,DTASET A-Z/H/249.jpg
H,7,250,DTASET A-Z/H/250.jpg
H,7,251,DTASET A-Z/H/251.jpg
H,7,252,DTASET A-Z/H/252.jpg
H,7,253,DTASET A-Z/H/253.jpg
H,7,254,DTASET A-Z/H/254.jpg
H,7,255,DTASET A-Z/H/255.jpg
H,7,256,DTASET A-Z/H/256.jpg
H,7,257,DTASET A-Z/H/257.jpg
H,7,258,DTASET A-Z/H/258.jpg
H,7,259,DTASET A-Z/H/259.jpg
H,7,260,DTASET A-Z/H/260.jpg
H,7,261,DTASET A-Z/H/261.jpg
H,7,262,DTASET A-Z/H/262.jpg
H,7,263,DTASET A-Z/H/263.jpg
H,7,264,DTASET A-Z/H/264.jpg
H,7,265,DTASET A-Z/H/265.jpg
H,7,266,DTASET A-Z/H/266.jpg
H,7,267,DTASET A-Z/H/267.jpg
H,7,268,DTASET A-Z/H/268.jpg
H,7,269,DTASET A-Z/H/269.jpg
H,7,270,DTASET A-Z/H/270.jpg
H,7,271,DTASET A-Z/H/271.jpg
H,7,272,DTASET A-Z/H/272.jpg
H,7,273,DTASET A-Z/H/273.jpg
H,7,274,DTASET A-Z/H/274.jpg
H,7,275,DTASET A-Z/H/275.jpg
H,7,276,DTASET A-Z/H/276.jpg
H,7,277,DTASET A-Z/H/277.jpg
H,7,278,DTASET A-Z/H/278.jpg
H,7,279,DTASET A-Z/H/279.jpg
H,7,280,DTASET A-Z/H/280.jpg
H,7,281,DTASET A-Z/H/281.jpg
H,7,282,DTASET A-Z/H/282.jpg
H,7,283,DTASET A-Z/H/283.jpg
H,7,284,DTASET A-Z/H/284.jpg
H,7,285,DTASET A-Z/H/285.jpg
H,7,286,DTASET A-Z/H/286.jpg
H,7,287,DTASET A-Z/H/287.jpg
H,7,288,DTASET A-Z/H/288.jpg
H,7,289,DTASET A-Z/H/289.jpg
H,7,290,DTASET A-Z/H/290.jpg
H,7,291,DTASET A-Z/H/291.jpg
H,7,292,DTASET A-Z/H/292.jpg
H,7,293,DTASET A-Z/H/293.jpg
H,7,294,DTASET A-Z/H/294.jpg
H,7,295,DTASET A-Z/H/295.jpg
H,7,296,DTASET A-Z/H/296.jpg
H,7,297,DTASET A-Z/H/297.jpg
H,7,298,DTASET A-Z/H/298.jpg
H,7,299,DTASET A-Z/H/299.jpg
H,7,300,DTASET A-Z/H/300.jpg
H,7,301,DTASET A-Z/H/301.jpg
H,7,302,DTASET A-Z/H/302.jpg
H,7,303,DTASET A-Z/H/303.jpg
H,7,304,DTASET A-Z/H/304.jpg
H,7,305,DTASET A-Z/H/305.jpg
H,7,306,DTASET A-Z/H/306.jpg
H,7,307,DTASET A-Z/H/307.jpg
H,7,308,DTASET A-Z/H/308.jpg
H,7,309,DTASET A-Z/H/309.jpg
H,7,310,DTASET A-Z/H/310.jpg
H,7,311,DTASET A-Z/H/311.jpg
H,7,312,DTASET A-Z/H/312.jpg
H,7,313,DTASET A-Z/H/313.jpg
H,7,314,DTASET A-Z/H/314.jpg
H,7,315,DTASET A-Z/H/315.jpg
H,7,316,DTASET A-Z/H/316.jpg
H,7,317,DTASET A-Z/H/317.jpg
H,7,318,DTASET A-Z/H/318.jpg
H,7,319,DTASET A-Z/H/319.jpg
H,7,320,DTASET A-Z/H/320.jpg
H,7,321,DTASET A-Z/H/321.jpg
H,7,322,DTASET A-Z/H/322.jpg
H,7,323,DTASET A-Z/H/323.jpg
H,7,324,DTASET A-Z/H/324.jpg
H,7,325,DTASET A-Z/H/325.jpg
H,7,326,DTASET A-Z/H/326.jpg
H,7,327,DTASET A-Z/H/327.jpg
H,7,328,DTASET A-Z/H/328.jpg
H,7,329,DTASET A-Z/H/329.jpg
H,7,330,DTASET A-Z/H/330.jpg
H,7,331,DTASET A-Z/H/331.jpg
H,7,332,DTASET A-Z/H/332.jpg
H,7,333,DTASET A-Z/H/333.jpg
H,7,334,DTASET A-Z/H/334.jpg
H,7,335,DTASET A-Z/H/335.jpg
H,7,336,DTASET A-Z/H/336.jpg
H,7,337,DTASET A-Z/H/337.jpg
H,7,338,DTASET A-Z/H/338.jpg
H,7,339,DTASET A-Z/H/339.jpg
H,7,340,DTASET A-Z/H/340.jpg
H,7,341,DTASET A-Z/H/341.jpg
H,7,342,DTASET A-Z/H/342.jpg
H,7,343,DTASET A-Z/H/343.jpg
H,7,344,DTASET A-Z/H/344.jpg
H,7,345,DTASET A-Z/H/345.jpg
H,7,346,DTASET A-Z/H/346.jpg
H,7,347,DTASET A-Z/H/347.jpg
H,7,348,DTASET A-Z/H/348.jpg
H,7,349,DTASET A-Z/H/349.jpg
H,7,350,DTASET A-Z/H/350.jpg
H,7,351,DTASET A-Z/H/351.jpg
H,7,352,DTASET A-Z/H/352.jpg
H,7,353,DTASET A-Z/H/353.jpg
H,7,354,DTASET A-Z/H/354.jpg
H,7,355,DTASET A-Z/H/355.jpg
H,7,356,DTASET A-Z/H/356.jpg
H,7,357,DTASET A-Z/H/357.jpg
H,7,358,DTASET A-Z/H/358.jpg
H,7,359,DTASET A-Z/H/359.jpg
H,7,360,DTASET A-Z/H/360.jpg
H,7,361,DTASET A-Z/H/361.jpg
H,7,362,DTASET A-Z/H/362.jpg
H,7,363,DTASET A-Z/H/363.jpg
H,7,364,DTASET A-Z/H/364.jpg
H,7,365,DTASET A-Z/H/365.jpg
H,7,366,DTASET A-Z/H/366.jpg
H,7,367,DTASET A-Z/H/367.jpg
H,7,368,DTASET A-Z/H/368.jpg
H,7,369,DTASET A-Z/H/369.jpg
H,7,370,DTASET A-Z/H/370.jpg
H,7,371,DTASET A-Z/H/371.jpg
H,7,372,DTASET A-Z/H/372.jpg
H,7,373,DTASET A-Z/H/373.jpg
H,7,374,DTASET A-Z/H/374.jpg
H,7,375,DTASET A-Z/H/375.jpg
H,7,376,DTASET A-Z/H/376.jpg
H,7,377,DTASET A-Z/H/377.jpg
H,7,378,DTASET A-Z/H/378.jpg
H,7,379,DTASET A-Z/H/379.jpg
H,7,380,DTASET A-Z/H/380.jpg
H,7,381,DTASET A-Z/H/381.jpg
H,7,382,DTASET A-Z/H/382.jpg
H,7,383,DTASET A-Z/H/383.jpg
H,7,384,DTASET A-Z/H/384.jpg
H,7,385,DTASET A-Z/H/385.jpg
H,7,386,DTASET A-Z/H/386.jpg
H,7,387,DTASET A-Z/H/387.jpg
H,7,388,DTASET A-Z/H/388.jpg
H,7,389,DTASET A-Z/H/389.jpg
H,7,390,DTASET A-Z/H/390.jpg
H,7,391,DTASET A-Z/H/391.jpg
H,7,392,DTASET A-Z/H/392.jpg
H,7,393,DTASET A-Z/H/393.jpg
H,7,394,DTASET A-Z/H/394.jpg
H,7,395,DTASET A-Z/H/395.jpg
H,7,396,DTASET A-Z/H/396.jpg
H,7,397,DTASET A-Z/H/397.jpg
H,7,398,DTASET A-Z/H/398.jpg
H,7,399,DTASET A-Z/H/399.jpg
H,7,400,DTASET A-Z/H/400.jpg
H,7,401,DTASET A-Z/H/401.jpg
H,7,402,DTASET A-Z/H/402.jpg
H,7,403,DTASET A-Z/H/403.jpg
H,7,404,DTASET A-Z/H/404.jpg
H,7,405,DTASET A-Z/H/405.jpg
H,7,406,DTASET A-Z/H/406.jpg
H,7,407,DTASET A-Z/H/407.jpg
H,7,408,DTASET A-Z/H/408.jpg
H,7,409,DTASET A-Z/H/409.jpg
H,7,410,DTASET A-Z/H/410.jpg
H,7,411,DTASET A-Z/H/411.jpg
H,7,412,DTASET A-Z/H/412.jpg
H,7,413,DTASET A-Z/H/413.jpg
H,7,414,DTASET A-Z/H/414.jpg
H,7,415,DTASET A-Z/H/415.jpg
H,7,416,DTASET A-Z/H/416.jpg
H,7,417,DTASET A-Z/H/417.jpg
H,7,418,DTASET A-Z/H/418.jpg
H,7,419,DTASET A-Z/H/419.jpg
H,7,420,DTASET A-Z/H/420.jpg
H,7,421,DTASET A-Z/H/421.jpg
H,7,422,DTASET A-Z/H/422.jpg
H,7,423,DTASET A-Z/H/423.jpg
H,7,424,DTASET A-Z/H/424.jpg
H,7,425,DTASET A-Z/H/425.jpg
H,7,426,DTASET A-Z/H/426.jpg
H,7,427,DTASET A-Z/H/427.jpg
H,7,428,DTASET A-Z/H/428.jpg
H,7,429,DTASET A-Z/H/429.jpg
H,7,430,DTASET A-Z/H/430.jpg
H,7,431,DTASET A-Z/H/431.jpg
H,7,432,DTASET A-Z/H/432.jpg
H,7,433,DTASET A-Z/H/433.jpg
H,7,434,DTASET A-Z/H/434.jpg
H,7,435,DTASET A-Z/H/435.jpg
H,7,436,DTASET A-Z/H/436.jpg
H,7,437,DTASET A-Z/H/437.jpg
H,7,438,DTASET A-Z/H/438.jpg
H,7,439,DTASET A-Z/H/439.jpg
H,7,440,DTASET A-Z/H/440.jpg
H,7,441,DTASET A-Z/H/441.jpg
H,7,442,DTASET A-Z/H/442.jpg
H,7,443,DTASET A-Z/H/443.jpg
H,7,444,DTASET A-Z/H/444.jpg
H,7,445,DTASET A-Z/H/445.jpg
H,7,446,DTASET A-Z/H/446.jpg
H,7,447,DTASET A-Z/H/447.jpg
H,7,448,DTASET A-Z/H/448.jpg
H,7,449,DTASET A-Z/H/449.jpg
H,7,450,DTASET A-Z/H/450.jpg
H,7,451,DTASET A-Z/H/451.jpg
H,7,452,DTASET A-Z/H/452.jpg
H,7,453,DTASET A-Z/H/453.jpg
H,7,454,DTASET A-Z/H/454.jpg
H,7,455,DTASET A-Z/H/455.jpg
H,7,456,DTASET A-Z/H/456.jpg
H,7,457,DTASET A-Z/H/457.jpg
H,7,458,DTASET A-Z/H/458.jpg
H,7,459,DTASET A-Z/H/459.jpg
H,7,460,DTASET A-Z/H/460.jpg
H,7,461,DTASET A-Z/H/461.jpg
H,7,462,DTASET A-Z/H/462.jpg
H,7,463,DTASET A-Z/H/463.jpg
H,7,464,DTASET A-Z/H/464.jpg
H,7,465,DTASET A-Z/H/465.jpg
H,7,466,DTASET A-Z/H/466.jpg
H,7,467,DTASET A-Z/H/467.jpg
H,7,468,DTASET A-Z/H/468.jpg
H,7,469,DTASET A-Z/H/469.jpg
H,7,470,DTASET A-Z/H/470.jpg
H,7,471,DTASET A-Z/H/471.jpg
H,7,472,DTASET A-Z/H/472.jpg
H,7,473,DTASET A-Z/H/473.jpg
H,7,474,DTASET A-Z/H/474.jpg
H,7,475,DTASET A-Z/H/475.jpg
H,7,476,DTASET A-Z/H/476.jpg
H,7,477,DTASET A-Z/H/477.jpg
H,7,478,DTASET A-Z/H/478.jpg
H,7,479,DTASET A-Z/H/479.jpg
H,7,480,DTASET A-Z/H/480.jpg
H,7,481,DTASET A-Z/H/481.jpg
H,7,482,DTASET A-Z/H/482.jpg
H,7,483,DTASET A-Z/H/483.jpg
H,7,484,DTASET A-Z/H/484.jpg
H,7,485,DTASET A-Z/H/485.jpg
H,7,486,DTASET A-Z/H/486.jpg
H,7,487,DTASET A-Z/H/487.jpg
H,7,488,DTASET A-Z/H/488.jpg
H,7,489,DTASET A-Z/H/489.jpg
H,7,490,DTASET A-Z/H/490.jpg
H,7,491,DTASET A-Z/H/491.jpg
H,7,492,DTASET A-Z/H/492.jpg
H,7,493,DTASET A-Z/H/493.jpg
H,7,494,DTASET A-Z/H/494.jpg
H,7,495,DTASET A-Z/H/495.jpg
H,7,496,DTASET A-Z/H/496.jpg
H,7,497,DTASET A-Z/H/497.jpg
H,7,498,DTASET A-Z/H/498.jpg
H,7,499,DTASET A-Z/H/499.jpg
H,7,500,DTASET A-Z/H/500.jpg
H,7,501,DTASET A-Z/H/501.jpg
H,7,502,DTASET A-Z/H/502.jpg
H,7,503,DTASET A-Z/H/503.jpg
H,7,504,DTASET A-Z/H/504.jpg
H,7,505,DTASET A-Z/H/505.jpg
H,7,506,DTASET A-Z/H/506.jpg
H,7,507,DTASET A-Z/H/507.jpg
H,7,508,DTASET A-Z/H/508.jpg
H,7,509,DTASET A-Z/H/509.jpg
H,7,510,DTASET A-Z/H/510.jpg
H,7,511,DTASET A-Z/H/511.jpg
H,7,512,DTASET A-Z/H/512.jpg
H,7,513,DTASET A-Z/H/513.jpg
H,7,514,DTASET A-Z/H/514.jpg
H,7,515,DTASET A-Z/H/515.jpg
H,7,516,DTASET A-Z/H/516.jpg
H,7,517,DTASET A-Z/H/517.jpg
H,7,518,DTASET A-Z/H/518.jpg
H,7,519,DTASET A-Z/H/519.jpg
H,7,520,DTASET A-Z/H/520.jpg
H,7,521,DTASET A-Z/H/521.jpg
H,7,522,DTASET A-Z/H/522.jpg
H,7,523,DTASET A-Z/H/523.jpg
H,7,524,DTASET A-Z/H/524.jpg
H,7,525,DTASET A-Z/H/525.jpg
H,7,526,DTASET A-Z/H/526.jpg
H,7,527,DTASET A-Z/H/527.jpg
H,7,528,DTASET A-Z/H/528.jpg
H,7,529,DTASET A-Z/H/529.jpg
H,7,530,DTASET A-Z/H/530.jpg
H,7,531,DTASET A-Z/H/531.jpg
H,7,532,DTASET A-Z/H/532.jpg
H,7,533,DTASET A-Z/H/533.jpg
H,7,534,DTASET A-Z/H/534.jpg
H,7,535,DTASET A-Z/H/535.jpg
H,7,536,DTASET A-Z/H/536.jpg
H,7,537,DTASET A-Z/H/537.jpg
H,7,538,DTASET A-Z/H/538.jpg
H,7,539,DTASET A-Z/H/539.jpg
H,7,540,DTASET A-Z/H/540.jpg
H,7,541,DTASET A-Z/H/541.jpg
H,7,542,DTASET A-Z/H/542.jpg
H,7,543,DTASET A-Z/H/543.jpg
H,7,544,DTASET A-Z/H/544.jpg
H,7,545,DTASET A-Z/H/545.jpg
H,7,546,DTASET A-Z/H/546.jpg
H,7,547,DTASET A-Z/H/547.jpg
H,7,548,DTASET A-Z/H/548.jpg
H,7,549,DTASET A-Z/H/549.jpg
H,7,550,DTASET A-Z/H/550.jpg
H,7,551,DTASET A-Z/H/551.jpg
H,7,552,DTASET A-Z/H/552.jpg
H,7,553,DTASET A-Z/H/553.jpg
H,7,554,DTASET A-Z/H/554.jpg
H,7,555,DTASET A-Z/H/555.jpg
H,7,556,DTASET A-Z/H/556.jpg
H,7,557,DTASET A-Z/H/557.jpg
H,7,558,DTASET A-Z/H/558.jpg
H,7,559,DTASET A-Z/H/559.jpg
H,7,560,DTASET A-Z/H/560.jpg
H,7,561,DTASET A-Z/H/561.jpg
H,7,562,DTASET A-Z/H/562.jpg
H,7,563,DTASET A-Z/H/563.jpg
H,7,564,DTASET A-Z/H/564.jpg
H,7,565,DTASET A-Z/H/565.jpg
H,7,566,DTASET A-Z/H/566.jpg
H,7,567,DTASET A-Z/H/567.jpg
H,7,568,DTASET A-Z/H/568.jpg
H,7,569,DTASET A-Z/H/569.jpg
H,7,570,DTASET A-Z/H/570.jpg
H,7,571,DTASET A-Z/H/571.jpg
H,7,572,DTASET A-Z/H/572.jpg
H,7,573,DTASET A-Z/H/573.jpg
H,7,574,DTASET A-Z/H/574.jpg
H,7,575,DTASET A-Z/H/575.jpg
H,7,576,DTASET A-Z/H/576.jpg
H,7,577,DTASET A-Z/H/577.jpg
H,7,578,DTASET A-Z/H/578.jpg
H,7,579,DTASET A-Z/H/579.jpg
H,7,580,DTASET A-Z/H/580.jpg
H,7,581,DTASET A-Z/H/581.jpg
H,7,582,DTASET A-Z/H/582.jpg
H,7,583,DTASET A-Z/H/583.jpg
H,7,584,DTASET A-Z/H/584.jpg
H,7,585,DTASET A-Z/H/585.jpg
H,7,586,DTASET A-Z/H/586.jpg
H,7,587,DTASET A-Z/H/587.jpg
H,7,588,DTASET A-Z/H/588.jpg
H,7,589,DTASET A-Z/H/589.jpg
H,7,590,DTASET A-Z/H/590.jpg
H,7,591,DTASET A-Z/H/591.jpg
H,7,592,DTASET A-Z/H/592.jpg
H,7,593,DTASET A-Z/H/593.jpg
H,7,594,DTASET A-Z/H/594.jpg
H,7,595,DTASET A-Z/H/595.jpg
H,7,596,DTASET A-Z/H/596.jpg
H,7,597,DTASET A-Z/H/597.jpg
H,7,598,DTASET A-Z/H/598.jpg
H,7,599,DTASET A-Z/H/599.jpg
H,7,600,DTASET A-Z/H/600.jpg
H,7,601,DTASET A-Z/H/601.jpg
H,7,602,DTASET A-Z/H/602.jpg
H,7,603,DTASET A-Z/H/603.jpg
H,7,604,DTASET A-Z/H/604.jpg
H,7,605,DTASET A-Z/H/605.jpg
H,7,606,DTASET A-Z/H/606.jpg
H,7,607,DTASET A-Z/H/607.jpg
H,7,608,DTASET A-Z/H/608.jpg
H,7,609,DTASET A-Z/H/609.jpg
H,7,610,DTASET A-Z/H/610.jpg
H,7,611,DTASET A-Z/H/611.jpg
H,7,612,DTASET A-Z/H/612.jpg
H,7,613,DTASET A-Z/H/613.jpg
H,7,614,DTASET A-Z/H/614.jpg
H,7,615,DTASET A-Z/H/615.jpg
H,7,616,DTASET A-Z/H/616.jpg
H,7,617,DTASET A-Z/H/617.jpg
H,7,618,DTASET A-Z/H/618.jpg
H,7,619,DTASET A-Z/H/619.jpg
H,7,620,DTASET A-Z/H/620.jpg
H,7,621,DTASET A-Z/H/621.jpg
H,7,622,DTASET A-Z/H/622.jpg
H,7,623,DTASET A-Z/H/623.jpg
H,7,624,DTASET A-Z/H/624.jpg
H,7,625,DTASET A-Z/H/625.jpg
H,7,626,DTASET A-Z/H/626.jpg
H,7,627,DTASET A-Z/H/627.jpg
H,7,628,DTASET A-Z/H/628.jpg
H,7,629,DTASET A-Z/H/629.jpg
H,7,630,DTASET A-Z/H/630.jpg
H,7,631,DTASET A-Z/H/631.jpg
H,7,632,DTASET A-Z/H/632.jpg
H,7,633,DTASET A-Z/H/633.jpg
H,7,634,DTASET A-Z/H/634.jpg
H,7,635,DTASET A-Z/H/635.jpg
H,7,636,DTASET A-Z/H/636.jpg
H,7,637,DTASET A-Z/H/637.jpg
H,7,638,DTASET A-Z/H/638.jpg
H,7,639,DTASET A-Z/H/639.jpg
H,7,640,DTASET A-Z/H/640.jpg
H,7,641,DTASET A-Z/H/641.jpg
H,7,642,DTASET A-Z/H/642.jpg
H,7,643,DTASET A-Z/H/643.jpg
H,7,644,DTASET A-Z/H/644.jpg
H,7,645,DTASET A-Z/H/645.jpg
H,7,646,DTASET A-Z/H/646.jpg
H,7,647,DTASET A-Z/H/647.jpg
H,7,648,DTASET A-Z/H/648.jpg
H,7,649,DTASET A-Z/H/649.jpg
H,7,650,DTASET A-Z/H/650.jpg
H,7,651,DTASET A-Z/H/651.jpg
H,7,652,DTASET A-Z/H/652.jpg
H,7,653,DTASET A-Z/H/653.jpg
H,7,654,DTASET A-Z/H/654.jpg
H,7,655,DTASET A-Z/H/655.jpg
H,7,656,DTASET A-Z/H/656.jpg
H,7,657,DTASET A-Z/H/657.jpg
H,7,658,DTASET A-Z/H/658.jpg
H,7,659,DTASET A-Z/H/659.jpg
H,7,660,DTASET A-Z/H/660.jpg
H,7,661,DTASET A-Z/H/661.jpg
H,7,662,DTASET A-Z/H/662.jpg
H,7,663,DTASET A-Z/H/663.jpg
H,7,664,DTASET A-Z/H/664.jpg
H,7,665,DTASET A-Z/H/665.jpg
H,7,666,DTASET A-Z/H/666.jpg
H,7,667,DTASET A-Z/H/667.jpg
H,7,668,DTASET A-Z/H/668.jpg
H,7,669,DTASET A-Z/H/669.jpg
H,7,670,DTASET A-Z/H/670.jpg
H,7,671,DTASET A-Z/H/671.jpg
H,7,672,DTASET A-Z/H/672.jpg
H,7,673,DTASET A-Z/H/673.jpg
H,7,674,DTASET A-Z/H/674.jpg
H,7,675,DTASET A-Z/H/675.jpg
H,7,676,DTASET A-Z/H/676.jpg
H,7,677,DTASET A-Z/H/677.jpg
H,7,678,DTASET A-Z/H/678.jpg
H,7,679,DTASET A-Z/H/679.jpg
H,7,680,DTASET A-Z/H/680.jpg
H,7,681,DTASET A-Z/H/681.jpg
H,7,682,DTASET A-Z/H/682.jpg
H,7,683,DTASET A-Z/H/683.jpg
H,7,684,DTASET A-Z/H/684.jpg
H,7,685,DTASET A-Z/H/685.jpg
H,7,686,DTASET A-Z/H/686.jpg
H,7,687,DTASET A-Z/H/687.jpg
H,7,688,DTASET A-Z/H/688.jpg
H,7,689,DTASET A-Z/H/689.jpg
H,7,690,DTASET A-Z/H/690.jpg
H,7,691,DTASET A-Z/H/691.jpg
H,7,692,DTASET A-Z/H/692.jpg
H,7,693,DTASET A-Z/H/693.jpg
H,7,694,DTASET A-Z/H/694.jpg
H,7,695,DTASET A-Z/H/695.jpg
H,7,696,DTASET A-Z/H/696.jpg
H,7,697,DTASET A-Z/H/697.jpg
H,7,698,DTASET A-Z/H/698.jpg
H,7,699,DTASET A-Z/H/699.jpg
H,7,700,DTASET A-Z/H/700.jpg
H,7,701,DTASET A-Z/H/701.jpg
H,7,702,DTASET A-Z/H/702.jpg
H,7,703,DTASET A-Z/H/703.jpg
H,7,704,DTASET A-Z/H/704.jpg
H,7,705,DTASET A-Z/H/705.jpg
H,7,706,DTASET A-Z/H/706.jpg
H,7,707,DTASET A-Z/H/707.jpg
H,7,708,DTASET A-Z/H/708.jpg
H,7,709,DTASET A-Z/H/709.jpg
H,7,710,DTASET A-Z/H/710.jpg
H,7,711,DTASET A-Z/H/711.jpg
H,7,712,DTASET A-Z/H/712.jpg
H,7,713,DTASET A-Z/H/713.jpg
H,7,714,DTASET A-Z/H/714.jpg
H,7,715,DTASET A-Z/H/715.jpg
H,7,716,DTASET A-Z/H/716.jpg
H,7,717,DTASET A-Z/H/717.jpg
H,7,718,DTASET A-Z/H/718.jpg
H,7,719,DTASET A-Z/H/719.jpg
H,7,720,DTASET A-Z/H/720.jpg
H,7,721,DTASET A-Z/H/721.jpg
H,7,722,DTASET A-Z/H/722.jpg
H,7,723,DTASET A-Z/H/723.jpg
H,7,724,DTASET A-Z/H/724.jpg
H,7,725,DTASET A-Z/H/725.jpg
H,7,726,DTASET A-Z/H/726.jpg
H,7,727,DTASET A-Z/H/727.jpg
H,7,728,DTASET A-Z/H/728.jpg
H,7,729,DTASET A-Z/H/729.jpg
H,7,730,DTASET A-Z/H/730.jpg
H,7,731,DTASET A-Z/H/731.jpg
H,7,732,DTASET A-Z/H/732.jpg
H,7,733,DTASET A-Z/H/733.jpg
H,7,734,DTASET A-Z/H/734.jpg
H,7,735,DTASET A-Z/H/735.jpg
H,7,736,DTASET A-Z/H/736.jpg
H,7,737,DTASET A-Z/H/737.jpg
H,7,738,DTASET A-Z/H/738.jpg
H,7,739,DTASET A-Z/H/739.jpg
H,7,740,DTASET A-Z/H/740.jpg
H,7,741,DTASET A-Z/H/741.jpg
H,7,742,DTASET A-Z/H/742.jpg
H,7,743,DTASET A-Z/H/743.jpg
H,7,744,DTASET A-Z/H/744.jpg
H,7,745,DTASET A-Z/H/745.jpg
H,7,746,DTASET A-Z/H/746.jpg
H,7,747,DTASET A-Z/H/747.jpg
H,7,748,DTASET A-Z/H/748.jpg
H,7,749,DTASET A-Z/H/749.jpg
H,7,750,DTASET A-Z/H/750.jpg
H,7,751,DTASET A-Z/H/751.jpg
H,7,752,DTASET A-Z/H/752.jpg
H,7,753,DTASET A-Z/H/753.jpg
H,7,754,DTASET A-Z/H/754.jpg
H,7,755,DTASET A-Z/H/755.jpg
H,7,756,DTASET A-Z/H/756.jpg
H,7,757,DTASET A-Z/H/757.jpg
H,7,758,DTASET A-Z/H/758.jpg
H,7,759,DTASET A-Z/H/759.jpg
H,7,760,DTASET A-Z/H/760.jpg
H,7,761,DTASET A-Z/H/761.jpg
H,7,762,DTASET A-Z/H/762.jpg
H,7,763,DTASET A-Z/H/763.jpg
H,7,764,DTASET A-Z/H/764.jpg
H,7,765,DTASET A-Z/H/765.jpg
H,7,766,DTASET A-Z/H/766.jpg
H,7,767,DTASET A-Z/H/767.jpg
H,7,768,DTASET A-Z/H/768.jpg
H,7,769,DTASET A-Z/H/769.jpg
H,7,770,DTASET A-Z/H/770.jpg
H,7,771,DTASET A-Z/H/771.jpg
H,7,772,DTASET A-Z/H/772.jpg
H,7,773,DTASET A-Z/H/773.jpg
H,7,774,DTASET A-Z/H/774.jpg
H,7,775,DTASET A-Z/H/775.jpg
H,7,776,DTASET A-Z/H/776.jpg
H,7,777,DTASET A-Z/H/777.jpg
H,7,778,DTASET A-Z/H/778.jpg
H,7,779,DTASET A-Z/H/779.jpg
H,7,780,DTASET A-Z/H/780.jpg
H,7,781,DTASET A-Z/H/781.jpg
H,7,782,DTASET A-Z/H/782.jpg
H,7,783,DTASET A-Z/H/783.jpg
H,7,784,DTASET A-Z/H/784.jpg
H,7,785,DTASET A-Z/H/785.jpg
H,7,786,DTASET A-Z/H/786.jpg
H,7,787,DTASET A-Z/H/787.jpg
H,7,788,DTASET A-Z/H/788.jpg
H,7,789,DTASET A-Z/H/789.jpg
H,7,790,DTASET A-Z/H/790.jpg
H,7,791,DTASET A-Z/H/791.jpg
H,7,792,DTASET A-Z/H/792.jpg
H,7,793,DTASET A-Z/H/793.jpg
H,7,794,DTASET A-Z/H/794.jpg
H,7,795,DTASET A-Z/H/795.jpg
H,7,796,DTASET A-Z/H/796.jpg
H,7,797,DTASET A-Z/H/797.jpg
H,7,798,DTASET A-Z/H/798.jpg
H,7,799,DTASET A-Z/H/799.jpg
H,7,800,DTASET A-Z/H/800.jpg
H,7,801,DTASET A-Z/H/801.jpg
H,7,802,DTASET A-Z/H/802.jpg
H,7,803,DTASET A-Z/H/803.jpg
H,7,804,DTASET A-Z/H/804.jpg
H,7,805,DTASET A-Z/H/805.jpg
H,7,806,DTASET A-Z/H/806.jpg
H,7,807,DTASET A-Z/H/807.jpg
H,7,808,DTASET A-Z/H/808.jpg
H,7,809,DTASET A-Z/H/809.jpg
H,7,810,DTASET A-Z/H/810.jpg
H,7,811,DTASET A-Z/H/811.jpg
H,7,812,DTASET A-Z/H/812.jpg
H,7,813,DTASET A-Z/H/813.jpg
H,7,814,DTASET A-Z/H/814.jpg
H,7,815,DTASET A-Z/H/815.jpg
H,7,816,DTASET A-Z/H/816.jpg
H,7,817,DTASET A-Z/H/817.jpg
H,7,818,DTASET A-Z/H/818.jpg
H,7,819,DTASET A-Z/H/819.jpg
H,7,820,DTASET A-Z/H/820.jpg
H,7,821,DTASET A-Z/H/821.jpg
H,7,822,DTASET A-Z/H/822.jpg
H,7,823,DTASET A-Z/H/823.jpg
H,7,824,DTASET A-Z/H/824.jpg
H,7,825,DTASET A-Z/H/825.jpg
H,7,826,DTASET A-Z/H/826.jpg
H,7,827,DTASET A-Z/H/827.jpg
H,7,828,DTASET A-Z/H/828.jpg
H,7,829,DTASET A-Z/H/829.jpg
H,7,830,DTASET A-Z/H/830.jpg
H,7,831,DTASET A-Z/H/831.jpg
H,7,832,DTASET A-Z/H/832.jpg
H,7,833,DTASET A-Z/H/833.jpg
H,7,834,DTASET A-Z/H/834.jpg
H,7,835,DTASET A-Z/H/835.jpg
H,7,836,DTASET A-Z/H/836.jpg
H,7,837,DTASET A-Z/H/837.jpg
H,7,838,DTASET A-Z/H/838.jpg
H,7,839,DTASET A-Z/H/839.jpg
H,7,840,DTASET A-Z/H/840.jpg
H,7,841,DTASET A-Z/H/841.jpg
H,7,842,DTASET A-Z/H/842.jpg
H,7,843,DTASET A-Z/H/843.jpg
H,7,844,DTASET A-Z/H/844.jpg
H,7,845,DTASET A-Z/H/845.jpg
H,7,846,DTASET A-Z/H/846.jpg
H,7,847,DTASET A-Z/H/847.jpg
H,7,848,DTASET A-Z/H/848.jpg
H,7,849,DTASET A-Z/H/849.jpg
H,7,850,DTASET A-Z/H/850.jpg
H,7,851,DTASET A-Z/H/851.jpg
H,7,852,DTASET A-Z/H/852.jpg
H,7,853,DTASET A-Z/H/853.jpg
H,7,854,DTASET A-Z/H/854.jpg
H,7,855,DTASET A-Z/H/855.jpg
H,7,856,DTASET A-Z/H/856.jpg
H,7,857,DTASET A-Z/H/857.jpg
H,7,858,DTASET A-Z/H/858.jpg
H,7,859,DTASET A-Z/H/859.jpg
H,7,860,DTASET A-Z/H/860.jpg
H,7,861,DTASET A-Z/H/861.jpg
H,7,862,DTASET A-Z/H/862.jpg
H,7,863,DTASET A-Z/H/863.jpg
H,7,864,DTASET A-Z/H/864.jpg
H,7,865,DTASET A-Z/H/865.jpg
H,7,866,DTASET A-Z/H/866.jpg
H,7,867,DTASET A-Z/H/867.jpg
H,7,868,DTASET A-Z/H/868.jpg
H,7,869,DTASET A-Z/H/869.jpg
H,7,870,DTASET A-Z/H/870.jpg
H,7,871,DTASET A-Z/H/871.jpg
H,7,872,DTASET A-Z/H/872.jpg
H,7,873,DTASET A-Z/H/873.jpg
H,7,874,DTASET A-Z/H/874.jpg
H,7,875,DTASET A-Z/H/875.jpg
H,7,876,DTASET A-Z/H/876.jpg
H,7,877,DTASET A-Z/H/877.jpg
H,7,878,DTASET A-Z/H/878.jpg
H,7,879,DTASET A-Z/H/879.jpg
H,7,880,DTASET A-Z/H/880.jpg
H,7,881,DTASET A-Z/H/881.jpg
H,7,882,DTASET A-Z/H/882.jpg
H,7,883,DTASET A-Z/H/883.jpg
H,7,884,DTASET A-Z/H/884.jpg
H,7,885,DTASET A-Z/H/885.jpg
H,7,886,DTASET A-Z/H/886.jpg
H,7,887,DTASET A-Z/H/887.jpg
H,7,888,DTASET A-Z/H/888.jpg
H,7,889,DTASET A-Z/H/889.jpg
H,7,890,DTASET A-Z/H/890.jpg
H,7,891,DTASET A-Z/H/891.jpg
H,7,892,DTASET A-Z/H/892.jpg
H,7,893,DTASET A-Z/H/893.jpg
H,7,894,DTASET A-Z/H/894.jpg
H,7,895,DTASET A-Z/H/895.jpg
H,7,896,DTASET A-Z/H/896.jpg
H,7,897,DTASET A-Z/H/897.jpg
H,7,898,DTASET A-Z/H/898.jpg
H,7,899,DTASET A-Z/H/899.jpg
H,7,900,DTASET A-Z/H/900.jpg
H,7,901,DTASET A-Z/H/901.jpg
H,7,902,DTASET A-Z/H/902.jpg
H,7,903,DTASET A-Z/H/903.jpg
H,7,904,DTASET A-Z/H/904.jpg
H,7,905,DTASET A-Z/H/905.jpg
H,7,906,DTASET A-Z/H/906.jpg
H,7,907,DTASET A-Z/H/907.jpg
H,7,908,DTASET A-Z/H/908.jpg
H,7,909,DTASET A-Z/H/909.jpg
H,7,910,DTASET A-Z/H/910.jpg
H,7,911,DTASET A-Z/H/911.jpg
H,7,912,DTASET A-Z/H/912.jpg
H,7,913,DTASET A-Z/H/913.jpg
H,7,914,DTASET A-Z/H/914.jpg
H,7,915,DTASET A-Z/H/915.jpg
H,7,916,DTASET A-Z/H/916.jpg
H,7,917,DTASET A-Z/H/917.jpg
H,7,918,DTASET A-Z/H/918.jpg
H,7,919,DTASET A-Z/H/919.jpg
H,7,920,DTASET A-Z/H/920.jpg
H,7,921,DTASET A-Z/H/921.jpg
H,7,922,DTASET A-Z/H/922.jpg
H,7,923,DTASET A-Z/H/923.jpg
H,7,924,DTASET A-Z/H/924.jpg
H,7,925,DTASET A-Z/H/925.jpg
H,7,926,DTASET A-Z/H/926.jpg
H,7,927,DTASET A-Z/H/927.jpg
H,7,928,DTASET A-Z/H/928.jpg
H,7,929,DTASET A-Z/H/929.jpg
H,7,930,DTASET A-Z/H/930.jpg
H,7,931,DTASET A-Z/H/931.jpg
H,7,932,DTASET A-Z/H/932.jpg
H,7,933,DTASET A-Z/H/933.jpg
H,7,934,DTASET A-Z/H/934.jpg
H,7,935,DTASET A-Z/H/935.jpg
H,7,936,DTASET A-Z/H/936.jpg
H,7,937,DTASET A-Z/H/937.jpg
H,7,938,DTASET A-Z/H/938.jpg
H,7,939,DTASET A-Z/H/939.jpg
H,7,940,DTASET A-Z/H/940.jpg
H,7,941,DTASET A-Z/H/941.jpg
H,7,942,DTASET A-Z/H/942.jpg
H,7,943,DTASET A-Z/H/943.jpg
H,7,944,DTASET A-Z/H/944.jpg
H,7,945,DTASET A-Z/H/945.jpg
H,7,946,DTASET A-Z/H/946.jpg
H,7,947,DTASET A-Z/H/947.jpg
H,7,948,DTASET A-Z/H/948.jpg
H,7,949,DTASET A-Z/H/949.jpg
H,7,950,DTASET A-Z/H/950.jpg
H,7,951,DTASET A-Z/H/951.jpg
H,7,952,DTASET A-Z/H/952.jpg
H,7,953,DTASET A-Z/H/953.jpg
H,7,954,DTASET A-Z/H/954.jpg
H,7,955,DTASET A-Z/H/955.jpg
H,7,956,DTASET A-Z/H/956.jpg
H,7,957,DTASET A-Z/H/957.jpg
H,7,958,DTASET A-Z/H/958.jpg
H,7,959,DTASET A-Z/H/959.jpg
H,7,960,DTASET A-Z/H/960.jpg
H,7,961,DTASET A-Z/H/961.jpg
H,7,962,DTASET A-Z/H/962.jpg
H,7,963,DTASET A-Z/H/963.jpg
H,7,964,DTASET A-Z/H/964.jpg
H,7,965,DTASET A-Z/H/965.jpg
H,7,966,DTASET A-Z/H/966.jpg
H,7,967,DTASET A-Z/H/967.jpg
H,7,968,DTASET A-Z/H/968.jpg
H,7,969,DTASET A-Z/H/969.jpg
H,7,970,DTASET A-Z/H/970.jpg
H,7,971,DTASET A-Z/H/971.jpg
H,7,972,DTASET A-Z/H/972.jpg
H,7,973,DTASET A-Z/H/973.jpg
H,7,974,DTASET A-Z/H/974.jpg
H,7,975,DTASET A-Z/H/975.jpg
H,7,976,DTASET A-Z/H/976.jpg
H,7,977,DTASET A-Z/H/977.jpg
H,7,978,DTASET A-Z/H/978.jpg
H,7,979,DTASET A-Z/H/979.jpg
H,7,980,DTASET A-Z/H/980.jpg
H,7,981,DTASET A-Z/H/981.jpg
H,7,982,DTASET A-Z/H/982.jpg
H,7,983,DTASET A-Z/H/983.jpg
H,7,984,DTASET A-Z/H/984.jpg
H,7,985,DTASET A-Z/H/985.jpg
H,7,986,DTASET A-Z/H/986.jpg
H,7,987,DTASET A-Z/H/987.jpg
H,7,988,DTASET A-Z/H/988.jpg
H,7,989,DTASET A-Z/H/989.jpg
H,7,990,DTASET A-Z/H/990.jpg
H,7,991,DTASET A-Z/H/991.jpg
H,7,992,DTASET A-Z/H/992.jpg
H,7,993,DTASET A-Z/H/993.jpg
H,7,994,DTASET A-Z/H/994.jpg
H,7,995,DTASET A-Z/H/995.jpg
H,7,996,DTASET A-Z/H/996.jpg
H,7,997,DTASET A-Z/H/997.jpg
H,7,998,DTASET A-Z/H/998.jpg
H,7,999,DTASET A-Z/H/999.jpg
H,7,1000,DTASET A-Z/H/1000.jpg
H,7,1001,DTASET A-Z/H/1001.jpg
H,7,1002,DTASET A-Z/H/1002.jpg
H,7,1003,DTASET A-Z/H/1003.jpg
H,7,1004,DTASET A-Z/H/1004.jpg
H,7,1005,DTASET A-Z/H/1005.jpg
H,7,1006,DTASET A-Z/H/1006.jpg
H,7,1007,DTASET A-Z/H/1007.jpg
H,7,1008,DTASET A-Z/H/1008.jpg
H,7,1009,DTASET A-Z/H/1009.jpg
H,7,1010,DTASET A-Z/H/1010.jpg
H,7,1011,DTASET A-Z/H/1011.jpg
H,7,1012,DTASET A-Z/H/1012.jpg
H,7,1013,DTASET A-Z/H/1013.jpg
H,7,1014,DTASET A-Z/H/1014.jpg
H,7,1015,DTASET A-Z/H/1015.jpg
H,7,1016,DTASET A-Z/H/1016.jpg
H,7,1017,DTASET A-Z/H/1017.jpg
H,7,1018,DTASET A-Z/H/1018.jpg
H,7,1019,DTASET A-Z/H/1019.jpg
H,7,1020,DTASET A-Z/H/1020.jpg
H,7,1021,DTASET A-Z/H/1021.jpg
H,7,1022,DTASET A-Z/H/1022.jpg
H,7,1023,DTASET A-Z/H/1023.jpg
H,7,1024,DTASET A-Z/H/1024.jpg
H,7,1025,DTASET A-Z/H/1025.jpg
H,7,1026,DTASET A-Z/H/1026.jpg
H,7,1027,DTASET A-Z/H/1027.jpg
H,7,1028,DTASET A-Z/H/1028.jpg
H,7,1029,DTASET A-Z/H/1029.jpg
H,7,1030,DTASET A-Z/H/1030.jpg
H,7,1031,DTASET A-Z/H/1031.jpg
H,7,1032,DTASET A-Z/H/1032.jpg
H,7,1033,DTASET A-Z/H/1033.jpg
H,7,1034,DTASET A-Z/H/1034.jpg
H,7,1035,DTASET A-Z/H/1035.jpg
H,7,1036,DTASET A-Z/H/1036.jpg
H,7,1037,DTASET A-Z/H/1037.jpg
H,7,1038,DTASET A-Z/H/1038.jpg
H,7,1039,DTASET A-Z/H/1039.jpg
H,7,1040,DTASET A-Z/H/1040.jpg
H,7,1041,DTASET A-Z/H/1041.jpg
H,7,1042,DTASET A-Z/H/1042.jpg
H,7,1043,DTASET A-Z/H/1043.jpg
H,7,1044,DTASET A-Z/H/1044.jpg
H,7,1045,DTASET A-Z/H/1045.jpg
H,7,1046,DTASET A-Z/H/1046.jpg
H,7,1047,DTASET A-Z/H/1047.jpg
H,7,1048,DTASET A-Z/H/1048.jpg
H,7,1049,DTASET A-Z/H/1049.jpg
H,7,1050,DTASET A-Z/H/1050.jpg
H,7,1051,DTASET A-Z/H/1051.jpg
H,7,1052,DTASET A-Z/H/1052.jpg
H,7,1053,DTASET A-Z/H/1053.jpg
H,7,1054,DTASET A-Z/H/1054.jpg
H,7,1055,DTASET A-Z/H/1055.jpg
H,7,1056,DTASET A-Z/H/1056.jpg
H,7,1057,DTASET A-Z/H/1057.jpg
H,7,1058,DTASET A-Z/H/1058.jpg
H,7,1059,DTASET A-Z/H/1059.jpg
H,7,1060,DTASET A-Z/H/1060.jpg
H,7,1061,DTASET A-Z/H/1061.jpg
H,7,1062,DTASET A-Z/H/1062.jpg
H,7,1063,DTASET A-Z/H/1063.jpg
H,7,1064,DTASET A-Z/H/1064.jpg
H,7,1065,DTASET A-Z/H/1065.jpg
H,7,1066,DTASET A-Z/H/1066.jpg
H,7,1067,DTASET A-Z/H/1067.jpg
H,7,1068,DTASET A-Z/H/1068.jpg
H,7,1069,DTASET A-Z/H/1069.jpg
H,7,1070,DTASET A-Z/H/1070.jpg
H,7,1071,DTASET A-Z/H/1071.jpg
H,7,1072,DTASET A-Z/H/1072.jpg
H,7,1073,DTASET A-Z/H/1073.jpg
H,7,1074,DTASET A-Z/H/1074.jpg
H,7,1075,DTASET A-Z/H/1075.jpg
H,7,1076,DTASET A-Z/H/1076.jpg
H,7,1077,DTASET A-Z/H/1077.jpg
H,7,1078,DTASET A-Z/H/1078.jpg
H,7,1079,DTASET A-Z/H/1079.jpg
H,7,1080,DTASET A-Z/H/1080.jpg
H,7,1081,DTASET A-Z/H/1081.jpg
H,7,1082,DTASET A-Z/H/1082.jpg
H,7,1083,DTASET A-Z/H/1083.jpg
H,7,1084,DTASET A-Z/H/1084.jpg
H,7,1085,DTASET A-Z/H/1085.jpg
H,7,1086,DTASET A-Z/H/1086.jpg
H,7,1087,DTASET A-Z/H/1087.jpg
H,7,1088,DTASET A-Z/H/1088.jpg
H,7,1089,DTASET A-Z/H/1089.jpg
H,7,1090,DTASET A-Z/H/1090.jpg
H,7,1091,DTASET A-Z/H/1091.jpg
H,7,1092,DTASET A-Z/H/1092.jpg
H,7,1093,DTASET A-Z/H/1093.jpg
H,7,1094,DTASET A-Z/H/1094.jpg
H,7,1095,DTASET A-Z/H/1095.jpg
H,7,1096,DTASET A-Z/H/1096.jpg
H,7,1097,DTASET A-Z/H/1097.jpg
H,7,1098,DTASET A-Z/H/1098.jpg
H,7,1099,DTASET A-Z/H/1099.jpg
H,7,1100,DTASET A-Z/H/1100.jpg
H,7,1101,DTASET A-Z/H/1101.jpg
H,7,1102,DTASET A-Z/H/1102.jpg
H,7,1103,DTASET A-Z/H/1103.jpg
H,7,1104,DTASET A-Z/H/1104.jpg
H,7,1105,DTASET A-Z/H/1105.jpg
H,7,1106,DTASET A-Z/H/1106.jpg
H,7,1107,DTASET A-Z/H/1107.jpg
H,7,1108,DTASET A-Z/H/1108.jpg
H,7,1109,DTASET A-Z/H/1109.jpg
H,7,1110,DTASET A-Z/H/1110.jpg
H,7,1111,DTASET A-Z/H/1111.jpg
H,7,1112,DTASET A-Z/H/1112.jpg
H,7,1113,DTASET A-Z/H/1113.jpg
H,7,1114,DTASET A-Z/H/1114.jpg
H,7,1115,DTASET A-Z/H/1115.jpg
H,7,1116,DTASET A-Z/H/1116.jpg
H,7,1117,DTASET A-Z/H/1117.jpg
H,7,1118,DTASET A-Z/H/1118.jpg
H,7,1119,DTASET A-Z/H/1119.jpg
H,7,1120,DTASET A-Z/H/1120.jpg
H,7,1121,DTASET A-Z/H/1121.jpg
H,7,1122,DTASET A-Z/H/1122.jpg
H,7,1123,DTASET A-Z/H/1123.jpg
H,7,1124,DTASET A-Z/H/1124.jpg
H,7,1125,DTASET A-Z/H/1125.jpg
H,7,1126,DTASET A-Z/H/1126.jpg
H,7,1127,DTASET A-Z/H/1127.jpg
H,7,1128,DTASET A-Z/H/1128.jpg
H,7,1129,DTASET A-Z/H/1129.jpg
H,7,1130,DTASET A-Z/H/1130.jpg
H,7,1131,DTASET A-Z/H/1131.jpg
H,7,1132,DTASET A-Z/H/1132.jpg
H,7,1133,DTASET A-Z/H/1133.jpg
H,7,1134,DTASET A-Z/H/1134.jpg
H,7,1135,DTASET A-Z/H/1135.jpg
H,7,1136,DTASET A-Z/H/1136.jpg
H,7,1137,DTASET A-Z/H/1137.jpg
H,7,1138,DTASET A-Z/H/1138.jpg
H,7,1139,DTASET A-Z/H/1139.jpg
H,7,1140,DTASET A-Z/H/1140.jpg
H,7,1141,DTASET A-Z/H/1141.jpg
H,7,1142,DTASET A-Z/H/1142.jpg
H,7,1143,DTASET A-Z/H/1143.jpg
H,7,1144,DTASET A-Z/H/1144.jpg
H,7,1145,DTASET A-Z/H/1145.jpg
H,7,1146,DTASET A-Z/H/1146.jpg
H,7,1147,DTASET A-Z/H/1147.jpg
H,7,1148,DTASET A-Z/H/1148.jpg
H,7,1149,DTASET A-Z/H/1149.jpg
H,7,1150,DTASET A-Z/H/1150.jpg
H,7,1151,DTASET A-Z/H/1151.jpg
H,7,1152,DTASET A-Z/H/1152.jpg
H,7,1153,DTASET A-Z/H/1153.jpg
H,7,1154,DTASET A-Z/H/1154.jpg
H,7,1155,DTASET A-Z/H/1155.jpg
H,7,1156,DTASET A-Z/H/1156.jpg
H,7,1157,DTASET A-Z/H/1157.jpg
H,7,1158,DTASET A-Z/H/1158.jpg
H,7,1159,DTASET A-Z/H/1159.jpg
H,7,1160,DTASET A-Z/H/1160.jpg
H,7,1161,DTASET A-Z/H/1161.jpg
H,7,1162,DTASET A-Z/H/1162.jpg
H,7,1163,DTASET A-Z/H/1163.jpg
H,7,1164,DTASET A-Z/H/1164.jpg
H,7,1165,DTASET A-Z/H/1165.jpg
H,7,1166,DTASET A-Z/H/1166.jpg
H,7,1167,DTASET A-Z/H/1167.jpg
H,7,1168,DTASET A-Z/H/1168.jpg
H,7,1169,DTASET A-Z/H/1169.jpg
H,7,1170,DTASET A-Z/H/1170.jpg
H,7,1171,DTASET A-Z/H/1171.jpg
H,7,1172,DTASET A-Z/H/1172.jpg
H,7,1173,DTASET A-Z/H/1173.jpg
H,7,1174,DTASET A-Z/H/1174.jpg
H,7,1175,DTASET A-Z/H/1175.jpg
H,7,1176,DTASET A-Z/H/1176.jpg
H,7,1177,DTASET A-Z/H/1177.jpg
H,7,1178,DTASET A-Z/H/1178.jpg
H,7,1179,DTASET A-Z/H/1179.jpg
H,7,1180,DTASET A-Z/H/1180.jpg
H,7,1181,DTASET A-Z/H/1181.jpg
H,7,1182,DTASET A-Z/H/1182.jpg
H,7,1183,DTASET A-Z/H/1183.jpg
H,7,1184,DTASET A-Z/H/1184.jpg
H,7,1185,DTASET A-Z/H/1185.jpg
H,7,1186,DTASET A-Z/H/1186.jpg
H,7,1187,DTASET A-Z/H/1187.jpg
H,7,1188,DTASET A-Z/H/1188.jpg
H,7,1189,DTASET A-Z/H/1189.jpg
H,7,1190,DTASET A-Z/H/1190.jpg
H,7,1191,DTASET A-Z/H/1191.jpg
H,7,1192,DTASET A-Z/H/1192.jpg
H,7,1193,DTASET A-Z/H/1193.jpg
H,7,1194,DTASET A-Z/H/1194.jpg
H,7,1195,DTASET A-Z/H/1195.jpg
H,7,1196,DTASET A-Z/H/1196.jpg
H,7,1197,DTASET A-Z/H/1197.jpg
H,7,1198,DTASET A-Z/H/1198.jpg
H,7,1199,DTASET A-Z/H/1199.jpg
I,8,0,DTASET A-Z/I/0.jpg
I,8,1,DTASET A-Z/I/1.jpg
I,8,2,DTASET A-Z/I/2.jpg
I,8,3,DTASET A-Z/I/3.jpg
I,8,4,DTASET A-Z/I/4.jpg
I,8,5,DTASET A-Z/I/5.jpg
I,8,6,DTASET A-Z/I/6.jpg
I,8,7,DTASET A-Z/I/7.jpg
I,8,8,DTASET A-Z/I/8.jpg
I,8,9,DTASET A-Z/I/9.jpg
I,8,10,DTASET A-Z/I/10.jpg
I,8,11,DTASET A-Z/I/11.jpg
I,8,12,DTASET A-Z/I/12.jpg
I,8,13,DTASET A-Z/I/13.jpg
I,8,14,DTASET A-Z/I/14.jpg
I,8,15,DTASET A-Z/I/15.jpg
I,8,16,DTASET A-Z/I/16.jpg
I,8,17,DTASET A-Z/I/17.jpg
I,8,18,DTASET A-Z/I/18.jpg
I,8,19,DTASET A-Z/I/19.jpg
I,8,20,DTASET A-Z/I/20.jpg
I,8,21,DTASET A-Z/I/21.jpg
I,8,22,DTASET A-Z/I/22.jpg
I,8,23,DTASET A-Z/I/23.jpg
I,8,24,DTASET A-Z/I/24.jpg
I,8,25,DTASET A-Z/I/25.jpg
I,8,26,DTASET A-Z/I/26.jpg
I,8,27,DTASET A-Z/I/27.jpg
I,8,28,DTASET A-Z/I/28.jpg
I,8,29,DTASET A-Z/I/29.jpg
I,8,30,DTASET A-Z/I/30.jpg
I,8,31,DTASET A-Z/I/31.jpg
I,8,32,DTASET A-Z/I/32.jpg
I,8,33,DTASET A-Z/I/33.jpg
I,8,34,DTASET A-Z/I/34.jpg
I,8,35,DTASET A-Z/I/35.jpg
I,8,36,DTASET A-Z/I/36.jpg
I,8,37,DTASET A-Z/I/37.jpg
I,8,38,DTASET A-Z/I/38.jpg
I,8,39,DTASET A-Z/I/39.jpg
I,8,40,DTASET A-Z/I/40.jpg
I,8,41,DTASET A-Z/I/41.jpg
I,8,42,DTASET A-Z/I/42.jpg
I,8,43,DTASET A-Z/I/43.jpg
I,8,44,DTASET A-Z/I/44.jpg
I,8,45,DTASET A-Z/I/45.jpg
I,8,46,DTASET A-Z/I/46.jpg
I,8,47,DTASET A-Z/I/47.jpg
I,8,48,DTASET A-Z/I/48.jpg
I,8,49,DTASET A-Z/I/49.jpg
I,8,50,DTASET A-Z/I/50.jpg
I,8,51,DTASET A-Z/I/51.jpg
I,8,52,DTASET A-Z/I/52.jpg
I,8,53,DTASET A-Z/I/53.jpg
I,8,54,DTASET A-Z/I/54.jpg
I,8,55,DTASET A-Z/I/55.jpg
I,8,56,DTASET A-Z/I/56.jpg
I,8,57,DTASET A-Z/I/57.jpg
I,8,58,DTASET A-Z/I/58.jpg
I,8,59,DTASET A-Z/I/59.jpg
I,8,60,DTASET A-Z/I/60.jpg
I,8,61,DTASET A-Z/I/61.jpg
I,8,62,DTASET A-Z/I/62.jpg
I,8,63,DTASET A-Z/I/63.jpg
I,8,64,DTASET A-Z/I/64.jpg
I,8,65,DTASET A-Z/I/65.jpg
I,8,66,DTASET A-Z/I/66.jpg
I,8,67,DTASET A-Z/I/67.jpg
I,8,68,DTASET A-Z/I/68.jpg
I,8,69,DTASET A-Z/I/69.jpg
I,8,70,DTASET A-Z/I/70.jpg
I,8,71,DTASET A-Z/I/71.jpg
I,8,72,DTASET A-Z/I/72.jpg
I,8,73,DTASET A-Z/I/73.jpg
I,8,74,DTASET A-Z/I/74.jpg
I,8,75,DTASET A-Z/I/75.jpg
I,8,76,DTASET A-Z/I/76.jpg
I,8,77,DTASET A-Z/I/77.jpg
I,8,78,DTASET A-Z/I/78.jpg
I,8,79,DTASET A-Z/I/79.jpg
I,8,80,DTASET A-Z/I/80.jpg
I,8,81,DTASET A-Z/I/81.jpg
I,8,82,DTASET A-Z/I/82.jpg
I,8,83,DTASET A-Z/I/83.jpg
I,8,84,DTASET A-Z/I/84.jpg
I,8,85,DTASET A-Z/I/85.jpg
I,8,86,DTASET A-Z/I/86.jpg
I,8,87,DTASET A-Z/I/87.jpg
I,8,88,DTASET A-Z/I/88.jpg
I,8,89,DTASET A-Z/I/89.jpg
I,8,90,DTASET A-Z/I/90.jpg
I,8,91,DTASET A-Z/I/91.jpg
I,8,92,DTASET A-Z/I/92.jpg
I,8,93,DTASET A-Z/I/93.jpg
I,8,94,DTASET A-Z/I/94.jpg
I,8,95,DTASET A-Z/I/95.jpg
I,8,96,DTASET A-Z/I/96.jpg
I,8,97,DTASET A-Z/I/97.jpg
I,8,98,DTASET A-Z/I/98.jpg
I,8,99,DTASET A-Z/I/99.jpg
I,8,100,DTASET A-Z/I/100.jpg
I,8,101,DTASET A-Z/I/101.jpg
I,8,102,DTASET A-Z/I/102.jpg
I,8,103,DTASET A-Z/I/103.jpg
I,8,104,DTASET A-Z/I/104.jpg
I,8,105,DTASET A-Z/I/105.jpg
I,8,106,DTASET A-Z/I/106.jpg
I,8,107,DTASET A-Z/I/107.jpg
I,8,108,DTASET A-Z/I/108.jpg
I,8,109,DTASET A-Z/I/109.jpg
I,8,110,DTASET A-Z/I/110.jpg
I,8,111,DTASET A-Z/I/111.jpg
I,8,112,DTASET A-Z/I/112.jpg
I,8,113,DTASET A-Z/I/113.jpg
I,8,114,DTASET A-Z/I/114.jpg
I,8,115,DTASET A-Z/I/115.jpg
I,8,116,DTASET A-Z/I/116.jpg
I,8,117,DTASET A-Z/I/117.jpg
I,8,118,DTASET A-Z/I/118.jpg
I,8,119,DTASET A-Z/I/119.jpg
I,8,120,DTASET A-Z/I/120.jpg
I,8,121,DTASET A-Z/I/121.jpg
I,8,122,DTASET A-Z/I/122.jpg
I,8,123,DTASET A-Z/I/123.jpg
I,8,124,DTASET A-Z/I/124.jpg
I,8,125,DTASET A-Z/I/125.jpg
I,8,126,DTASET A-Z/I/126.jpg
I,8,127,DTASET A-Z/I/127.jpg
I,8,128,DTASET A-Z/I/128.jpg
I,8,129,DTASET A-Z/I/129.jpg
I,8,130,DTASET A-Z/I/130.jpg
I,8,131,DTASET A-Z/I/131.jpg
I,8,132,DTASET A-Z/I/132.jpg
I,8,133,DTASET A-Z/I/133.jpg
I,8,134,DTASET A-Z/I/134.jpg
I,8,135,DTASET A-Z/I/135.jpg
I,8,136,DTASET A-Z/I/136.jpg
I,8,137,DTASET A-Z/I/137.jpg
I,8,138,DTASET A-Z/I/138.jpg
I,8,139,DTASET A-Z/I/139.jpg
I,8,140,DTASET A-Z/I/140.jpg
I,8,141,DTASET A-Z/I/141.jpg
I,8,142,DTASET A-Z/I/142.jpg
I,8,143,DTASET A-Z/I/143.jpg
I,8,144,DTASET A-Z/I/144.jpg
I,8,145,DTASET A-Z/I/145.jpg
I,8,146,DTASET A-Z/I/146.jpg
I,8,147,DTASET A-Z/I/147.jpg
I,8,148,DTASET A-Z/I/148.jpg
I,8,149,DTASET A-Z/I/149.jpg
I,8,150,DTASET A-Z/I/150.jpg
I,8,151,DTASET A-Z/I/151.jpg
I,8,152,DTASET A-Z/I/152.jpg
I,8,153,DTASET A-Z/I/153.jpg
I,8,154,DTASET A-Z/I/154.jpg
I,8,155,DTASET A-Z/I/155.jpg
I,8,156,DTASET A-Z/I/156.jpg
I,8,157,DTASET A-Z/I/157.jpg
I,8,158,DTASET A-Z/I/158.jpg
I,8,159,DTASET A-Z/I/159.jpg
I,8,160,DTASET A-Z/I/160.jpg
I,8,161,DTASET A-Z/I/161.jpg
I,8,162,DTASET A-Z/I/162.jpg
I,8,163,DTASET A-Z/I/163.jpg
I,8,164,DTASET A-Z/I/164.jpg
I,8,165,DTASET A-Z/I/165.jpg
I,8,166,DTASET A-Z/I/166.jpg
I,8,167,DTASET A-Z/I/167.jpg
I,8,168,DTASET A-Z/I/168.jpg
I,8,169,DTASET A-Z/I/169.jpg
I,8,170,DTASET A-Z/I/170.jpg
I,8,171,DTASET A-Z/I/171.jpg
I,8,172,DTASET A-Z/I/172.jpg
I,8,173,DTASET A-Z/I/173.jpg
I,8,174,DTASET A-Z/I/174.jpg
I,8,175,DTASET A-Z/I/175.jpg
I,8,176,DTASET A-Z/I/176.jpg
I,8,177,DTASET A-Z/I/177.jpg
I,8,178,DTASET A-Z/I/178.jpg
I,8,179,DTASET A-Z/I/179.jpg
I,8,180,DTASET A-Z/I/180.jpg
I,8,181,DTASET A-Z/I/181.jpg
I,8,182,DTASET A-Z/I/182.jpg
I,8,183,DTASET A-Z/I/183.jpg
I,8,184,DTASET A-Z/I/184.jpg
I,8,185,DTASET A-Z/I/185.jpg
I,8,186,DTASET A-Z/I/186.jpg
I,8,187,DTASET A-Z/I/187.jpg
I,8,188,DTASET A-Z/I/188.jpg
I,8,189,DTASET A-Z/I/189.jpg
I,8,190,DTASET A-Z/I/190.jpg
I,8,191,DTASET A-Z/I/191.jpg
I,8,192,DTASET A-Z/I/192.jpg
I,8,193,DTASET A-Z/I/193.jpg
I,8,194,DTASET A-Z/I/194.jpg
I,8,195,DTASET A-Z/I/195.jpg
I,8,196,DTASET A-Z/I/196.jpg
I,8,197,DTASET A-Z/I/197.jpg
I,8,198,DTASET A-Z/I/198.jpg
I,8,199,DTASET A-Z/I/199.jpg
I,8,200,DTASET A-Z/I/200.jpg
I,8,201,DTASET A-Z/I/201.jpg
I,8,202,DTASET A-Z/I/202.jpg
I,8,203,DTASET A-Z/I/203.jpg
I,8,204,DTASET A-Z/I/204.jpg
I,8,205,DTASET A-Z/I/205.jpg
I,8,206,DTASET A-Z/I/206.jpg
I,8,207,DTASET A-Z/I/207.jpg
I,8,208,DTASET A-Z/I/208.jpg
I,8,209,DTASET A-Z/I/209.jpg
I,8,210,DTASET A-Z/I/210.jpg
I,8,211,DTASET A-Z/I/211.jpg
I,8,212,DTASET A-Z/I/212.jpg
I,8,213,DTASET A-Z/I/213.jpg
I,8,214,DTASET A-Z/I/214.jpg
I,8,215,DTASET A-Z/I/215.jpg
I,8,216,DTASET A-Z/I/216.jpg
I,8,217,DTASET A-Z/I/217.jpg
I,8,218,DTASET A-Z/I/218.jpg
I,8,219,DTASET A-Z/I/219.jpg
I,8,220,DTASET A-Z/I/220.jpg
I,8,221,DTASET A-Z/I/221.jpg
I,8,222,DTASET A-Z/I/222.jpg
I,8,223,DTASET A-Z/I/223.jpg
I,8,224,DTASET A-Z/I/224.jpg
I,8,225,DTASET A-Z/I/225.jpg
I,8,226,DTASET A-Z/I/226.jpg
I,8,227,DTASET A-Z/I/227.jpg
I,8,228,DTASET A-Z/I/228.jpg
I,8,229,DTASET A-Z/I/229.jpg
I,8,230,DTASET A-Z/I/230.jpg
I,8,231,DTASET A-Z/I/231.jpg
I,8,232,DTASET A-Z/I/232.jpg
I,8,233,DTASET A-Z/I/233.jpg
I,8,234,DTASET A-Z/I/234.jpg
I,8,235,DTASET A-Z/I/235.jpg
I,8,236,DTASET A-Z/I/236.jpg
I,8,237,DTASET A-Z/I/237.jpg
I,8,238,DTASET A-Z/I/238.jpg
I,8,239,DTASET A-Z/I/239.jpg
I,8,240,DTASET A-Z/I/240.jpg
I,8,241,DTASET A-Z/I/241.jpg
I,8,242,DTASET A-Z/I/242.jpg
I,8,243,DTASET A-Z/I/243.jpg
I,8,244,DTASET A-Z/I/244.jpg
I,8,245,DTASET A-Z/I/245.jpg
I,8,246,DTASET A-Z/I/246.jpg
I,8,247,DTASET A-Z/I/247.jpg
I,8,248,DTASET A-Z/I/248.jpg
I,8,249,DTASET A-Z/I/249.jpg
I,8,250,DTASET A-Z/I/250.jpg
I,8,251,DTASET A-Z/I/251.jpg
I,8,252,DTASET A-Z/I/252.jpg
I,8,253,DTASET A-Z/I/253.jpg
I,8,254,DTASET A-Z/I/254.jpg
I,8,255,DTASET A-Z/I/255.jpg
I,8,256,DTASET A-Z/I/256.jpg
I,8,257,DTASET A-Z/I/257.jpg
I,8,258,DTASET A-Z/I/258.jpg
I,8,259,DTASET A-Z/I/259.jpg
I,8,260,DTASET A-Z/I/260.jpg
I,8,261,DTASET A-Z/I/261.jpg
I,8,262,DTASET A-Z/I/262.jpg
I,8,263,DTASET A-Z/I/263.jpg
I,8,264,DTASET A-Z/I/264.jpg
I,8,265,DTASET A-Z/I/265.jpg
I,8,266,DTASET A-Z/I/266.jpg
I,8,267,DTASET A-Z/I/267.jpg
I,8,268,DTASET A-Z/I/268.jpg
I,8,269,DTASET A-Z/I/269.jpg
I,8,270,DTASET A-Z/I/270.jpg
I,8,271,DTASET A-Z/I/271.jpg
I,8,272,DTASET A-Z/I/272.jpg
I,8,273,DTASET A-Z/I/273.jpg
I,8,274,DTASET A-Z/I/274.jpg
I,8,275,DTASET A-Z/I/275.jpg
I,8,276,DTASET A-Z/I/276.jpg
I,8,277,DTASET A-Z/I/277.jpg
I,8,278,DTASET A-Z/I/278.jpg
I,8,279,DTASET A-Z/I/279.jpg
I,8,280,DTASET A-Z/I/280.jpg
I,8,281,DTASET A-Z/I/281.jpg
I,8,282,DTASET A-Z/I/282.jpg
I,8,283,DTASET A-Z/I/283.jpg
I,8,284,DTASET A-Z/I/284.jpg
I,8,285,DTASET A-Z/I/285.jpg
I,8,286,DTASET A-Z/I/286.jpg
I,8,287,DTASET A-Z/I/287.jpg
I,8,288,DTASET A-Z/I/288.jpg
I,8,289,DTASET A-Z/I/289.jpg
I,8,290,DTASET A-Z/I/290.jpg
I,8,291,DTASET A-Z/I/291.jpg
I,8,292,DTASET A-Z/I/292.jpg
I,8,293,DTASET A-Z/I/293.jpg
I,8,294,DTASET A-Z/I/294.jpg
I,8,295,DTASET A-Z/I/295.jpg
I,8,296,DTASET A-Z/I/296.jpg
I,8,297,DTASET A-Z/I/297.jpg
I,8,298,DTASET A-Z/I/298.jpg
I,8,299,DTASET A-Z/I/299.jpg
I,8,300,DTASET A-Z/I/300.jpg
I,8,301,DTASET A-Z/I/301.jpg
I,8,302,DTASET A-Z/I/302.jpg
I,8,303,DTASET A-Z/I/303.jpg
I,8,304,DTASET A-Z/I/304.jpg
I,8,305,DTASET A-Z/I/305.jpg
I,8,306,DTASET A-Z/I/306.jpg
I,8,307,DTASET A-Z/I/307.jpg
I,8,308,DTASET A-Z/I/308.jpg
I,8,309,DTASET A-Z/I/309.jpg
I,8,310,DTASET A-Z/I/310.jpg
I,8,311,DTASET A-Z/I/311.jpg
I,8,312,DTASET A-Z/I/312.jpg
I,8,313,DTASET A-Z/I/313.jpg
I,8,314,DTASET A-Z/I/314.jpg
I,8,315,DTASET A-Z/I/315.jpg
I,8,316,DTASET A-Z/I/316.jpg
I,8,317,DTASET A-Z/I/317.jpg
I,8,318,DTASET A-Z/I/318.jpg
I,8,319,DTASET A-Z/I/319.jpg
I,8,320,DTASET A-Z/I/320.jpg
I,8,321,DTASET A-Z/I/321.jpg
I,8,322,DTASET A-Z/I/322.jpg
I,8,323,DTASET A-Z/I/323.jpg
I,8,324,DTASET A-Z/I/324.jpg
I,8,325,DTASET A-Z/I/325.jpg
I,8,326,DTASET A-Z/I/326.jpg
I,8,327,DTASET A-Z/I/327.jpg
I,8,328,DTASET A-Z/I/328.jpg
I,8,329,DTASET A-Z/I/329.jpg
I,8,330,DTASET A-Z/I/330.jpg
I,8,331,DTASET A-Z/I/331.jpg
I,8,332,DTASET A-Z/I/332.jpg
I,8,333,DTASET A-Z/I/333.jpg
I,8,334,DTASET A-Z/I/334.jpg
I,8,335,DTASET A-Z/I/335.jpg
I,8,336,DTASET A-Z/I/336.jpg
I,8,337,DTASET A-Z/I/337.jpg
I,8,338,DTASET A-Z/I/338.jpg
I,8,339,DTASET A-Z/I/339.jpg
I,8,340,DTASET A-Z/I/340.jpg
I,8,341,DTASET A-Z/I/341.jpg
I,8,342,DTASET A-Z/I/342.jpg
I,8,343,DTASET A-Z/I/343.jpg
I,8,344,DTASET A-Z/I/344.jpg
I,8,345,DTASET A-Z/I/345.jpg
I,8,346,DTASET A-Z/I/346.jpg
I,8,347,DTASET A-Z/I/347.jpg
I,8,348,DTASET A-Z/I/348.jpg
I,8,349,DTASET A-Z/I/349.jpg
I,8,350,DTASET A-Z/I/350.jpg
I,8,351,DTASET A-Z/I/351.jpg
I,8,352,DTASET A-Z/I/352.jpg
I,8,353,DTASET A-Z/I/353.jpg
I,8,354,DTASET A-Z/I/354.jpg
I,8,355,DTASET A-Z/I/355.jpg
I,8,356,DTASET A-Z/I/356.jpg
I,8,357,DTASET A-Z/I/357.jpg
I,8,358,DTASET A-Z/I/358.jpg
I,8,359,DTASET A-Z/I/359.jpg
I,8,360,DTASET A-Z/I/360.jpg
I,8,361,DTASET A-Z/I/361.jpg
I,8,362,DTASET A-Z/I/362.jpg
I,8,363,DTASET A-Z/I/363.jpg
I,8,364,DTASET A-Z/I/364.jpg
I,8,365,DTASET A-Z/I/365.jpg
I,8,366,DTASET A-Z/I/366.jpg
I,8,367,DTASET A-Z/I/367.jpg
I,8,368,DTASET A-Z/I/368.jpg
I,8,369,DTASET A-Z/I/369.jpg
I,8,370,DTASET A-Z/I/370.jpg
I,8,371,DTASET A-Z/I/371.jpg
I,8,372,DTASET A-Z/I/372.jpg
I,8,373,DTASET A-Z/I/373.jpg
I,8,374,DTASET A-Z/I/374.jpg
I,8,375,DTASET A-Z/I/375.jpg
I,8,376,DTASET A-Z/I/376.jpg
I,8,377,DTASET A-Z/I/377.jpg
I,8,378,DTASET A-Z/I/378.jpg
I,8,379,DTASET A-Z/I/379.jpg
I,8,380,DTASET A-Z/I/380.jpg
I,8,381,DTASET A-Z/I/381.jpg
I,8,382,DTASET A-Z/I/382.jpg
I,8,383,DTASET A-Z/I/383.jpg
I,8,384,DTASET A-Z/I/384.jpg
I,8,385,DTASET A-Z/I/385.jpg
I,8,386,DTASET A-Z/I/386.jpg
I,8,387,DTASET A-Z/I/387.jpg
I,8,388,DTASET A-Z/I/388.jpg
I,8,389,DTASET A-Z/I/389.jpg
I,8,390,DTASET A-Z/I/390.jpg
I,8,391,DTASET A-Z/I/391.jpg
I,8,392,DTASET A-Z/I/392.jpg
I,8,393,DTASET A-Z/I/393.jpg
I,8,394,DTASET A-Z/I/394.jpg
I,8,395,DTASET A-Z/I/395.jpg
I,8,396,DTASET A-Z/I/396.jpg
I,8,397,DTASET A-Z/I/397.jpg
I,8,398,DTASET A-Z/I/398.jpg
I,8,399,DTASET A-Z/I/399.jpg
I,8,400,DTASET A-Z/I/400.jpg
I,8,401,DTASET A-Z/I/401.jpg
I,8,402,DTASET A-Z/I/402.jpg
I,8,403,DTASET A-Z/I/403.jpg
I,8,404,DTASET A-Z/I/404.jpg
I,8,405,DTASET A-Z/I/405.jpg
I,8,406,DTASET A-Z/I/406.jpg
I,8,407,DTASET A-Z/I/407.jpg
I,8,408,DTASET A-Z/I/408.jpg
I,8,409,DTASET A-Z/I/409.jpg
I,8,410,DTASET A-Z/I/410.jpg
I,8,411,DTASET A-Z/I/411.jpg
I,8,412,DTASET A-Z/I/412.jpg
I,8,413,DTASET A-Z/I/413.jpg
I,8,414,DTASET A-Z/I/414.jpg
I,8,415,DTASET A-Z/I/415.jpg
I,8,416,DTASET A-Z/I/416.jpg
I,8,417,DTASET A-Z/I/417.jpg
I,8,418,DTASET A-Z/I/418.jpg
I,8,419,DTASET A-Z/I/419.jpg
I,8,420,DTASET A-Z/I/420.jpg
I,8,421,DTASET A-Z/I/421.jpg
I,8,422,DTASET A-Z/I/422.jpg
I,8,423,DTASET A-Z/I/423.jpg
I,8,424,DTASET A-Z/I/424.jpg
I,8,425,DTASET A-Z/I/425.jpg
I,8,426,DTASET A-Z/I/426.jpg
I,8,427,DTASET A-Z/I/427.jpg
I,8,428,DTASET A-Z/I/428.jpg
I,8,429,DTASET A-Z/I/429.jpg
I,8,430,DTASET A-Z/I/430.jpg
I,8,431,DTASET A-Z/I/431.jpg
I,8,432,DTASET A-Z/I/432.jpg
I,8,433,DTASET A-Z/I/433.jpg
I,8,434,DTASET A-Z/I/434.jpg
I,8,435,DTASET A-Z/I/435.jpg
I,8,436,DTASET A-Z/I/436.jpg
I,8,437,DTASET A-Z/I/437.jpg
I,8,438,DTASET A-Z/I/438.jpg
I,8,439,DTASET A-Z/I/439.jpg
I,8,440,DTASET A-Z/I/440.jpg
I,8,441,DTASET A-Z/I/441.jpg
I,8,442,DTASET A-Z/I/442.jpg
I,8,443,DTASET A-Z/I/443.jpg
I,8,444,DTASET A-Z/I/444.jpg
I,8,445,DTASET A-Z/I/445.jpg
I,8,446,DTASET A-Z/I/446.jpg
I,8,447,DTASET A-Z/I/447.jpg
I,8,448,DTASET A-Z/I/448.jpg
I,8,449,DTASET A-Z/I/449.jpg
I,8,450,DTASET A-Z/I/450.jpg
I,8,451,DTASET A-Z/I/451.jpg
I,8,452,DTASET A-Z/I/452.jpg
I,8,453,DTASET A-Z/I/453.jpg
I,8,454,DTASET A-Z/I/454.jpg
I,8,455,DTASET A-Z/I/455.jpg
I,8,456,DTASET A-Z/I/456.jpg
I,8,457,DTASET A-Z/I/457.jpg
I,8,458,DTASET A-Z/I/458.jpg
I,8,459,DTASET A-Z/I/459.jpg
I,8,460,DTASET A-Z/I/460.jpg
I,8,461,DTASET A-Z/I/461.jpg
I,8,462,DTASET A-Z/I/462.jpg
I,8,463,DTASET A-Z/I/463.jpg
I,8,464,DTASET A-Z/I/464.jpg
I,8,465,DTASET A-Z/I/465.jpg
I,8,466,DTASET A-Z/I/466.jpg
I,8,467,DTASET A-Z/I/467.jpg
I,8,468,DTASET A-Z/I/468.jpg
I,8,469,DTASET A-Z/I/469.jpg
I,8,470,DTASET A-Z/I/470.jpg
I,8,471,DTASET A-Z/I/471.jpg
I,8,472,DTASET A-Z/I/472.jpg
I,8,473,DTASET A-Z/I/473.jpg
I,8,474,DTASET A-Z/I/474.jpg
I,8,475,DTASET A-Z/I/475.jpg
I,8,476,DTASET A-Z/I/476.jpg
I,8,477,DTASET A-Z/I/477.jpg
I,8,478,DTASET A-Z/I/478.jpg
I,8,479,DTASET A-Z/I/479.jpg
I,8,480,DTASET A-Z/I/480.jpg
I,8,481,DTASET A-Z/I/481.jpg
I,8,482,DTASET A-Z/I/482.jpg
I,8,483,DTASET A-Z/I/483.jpg
I,8,484,DTASET A-Z/I/484.jpg
I,8,485,DTASET A-Z/I/485.jpg
I,8,486,DTASET A-Z/I/486.jpg
I,8,487,DTASET A-Z/I/487.jpg
I,8,488,DTASET A-Z/I/488.jpg
I,8,489,DTASET A-Z/I/489.jpg
I,8,490,DTASET A-Z/I/490.jpg
I,8,491,DTASET A-Z/I/491.jpg
I,8,492,DTASET A-Z/I/492.jpg
I,8,493,DTASET A-Z/I/493.jpg
I,8,494,DTASET A-Z/I/494.jpg
I,8,495,DTASET A-Z/I/495.jpg
I,8,496,DTASET A-Z/I/496.jpg
I,8,497,DTASET A-Z/I/497.jpg
I,8,498,DTASET A-Z/I/498.jpg
I,8,499,DTASET A-Z/I/499.jpg
I,8,500,DTASET A-Z/I/500.jpg
I,8,501,DTASET A-Z/I/501.jpg
I,8,502,DTASET A-Z/I/502.jpg
I,8,503,DTASET A-Z/I/503.jpg
I,8,504,DTASET A-Z/I/504.jpg
I,8,505,DTASET A-Z/I/505.jpg
I,8,506,DTASET A-Z/I/506.jpg
I,8,507,DTASET A-Z/I/507.jpg
I,8,508,DTASET A-Z/I/508.jpg
I,8,509,DTASET A-Z/I/509.jpg
I,8,510,DTASET A-Z/I/510.jpg
I,8,511,DTASET A-Z/I/511.jpg
I,8,512,DTASET A-Z/I/512.jpg
I,8,513,DTASET A-Z/I/513.jpg
I,8,514,DTASET A-Z/I/514.jpg
I,8,515,DTASET A-Z/I/515.jpg
I,8,516,DTASET A-Z/I/516.jpg
I,8,517,DTASET A-Z/I/517.jpg
I,8,518,DTASET A-Z/I/518.jpg
I,8,519,DTASET A-Z/I/519.jpg
I,8,520,DTASET A-Z/I/520.jpg
I,8,521,DTASET A-Z/I/521.jpg
I,8,522,DTASET A-Z/I/522.jpg
I,8,523,DTASET A-Z/I/523.jpg
I,8,524,DTASET A-Z/I/524.jpg
I,8,525,DTASET A-Z/I/525.jpg
I,8,526,DTASET A-Z/I/526.jpg
I,8,527,DTASET A-Z/I/527.jpg
I,8,528,DTASET A-Z/I/528.jpg
I,8,529,DTASET A-Z/I/529.jpg
I,8,530,DTASET A-Z/I/530.jpg
I,8,531,DTASET A-Z/I/531.jpg
I,8,532,DTASET A-Z/I/532.jpg
I,8,533,DTASET A-Z/I/533.jpg
I,8,534,DTASET A-Z/I/534.jpg
I,8,535,DTASET A-Z/I/535.jpg
I,8,536,DTASET A-Z/I/536.jpg
I,8,537,DTASET A-Z/I/537.jpg
I,8,538,DTASET A-Z/I/538.jpg
I,8,539,DTASET A-Z/I/539.jpg
I,8,540,DTASET A-Z/I/540.jpg
I,8,541,DTASET A-Z/I/541.jpg
I,8,542,DTASET A-Z/I/542.jpg
I,8,543,DTASET A-Z/I/543.jpg
I,8,544,DTASET A-Z/I/544.jpg
I,8,545,DTASET A-Z/I/545.jpg
I,8,546,DTASET A-Z/I/546.jpg
I,8,547,DTASET A-Z/I/547.jpg
I,8,548,DTASET A-Z/I/548.jpg
I,8,549,DTASET A-Z/I/549.jpg
I,8,550,DTASET A-Z/I/550.jpg
I,8,551,DTASET A-Z/I/551.jpg
I,8,552,DTASET A-Z/I/552.jpg
I,8,553,DTASET A-Z/I/553.jpg
I,8,554,DTASET A-Z/I/554.jpg
I,8,555,DTASET A-Z/I/555.jpg
I,8,556,DTASET A-Z/I/556.jpg
I,8,557,DTASET A-Z/I/557.jpg
I,8,558,DTASET A-Z/I/558.jpg
I,8,559,DTASET A-Z/I/559.jpg
I,8,560,DTASET A-Z/I/560.jpg
I,8,561,DTASET A-Z/I/561.jpg
I,8,562,DTASET A-Z/I/562.jpg
I,8,563,DTASET A-Z/I/563.jpg
I,8,564,DTASET A-Z/I/564.jpg
I,8,565,DTASET A-Z/I/565.jpg
I,8,566,DTASET A-Z/I/566.jpg
I,8,567,DTASET A-Z/I/567.jpg
I,8,568,DTASET A-Z/I/568.jpg
I,8,569,DTASET A-Z/I/569.jpg
I,8,570,DTASET A-Z/I/570.jpg
I,8,571,DTASET A-Z/I/571.jpg
I,8,572,DTASET A-Z/I/572.jpg
I,8,573,DTASET A-Z/I/573.jpg
I,8,574,DTASET A-Z/I/574.jpg
I,8,575,DTASET A-Z/I/575.jpg
I,8,576,DTASET A-Z/I/576.jpg
I,8,577,DTASET A-Z/I/577.jpg
I,8,578,DTASET A-Z/I/578.jpg
I,8,579,DTASET A-Z/I/579.jpg
I,8,580,DTASET A-Z/I/580.jpg
I,8,581,DTASET A-Z/I/581.jpg
I,8,582,DTASET A-Z/I/582.jpg
I,8,583,DTASET A-Z/I/583.jpg
I,8,584,DTASET A-Z/I/584.jpg
I,8,585,DTASET A-Z/I/585.jpg
I,8,586,DTASET A-Z/I/586.jpg
I,8,587,DTASET A-Z/I/587.jpg
I,8,588,DTASET A-Z/I/588.jpg
I,8,589,DTASET A-Z/I/589.jpg
I,8,590,DTASET A-Z/I/590.jpg
I,8,591,DTASET A-Z/I/591.jpg
I,8,592,DTASET A-Z/I/592.jpg
I,8,593,DTASET A-Z/I/593.jpg
I,8,594,DTASET A-Z/I/594.jpg
I,8,595,DTASET A-Z/I/595.jpg
I,8,596,DTASET A-Z/I/596.jpg
I,8,597,DTASET A-Z/I/597.jpg
I,8,598,DTASET A-Z/I/598.jpg
I,8,599,DTASET A-Z/I/599.jpg
I,8,600,DTASET A-Z/I/600.jpg
I,8,601,DTASET A-Z/I/601.jpg
I,8,602,DTASET A-Z/I/602.jpg
I,8,603,DTASET A-Z/I/603.jpg
I,8,604,DTASET A-Z/I/604.jpg
I,8,605,DTASET A-Z/I/605.jpg
I,8,606,DTASET A-Z/I/606.jpg
I,8,607,DTASET A-Z/I/607.jpg
I,8,608,DTASET A-Z/I/608.jpg
I,8,609,DTASET A-Z/I/609.jpg
I,8,610,DTASET A-Z/I/610.jpg
I,8,611,DTASET A-Z/I/611.jpg
I,8,612,DTASET A-Z/I/612.jpg
I,8,613,DTASET A-Z/I/613.jpg
I,8,614,DTASET A-Z/I/614.jpg
I,8,615,DTASET A-Z/I/615.jpg
I,8,616,DTASET A-Z/I/616.jpg
I,8,617,DTASET A-Z/I/617.jpg
I,8,618,DTASET A-Z/I/618.jpg
I,8,619,DTASET A-Z/I/619.jpg
I,8,620,DTASET A-Z/I/620.jpg
I,8,621,DTASET A-Z/I/621.jpg
I,8,622,DTASET A-Z/I/622.jpg
I,8,623,DTASET A-Z/I/623.jpg
I,8,624,DTASET A-Z/I/624.jpg
I,8,625,DTASET A-Z/I/625.jpg
I,8,626,DTASET A-Z/I/626.jpg
I,8,627,DTASET A-Z/I/627.jpg
I,8,628,DTASET A-Z/I/628.jpg
I,8,629,DTASET A-Z/I/629.jpg
I,8,630,DTASET A-Z/I/630.jpg
I,8,631,DTASET A-Z/I/631.jpg
I,8,632,DTASET A-Z/I/632.jpg
I,8,633,DTASET A-Z/I/633.jpg
I,8,634,DTASET A-Z/I/634.jpg
I,8,635,DTASET A-Z/I/635.jpg
I,8,636,DTASET A-Z/I/636.jpg
I,8,637,DTASET A-Z/I/637.jpg
I,8,638,DTASET A-Z/I/638.jpg
I,8,639,DTASET A-Z/I/639.jpg
I,8,640,DTASET A-Z/I/640.jpg
I,8,641,DTASET A-Z/I/641.jpg
I,8,642,DTASET A-Z/I/642.jpg
I,8,643,DTASET A-Z/I/643.jpg
I,8,644,DTASET A-Z/I/644.jpg
I,8,645,DTASET A-Z/I/645.jpg
I,8,646,DTASET A-Z/I/646.jpg
I,8,647,DTASET A-Z/I/647.jpg
I,8,648,DTASET A-Z/I/648.jpg
I,8,649,DTASET A-Z/I/649.jpg
I,8,650,DTASET A-Z/I/650.jpg
I,8,651,DTASET A-Z/I/651.jpg
I,8,652,DTASET A-Z/I/652.jpg
I,8,653,DTASET A-Z/I/653.jpg
I,8,654,DTASET A-Z/I/654.jpg
I,8,655,DTASET A-Z/I/655.jpg
I,8,656,DTASET A-Z/I/656.jpg
I,8,657,DTASET A-Z/I/657.jpg
I,8,658,DTASET A-Z/I/658.jpg
I,8,659,DTASET A-Z/I/659.jpg
I,8,660,DTASET A-Z/I/660.jpg
I,8,661,DTASET A-Z/I/661.jpg
I,8,662,DTASET A-Z/I/662.jpg
I,8,663,DTASET A-Z/I/663.jpg
I,8,664,DTASET A-Z/I/664.jpg
I,8,665,DTASET A-Z/I/665.jpg
I,8,666,DTASET A-Z/I/666.jpg
I,8,667,DTASET A-Z/I/667.jpg
I,8,668,DTASET A-Z/I/668.jpg
I,8,669,DTASET A-Z/I/669.jpg
I,8,670,DTASET A-Z/I/670.jpg
I,8,671,DTASET A-Z/I/671.jpg
I,8,672,DTASET A-Z/I/672.jpg
I,8,673,DTASET A-Z/I/673.jpg
I,8,674,DTASET A-Z/I/674.jpg
I,8,675,DTASET A-Z/I/675.jpg
I,8,676,DTASET A-Z/I/676.jpg
I,8,677,DTASET A-Z/I/677.jpg
I,8,678,DTASET A-Z/I/678.jpg
I,8,679,DTASET A-Z/I/679.jpg
I,8,680,DTASET A-Z/I/680.jpg
I,8,681,DTASET A-Z/I/681.jpg
I,8,682,DTASET A-Z/I/682.jpg
I,8,683,DTASET A-Z/I/683.jpg
I,8,684,DTASET A-Z/I/684.jpg
I,8,685,DTASET A-Z/I/685.jpg
I,8,686,DTASET A-Z/I/686.jpg
I,8,687,DTASET A-Z/I/687.jpg
I,8,688,DTASET A-Z/I/688.jpg
I,8,689,DTASET A-Z/I/689.jpg
I,8,690,DTASET A-Z/I/690.jpg
I,8,691,DTASET A-Z/I/691.jpg
I,8,692,DTASET A-Z/I/692.jpg
I,8,693,DTASET A-Z/I/693.jpg
I,8,694,DTASET A-Z/I/694.jpg
I,8,695,DTASET A-Z/I/695.jpg
I,8,696,DTASET A-Z/I/696.jpg
I,8,697,DTASET A-Z/I/697.jpg
I,8,698,DTASET A-Z/I/698.jpg
I,8,699,DTASET A-Z/I/699.jpg
I,8,700,DTASET A-Z/I/700.jpg
I,8,701,DTASET A-Z/I/701.jpg
I,8,702,DTASET A-Z/I/702.jpg
I,8,703,DTASET A-Z/I/703.jpg
I,8,704,DTASET A-Z/I/704.jpg
I,8,705,DTASET A-Z/I/705.jpg
I,8,706,DTASET A-Z/I/706.jpg
I,8,707,DTASET A-Z/I/707.jpg
I,8,708,DTASET A-Z/I/708.jpg
I,8,709,DTASET A-Z/I/709.jpg
I,8,710,DTASET A-Z/I/710.jpg
I,8,711,DTASET A-Z/I/711.jpg
I,8,712,DTASET A-Z/I/712.jpg
I,8,713,DTASET A-Z/I/713.jpg
I,8,714,DTASET A-Z/I/714.jpg
I,8,715,DTASET A-Z/I/715.jpg
I,8,716,DTASET A-Z/I/716.jpg
I,8,717,DTASET A-Z/I/717.jpg
I,8,718,DTASET A-Z/I/718.jpg
I,8,719,DTASET A-Z/I/719.jpg
I,8,720,DTASET A-Z/I/720.jpg
I,8,721,DTASET A-Z/I/721.jpg
I,8,722,DTASET A-Z/I/722.jpg
I,8,723,DTASET A-Z/I/723.jpg
I,8,724,DTASET A-Z/I/724.jpg
I,8,725,DTASET A-Z/I/725.jpg
I,8,726,DTASET A-Z/I/726.jpg
I,8,727,DTASET A-Z/I/727.jpg
I,8,728,DTASET A-Z/I/728.jpg
I,8,729,DTASET A-Z/I/729.jpg
I,8,730,DTASET A-Z/I/730.jpg
I,8,731,DTASET A-Z/I/731.jpg
I,8,732,DTASET A-Z/I/732.jpg
I,8,733,DTASET A-Z/I/733.jpg
I,8,734,DTASET A-Z/I/734.jpg
I,8,735,DTASET A-Z/I/735.jpg
I,8,736,DTASET A-Z/I/736.jpg
I,8,737,DTASET A-Z/I/737.jpg
I,8,738,DTASET A-Z/I/738.jpg
I,8,739,DTASET A-Z/I/739.jpg
I,8,740,DTASET A-Z/I/740.jpg
I,8,741,DTASET A-Z/I/741.jpg
I,8,742,DTASET A-Z/I/742.jpg
I,8,743,DTASET A-Z/I/743.jpg
I,8,744,DTASET A-Z/I/744.jpg
I,8,745,DTASET A-Z/I/745.jpg
I,8,746,DTASET A-Z/I/746.jpg
I,8,747,DTASET A-Z/I/747.jpg
I,8,748,DTASET A-Z/I/748.jpg
I,8,749,DTASET A-Z/I/749.jpg
I,8,750,DTASET A-Z/I/750.jpg
I,8,751,DTASET A-Z/I/751.jpg
I,8,752,DTASET A-Z/I/752.jpg
I,8,753,DTASET A-Z/I/753.jpg
I,8,754,DTASET A-Z/I/754.jpg
I,8,755,DTASET A-Z/I/755.jpg
I,8,756,DTASET A-Z/I/756.jpg
I,8,757,DTASET A-Z/I/757.jpg
I,8,758,DTASET A-Z/I/758.jpg
I,8,759,DTASET A-Z/I/759.jpg
I,8,760,DTASET A-Z/I/760.jpg
I,8,761,DTASET A-Z/I/761.jpg
I,8,762,DTASET A-Z/I/762.jpg
I,8,763,DTASET A-Z/I/763.jpg
I,8,764,DTASET A-Z/I/764.jpg
I,8,765,DTASET A-Z/I/765.jpg
I,8,766,DTASET A-Z/I/766.jpg
I,8,767,DTASET A-Z/I/767.jpg
I,8,768,DTASET A-Z/I/768.jpg
I,8,769,DTASET A-Z/I/769.jpg
I,8,770,DTASET A-Z/I/770.jpg
I,8,771,DTASET A-Z/I/771.jpg
I,8,772,DTASET A-Z/I/772.jpg
I,8,773,DTASET A-Z/I/773.jpg
I,8,774,DTASET A-Z/I/774.jpg
I,8,775,DTASET A-Z/I/775.jpg
I,8,776,DTASET A-Z/I/776.jpg
I,8,777,DTASET A-Z/I/777.jpg
I,8,778,DTASET A-Z/I/778.jpg
I,8,779,DTASET A-Z/I/779.jpg
I,8,780,DTASET A-Z/I/780.jpg
I,8,781,DTASET A-Z/I/781.jpg
I,8,782,DTASET A-Z/I/782.jpg
I,8,783,DTASET A-Z/I/783.jpg
I,8,784,DTASET A-Z/I/784.jpg
I,8,785,DTASET A-Z/I/785.jpg
I,8,786,DTASET A-Z/I/786.jpg
I,8,787,DTASET A-Z/I/787.jpg
I,8,788,DTASET A-Z/I/788.jpg
I,8,789,DTASET A-Z/I/789.jpg
I,8,790,DTASET A-Z/I/790.jpg
I,8,791,DTASET A-Z/I/791.jpg
I,8,792,DTASET A-Z/I/792.jpg
I,8,793,DTASET A-Z/I/793.jpg
I,8,794,DTASET A-Z/I/794.jpg
I,8,795,DTASET A-Z/I/795.jpg
I,8,796,DTASET A-Z/I/796.jpg
I,8,797,DTASET A-Z/I/797.jpg
I,8,798,DTASET A-Z/I/798.jpg
I,8,799,DTASET A-Z/I/799.jpg
I,8,800,DTASET A-Z/I/800.jpg
I,8,801,DTASET A-Z/I/801.jpg
I,8,802,DTASET A-Z/I/802.jpg
I,8,803,DTASET A-Z/I/803.jpg
I,8,804,DTASET A-Z/I/804.jpg
I,8,805,DTASET A-Z/I/805.jpg
I,8,806,DTASET A-Z/I/806.jpg
I,8,807,DTASET A-Z/I/807.jpg
I,8,808,DTASET A-Z/I/808.jpg
I,8,809,DTASET A-Z/I/809.jpg
I,8,810,DTASET A-Z/I/810.jpg
I,8,811,DTASET A-Z/I/811.jpg
I,8,812,DTASET A-Z/I/812.jpg
I,8,813,DTASET A-Z/I/813.jpg
I,8,814,DTASET A-Z/I/814.jpg
I,8,815,DTASET A-Z/I/815.jpg
I,8,816,DTASET A-Z/I/816.jpg
I,8,817,DTASET A-Z/I/817.jpg
I,8,818,DTASET A-Z/I/818.jpg
I,8,819,DTASET A-Z/I/819.jpg
I,8,820,DTASET A-Z/I/820.jpg
I,8,821,DTASET A-Z/I/821.jpg
I,8,822,DTASET A-Z/I/822.jpg
I,8,823,DTASET A-Z/I/823.jpg
I,8,824,DTASET A-Z/I/824.jpg
I,8,825,DTASET A-Z/I/825.jpg
I,8,826,DTASET A-Z/I/826.jpg
I,8,827,DTASET A-Z/I/827.jpg
I,8,828,DTASET A-Z/I/828.jpg
I,8,829,DTASET A-Z/I/829.jpg
I,8,830,DTASET A-Z/I/830.jpg
I,8,831,DTASET A-Z/I/831.jpg
I,8,832,DTASET A-Z/I/832.jpg
I,8,833,DTASET A-Z/I/833.jpg
I,8,834,DTASET A-Z/I/834.jpg
I,8,835,DTASET A-Z/I/835.jpg
I,8,836,DTASET A-Z/I/836.jpg
I,8,837,DTASET A-Z/I/837.jpg
I,8,838,DTASET A-Z/I/838.jpg
I,8,839,DTASET A-Z/I/839.jpg
I,8,840,DTASET A-Z/I/840.jpg
I,8,841,DTASET A-Z/I/841.jpg
I,8,842,DTASET A-Z/I/842.jpg
I,8,843,DTASET A-Z/I/843.jpg
I,8,844,DTASET A-Z/I/844.jpg
I,8,845,DTASET A-Z/I/845.jpg
I,8,846,DTASET A-Z/I/846.jpg
I,8,847,DTASET A-Z/I/847.jpg
I,8,848,DTASET A-Z/I/848.jpg
I,8,849,DTASET A-Z/I/849.jpg
I,8,850,DTASET A-Z/I/850.jpg
I,8,851,DTASET A-Z/I/851.jpg
I,8,852,DTASET A-Z/I/852.jpg
I,8,853,DTASET A-Z/I/853.jpg
I,8,854,DTASET A-Z/I/854.jpg
I,8,855,DTASET A-Z/I/855.jpg
I,8,856,DTASET A-Z/I/856.jpg
I,8,857,DTASET A-Z/I/857.jpg
I,8,858,DTASET A-Z/I/858.jpg
I,8,859,DTASET A-Z/I/859.jpg
I,8,860,DTASET A-Z/I/860.jpg
I,8,861,DTASET A-Z/I/861.jpg
I,8,862,DTASET A-Z/I/862.jpg
I,8,863,DTASET A-Z/I/863.jpg
I,8,864,DTASET A-Z/I/864.jpg
I,8,865,DTASET A-Z/I/865.jpg
I,8,866,DTASET A-Z/I/866.jpg
I,8,867,DTASET A-Z/I/867.jpg
I,8,868,DTASET A-Z/I/868.jpg
I,8,869,DTASET A-Z/I/869.jpg
I,8,870,DTASET A-Z/I/870.jpg
I,8,871,DTASET A-Z/I/871.jpg
I,8,872,DTASET A-Z/I/872.jpg
I,8,873,DTASET A-Z/I/873.jpg
I,8,874,DTASET A-Z/I/874.jpg
I,8,875,DTASET A-Z/I/875.jpg
I,8,876,DTASET A-Z/I/876.jpg
I,8,877,DTASET A-Z/I/877.jpg
I,8,878,DTASET A-Z/I/878.jpg
I,8,879,DTASET A-Z/I/879.jpg
I,8,880,DTASET A-Z/I/880.jpg
I,8,881,DTASET A-Z/I/881.jpg
I,8,882,DTASET A-Z/I/882.jpg
I,8,883,DTASET A-Z/I/883.jpg
I,8,884,DTASET A-Z/I/884.jpg
I,8,885,DTASET A-Z/I/885.jpg
I,8,886,DTASET A-Z/I/886.jpg
I,8,887,DTASET A-Z/I/887.jpg
I,8,888,DTASET A-Z/I/888.jpg
I,8,889,DTASET A-Z/I/889.jpg
I,8,890,DTASET A-Z/I/890.jpg
I,8,891,DTASET A-Z/I/891.jpg
I,8,892,DTASET A-Z/I/892.jpg
I,8,893,DTASET A-Z/I/893.jpg
I,8,894,DTASET A-Z/I/894.jpg
I,8,895,DTASET A-Z/I/895.jpg
I,8,896,DTASET A-Z/I/896.jpg
I,8,897,DTASET A-Z/I/897.jpg
I,8,898,DTASET A-Z/I/898.jpg
I,8,899,DTASET A-Z/I/899.jpg
I,8,900,DTASET A-Z/I/900.jpg
I,8,901,DTASET A-Z/I/901.jpg
I,8,902,DTASET A-Z/I/902.jpg
I,8,903,DTASET A-Z/I/903.jpg
I,8,904,DTASET A-Z/I/904.jpg
I,8,905,DTASET A-Z/I/905.jpg
I,8,906,DTASET A-Z/I/906.jpg
I,8,907,DTASET A-Z/I/907.jpg
I,8,908,DTASET A-Z/I/908.jpg
I,8,909,DTASET A-Z/I/909.jpg
I,8,910,DTASET A-Z/I/910.jpg
I,8,911,DTASET A-Z/I/911.jpg
I,8,912,DTASET A-Z/I/912.jpg
I,8,913,DTASET A-Z/I/913.jpg
I,8,914,DTASET A-Z/I/914.jpg
I,8,915,DTASET A-Z/I/915.jpg
I,8,916,DTASET A-Z/I/916.jpg
I,8,917,DTASET A-Z/I/917.jpg
I,8,918,DTASET A-Z/I/918.jpg
I,8,919,DTASET A-Z/I/919.jpg
I,8,920,DTASET A-Z/I/920.jpg
I,8,921,DTASET A-Z/I/921.jpg
I,8,922,DTASET A-Z/I/922.jpg
I,8,923,DTASET A-Z/I/923.jpg
I,8,924,DTASET A-Z/I/924.jpg
I,8,925,DTASET A-Z/I/925.jpg
I,8,926,DTASET A-Z/I/926.jpg
I,8,927,DTASET A-Z/I/927.jpg
I,8,928,DTASET A-Z/I/928.jpg
I,8,929,DTASET A-Z/I/929.jpg
I,8,930,DTASET A-Z/I/930.jpg
I,8,931,DTASET A-Z/I/931.jpg
I,8,932,DTASET A-Z/I/932.jpg
I,8,933,DTASET A-Z/I/933.jpg
I,8,934,DTASET A-Z/I/934.jpg
I,8,935,DTASET A-Z/I/935.jpg
I,8,936,DTASET A-Z/I/936.jpg
I,8,937,DTASET A-Z/I/937.jpg
I,8,938,DTASET A-Z/I/938.jpg
I,8,939,DTASET A-Z/I/939.jpg
I,8,940,DTASET A-Z/I/940.jpg
I,8,941,DTASET A-Z/I/941.jpg
I,8,942,DTASET A-Z/I/942.jpg
I,8,943,DTASET A-Z/I/943.jpg
I,8,944,DTASET A-Z/I/944.jpg
I,8,945,DTASET A-Z/I/945.jpg
I,8,946,DTASET A-Z/I/946.jpg
I,8,947,DTASET A-Z/I/947.jpg
I,8,948,DTASET A-Z/I/948.jpg
I,8,949,DTASET A-Z/I/949.jpg
I,8,950,DTASET A-Z/I/950.jpg
I,8,951,DTASET A-Z/I/951.jpg
I,8,952,DTASET A-Z/I/952.jpg
I,8,953,DTASET A-Z/I/953.jpg
I,8,954,DTASET A-Z/I/954.jpg
I,8,955,DTASET A-Z/I/955.jpg
I,8,956,DTASET A-Z/I/956.jpg
I,8,957,DTASET A-Z/I/957.jpg
I,8,958,DTASET A-Z/I/958.jpg
I,8,959,DTASET A-Z/I/959.jpg
I,8,960,DTASET A-Z/I/960.jpg
I,8,961,DTASET A-Z/I/961.jpg
I,8,962,DTASET A-Z/I/962.jpg
I,8,963,DTASET A-Z/I/963.jpg
I,8,964,DTASET A-Z/I/964.jpg
I,8,965,DTASET A-Z/I/965.jpg
I,8,966,DTASET A-Z/I/966.jpg
I,8,967,DTASET A-Z/I/967.jpg
I,8,968,DTASET A-Z/I/968.jpg
I,8,969,DTASET A-Z/I/969.jpg
I,8,970,DTASET A-Z/I/970.jpg
I,8,971,DTASET A-Z/I/971.jpg
I,8,972,DTASET A-Z/I/972.jpg
I,8,973,DTASET A-Z/I/973.jpg
I,8,974,DTASET A-Z/I/974.jpg
I,8,975,DTASET A-Z/I/975.jpg
I,8,976,DTASET A-Z/I/976.jpg
I,8,977,DTASET A-Z/I/977.jpg
I,8,978,DTASET A-Z/I/978.jpg
I,8,979,DTASET A-Z/I/979.jpg
I,8,980,DTASET A-Z/I/980.jpg
I,8,981,DTASET A-Z/I/981.jpg
I,8,982,DTASET A-Z/I/982.jpg
I,8,983,DTASET A-Z/I/983.jpg
I,8,984,DTASET A-Z/I/984.jpg
I,8,985,DTASET A-Z/I/985.jpg
I,8,986,DTASET A-Z/I/986.jpg
I,8,987,DTASET A-Z/I/987.jpg
I,8,988,DTASET A-Z/I/988.jpg
I,8,989,DTASET A-Z/I/989.jpg
I,8,990,DTASET A-Z/I/990.jpg
I,8,991,DTASET A-Z/I/991.jpg
I,8,992,DTASET A-Z/I/992.jpg
I,8,993,DTASET A-Z/I/993.jpg
I,8,994,DTASET A-Z/I/994.jpg
I,8,995,DTASET A-Z/I/995.jpg
I,8,996,DTASET A-Z/I/996.jpg
I,8,997,DTASET A-Z/I/997.jpg
I,8,998,DTASET A-Z/I/998.jpg
I,8,999,DTASET A-Z/I/999.jpg
I,8,1000,DTASET A-Z/I/1000.jpg
I,8,1001,DTASET A-Z/I/1001.jpg
I,8,1002,DTASET A-Z/I/1002.jpg
I,8,1003,DTASET A-Z/I/1003.jpg
I,8,1004,DTASET A-Z/I/1004.jpg
I,8,1005,DTASET A-Z/I/1005.jpg
I,8,1006,DTASET A-Z/I/1006.jpg
I,8,1007,DTASET A-Z/I/1007.jpg
I,8,1008,DTASET A-Z/I/1008.jpg
I,8,1009,DTASET A-Z/I/1009.jpg
I,8,1010,DTASET A-Z/I/1010.jpg
I,8,1011,DTASET A-Z/I/1011.jpg
I,8,1012,DTASET A-Z/I/1012.jpg
I,8,1013,DTASET A-Z/I/1013.jpg
I,8,1014,DTASET A-Z/I/1014.jpg
I,8,1015,DTASET A-Z/I/1015.jpg
I,8,1016,DTASET A-Z/I/1016.jpg
I,8,1017,DTASET A-Z/I/1017.jpg
I,8,1018,DTASET A-Z/I/1018.jpg
I,8,1019,DTASET A-Z/I/1019.jpg
I,8,1020,DTASET A-Z/I/1020.jpg
I,8,1021,DTASET A-Z/I/1021.jpg
I,8,1022,DTASET A-Z/I/1022.jpg
I,8,1023,DTASET A-Z/I/1023.jpg
I,8,1024,DTASET A-Z/I/1024.jpg
I,8,1025,DTASET A-Z/I/1025.jpg
I,8,1026,DTASET A-Z/I/1026.jpg
I,8,1027,DTASET A-Z/I/1027.jpg
I,8,1028,DTASET A-Z/I/1028.jpg
I,8,1029,DTASET A-Z/I/1029.jpg
I,8,1030,DTASET A-Z/I/1030.jpg
I,8,1031,DTASET A-Z/I/1031.jpg
I,8,1032,DTASET A-Z/I/1032.jpg
I,8,1033,DTASET A-Z/I/1033.jpg
I,8,1034,DTASET A-Z/I/1034.jpg
I,8,1035,DTASET A-Z/I/1035.jpg
I,8,1036,DTASET A-Z/I/1036.jpg
I,8,1037,DTASET A-Z/I/1037.jpg
I,8,1038,DTASET A-Z/I/1038.jpg
I,8,1039,DTASET A-Z/I/1039.jpg
I,8,1040,DTASET A-Z/I/1040.jpg
I,8,1041,DTASET A-Z/I/1041.jpg
I,8,1042,DTASET A-Z/I/1042.jpg
I,8,1043,DTASET A-Z/I/1043.jpg
I,8,1044,DTASET A-Z/I/1044.jpg
I,8,1045,DTASET A-Z/I/1045.jpg
I,8,1046,DTASET A-Z/I/1046.jpg
I,8,1047,DTASET A-Z/I/1047.jpg
I,8,1048,DTASET A-Z/I/1048.jpg
I,8,1049,DTASET A-Z/I/1049.jpg
I,8,1050,DTASET A-Z/I/1050.jpg
I,8,1051,DTASET A-Z/I/1051.jpg
I,8,1052,DTASET A-Z/I/1052.jpg
I,8,1053,DTASET A-Z/I/1053.jpg
I,8,1054,DTASET A-Z/I/1054.jpg
I,8,1055,DTASET A-Z/I/1055.jpg
I,8,1056,DTASET A-Z/I/1056.jpg
I,8,1057,DTASET A-Z/I/1057.jpg
I,8,1058,DTASET A-Z/I/1058.jpg
I,8,1059,DTASET A-Z/I/1059.jpg
I,8,1060,DTASET A-Z/I/1060.jpg
I,8,1061,DTASET A-Z/I/1061.jpg
I,8,1062,DTASET A-Z/I/1062.jpg
I,8,1063,DTASET A-Z/I/1063.jpg
I,8,1064,DTASET A-Z/I/1064.jpg
I,8,1065,DTASET A-Z/I/1065.jpg
I,8,1066,DTASET A-Z/I/1066.jpg
I,8,1067,DTASET A-Z/I/1067.jpg
I,8,1068,DTASET A-Z/I/1068.jpg
I,8,1069,DTASET A-Z/I/1069.jpg
I,8,1070,DTASET A-Z/I/1070.jpg
I,8,1071,DTASET A-Z/I/1071.jpg
I,8,1072,DTASET A-Z/I/1072.jpg
I,8,1073,DTASET A-Z/I/1073.jpg
I,8,1074,DTASET A-Z/I/1074.jpg
I,8,1075,DTASET A-Z/I/1075.jpg
I,8,1076,DTASET A-Z/I/1076.jpg
I,8,1077,DTASET A-Z/I/1077.jpg
I,8,1078,DTASET A-Z/I/1078.jpg
I,8,1079,DTASET A-Z/I/1079.jpg
I,8,1080,DTASET A-Z/I/1080.jpg
I,8,1081,DTASET A-Z/I/1081.jpg
I,8,1082,DTASET A-Z/I/1082.jpg
I,8,1083,DTASET A-Z/I/1083.jpg
I,8,1084,DTASET A-Z/I/1084.jpg
I,8,1085,DTASET A-Z/I/1085.jpg
I,8,1086,DTASET A-Z/I/1086.jpg
I,8,1087,DTASET A-Z/I/1087.jpg
I,8,1088,DTASET A-Z/I/1088.jpg
I,8,1089,DTASET A-Z/I/1089.jpg
I,8,1090,DTASET A-Z/I/1090.jpg
I,8,1091,DTASET A-Z/I/1091.jpg
I,8,1092,DTASET A-Z/I/1092.jpg
I,8,1093,DTASET A-Z/I/1093.jpg
I,8,1094,DTASET A-Z/I/1094.jpg
I,8,1095,DTASET A-Z/I/1095.jpg
I,8,1096,DTASET A-Z/I/1096.jpg
I,8,1097,DTASET A-Z/I/1097.jpg
I,8,1098,DTASET A-Z/I/1098.jpg
I,8,1099,DTASET A-Z/I/1099.jpg
I,8,1100,DTASET A-Z/I/1100.jpg
I,8,1101,DTASET A-Z/I/1101.jpg
I,8,1102,DTASET A-Z/I/1102.jpg
I,8,1103,DTASET A-Z/I/1103.jpg
I,8,1104,DTASET A-Z/I/1104.jpg
I,8,1105,DTASET A-Z/I/1105.jpg
I,8,1106,DTASET A-Z/I/1106.jpg
I,8,1107,DTASET A-Z/I/1107.jpg
I,8,1108,DTASET A-Z/I/1108.jpg
I,8,1109,DTASET A-Z/I/1109.jpg
I,8,1110,DTASET A-Z/I/1110.jpg
I,8,1111,DTASET A-Z/I/1111.jpg
I,8,1112,DTASET A-Z/I/1112.jpg
I,8,1113,DTASET A-Z/I/1113.jpg
I,8,1114,DTASET A-Z/I/1114.jpg
I,8,1115,DTASET A-Z/I/1115.jpg
I,8,1116,DTASET A-Z/I/1116.jpg
I,8,1117,DTASET A-Z/I/1117.jpg
I,8,1118,DTASET A-Z/I/1118.jpg
I,8,1119,DTASET A-Z/I/1119.jpg
I,8,1120,DTASET A-Z/I/1120.jpg
I,8,1121,DTASET A-Z/I/1121.jpg
I,8,1122,DTASET A-Z/I/1122.jpg
I,8,1123,DTASET A-Z/I/1123.jpg
I,8,1124,DTASET A-Z/I/1124.jpg
I,8,1125,DTASET A-Z/I/1125.jpg
I,8,1126,DTASET A-Z/I/1126.jpg
I,8,1127,DTASET A-Z/I/1127.jpg
I,8,1128,DTASET A-Z/I/1128.jpg
I,8,1129,DTASET A-Z/I/1129.jpg
I,8,1130,DTASET A-Z/I/1130.jpg
I,8,1131,DTASET A-Z/I/1131.jpg
I,8,1132,DTASET A-Z/I/1132.jpg
I,8,1133,DTASET A-Z/I/1133.jpg
I,8,1134,DTASET A-Z/I/1134.jpg
I,8,1135,DTASET A-Z/I/1135.jpg
I,8,1136,DTASET A-Z/I/1136.jpg
I,8,1137,DTASET A-Z/I/1137.jpg
I,8,1138,DTASET A-Z/I/1138.jpg
I,8,1139,DTASET A-Z/I/1139.jpg
I,8,1140,DTASET A-Z/I/1140.jpg
I,8,1141,DTASET A-Z/I/1141.jpg
I,8,1142,DTASET A-Z/I/1142.jpg
I,8,1143,DTASET A-Z/I/1143.jpg
I,8,1144,DTASET A-Z/I/1144.jpg
I,8,1145,DTASET A-Z/I/1145.jpg
I,8,1146,DTASET A-Z/I/1146.jpg
I,8,1147,DTASET A-Z/I/1147.jpg
I,8,1148,DTASET A-Z/I/1148.jpg
I,8,1149,DTASET A-Z/I/1149.jpg
I,8,1150,DTASET A-Z/I/1150.jpg
I,8,1151,DTASET A-Z/I/1151.jpg
I,8,1152,DTASET A-Z/I/1152.jpg
I,8,1153,DTASET A-Z/I/1153.jpg
I,8,1154,DTASET A-Z/I/1154.jpg
I,8,1155,DTASET A-Z/I/1155.jpg
I,8,1156,DTASET A-Z/I/1156.jpg
I,8,1157,DTASET A-Z/I/1157.jpg
I,8,1158,DTASET A-Z/I/1158.jpg
I,8,1159,DTASET A-Z/I/1159.jpg
I,8,1160,DTASET A-Z/I/1160.jpg
I,8,1161,DTASET A-Z/I/1161.jpg
I,8,1162,DTASET A-Z/I/1162.jpg
I,8,1163,DTASET A-Z/I/1163.jpg
I,8,1164,DTASET A-Z/I/1164.jpg
I,8,1165,DTASET A-Z/I/1165.jpg
I,8,1166,DTASET A-Z/I/1166.jpg
I,8,1167,DTASET A-Z/I/1167.jpg
I,8,1168,DTASET A-Z/I/1168.jpg
I,8,1169,DTASET A-Z/I/1169.jpg
I,8,1170,DTASET A-Z/I/1170.jpg
I,8,1171,DTASET A-Z/I/1171.jpg
I,8,1172,DTASET A-Z/I/1172.jpg
I,8,1173,DTASET A-Z/I/1173.jpg
I,8,1174,DTASET A-Z/I/1174.jpg
I,8,1175,DTASET A-Z/I/1175.jpg
I,8,1176,DTASET A-Z/I/1176.jpg
I,8,1177,DTASET A-Z/I/1177.jpg
I,8,1178,DTASET A-Z/I/1178.jpg
I,8,1179,DTASET A-Z/I/1179.jpg
I,8,1180,DTASET A-Z/I/1180.jpg
I,8,1181,DTASET A-Z/I/1181.jpg
I,8,1182,DTASET A-Z/I/1182.jpg
I,8,1183,DTASET A-Z/I/1183.jpg
I,8,1184,DTASET A-Z/I/1184.jpg
I,8,1185,DTASET A-Z/I/1185.jpg
I,8,1186,DTASET A-Z/I/1186.jpg
I,8,1187,DTASET A-Z/I/1187.jpg
I,8,1188,DTASET A-Z/I/1188.jpg
I,8,1189,DTASET A-Z/I/1189.jpg
I,8,1190,DTASET A-Z/I/1190.jpg
I,8,1191,DTASET A-Z/I/1191.jpg
I,8,1192,DTASET A-Z/I/1192.jpg
I,8,1193,DTASET A-Z/I/1193.jpg
I,8,1194,DTASET A-Z/I/1194.jpg
I,8,1195,DTASET A-Z/I/1195.jpg
I,8,1196,DTASET A-Z/I/1196.jpg
I,8,1197,DTASET A-Z/I/1197.jpg
I,8,1198,DTASET A-Z/I/1198.jpg
I,8,1199,DTASET A-Z/I/1199.jpg
J,9,0,DTASET A-Z/J/0.jpg
J,9,1,DTASET A-Z/J/1.jpg
J,9,2,DTASET A-Z/J/2.jpg
J,9,3,DTASET A-Z/J/3.jpg
J,9,4,DTASET A-Z/J/4.jpg
J,9,5,DTASET A-Z/J/5.jpg
J,9,6,DTASET A-Z/J/6.jpg
J,9,7,DTASET A-Z/J/7.jpg
J,9,8,DTASET A-Z/J/8.jpg
J,9,9,DTASET A-Z/J/9.jpg
J,9,10,DTASET A-Z/J/10.jpg
J,9,11,DTASET A-Z/J/11.jpg
J,9,12,DTASET A-Z/J/12.jpg
J,9,13,DTASET A-Z/J/13.jpg
J,9,14,DTASET A-Z/J/14.jpg
J,9,15,DTASET A-Z/J/15.jpg
J,9,16,DTASET A-Z/J/16.jpg
J,9,17,DTASET A-Z/J/17.jpg
J,9,18,DTASET A-Z/J/18.jpg
J,9,19,DTASET A-Z/J/19.jpg
J,9,20,DTASET A-Z/J/20.jpg
J,9,21,DTASET A-Z/J/21.jpg
J,9,22,DTASET A-Z/J/22.jpg
J,9,23,DTASET A-Z/J/23.jpg
J,9,24,DTASET A-Z/J/24.jpg
J,9,25,DTASET A-Z/J/25.jpg
J,9,26,DTASET A-Z/J/26.jpg
J,9,27,DTASET A-Z/J/27.jpg
J,9,28,DTASET A-Z/J/28.jpg
J,9,29,DTASET A-Z/J/29.jpg
J,9,30,DTASET A-Z/J/30.jpg
J,9,31,DTASET A-Z/J/31.jpg
J,9,32,DTASET A-Z/J/32.jpg
J,9,33,DTASET A-Z/J/33.jpg
J,9,34,DTASET A-Z/J/34.jpg
J,9,35,DTASET A-Z/J/35.jpg
J,9,36,DTASET A-Z/J/36.jpg
J,9,37,DTASET A-Z/J/37.jpg
J,9,38,DTASET A-Z/J/38.jpg
J,9,39,DTASET A-Z/J/39.jpg
J,9,40,DTASET A-Z/J/40.jpg
J,9,41,DTASET A-Z/J/41.jpg
J,9,42,DTASET A-Z/J/42.jpg
J,9,43,DTASET A-Z/J/43.jpg
J,9,44,DTASET A-Z/J/44.jpg
J,9,45,DTASET A-Z/J/45.jpg
J,9,46,DTASET A-Z/J/46.jpg
J,9,47,DTASET A-Z/J/47.jpg
J,9,48,DTASET A-Z/J/48.jpg
J,9,49,DTASET A-Z/J/49.jpg
J,9,50,DTASET A-Z/J/50.jpg
J,9,51,DTASET A-Z/J/51.jpg
J,9,52,DTASET A-Z/J/52.jpg
J,9,53,DTASET A-Z/J/53.jpg
J,9,54,DTASET A-Z/J/54.jpg
J,9,55,DTASET A-Z/J/55.jpg
J,9,56,DTASET A-Z/J/56.jpg
J,9,57,DTASET A-Z/J/57.jpg
J,9,58,DTASET A-Z/J/58.jpg
J,9,59,DTASET A-Z/J/59.jpg
J,9,60,DTASET A-Z/J/60.jpg
J,9,61,DTASET A-Z/J/61.jpg
J,9,62,DTASET A-Z/J/62.jpg
J,9,63,DTASET A-Z/J/63.jpg
J,9,64,DTASET A-Z/J/64.jpg
J,9,65,DTASET A-Z/J/65.jpg
J,9,66,DTASET A-Z/J/66.jpg
J,9,67,DTASET A-Z/J/67.jpg
J,9,68,DTASET A-Z/J/68.jpg
J,9,69,DTASET A-Z/J/69.jpg
J,9,70,DTASET A-Z/J/70.jpg
J,9,71,DTASET A-Z/J/71.jpg
J,9,72,DTASET A-Z/J/72.jpg
J,9,73,DTASET A-Z/J/73.jpg
J,9,74,DTASET A-Z/J/74.jpg
J,9,75,DTASET A-Z/J/75.jpg
J,9,76,DTASET A-Z/J/76.jpg
J,9,77,DTASET A-Z/J/77.jpg
J,9,78,DTASET A-Z/J/78.jpg
J,9,79,DTASET A-Z/J/79.jpg
J,9,80,DTASET A-Z/J/80.jpg
J,9,81,DTASET A-Z/J/81.jpg
J,9,82,DTASET A-Z/J/82.jpg
J,9,83,DTASET A-Z/J/83.jpg
J,9,84,DTASET A-Z/J/84.jpg
J,9,85,DTASET A-Z/J/85.jpg
J,9,86,DTASET A-Z/J/86.jpg
J,9,87,DTASET A-Z/J/87.jpg
J,9,88,DTASET A-Z/J/88.jpg
J,9,89,DTASET A-Z/J/89.jpg
J,9,90,DTASET A-Z/J/90.jpg
J,9,91,DTASET A-Z/J/91.jpg
J,9,92,DTASET A-Z/J/92.jpg
J,9,93,DTASET A-Z/J/93.jpg
J,9,94,DTASET A-Z/J/94.jpg
J,9,95,DTASET A-Z/J/95.jpg
J,9,96,DTASET A-Z/J/96.jpg
J,9,97,DTASET A-Z/J/97.jpg
J,9,98,DTASET A-Z/J/98.jpg
J,9,99,DTASET A-Z/J/99.jpg
J,9,100,DTASET A-Z/J/100.jpg
J,9,101,DTASET A-Z/J/101.jpg
J,9,102,DTASET A-Z/J/102.jpg
J,9,103,DTASET A-Z/J/103.jpg
J,9,104,DTASET A-Z/J/104.jpg
J,9,105,DTASET A-Z/J/105.jpg
J,9,106,DTASET A-Z/J/106.jpg
J,9,107,DTASET A-Z/J/107.jpg
J,9,108,DTASET A-Z/J/108.jpg
J,9,109,DTASET A-Z/J/109.jpg
J,9,110,DTASET A-Z/J/110.jpg
J,9,111,DTASET A-Z/J/111.jpg
J,9,112,DTASET A-Z/J/112.jpg
J,9,113,DTASET A-Z/J/113.jpg
J,9,114,DTASET A-Z/J/114.jpg
J,9,115,DTASET A-Z/J/115.jpg
J,9,116,DTASET A-Z/J/116.jpg
J,9,117,DTASET A-Z/J/117.jpg
J,9,118,DTASET A-Z/J/118.jpg
J,9,119,DTASET A-Z/J/119.jpg
J,9,120,DTASET A-Z/J/120.jpg
J,9,121,DTASET A-Z/J/121.jpg
J,9,122,DTASET A-Z/J/122.jpg
J,9,123,DTASET A-Z/J/123.jpg
J,9,124,DTASET A-Z/J/124.jpg
J,9,125,DTASET A-Z/J/125.jpg
J,9,126,DTASET A-Z/J/126.jpg
J,9,127,DTASET A-Z/J/127.jpg
J,9,128,DTASET A-Z/J/128.jpg
J,9,129,DTASET A-Z/J/129.jpg
J,9,130,DTASET A-Z/J/130.jpg
J,9,131,DTASET A-Z/J/131.jpg
J,9,132,DTASET A-Z/J/132.jpg
J,9,133,DTASET A-Z/J/133.jpg
J,9,134,DTASET A-Z/J/134.jpg
J,9,135,DTASET A-Z/J/135.jpg
J,9,136,DTASET A-Z/J/136.jpg
J,9,137,DTASET A-Z/J/137.jpg
J,9,138,DTASET A-Z/J/138.jpg
J,9,139,DTASET A-Z/J/139.jpg
J,9,140,DTASET A-Z/J/140.jpg
J,9,141,DTASET A-Z/J/141.jpg
J,9,142,DTASET A-Z/J/142.jpg
J,9,143,DTASET A-Z/J/143.jpg
J,9,144,DTASET A-Z/J/144.jpg
J,9,145,DTASET A-Z/J/145.jpg
J,9,146,DTASET A-Z/J/146.jpg
J,9,147,DTASET A-Z/J/147.jpg
J,9,148,DTASET A-Z/J/148.jpg
J,9,149,DTASET A-Z/J/149.jpg
J,9,150,DTASET A-Z/J/150.jpg
J,9,151,DTASET A-Z/J/151.jpg
J,9,152,DTASET A-Z/J/152.jpg
J,9,153,DTASET A-Z/J/153.jpg
J,9,154,DTASET A-Z/J/154.jpg
J,9,155,DTASET A-Z/J/155.jpg
J,9,156,DTASET A-Z/J/156.jpg
J,9,157,DTASET A-Z/J/157.jpg
J,9,158,DTASET A-Z/J/158.jpg
J,9,159,DTASET A-Z/J/159.jpg
J,9,160,DTASET A-Z/J/160.jpg
J,9,161,DTASET A-Z/J/161.jpg
J,9,162,DTASET A-Z/J/162.jpg
J,9,163,DTASET A-Z/J/163.jpg
J,9,164,DTASET A-Z/J/164.jpg
J,9,165,DTASET A-Z/J/165.jpg
J,9,166,DTASET A-Z/J/166.jpg
J,9,167,DTASET A-Z/J/167.jpg
J,9,168,DTASET A-Z/J/168.jpg
J,9,169,DTASET A-Z/J/169.jpg
J,9,170,DTASET A-Z/J/170.jpg
J,9,171,DTASET A-Z/J/171.jpg
J,9,172,DTASET A-Z/J/172.jpg
J,9,173,DTASET A-Z/J/173.jpg
J,9,174,DTASET A-Z/J/174.jpg
J,9,175,DTASET A-Z/J/175.jpg
J,9,176,DTASET A-Z/J/176.jpg
J,9,177,DTASET A-Z/J/177.jpg
J,9,178,DTASET A-Z/J/178.jpg
J,9,179,DTASET A-Z/J/179.jpg
J,9,180,DTASET A-Z/J/180.jpg
J,9,181,DTASET A-Z/J/181.jpg
J,9,182,DTASET A-Z/J/182.jpg
J,9,183,DTASET A-Z/J/183.jpg
J,9,184,DTASET A-Z/J/184.jpg
J,9,185,DTASET A-Z/J/185.jpg
J,9,186,DTASET A-Z/J/186.jpg
J,9,187,DTASET A-Z/J/187.jpg
J,9,188,DTASET A-Z/J/188.jpg
J,9,189,DTASET A-Z/J/189.jpg
J,9,190,DTASET A-Z/J/190.jpg
J,9,191,DTASET A-Z/J/191.jpg
J,9,192,DTASET A-Z/J/192.jpg
J,9,193,DTASET A-Z/J/193.jpg
J,9,194,DTASET A-Z/J/194.jpg
J,9,195,DTASET A-Z/J/195.jpg
J,9,196,DTASET A-Z/J/196.jpg
J,9,197,DTASET A-Z/J/197.jpg
J,9,198,DTASET A-Z/J/198.jpg
J,9,199,DTASET A-Z/J/199.jpg
J,9,200,DTASET A-Z/J/200.jpg
J,9,201,DTASET A-Z/J/201.jpg
J,9,202,DTASET A-Z/J/202.jpg
J,9,203,DTASET A-Z/J/203.jpg
J,9,204,DTASET A-Z/J/204.jpg
J,9,205,DTASET A-Z/J/205.jpg
J,9,206,DTASET A-Z/J/206.jpg
J,9,207,DTASET A-Z/J/207.jpg
J,9,208,DTASET A-Z/J/208.jpg
J,9,209,DTASET A-Z/J/209.jpg
J,9,210,DTASET A-Z/J/210.jpg
J,9,211,DTASET A-Z/J/211.jpg
J,9,212,DTASET A-Z/J/212.jpg
J,9,213,DTASET A-Z/J/213.jpg
J,9,214,DTASET A-Z/J/214.jpg
J,9,215,DTASET A-Z/J/215.jpg
J,9,216,DTASET A-Z/J/216.jpg
J,9,217,DTASET A-Z/J/217.jpg
J,9,218,DTASET A-Z/J/218.jpg
J,9,219,DTASET A-Z/J/219.jpg
J,9,220,DTASET A-Z/J/220.jpg
J,9,221,DTASET A-Z/J/221.jpg
J,9,222,DTASET A-Z/J/222.jpg
J,9,223,DTASET A-Z/J/223.jpg
J,9,224,DTASET A-Z/J/224.jpg
J,9,225,DTASET A-Z/J/225.jpg
J,9,226,DTASET A-Z/J/226.jpg
J,9,227,DTASET A-Z/J/227.jpg
J,9,228,DTASET A-Z/J/228.jpg
J,9,229,DTASET A-Z/J/229.jpg
J,9,230,DTASET A-Z/J/230.jpg
J,9,231,DTASET A-Z/J/231.jpg
J,9,232,DTASET A-Z/J/232.jpg
J,9,233,DTASET A-Z/J/233.jpg
J,9,234,DTASET A-Z/J/234.jpg
J,9,235,DTASET A-Z/J/235.jpg
J,9,236,DTASET A-Z/J/236.jpg
J,9,237,DTASET A-Z/J/237.jpg
J,9,238,DTASET A-Z/J/238.jpg
J,9,239,DTASET A-Z/J/239.jpg
J,9,240,DTASET A-Z/J/240.jpg
J,9,241,DTASET A-Z/J/241.jpg
J,9,242,DTASET A-Z/J/242.jpg
J,9,243,DTASET A-Z/J/243.jpg
J,9,244,DTASET A-Z/J/244.jpg
J,9,245,DTASET A-Z/J/245.jpg
J,9,246,DTASET A-Z/J/246.jpg
J,9,247,DTASET A-Z/J/247.jpg
J,9,248,DTASET A-Z/J/248.jpg
J,9,249,DTASET A-Z/J/249.jpg
J,9,250,DTASET A-Z/J/250.jpg
J,9,251,DTASET A-Z/J/251.jpg
J,9,252,DTASET A-Z/J/252.jpg
J,9,253,DTASET A-Z/J/253.jpg
J,9,254,DTASET A-Z/J/254.jpg
J,9,255,DTASET A-Z/J/255.jpg
J,9,256,DTASET A-Z/J/256.jpg
J,9,257,DTASET A-Z/J/257.jpg
J,9,258,DTASET A-Z/J/258.jpg
J,9,259,DTASET A-Z/J/259.jpg
J,9,260,DTASET A-Z/J/260.jpg
J,9,261,DTASET A-Z/J/261.jpg
J,9,262,DTASET A-Z/J/262.jpg
J,9,263,DTASET A-Z/J/263.jpg
J,9,264,DTASET A-Z/J/264.jpg
J,9,265,DTASET A-Z/J/265.jpg
J,9,266,DTASET A-Z/J/266.jpg
J,9,267,DTASET A-Z/J/267.jpg
J,9,268,DTASET A-Z/J/268.jpg
J,9,269,DTASET A-Z/J/269.jpg
J,9,270,DTASET A-Z/J/270.jpg
J,9,271,DTASET A-Z/J/271.jpg
J,9,272,DTASET A-Z/J/272.jpg
J,9,273,DTASET A-Z/J/273.jpg
J,9,274,DTASET A-Z/J/274.jpg
J,9,275,DTASET A-Z/J/275.jpg
J,9,276,DTASET A-Z/J/276.jpg
J,9,277,DTASET A-Z/J/277.jpg
J,9,278,DTASET A-Z/J/278.jpg
J,9,279,DTASET A-Z/J/279.jpg
J,9,280,DTASET A-Z/J/280.jpg
J,9,281,DTASET A-Z/J/281.jpg
J,9,282,DTASET A-Z/J/282.jpg
J,9,283,DTASET A-Z/J/283.jpg
J,9,284,DTASET A-Z/J/284.jpg
J,9,285,DTASET A-Z/J/285.jpg
J,9,286,DTASET A-Z/J/286.jpg
J,9,287,DTASET A-Z/J/287.jpg
J,9,288,DTASET A-Z/J/288.jpg
J,9,289,DTASET A-Z/J/289.jpg
J,9,290,DTASET A-Z/J/290.jpg
J,9,291,DTASET A-Z/J/291.jpg
J,9,292,DTASET A-Z/J/292.jpg
J,9,293,DTASET A-Z/J/293.jpg
J,9,294,DTASET A-Z/J/294.jpg
J,9,295,DTASET A-Z/J/295.jpg
J,9,296,DTASET A-Z/J/296.jpg
J,9,297,DTASET A-Z/J/297.jpg
J,9,298,DTASET A-Z/J/298.jpg
J,9,299,DTASET A-Z/J/299.jpg
J,9,300,DTASET A-Z/J/300.jpg
J,9,301,DTASET A-Z/J/301.jpg
J,9,302,DTASET A-Z/J/302.jpg
J,9,303,DTASET A-Z/J/303.jpg
J,9,304,DTASET A-Z/J/304.jpg
J,9,305,DTASET A-Z/J/305.jpg
J,9,306,DTASET A-Z/J/306.jpg
J,9,307,DTASET A-Z/J/307.jpg
J,9,308,DTASET A-Z/J/308.jpg
J,9,309,DTASET A-Z/J/309.jpg
J,9,310,DTASET A-Z/J/310.jpg
J,9,311,DTASET A-Z/J/311.jpg
J,9,312,DTASET A-Z/J/312.jpg
J,9,313,DTASET A-Z/J/313.jpg
J,9,314,DTASET A-Z/J/314.jpg
J,9,315,DTASET A-Z/J/315.jpg
J,9,316,DTASET A-Z/J/316.jpg
J,9,317,DTASET A-Z/J/317.jpg
J,9,318,DTASET A-Z/J/318.jpg
J,9,319,DTASET A-Z/J/319.jpg
J,9,320,DTASET A-Z/J/320.jpg
J,9,321,DTASET A-Z/J/321.jpg
J,9,322,DTASET A-Z/J/322.jpg
J,9,323,DTASET A-Z/J/323.jpg
J,9,324,DTASET A-Z/J/324.jpg
J,9,325,DTASET A-Z/J/325.jpg
J,9,326,DTASET A-Z/J/326.jpg
J,9,327,DTASET A-Z/J/327.jpg
J,9,328,DTASET A-Z/J/328.jpg
J,9,329,DTASET A-Z/J/329.jpg
J,9,330,DTASET A-Z/J/330.jpg
J,9,331,DTASET A-Z/J/331.jpg
J,9,332,DTASET A-Z/J/332.jpg
J,9,333,DTASET A-Z/J/333.jpg
J,9,334,DTASET A-Z/J/334.jpg
J,9,335,DTASET A-Z/J/335.jpg
J,9,336,DTASET A-Z/J/336.jpg
J,9,337,DTASET A-Z/J/337.jpg
J,9,338,DTASET A-Z/J/338.jpg
J,9,339,DTASET A-Z/J/339.jpg
J,9,340,DTASET A-Z/J/340.jpg
J,9,341,DTASET A-Z/J/341.jpg
J,9,342,DTASET A-Z/J/342.jpg
J,9,343,DTASET A-Z/J/343.jpg
J,9,344,DTASET A-Z/J/344.jpg
J,9,345,DTASET A-Z/J/345.jpg
J,9,346,DTASET A-Z/J/346.jpg
J,9,347,DTASET A-Z/J/347.jpg
J,9,348,DTASET A-Z/J/348.jpg
J,9,349,DTASET A-Z/J/349.jpg
J,9,350,DTASET A-Z/J/350.jpg
J,9,351,DTASET A-Z/J/351.jpg
J,9,352,DTASET A-Z/J/352.jpg
J,9,353,DTASET A-Z/J/353.jpg
J,9,354,DTASET A-Z/J/354.jpg
J,9,355,DTASET A-Z/J/355.jpg
J,9,356,DTASET A-Z/J/356.jpg
J,9,357,DTASET A-Z/J/357.jpg
J,9,358,DTASET A-Z/J/358.jpg
J,9,359,DTASET A-Z/J/359.jpg
J,9,360,DTASET A-Z/J/360.jpg
J,9,361,DTASET A-Z/J/361.jpg
J,9,362,DTASET A-Z/J/362.jpg
J,9,363,DTASET A-Z/J/363.jpg
J,9,364,DTASET A-Z/J/364.jpg
J,9,365,DTASET A-Z/J/365.jpg
J,9,366,DTASET A-Z/J/366.jpg
J,9,367,DTASET A-Z/J/367.jpg
J,9,368,DTASET A-Z/J/368.jpg
J,9,369,DTASET A-Z/J/369.jpg
J,9,370,DTASET A-Z/J/370.jpg
J,9,371,DTASET A-Z/J/371.jpg
J,9,372,DTASET A-Z/J/372.jpg
J,9,373,DTASET A-Z/J/373.jpg
J,9,374,DTASET A-Z/J/374.jpg
J,9,375,DTASET A-Z/J/375.jpg
J,9,376,DTASET A-Z/J/376.jpg
J,9,377,DTASET A-Z/J/377.jpg
J,9,378,DTASET A-Z/J/378.jpg
J,9,379,DTASET A-Z/J/379.jpg
J,9,380,DTASET A-Z/J/380.jpg
J,9,381,DTASET A-Z/J/381.jpg
J,9,382,DTASET A-Z/J/382.jpg
J,9,383,DTASET A-Z/J/383.jpg
J,9,384,DTASET A-Z/J/384.jpg
J,9,385,DTASET A-Z/J/385.jpg
J,9,386,DTASET A-Z/J/386.jpg
J,9,387,DTASET A-Z/J/387.jpg
J,9,388,DTASET A-Z/J/388.jpg
J,9,389,DTASET A-Z/J/389.jpg
J,9,390,DTASET A-Z/J/390.jpg
J,9,391,DTASET A-Z/J/391.jpg
J,9,392,DTASET A-Z/J/392.jpg
J,9,393,DTASET A-Z/J/393.jpg
J,9,394,DTASET A-Z/J/394.jpg
J,9,395,DTASET A-Z/J/395.jpg
J,9,396,DTASET A-Z/J/396.jpg
J,9,397,DTASET A-Z/J/397.jpg
J,9,398,DTASET A-Z/J/398.jpg
J,9,399,DTASET A-Z/J/399.jpg
J,9,400,DTASET A-Z/J/400.jpg
J,9,401,DTASET A-Z/J/401.jpg
J,9,402,DTASET A-Z/J/402.jpg
J,9,403,DTASET A-Z/J/403.jpg
J,9,404,DTASET A-Z/J/404.jpg
J,9,405,DTASET A-Z/J/405.jpg
J,9,406,DTASET A-Z/J/406.jpg
J,9,407,DTASET A-Z/J/407.jpg
J,9,408,DTASET A-Z/J/408.jpg
J,9,409,DTASET A-Z/J/409.jpg
J,9,410,DTASET A-Z/J/410.jpg
J,9,411,DTASET A-Z/J/411.jpg
J,9,412,DTASET A-Z/J/412.jpg
J,9,413,DTASET A-Z/J/413.jpg
J,9,414,DTASET A-Z/J/414.jpg
J,9,415,DTASET A-Z/J/415.jpg
J,9,416,DTASET A-Z/J/416.jpg
J,9,417,DTASET A-Z/J/417.jpg
J,9,418,DTASET A-Z/J/418.jpg
J,9,419,DTASET A-Z/J/419.jpg
J,9,420,DTASET A-Z/J/420.jpg
J,9,421,DTASET A-Z/J/421.jpg
J,9,422,DTASET A-Z/J/422.jpg
J,9,423,DTASET A-Z/J/423.jpg
J,9,424,DTASET A-Z/J/424.jpg
J,9,425,DTASET A-Z/J/425.jpg
J,9,426,DTASET A-Z/J/426.jpg
J,9,427,DTASET A-Z/J/427.jpg
J,9,428,DTASET A-Z/J/428.jpg
J,9,429,DTASET A-Z/J/429.jpg
J,9,430,DTASET A-Z/J/430.jpg
J,9,431,DTASET A-Z/J/431.jpg
J,9,432,DTASET A-Z/J/432.jpg
J,9,433,DTASET A-Z/J/433.jpg
J,9,434,DTASET A-Z/J/434.jpg
J,9,435,DTASET A-Z/J/435.jpg
J,9,436,DTASET A-Z/J/436.jpg
J,9,437,DTASET A-Z/J/437.jpg
J,9,438,DTASET A-Z/J/438.jpg
J,9,439,DTASET A-Z/J/439.jpg
J,9,440,DTASET A-Z/J/440.jpg
J,9,441,DTASET A-Z/J/441.jpg
J,9,442,DTASET A-Z/J/442.jpg
J,9,443,DTASET A-Z/J/443.jpg
J,9,444,DTASET A-Z/J/444.jpg
J,9,445,DTASET A-Z/J/445.jpg
J,9,446,DTASET A-Z/J/446.jpg
J,9,447,DTASET A-Z/J/447.jpg
J,9,448,DTASET A-Z/J/448.jpg
J,9,449,DTASET A-Z/J/449.jpg
J,9,450,DTASET A-Z/J/450.jpg
J,9,451,DTASET A-Z/J/451.jpg
J,9,452,DTASET A-Z/J/452.jpg
J,9,453,DTASET A-Z/J/453.jpg
J,9,454,DTASET A-Z/J/454.jpg
J,9,455,DTASET A-Z/J/455.jpg
J,9,456,DTASET A-Z/J/456.jpg
J,9,457,DTASET A-Z/J/457.jpg
J,9,458,DTASET A-Z/J/458.jpg
J,9,459,DTASET A-Z/J/459.jpg
J,9,460,DTASET A-Z/J/460.jpg
J,9,461,DTASET A-Z/J/461.jpg
J,9,462,DTASET A-Z/J/462.jpg
J,9,463,DTASET A-Z/J/463.jpg
J,9,464,DTASET A-Z/J/464.jpg
J,9,465,DTASET A-Z/J/465.jpg
J,9,466,DTASET A-Z/J/466.jpg
J,9,467,DTASET A-Z/J/467.jpg
J,9,468,DTASET A-Z/J/468.jpg
J,9,469,DTASET A-Z/J/469.jpg
J,9,470,DTASET A-Z/J/470.jpg
J,9,471,DTASET A-Z/J/471.jpg
J,9,472,DTASET A-Z/J/472.jpg
J,9,473,DTASET A-Z/J/473.jpg
J,9,474,DTASET A-Z/J/474.jpg
J,9,475,DTASET A-Z/J/475.jpg
J,9,476,DTASET A-Z/J/476.jpg
J,9,477,DTASET A-Z/J/477.jpg
J,9,478,DTASET A-Z/J/478.jpg
J,9,479,DTASET A-Z/J/479.jpg
J,9,480,DTASET A-Z/J/480.jpg
J,9,481,DTASET A-Z/J/481.jpg
J,9,482,DTASET A-Z/J/482.jpg
J,9,483,DTASET A-Z/J/483.jpg
J,9,484,DTASET A-Z/J/484.jpg
J,9,485,DTASET A-Z/J/485.jpg
J,9,486,DTASET A-Z/J/486.jpg
J,9,487,DTASET A-Z/J/487.jpg
J,9,488,DTASET A-Z/J/488.jpg
J,9,489,DTASET A-Z/J/489.jpg
J,9,490,DTASET A-Z/J/490.jpg
J,9,491,DTASET A-Z/J/491.jpg
J,9,492,DTASET A-Z/J/492.jpg
J,9,493,DTASET A-Z/J/493.jpg
J,9,494,DTASET A-Z/J/494.jpg
J,9,495,DTASET A-Z/J/495.jpg
J,9,496,DTASET A-Z/J/496.jpg
J,9,497,DTASET A-Z/J/497.jpg
J,9,498,DTASET A-Z/J/498.jpg
J,9,499,DTASET A-Z/J/499.jpg
J,9,500,DTASET A-Z/J/500.jpg
J,9,501,DTASET A-Z/J/501.jpg
J,9,502,DTASET A-Z/J/502.jpg
J,9,503,DTASET A-Z/J/503.jpg
J,9,504,DTASET A-Z/J/504.jpg
J,9,505,DTASET A-Z/J/505.jpg
J,9,506,DTASET A-Z/J/506.jpg
J,9,507,DTASET A-Z/J/507.jpg
J,9,508,DTASET A-Z/J/508.jpg
J,9,509,DTASET A-Z/J/509.jpg
J,9,510,DTASET A-Z/J/510.jpg
J,9,511,DTASET A-Z/J/511.jpg
J,9,512,DTASET A-Z/J/512.jpg
J,9,513,DTASET A-Z/J/513.jpg
J,9,514,DTASET A-Z/J/514.jpg
J,9,515,DTASET A-Z/J/515.jpg
J,9,516,DTASET A-Z/J/516.jpg
J,9,517,DTASET A-Z/J/517.jpg
J,9,518,DTASET A-Z/J/518.jpg
J,9,519,DTASET A-Z/J/519.jpg
J,9,520,DTASET A-Z/J/520.jpg
J,9,521,DTASET A-Z/J/521.jpg
J,9,522,DTASET A-Z/J/522.jpg
J,9,523,DTASET A-Z/J/523.jpg
J,9,524,DTASET A-Z/J/524.jpg
J,9,525,DTASET A-Z/J/525.jpg
J,9,526,DTASET A-Z/J/526.jpg
J,9,527,DTASET A-Z/J/527.jpg
J,9,528,DTASET A-Z/J/528.jpg
J,9,529,DTASET A-Z/J/529.jpg
J,9,530,DTASET A-Z/J/530.jpg
J,9,531,DTASET A-Z/J/531.jpg
J,9,532,DTASET A-Z/J/532.jpg
J,9,533,DTASET A-Z/J/533.jpg
J,9,534,DTASET A-Z/J/534.jpg
J,9,535,DTASET A-Z/J/535.jpg
J,9,536,DTASET A-Z/J/536.jpg
J,9,537,DTASET A-Z/J/537.jpg
J,9,538,DTASET A-Z/J/538.jpg
J,9,539,DTASET A-Z/J/539.jpg
J,9,540,DTASET A-Z/J/540.jpg
J,9,541,DTASET A-Z/J/541.jpg
J,9,542,DTASET A-Z/J/542.jpg
J,9,543,DTASET A-Z/J/543.jpg
J,9,544,DTASET A-Z/J/544.jpg
J,9,545,DTASET A-Z/J/545.jpg
J,9,546,DTASET A-Z/J/546.jpg
J,9,547,DTASET A-Z/J/547.jpg
J,9,548,DTASET A-Z/J/548.jpg
J,9,549,DTASET A-Z/J/549.jpg
J,9,550,DTASET A-Z/J/550.jpg
J,9,551,DTASET A-Z/J/551.jpg
J,9,552,DTASET A-Z/J/552.jpg
J,9,553,DTASET A-Z/J/553.jpg
J,9,554,DTASET A-Z/J/554.jpg
J,9,555,DTASET A-Z/J/555.jpg
J,9,556,DTASET A-Z/J/556.jpg
J,9,557,DTASET A-Z/J/557.jpg
J,9,558,DTASET A-Z/J/558.jpg
J,9,559,DTASET A-Z/J/559.jpg
J,9,560,DTASET A-Z/J/560.jpg
J,9,561,DTASET A-Z/J/561.jpg
J,9,562,DTASET A-Z/J/562.jpg
J,9,563,DTASET A-Z/J/563.jpg
J,9,564,DTASET A-Z/J/564.jpg
J,9,565,DTASET A-Z/J/565.jpg
J,9,566,DTASET A-Z/J/566.jpg
J,9,567,DTASET A-Z/J/567.jpg
J,9,568,DTASET A-Z/J/568.jpg
J,9,569,DTASET A-Z/J/569.jpg
J,9,570,DTASET A-Z/J/570.jpg
J,9,571,DTASET A-Z/J/571.jpg
J,9,572,DTASET A-Z/J/572.jpg
J,9,573,DTASET A-Z/J/573.jpg
J,9,574,DTASET A-Z/J/574.jpg
J,9,575,DTASET A-Z/J/575.jpg
J,9,576,DTASET A-Z/J/576.jpg
J,9,577,DTASET A-Z/J/577.jpg
J,9,578,DTASET A-Z/J/578.jpg
J,9,579,DTASET A-Z/J/579.jpg
J,9,580,DTASET A-Z/J/580.jpg
J,9,581,DTASET A-Z/J/581.jpg
J,9,582,DTASET A-Z/J/582.jpg
J,9,583,DTASET A-Z/J/583.jpg
J,9,584,DTASET A-Z/J/584.jpg
J,9,585,DTASET A-Z/J/585.jpg
J,9,586,DTASET A-Z/J/586.jpg
J,9,587,DTASET A-Z/J/587.jpg
J,9,588,DTASET A-Z/J/588.jpg
J,9,589,DTASET A-Z/J/589.jpg
J,9,590,DTASET A-Z/J/590.jpg
J,9,591,DTASET A-Z/J/591.jpg
J,9,592,DTASET A-Z/J/592.jpg
J,9,593,DTASET A-Z/J/593.jpg
J,9,594,DTASET A-Z/J/594.jpg
J,9,595,DTASET A-Z/J/595.jpg
J,9,596,DTASET A-Z/J/596.jpg
J,9,597,DTASET A-Z/J/597.jpg
J,9,598,DTASET A-Z/J/598.jpg
J,9,599,DTASET A-Z/J/599.jpg
J,9,600,DTASET A-Z/J/600.jpg
J,9,601,DTASET A-Z/J/601.jpg
J,9,602,DTASET A-Z/J/602.jpg
J,9,603,DTASET A-Z/J/603.jpg
J,9,604,DTASET A-Z/J/604.jpg
J,9,605,DTASET A-Z/J/605.jpg
J,9,606,DTASET A-Z/J/606.jpg
J,9,607,DTASET A-Z/J/607.jpg
J,9,608,DTASET A-Z/J/608.jpg
J,9,609,DTASET A-Z/J/609.jpg
J,9,610,DTASET A-Z/J/610.jpg
J,9,611,DTASET A-Z/J/611.jpg
J,9,612,DTASET A-Z/J/612.jpg
J,9,613,DTASET A-Z/J/613.jpg
J,9,614,DTASET A-Z/J/614.jpg
J,9,615,DTASET A-Z/J/615.jpg
J,9,616,DTASET A-Z/J/616.jpg
J,9,617,DTASET A-Z/J/617.jpg
J,9,618,DTASET A-Z/J/618.jpg
J,9,619,DTASET A-Z/J/619.jpg
J,9,620,DTASET A-Z/J/620.jpg
J,9,621,DTASET A-Z/J/621.jpg
J,9,622,DTASET A-Z/J/622.jpg
J,9,623,DTASET A-Z/J/623.jpg
J,9,624,DTASET A-Z/J/624.jpg
J,9,625,DTASET A-Z/J/625.jpg
J,9,626,DTASET A-Z/J/626.jpg
J,9,627,DTASET A-Z/J/627.jpg
J,9,628,DTASET A-Z/J/628.jpg
J,9,629,DTASET A-Z/J/629.jpg
J,9,630,DTASET A-Z/J/630.jpg
J,9,631,DTASET A-Z/J/631.jpg
J,9,632,DTASET A-Z/J/632.jpg
J,9,633,DTASET A-Z/J/633.jpg
J,9,634,DTASET A-Z/J/634.jpg
J,9,635,DTASET A-Z/J/635.jpg
J,9,636,DTASET A-Z/J/636.jpg
J,9,637,DTASET A-Z/J/637.jpg
J,9,638,DTASET A-Z/J/638.jpg
J,9,639,DTASET A-Z/J/639.jpg
J,9,640,DTASET A-Z/J/640.jpg
J,9,641,DTASET A-Z/J/641.jpg
J,9,642,DTASET A-Z/J/642.jpg
J,9,643,DTASET A-Z/J/643.jpg
J,9,644,DTASET A-Z/J/644.jpg
J,9,645,DTASET A-Z/J/645.jpg
J,9,646,DTASET A-Z/J/646.jpg
J,9,647,DTASET A-Z/J/647.jpg
J,9,648,DTASET A-Z/J/648.jpg
J,9,649,DTASET A-Z/J/649.jpg
J,9,650,DTASET A-Z/J/650.jpg
J,9,651,DTASET A-Z/J/651.jpg
J,9,652,DTASET A-Z/J/652.jpg
J,9,653,DTASET A-Z/J/653.jpg
J,9,654,DTASET A-Z/J/654.jpg
J,9,655,DTASET A-Z/J/655.jpg
J,9,656,DTASET A-Z/J/656.jpg
J,9,657,DTASET A-Z/J/657.jpg
J,9,658,DTASET A-Z/J/658.jpg
J,9,659,DTASET A-Z/J/659.jpg
J,9,660,DTASET A-Z/J/660.jpg
J,9,661,DTASET A-Z/J/661.jpg
J,9,662,DTASET A-Z/J/662.jpg
J,9,663,DTASET A-Z/J/663.jpg
J,9,664,DTASET A-Z/J/664.jpg
J,9,665,DTASET A-Z/J/665.jpg
J,9,666,DTASET A-Z/J/666.jpg
J,9,667,DTASET A-Z/J/667.jpg
J,9,668,DTASET A-Z/J/668.jpg
J,9,669,DTASET A-Z/J/669.jpg
J,9,670,DTASET A-Z/J/670.jpg
J,9,671,DTASET A-Z/J/671.jpg
J,9,672,DTASET A-Z/J/672.jpg
J,9,673,DTASET A-Z/J/673.jpg
J,9,674,DTASET A-Z/J/674.jpg
J,9,675,DTASET A-Z/J/675.jpg
J,9,676,DTASET A-Z/J/676.jpg
J,9,677,DTASET A-Z/J/677.jpg
J,9,678,DTASET A-Z/J/678.jpg
J,9,679,DTASET A-Z/J/679.jpg
J,9,680,DTASET A-Z/J/680.jpg
J,9,681,DTASET A-Z/J/681.jpg
J,9,682,DTASET A-Z/J/682.jpg
J,9,683,DTASET A-Z/J/683.jpg
J,9,684,DTASET A-Z/J/684.jpg
J,9,685,DTASET A-Z/J/685.jpg
J,9,686,DTASET A-Z/J/686.jpg
J,9,687,DTASET A-Z/J/687.jpg
J,9,688,DTASET A-Z/J/688.jpg
J,9,689,DTASET A-Z/J/689.jpg
J,9,690,DTASET A-Z/J/690.jpg
J,9,691,DTASET A-Z/J/691.jpg
J,9,692,DTASET A-Z/J/692.jpg
J,9,693,DTASET A-Z/J/693.jpg
J,9,694,DTASET A-Z/J/694.jpg
J,9,695,DTASET A-Z/J/695.jpg
J,9,696,DTASET A-Z/J/696.jpg
J,9,697,DTASET A-Z/J/697.jpg
J,9,698,DTASET A-Z/J/698.jpg
J,9,699,DTASET A-Z/J/699.jpg
J,9,700,DTASET A-Z/J/700.jpg
J,9,701,DTASET A-Z/J/701.jpg
J,9,702,DTASET A-Z/J/702.jpg
J,9,703,DTASET A-Z/J/703.jpg
J,9,704,DTASET A-Z/J/704.jpg
J,9,705,DTASET A-Z/J/705.jpg
J,9,706,DTASET A-Z/J/706.jpg
J,9,707,DTASET A-Z/J/707.jpg
J,9,708,DTASET A-Z/J/708.jpg
J,9,709,DTASET A-Z/J/709.jpg
J,9,710,DTASET A-Z/J/710.jpg
J,9,711,DTASET A-Z/J/711.jpg
J,9,712,DTASET A-Z/J/712.jpg
J,9,713,DTASET A-Z/J/713.jpg
J,9,714,DTASET A-Z/J/714.jpg
J,9,715,DTASET A-Z/J/715.jpg
J,9,716,DTASET A-Z/J/716.jpg
J,9,717,DTASET A-Z/J/717.jpg
J,9,718,DTASET A-Z/J/718.jpg
J,9,719,DTASET A-Z/J/719.jpg
J,9,720,DTASET A-Z/J/720.jpg
J,9,721,DTASET A-Z/J/721.jpg
J,9,722,DTASET A-Z/J/722.jpg
J,9,723,DTASET A-Z/J/723.jpg
J,9,724,DTASET A-Z/J/724.jpg
J,9,725,DTASET A-Z/J/725.jpg
J,9,726,DTASET A-Z/J/726.jpg
J,9,727,DTASET A-Z/J/727.jpg
J,9,728,DTASET A-Z/J/728.jpg
J,9,729,DTASET A-Z/J/729.jpg
J,9,730,DTASET A-Z/J/730.jpg
J,9,731,DTASET A-Z/J/731.jpg
J,9,732,DTASET A-Z/J/732.jpg
J,9,733,DTASET A-Z/J/733.jpg
J,9,734,DTASET A-Z/J/734.jpg
J,9,735,DTASET A-Z/J/735.jpg
J,9,736,DTASET A-Z/J/736.jpg
J,9,737,DTASET A-Z/J/737.jpg
J,9,738,DTASET A-Z/J/738.jpg
J,9,739,DTASET A-Z/J/739.jpg
J,9,740,DTASET A-Z/J/740.jpg
J,9,741,DTASET A-Z/J/741.jpg
J,9,742,DTASET A-Z/J/742.jpg
J,9,743,DTASET A-Z/J/743.jpg
J,9,744,DTASET A-Z/J/744.jpg
J,9,745,DTASET A-Z/J/745.jpg
J,9,746,DTASET A-Z/J/746.jpg
J,9,747,DTASET A-Z/J/747.jpg
J,9,748,DTASET A-Z/J/748.jpg
J,9,749,DTASET A-Z/J/749.jpg
J,9,750,DTASET A-Z/J/750.jpg
J,9,751,DTASET A-Z/J/751.jpg
J,9,752,DTASET A-Z/J/752.jpg
J,9,753,DTASET A-Z/J/753.jpg
J,9,754,DTASET A-Z/J/754.jpg
J,9,755,DTASET A-Z/J/755.jpg
J,9,756,DTASET A-Z/J/756.jpg
J,9,757,DTASET A-Z/J/757.jpg
J,9,758,DTASET A-Z/J/758.jpg
J,9,759,DTASET A-Z/J/759.jpg
J,9,760,DTASET A-Z/J/760.jpg
J,9,761,DTASET A-Z/J/761.jpg
J,9,762,DTASET A-Z/J/762.jpg
J,9,763,DTASET A-Z/J/763.jpg
J,9,764,DTASET A-Z/J/764.jpg
J,9,765,DTASET A-Z/J/765.jpg
J,9,766,DTASET A-Z/J/766.jpg
J,9,767,DTASET A-Z/J/767.jpg
J,9,768,DTASET A-Z/J/768.jpg
J,9,769,DTASET A-Z/J/769.jpg
J,9,770,DTASET A-Z/J/770.jpg
J,9,771,DTASET A-Z/J/771.jpg
J,9,772,DTASET A-Z/J/772.jpg
J,9,773,DTASET A-Z/J/773.jpg
J,9,774,DTASET A-Z/J/774.jpg
J,9,775,DTASET A-Z/J/775.jpg
J,9,776,DTASET A-Z/J/776.jpg
J,9,777,DTASET A-Z/J/777.jpg
J,9,778,DTASET A-Z/J/778.jpg
J,9,779,DTASET A-Z/J/779.jpg
J,9,780,DTASET A-Z/J/780.jpg
J,9,781,DTASET A-Z/J/781.jpg
J,9,782,DTASET A-Z/J/782.jpg
J,9,783,DTASET A-Z/J/783.jpg
J,9,784,DTASET A-Z/J/784.jpg
J,9,785,DTASET A-Z/J/785.jpg
J,9,786,DTASET A-Z/J/786.jpg
J,9,787,DTASET A-Z/J/787.jpg
J,9,788,DTASET A-Z/J/788.jpg
J,9,789,DTASET A-Z/J/789.jpg
J,9,790,DTASET A-Z/J/790.jpg
J,9,791,DTASET A-Z/J/791.jpg
J,9,792,DTASET A-Z/J/792.jpg
J,9,793,DTASET A-Z/J/793.jpg
J,9,794,DTASET A-Z/J/794.jpg
J,9,795,DTASET A-Z/J/795.jpg
J,9,796,DTASET A-Z/J/796.jpg
J,9,797,DTASET A-Z/J/797.jpg
J,9,798,DTASET A-Z/J/798.jpg
J,9,799,DTASET A-Z/J/799.jpg
J,9,800,DTASET A-Z/J/800.jpg
J,9,801,DTASET A-Z/J/801.jpg
J,9,802,DTASET A-Z/J/802.jpg
J,9,803,DTASET A-Z/J/803.jpg
J,9,804,DTASET A-Z/J/804.jpg
J,9,805,DTASET A-Z/J/805.jpg
J,9,806,DTASET A-Z/J/806.jpg
J,9,807,DTASET A-Z/J/807.jpg
J,9,808,DTASET A-Z/J/808.jpg
J,9,809,DTASET A-Z/J/809.jpg
J,9,810,DTASET A-Z/J/810.jpg
J,9,811,DTASET A-Z/J/811.jpg
J,9,812,DTASET A-Z/J/812.jpg
J,9,813,DTASET A-Z/J/813.jpg
J,9,814,DTASET A-Z/J/814.jpg
J,9,815,DTASET A-Z/J/815.jpg
J,9,816,DTASET A-Z/J/816.jpg
J,9,817,DTASET A-Z/J/817.jpg
J,9,818,DTASET A-Z/J/818.jpg
J,9,819,DTASET A-Z/J/819.jpg
J,9,820,DTASET A-Z/J/820.jpg
J,9,821,DTASET A-Z/J/821.jpg
J,9,822,DTASET A-Z/J/822.jpg
J,9,823,DTASET A-Z/J/823.jpg
J,9,824,DTASET A-Z/J/824.jpg
J,9,825,DTASET A-Z/J/825.jpg
J,9,826,DTASET A-Z/J/826.jpg
J,9,827,DTASET A-Z/J/827.jpg
J,9,828,DTASET A-Z/J/828.jpg
J,9,829,DTASET A-Z/J/829.jpg
J,9,830,DTASET A-Z/J/830.jpg
J,9,831,DTASET A-Z/J/831.jpg
J,9,832,DTASET A-Z/J/832.jpg
J,9,833,DTASET A-Z/J/833.jpg
J,9,834,DTASET A-Z/J/834.jpg
J,9,835,DTASET A-Z/J/835.jpg
J,9,836,DTASET A-Z/J/836.jpg
J,9,837,DTASET A-Z/J/837.jpg
J,9,838,DTASET A-Z/J/838.jpg
J,9,839,DTASET A-Z/J/839.jpg
J,9,840,DTASET A-Z/J/840.jpg
J,9,841,DTASET A-Z/J/841.jpg
J,9,842,DTASET A-Z/J/842.jpg
J,9,843,DTASET A-Z/J/843.jpg
J,9,844,DTASET A-Z/J/844.jpg
J,9,845,DTASET A-Z/J/845.jpg
J,9,846,DTASET A-Z/J/846.jpg
J,9,847,DTASET A-Z/J/847.jpg
J,9,848,DTASET A-Z/J/848.jpg
J,9,849,DTASET A-Z/J/849.jpg
J,9,850,DTASET A-Z/J/850.jpg
J,9,851,DTASET A-Z/J/851.jpg
J,9,852,DTASET A-Z/J/852.jpg
J,9,853,DTASET A-Z/J/853.jpg
J,9,854,DTASET A-Z/J/854.jpg
J,9,855,DTASET A-Z/J/855.jpg
J,9,856,DTASET A-Z/J/856.jpg
J,9,857,DTASET A-Z/J/857.jpg
J,9,858,DTASET A-Z/J/858.jpg
J,9,859,DTASET A-Z/J/859.jpg
J,9,860,DTASET A-Z/J/860.jpg
J,9,861,DTASET A-Z/J/861.jpg
J,9,862,DTASET A-Z/J/862.jpg
J,9,863,DTASET A-Z/J/863.jpg
J,9,864,DTASET A-Z/J/864.jpg
J,9,865,DTASET A-Z/J/865.jpg
J,9,866,DTASET A-Z/J/866.jpg
J,9,867,DTASET A-Z/J/867.jpg
J,9,868,DTASET A-Z/J/868.jpg
J,9,869,DTASET A-Z/J/869.jpg
J,9,870,DTASET A-Z/J/870.jpg
J,9,871,DTASET A-Z/J/871.jpg
J,9,872,DTASET A-Z/J/872.jpg
J,9,873,DTASET A-Z/J/873.jpg
J,9,874,DTASET A-Z/J/874.jpg
J,9,875,DTASET A-Z/J/875.jpg
J,9,876,DTASET A-Z/J/876.jpg
J,9,877,DTASET A-Z/J/877.jpg
J,9,878,DTASET A-Z/J/878.jpg
J,9,879,DTASET A-Z/J/879.jpg
J,9,880,DTASET A-Z/J/880.jpg
J,9,881,DTASET A-Z/J/881.jpg
J,9,882,DTASET A-Z/J/882.jpg
J,9,883,DTASET A-Z/J/883.jpg
J,9,884,DTASET A-Z/J/884.jpg
J,9,885,DTASET A-Z/J/885.jpg
J,9,886,DTASET A-Z/J/886.jpg
J,9,887,DTASET A-Z/J/887.jpg
J,9,888,DTASET A-Z/J/888.jpg
J,9,889,DTASET A-Z/J/889.jpg
J,9,890,DTASET A-Z/J/890.jpg
J,9,891,DTASET A-Z/J/891.jpg
J,9,892,DTASET A-Z/J/892.jpg
J,9,893,DTASET A-Z/J/893.jpg
J,9,894,DTASET A-Z/J/894.jpg
J,9,895,DTASET A-Z/J/895.jpg
J,9,896,DTASET A-Z/J/896.jpg
J,9,897,DTASET A-Z/J/897.jpg
J,9,898,DTASET A-Z/J/898.jpg
J,9,899,DTASET A-Z/J/899.jpg
J,9,900,DTASET A-Z/J/900.jpg
J,9,901,DTASET A-Z/J/901.jpg
J,9,902,DTASET A-Z/J/902.jpg
J,9,903,DTASET A-Z/J/903.jpg
J,9,904,DTASET A-Z/J/904.jpg
J,9,905,DTASET A-Z/J/905.jpg
J,9,906,DTASET A-Z/J/906.jpg
J,9,907,DTASET A-Z/J/907.jpg
J,9,908,DTASET A-Z/J/908.jpg
J,9,909,DTASET A-Z/J/909.jpg
J,9,910,DTASET A-Z/J/910.jpg
J,9,911,DTASET A-Z/J/911.jpg
J,9,912,DTASET A-Z/J/912.jpg
J,9,913,DTASET A-Z/J/913.jpg
J,9,914,DTASET A-Z/J/914.jpg
J,9,915,DTASET A-Z/J/915.jpg
J,9,916,DTASET A-Z/J/916.jpg
J,9,917,DTASET A-Z/J/917.jpg
J,9,918,DTASET A-Z/J/918.jpg
J,9,919,DTASET A-Z/J/919.jpg
J,9,920,DTASET A-Z/J/920.jpg
J,9,921,DTASET A-Z/J/921.jpg
J,9,922,DTASET A-Z/J/922.jpg
J,9,923,DTASET A-Z/J/923.jpg
J,9,924,DTASET A-Z/J/924.jpg
J,9,925,DTASET A-Z/J/925.jpg
J,9,926,DTASET A-Z/J/926.jpg
J,9,927,DTASET A-Z/J/927.jpg
J,9,928,DTASET A-Z/J/928.jpg
J,9,929,DTASET A-Z/J/929.jpg
J,9,930,DTASET A-Z/J/930.jpg
J,9,931,DTASET A-Z/J/931.jpg
J,9,932,DTASET A-Z/J/932.jpg
J,9,933,DTASET A-Z/J/933.jpg
J,9,934,DTASET A-Z/J/934.jpg
J,9,935,DTASET A-Z/J/935.jpg
J,9,936,DTASET A-Z/J/936.jpg
J,9,937,DTASET A-Z/J/937.jpg
J,9,938,DTASET A-Z/J/938.jpg
J,9,939,DTASET A-Z/J/939.jpg
J,9,940,DTASET A-Z/J/940.jpg
J,9,941,DTASET A-Z/J/941.jpg
J,9,942,DTASET A-Z/J/942.jpg
J,9,943,DTASET A-Z/J/943.jpg
J,9,944,DTASET A-Z/J/944.jpg
J,9,945,DTASET A-Z/J/945.jpg
J,9,946,DTASET A-Z/J/946.jpg
J,9,947,DTASET A-Z/J/947.jpg
J,9,948,DTASET A-Z/J/948.jpg
J,9,949,DTASET A-Z/J/949.jpg
J,9,950,DTASET A-Z/J/950.jpg
J,9,951,DTASET A-Z/J/951.jpg
J,9,952,DTASET A-Z/J/952.jpg
J,9,953,DTASET A-Z/J/953.jpg
J,9,954,DTASET A-Z/J/954.jpg
J,9,955,DTASET A-Z/J/955.jpg
J,9,956,DTASET A-Z/J/956.jpg
J,9,957,DTASET A-Z/J/957.jpg
J,9,958,DTASET A-Z/J/958.jpg
J,9,959,DTASET A-Z/J/959.jpg
J,9,960,DTASET A-Z/J/960.jpg
J,9,961,DTASET A-Z/J/961.jpg
J,9,962,DTASET A-Z/J/962.jpg
J,9,963,DTASET A-Z/J/963.jpg
J,9,964,DTASET A-Z/J/964.jpg
J,9,965,DTASET A-Z/J/965.jpg
J,9,966,DTASET A-Z/J/966.jpg
J,9,967,DTASET A-Z/J/967.jpg
J,9,968,DTASET A-Z/J/968.jpg
J,9,969,DTASET A-Z/J/969.jpg
J,9,970,DTASET A-Z/J/970.jpg
J,9,971,DTASET A-Z/J/971.jpg
J,9,972,DTASET A-Z/J/972.jpg
J,9,973,DTASET A-Z/J/973.jpg
J,9,974,DTASET A-Z/J/974.jpg
J,9,975,DTASET A-Z/J/975.jpg
J,9,976,DTASET A-Z/J/976.jpg
J,9,977,DTASET A-Z/J/977.jpg
J,9,978,DTASET A-Z/J/978.jpg
J,9,979,DTASET A-Z/J/979.jpg
J,9,980,DTASET A-Z/J/980.jpg
J,9,981,DTASET A-Z/J/981.jpg
J,9,982,DTASET A-Z/J/982.jpg
J,9,983,DTASET A-Z/J/983.jpg
J,9,984,DTASET A-Z/J/984.jpg
J,9,985,DTASET A-Z/J/985.jpg
J,9,986,DTASET A-Z/J/986.jpg
J,9,987,DTASET A-Z/J/987.jpg
J,9,988,DTASET A-Z/J/988.jpg
J,9,989,DTASET A-Z/J/989.jpg
J,9,990,DTASET A-Z/J/990.jpg
J,9,991,DTASET A-Z/J/991.jpg
J,9,992,DTASET A-Z/J/992.jpg
J,9,993,DTASET A-Z/J/993.jpg
J,9,994,DTASET A-Z/J/994.jpg
J,9,995,DTASET A-Z/J/995.jpg
J,9,996,DTASET A-Z/J/996.jpg
J,9,997,DTASET A-Z/J/997.jpg
J,9,998,DTASET A-Z/J/998.jpg
J,9,999,DTASET A-Z/J/999.jpg
J,9,1000,DTASET A-Z/J/1000.jpg
J,9,1001,DTASET A-Z/J/1001.jpg
J,9,1002,DTASET A-Z/J/1002.jpg
J,9,1003,DTASET A-Z/J/1003.jpg
J,9,1004,DTASET A-Z/J/1004.jpg
J,9,1005,DTASET A-Z/J/1005.jpg
J,9,1006,DTASET A-Z/J/1006.jpg
J,9,1007,DTASET A-Z/J/1007.jpg
J,9,1008,DTASET A-Z/J/1008.jpg
J,9,1009,DTASET A-Z/J/1009.jpg
J,9,1010,DTASET A-Z/J/1010.jpg
J,9,1011,DTASET A-Z/J/1011.jpg
J,9,1012,DTASET A-Z/J/1012.jpg
J,9,1013,DTASET A-Z/J/1013.jpg
J,9,1014,DTASET A-Z/J/1014.jpg
J,9,1015,DTASET A-Z/J/1015.jpg
J,9,1016,DTASET A-Z/J/1016.jpg
J,9,1017,DTASET A-Z/J/1017.jpg
J,9,1018,DTASET A-Z/J/1018.jpg
J,9,1019,DTASET A-Z/J/1019.jpg
J,9,1020,DTASET A-Z/J/1020.jpg
J,9,1021,DTASET A-Z/J/1021.jpg
J,9,1022,DTASET A-Z/J/1022.jpg
J,9,1023,DTASET A-Z/J/1023.jpg
J,9,1024,DTASET A-Z/J/1024.jpg
J,9,1025,DTASET A-Z/J/1025.jpg
J,9,1026,DTASET A-Z/J/1026.jpg
J,9,1027,DTASET A-Z/J/1027.jpg
J,9,1028,DTASET A-Z/J/1028.jpg
J,9,1029,DTASET A-Z/J/1029.jpg
J,9,1030,DTASET A-Z/J/1030.jpg
J,9,1031,DTASET A-Z/J/1031.jpg
J,9,1032,DTASET A-Z/J/1032.jpg
J,9,1033,DTASET A-Z/J/1033.jpg
J,9,1034,DTASET A-Z/J/1034.jpg
J,9,1035,DTASET A-Z/J/1035.jpg
J,9,1036,DTASET A-Z/J/1036.jpg
J,9,1037,DTASET A-Z/J/1037.jpg
J,9,1038,DTASET A-Z/J/1038.jpg
J,9,1039,DTASET A-Z/J/1039.jpg
J,9,1040,DTASET A-Z/J/1040.jpg
J,9,1041,DTASET A-Z/J/1041.jpg
J,9,1042,DTASET A-Z/J/1042.jpg
J,9,1043,DTASET A-Z/J/1043.jpg
J,9,1044,DTASET A-Z/J/1044.jpg
J,9,1045,DTASET A-Z/J/1045.jpg
J,9,1046,DTASET A-Z/J/1046.jpg
J,9,1047,DTASET A-Z/J/1047.jpg
J,9,1048,DTASET A-Z/J/1048.jpg
J,9,1049,DTASET A-Z/J/1049.jpg
J,9,1050,DTASET A-Z/J/1050.jpg
J,9,1051,DTASET A-Z/J/1051.jpg
J,9,1052,DTASET A-Z/J/1052.jpg
J,9,1053,DTASET A-Z/J/1053.jpg
J,9,1054,DTASET A-Z/J/1054.jpg
J,9,1055,DTASET A-Z/J/1055.jpg
J,9,1056,DTASET A-Z/J/1056.jpg
J,9,1057,DTASET A-Z/J/1057.jpg
J,9,1058,DTASET A-Z/J/1058.jpg
J,9,1059,DTASET A-Z/J/1059.jpg
J,9,1060,DTASET A-Z/J/1060.jpg
J,9,1061,DTASET A-Z/J/1061.jpg
J,9,1062,DTASET A-Z/J/1062.jpg
J,9,1063,DTASET A-Z/J/1063.jpg
J,9,1064,DTASET A-Z/J/1064.jpg
J,9,1065,DTASET A-Z/J/1065.jpg
J,9,1066,DTASET A-Z/J/1066.jpg
J,9,1067,DTASET A-Z/J/1067.jpg
J,9,1068,DTASET A-Z/J/1068.jpg
J,9,1069,DTASET A-Z/J/1069.jpg
J,9,1070,DTASET A-Z/J/1070.jpg
J,9,1071,DTASET A-Z/J/1071.jpg
J,9,1072,DTASET A-Z/J/1072.jpg
J,9,1073,DTASET A-Z/J/1073.jpg
J,9,1074,DTASET A-Z/J/1074.jpg
J,9,1075,DTASET A-Z/J/1075.jpg
J,9,1076,DTASET A-Z/J/1076.jpg
J,9,1077,DTASET A-Z/J/1077.jpg
J,9,1078,DTASET A-Z/J/1078.jpg
J,9,1079,DTASET A-Z/J/1079.jpg
J,9,1080,DTASET A-Z/J/1080.jpg
J,9,1081,DTASET A-Z/J/1081.jpg
J,9,1082,DTASET A-Z/J/1082.jpg
J,9,1083,DTASET A-Z/J/1083.jpg
J,9,1084,DTASET A-Z/J/1084.jpg
J,9,1085,DTASET A-Z/J/1085.jpg
J,9,1086,DTASET A-Z/J/1086.jpg
J,9,1087,DTASET A-Z/J/1087.jpg
J,9,1088,DTASET A-Z/J/1088.jpg
J,9,1089,DTASET A-Z/J/1089.jpg
J,9,1090,DTASET A-Z/J/1090.jpg
J,9,1091,DTASET A-Z/J/1091.jpg
J,9,1092,DTASET A-Z/J/1092.jpg
J,9,1093,DTASET A-Z/J/1093.jpg
J,9,1094,DTASET A-Z/J/1094.jpg
J,9,1095,DTASET A-Z/J/1095.jpg
J,9,1096,DTASET A-Z/J/1096.jpg
J,9,1097,DTASET A-Z/J/1097.jpg
J,9,1098,DTASET A-Z/J/1098.jpg
J,9,1099,DTASET A-Z/J/1099.jpg
J,9,1100,DTASET A-Z/J/1100.jpg
J,9,1101,DTASET A-Z/J/1101.jpg
J,9,1102,DTASET A-Z/J/1102.jpg
J,9,1103,DTASET A-Z/J/1103.jpg
J,9,1104,DTASET A-Z/J/1104.jpg
J,9,1105,DTASET A-Z/J/1105.jpg
J,9,1106,DTASET A-Z/J/1106.jpg
J,9,1107,DTASET A-Z/J/1107.jpg
J,9,1108,DTASET A-Z/J/1108.jpg
J,9,1109,DTASET A-Z/J/1109.jpg
J,9,1110,DTASET A-Z/J/1110.jpg
J,9,1111,DTASET A-Z/J/1111.jpg
J,9,1112,DTASET A-Z/J/1112.jpg
J,9,1113,DTASET A-Z/J/1113.jpg
J,9,1114,DTASET A-Z/J/1114.jpg
J,9,1115,DTASET A-Z/J/1115.jpg
J,9,1116,DTASET A-Z/J/1116.jpg
J,9,1117,DTASET A-Z/J/1117.jpg
J,9,1118,DTASET A-Z/J/1118.jpg
J,9,1119,DTASET A-Z/J/1119.jpg
J,9,1120,DTASET A-Z/J/1120.jpg
J,9,1121,DTASET A-Z/J/1121.jpg
J,9,1122,DTASET A-Z/J/1122.jpg
J,9,1123,DTASET A-Z/J/1123.jpg
J,9,1124,DTASET A-Z/J/1124.jpg
J,9,1125,DTASET A-Z/J/1125.jpg
J,9,1126,DTASET A-Z/J/1126.jpg
J,9,1127,DTASET A-Z/J/1127.jpg
J,9,1128,DTASET A-Z/J/1128.jpg
J,9,1129,DTASET A-Z/J/1129.jpg
J,9,1130,DTASET A-Z/J/1130.jpg
J,9,1131,DTASET A-Z/J/1131.jpg
J,9,1132,DTASET A-Z/J/1132.jpg
J,9,1133,DTASET A-Z/J/1133.jpg
J,9,1134,DTASET A-Z/J/1134.jpg
J,9,1135,DTASET A-Z/J/1135.jpg
J,9,1136,DTASET A-Z/J/1136.jpg
J,9,1137,DTASET A-Z/J/1137.jpg
J,9,1138,DTASET A-Z/J/1138.jpg
J,9,1139,DTASET A-Z/J/1139.jpg
J,9,1140,DTASET A-Z/J/1140.jpg
J,9,1141,DTASET A-Z/J/1141.jpg
J,9,1142,DTASET A-Z/J/1142.jpg
J,9,1143,DTASET A-Z/J/1143.jpg
J,9,1144,DTASET A-Z/J/1144.jpg
J,9,1145,DTASET A-Z/J/1145.jpg
J,9,1146,DTASET A-Z/J/1146.jpg
J,9,1147,DTASET A-Z/J/1147.jpg
J,9,1148,DTASET A-Z/J/1148.jpg
J,9,1149,DTASET A-Z/J/1149.jpg
J,9,1150,DTASET A-Z/J/1150.jpg
J,9,1151,DTASET A-Z/J/1151.jpg
J,9,1152,DTASET A-Z/J/1152.jpg
J,9,1153,DTASET A-Z/J/1153.jpg
J,9,1154,DTASET A-Z/J/1154.jpg
J,9,1155,DTASET A-Z/J/1155.jpg
J,9,1156,DTASET A-Z/J/1156.jpg
J,9,1157,DTASET A-Z/J/1157.jpg
J,9,1158,DTASET A-Z/J/1158.jpg
J,9,1159,DTASET A-Z/J/1159.jpg
J,9,1160,DTASET A-Z/J/1160.jpg
J,9,1161,DTASET A-Z/J/1161.jpg
J,9,1162,DTASET A-Z/J/1162.jpg
J,9,1163,DTASET A-Z/J/1163.jpg
J,9,1164,DTASET A-Z/J/1164.jpg
J,9,1165,DTASET A-Z/J/1165.jpg
J,9,1166,DTASET A-Z/J/1166.jpg
J,9,1167,DTASET A-Z/J/1167.jpg
J,9,1168,DTASET A-Z/J/1168.jpg
J,9,1169,DTASET A-Z/J/1169.jpg
J,9,1170,DTASET A-Z/J/1170.jpg
J,9,1171,DTASET A-Z/J/1171.jpg
J,9,1172,DTASET A-Z/J/1172.jpg
J,9,1173,DTASET A-Z/J/1173.jpg
J,9,1174,DTASET A-Z/J/1174.jpg
J,9,1175,DTASET A-Z/J/1175.jpg
J,9,1176,DTASET A-Z/J/1176.jpg
J,9,1177,DTASET A-Z/J/1177.jpg
J,9,1178,DTASET A-Z/J/1178.jpg
J,9,1179,DTASET A-Z/J/1179.jpg
J,9,1180,DTASET A-Z/J/1180.jpg
J,9,1181,DTASET A-Z/J/1181.jpg
J,9,1182,DTASET A-Z/J/1182.jpg
J,9,1183,DTASET A-Z/J/1183.jpg
J,9,1184,DTASET A-Z/J/1184.jpg
J,9,1185,DTASET A-Z/J/1185.jpg
J,9,1186,DTASET A-Z/J/1186.jpg
J,9,1187,DTASET A-Z/J/1187.jpg
J,9,1188,DTASET A-Z/J/1188.jpg
J,9,1189,DTASET A-Z/J/1189.jpg
J,9,1190,DTASET A-Z/J/1190.jpg
J,9,1191,DTASET A-Z/J/1191.jpg
J,9,1192,DTASET A-Z/J/1192.jpg
J,9,1193,DTASET A-Z/J/1193.jpg
J,9,1194,DTASET A-Z/J/1194.jpg
J,9,1195,DTASET A-Z/J/1195.jpg
J,9,1196,DTASET A-Z/J/1196.jpg
J,9,1197,DTASET A-Z/J/1197.jpg
J,9,1198,DTASET A-Z/J/1198.jpg
J,9,1199,DTASET A-Z/J/1199.jpg
K,10,0,DTASET A-Z/K/0.jpg
K,10,1,DTASET A-Z/K/1.jpg
K,10,2,DTASET A-Z/K/2.jpg
K,10,3,DTASET A-Z/K/3.jpg
K,10,4,DTASET A-Z/K/4.jpg
K,10,5,DTASET A-Z/K/5.jpg
K,10,6,DTASET A-Z/K/6.jpg
K,10,7,DTASET A-Z/K/7.jpg
K,10,8,DTASET A-Z/K/8.jpg
K,10,9,DTASET A-Z/K/9.jpg
K,10,10,DTASET A-Z/K/10.jpg
K,10,11,DTASET A-Z/K/11.jpg
K,10,12,DTASET A-Z/K/12.jpg
K,10,13,DTASET A-Z/K/13.jpg
K,10,14,DTASET A-Z/K/14.jpg
K,10,15,DTASET A-Z/K/15.jpg
K,10,16,DTASET A-Z/K/16.jpg
K,10,17,DTASET A-Z/K/17.jpg
K,10,18,DTASET A-Z/K/18.jpg
K,10,19,DTASET A-Z/K/19.jpg
K,10,20,DTASET A-Z/K/20.jpg
K,10,21,DTASET A-Z/K/21.jpg
K,10,22,DTASET A-Z/K/22.jpg
K,10,23,DTASET A-Z/K/23.jpg
K,10,24,DTASET A-Z/K/24.jpg
K,10,25,DTASET A-Z/K/25.jpg
K,10,26,DTASET A-Z/K/26.jpg
K,10,27,DTASET A-Z/K/27.jpg
K,10,28,DTASET A-Z/K/28.jpg
K,10,29,DTASET A-Z/K/29.jpg
K,10,30,DTASET A-Z/K/30.jpg
K,10,31,DTASET A-Z/K/31.jpg
K,10,32,DTASET A-Z/K/32.jpg
K,10,33,DTASET A-Z/K/33.jpg
K,10,34,DTASET A-Z/K/34.jpg
K,10,35,DTASET A-Z/K/35.jpg
K,10,36,DTASET A-Z/K/36.jpg
K,10,37,DTASET A-Z/K/37.jpg
K,10,38,DTASET A-Z/K/38.jpg
K,10,39,DTASET A-Z/K/39.jpg
K,10,40,DTASET A-Z/K/40.jpg
K,10,41,DTASET A-Z/K/41.jpg
K,10,42,DTASET A-Z/K/42.jpg
K,10,43,DTASET A-Z/K/43.jpg
K,10,44,DTASET A-Z/K/44.jpg
K,10,45,DTASET A-Z/K/45.jpg
K,10,46,DTASET A-Z/K/46.jpg
K,10,47,DTASET A-Z/K/47.jpg
K,10,48,DTASET A-Z/K/48.jpg
K,10,49,DTASET A-Z/K/49.jpg
K,10,50,DTASET A-Z/K/50.jpg
K,10,51,DTASET A-Z/K/51.jpg
K,10,52,DTASET A-Z/K/52.jpg
K,10,53,DTASET A-Z/K/53.jpg
K,10,54,DTASET A-Z/K/54.jpg
K,10,55,DTASET A-Z/K/55.jpg
K,10,56,DTASET A-Z/K/56.jpg
K,10,57,DTASET A-Z/K/57.jpg
K,10,58,DTASET A-Z/K/58.jpg
K,10,59,DTASET A-Z/K/59.jpg
K,10,60,DTASET A-Z/K/60.jpg
K,10,61,DTASET A-Z/K/61.jpg
K,10,62,DTASET A-Z/K/62.jpg
K,10,63,DTASET A-Z/K/63.jpg
K,10,64,DTASET A-Z/K/64.jpg
K,10,65,DTASET A-Z/K/65.jpg
K,10,66,DTASET A-Z/K/66.jpg
K,10,67,DTASET A-Z/K/67.jpg
K,10,68,DTASET A-Z/K/68.jpg
K,10,69,DTASET A-Z/K/69.jpg
K,10,70,DTASET A-Z/K/70.jpg
K,10,71,DTASET A-Z/K/71.jpg
K,10,72,DTASET A-Z/K/72.jpg
K,10,73,DTASET A-Z/K/73.jpg
K,10,74,DTASET A-Z/K/74.jpg
K,10,75,DTASET A-Z/K/75.jpg
K,10,76,DTASET A-Z/K/76.jpg
K,10,77,DTASET A-Z/K/77.jpg
K,10,78,DTASET A-Z/K/78.jpg
K,10,79,DTASET A-Z/K/79.jpg
K,10,80,DTASET A-Z/K/80.jpg
K,10,81,DTASET A-Z/K/81.jpg
K,10,82,DTASET A-Z/K/82.jpg
K,10,83,DTASET A-Z/K/83.jpg
K,10,84,DTASET A-Z/K/84.jpg
K,10,85,DTASET A-Z/K/85.jpg
K,10,86,DTASET A-Z/K/86.jpg
K,10,87,DTASET A-Z/K/87.jpg
K,10,88,DTASET A-Z/K/88.jpg
K,10,89,DTASET A-Z/K/89.jpg
K,10,90,DTASET A-Z/K/90.jpg
K,10,91,DTASET A-Z/K/91.jpg
K,10,92,DTASET A-Z/K/92.jpg
K,10,93,DTASET A-Z/K/93.jpg
K,10,94,DTASET A-Z/K/94.jpg
K,10,95,DTASET A-Z/K/95.jpg
K,10,96,DTASET A-Z/K/96.jpg
K,10,97,DTASET A-Z/K/97.jpg
K,10,98,DTASET A-Z/K/98.jpg
K,10,99,DTASET A-Z/K/99.jpg
K,10,100,DTASET A-Z/K/100.jpg
K,10,101,DTASET A-Z/K/101.jpg
K,10,102,DTASET A-Z/K/102.jpg
K,10,103,DTASET A-Z/K/103.jpg
K,10,104,DTASET A-Z/K/104.jpg
K,10,105,DTASET A-Z/K/105.jpg
K,10,106,DTASET A-Z/K/106.jpg
K,10,107,DTASET A-Z/K/107.jpg
K,10,108,DTASET A-Z/K/108.jpg
K,10,109,DTASET A-Z/K/109.jpg
K,10,110,DTASET A-Z/K/110.jpg
K,10,111,DTASET A-Z/K/111.jpg
K,10,112,DTASET A-Z/K/112.jpg
K,10,113,DTASET A-Z/K/113.jpg
K,10,114,DTASET A-Z/K/114.jpg
K,10,115,DTASET A-Z/K/115.jpg
K,10,116,DTASET A-Z/K/116.jpg
K,10,117,DTASET A-Z/K/117.jpg
K,10,118,DTASET A-Z/K/118.jpg
K,10,119,DTASET A-Z/K/119.jpg
K,10,120,DTASET A-Z/K/120.jpg
K,10,121,DTASET A-Z/K/121.jpg
K,10,122,DTASET A-Z/K/122.jpg
K,10,123,DTASET A-Z/K/123.jpg
K,10,124,DTASET A-Z/K/124.jpg
K,10,125,DTASET A-Z/K/125.jpg
K,10,126,DTASET A-Z/K/126.jpg
K,10,127,DTASET A-Z/K/127.jpg
K,10,128,DTASET A-Z/K/128.jpg
K,10,129,DTASET A-Z/K/129.jpg
K,10,130,DTASET A-Z/K/130.jpg
K,10,131,DTASET A-Z/K/131.jpg
K,10,132,DTASET A-Z/K/132.jpg
K,10,133,DTASET A-Z/K/133.jpg
K,10,134,DTASET A-Z/K/134.jpg
K,10,135,DTASET A-Z/K/135.jpg
K,10,136,DTASET A-Z/K/136.jpg
K,10,137,DTASET A-Z/K/137.jpg
K,10,138,DTASET A-Z/K/138.jpg
K,10,139,DTASET A-Z/K/139.jpg
K,10,140,DTASET A-Z/K/140.jpg
K,10,141,DTASET A-Z/K/141.jpg
K,10,142,DTASET A-Z/K/142.jpg
K,10,143,DTASET A-Z/K/143.jpg
K,10,144,DTASET A-Z/K/144.jpg
K,10,145,DTASET A-Z/K/145.jpg
K,10,146,DTASET A-Z/K/146.jpg
K,10,147,DTASET A-Z/K/147.jpg
K,10,148,DTASET A-Z/K/148.jpg
K,10,149,DTASET A-Z/K/149.jpg
K,10,150,DTASET A-Z/K/150.jpg
K,10,151,DTASET A-Z/K/151.jpg
K,10,152,DTASET A-Z/K/152.jpg
K,10,153,DTASET A-Z/K/153.jpg
K,10,154,DTASET A-Z/K/154.jpg
K,10,155,DTASET A-Z/K/155.jpg
K,10,156,DTASET A-Z/K/156.jpg
K,10,157,DTASET A-Z/K/157.jpg
K,10,158,DTASET A-Z/K/158.jpg
K,10,159,DTASET A-Z/K/159.jpg
K,10,160,DTASET A-Z/K/160.jpg
K,10,161,DTASET A-Z/K/161.jpg
K,10,162,DTASET A-Z/K/162.jpg
K,10,163,DTASET A-Z/K/163.jpg
K,10,164,DTASET A-Z/K/164.jpg
K,10,165,DTASET A-Z/K/165.jpg
K,10,166,DTASET A-Z/K/166.jpg
K,10,167,DTASET A-Z/K/167.jpg
K,10,168,DTASET A-Z/K/168.jpg
K,10,169,DTASET A-Z/K/169.jpg
K,10,170,DTASET A-Z/K/170.jpg
K,10,171,DTASET A-Z/K/171.jpg
K,10,172,DTASET A-Z/K/172.jpg
K,10,173,DTASET A-Z/K/173.jpg
K,10,174,DTASET A-Z/K/174.jpg
K,10,175,DTASET A-Z/K/175.jpg
K,10,176,DTASET A-Z/K/176.jpg
K,10,177,DTASET A-Z/K/177.jpg
K,10,178,DTASET A-Z/K/178.jpg
K,10,179,DTASET A-Z/K/179.jpg
K,10,180,DTASET A-Z/K/180.jpg
K,10,181,DTASET A-Z/K/181.jpg
K,10,182,DTASET A-Z/K/182.jpg
K,10,183,DTASET A-Z/K/183.jpg
K,10,184,DTASET A-Z/K/184.jpg
K,10,185,DTASET A-Z/K/185.jpg
K,10,186,DTASET A-Z/K/186.jpg
K,10,187,DTASET A-Z/K/187.jpg
K,10,188,DTASET A-Z/K/188.jpg
K,10,189,DTASET A-Z/K/189.jpg
K,10,190,DTASET A-Z/K/190.jpg
K,10,191,DTASET A-Z/K/191.jpg
K,10,192,DTASET A-Z/K/192.jpg
K,10,193,DTASET A-Z/K/193.jpg
K,10,194,DTASET A-Z/K/194.jpg
K,10,195,DTASET A-Z/K/195.jpg
K,10,196,DTASET A-Z/K/196.jpg
K,10,197,DTASET A-Z/K/197.jpg
K,10,198,DTASET A-Z/K/198.jpg
K,10,199,DTASET A-Z/K/199.jpg
K,10,200,DTASET A-Z/K/200.jpg
K,10,201,DTASET A-Z/K/201.jpg
K,10,202,DTASET A-Z/K/202.jpg
K,10,203,DTASET A-Z/K/203.jpg
K,10,204,DTASET A-Z/K/204.jpg
K,10,205,DTASET A-Z/K/205.jpg
K,10,206,DTASET A-Z/K/206.jpg
K,10,207,DTASET A-Z/K/207.jpg
K,10,208,DTASET A-Z/K/208.jpg
K,10,209,DTASET A-Z/K/209.jpg
K,10,210,DTASET A-Z/K/210.jpg
K,10,211,DTASET A-Z/K/211.jpg
K,10,212,DTASET A-Z/K/212.jpg
K,10,213,DTASET A-Z/K/213.jpg
K,10,214,DTASET A-Z/K/214.jpg
K,10,215,DTASET A-Z/K/215.jpg
K,10,216,DTASET A-Z/K/216.jpg
K,10,217,DTASET A-Z/K/217.jpg
K,10,218,DTASET A-Z/K/218.jpg
K,10,219,DTASET A-Z/K/219.jpg
K,10,220,DTASET A-Z/K/220.jpg
K,10,221,DTASET A-Z/K/221.jpg
K,10,222,DTASET A-Z/K/222.jpg
K,10,223,DTASET A-Z/K/223.jpg
K,10,224,DTASET A-Z/K/224.jpg
K,10,225,DTASET A-Z/K/225.jpg
K,10,226,DTASET A-Z/K/226.jpg
K,10,227,DTASET A-Z/K/227.jpg
K,10,228,DTASET A-Z/K/228.jpg
K,10,229,DTASET A-Z/K/229.jpg
K,10,230,DTASET A-Z/K/230.jpg
K,10,231,DTASET A-Z/K/231.jpg
K,10,232,DTASET A-Z/K/232.jpg
K,10,233,DTASET A-Z/K/233.jpg
K,10,234,DTASET A-Z/K/234.jpg
K,10,235,DTASET A-Z/K/235.jpg
K,10,236,DTASET A-Z/K/236.jpg
K,10,237,DTASET A-Z/K/237.jpg
K,10,238,DTASET A-Z/K/238.jpg
K,10,239,DTASET A-Z/K/239.jpg
K,10,240,DTASET A-Z/K/240.jpg
K,10,241,DTASET A-Z/K/241.jpg
K,10,242,DTASET A-Z/K/242.jpg
K,10,243,DTASET A-Z/K/243.jpg
K,10,244,DTASET A-Z/K/244.jpg
K,10,245,DTASET A-Z/K/245.jpg
K,10,246,DTASET A-Z/K/246.jpg
K,10,247,DTASET A-Z/K/247.jpg
K,10,248,DTASET A-Z/K/248.jpg
K,10,249,DTASET A-Z/K/249.jpg
K,10,250,DTASET A-Z/K/250.jpg
K,10,251,DTASET A-Z/K/251.jpg
K,10,252,DTASET A-Z/K/252.jpg
K,10,253,DTASET A-Z/K/253.jpg
K,10,254,DTASET A-Z/K/254.jpg
K,10,255,DTASET A-Z/K/255.jpg
K,10,256,DTASET A-Z/K/256.jpg
K,10,257,DTASET A-Z/K/257.jpg
K,10,258,DTASET A-Z/K/258.jpg
K,10,259,DTASET A-Z/K/259.jpg
K,10,260,DTASET A-Z/K/260.jpg
K,10,261,DTASET A-Z/K/261.jpg
K,10,262,DTASET A-Z/K/262.jpg
K,10,263,DTASET A-Z/K/263.jpg
K,10,264,DTASET A-Z/K/264.jpg
K,10,265,DTASET A-Z/K/265.jpg
K,10,266,DTASET A-Z/K/266.jpg
K,10,267,DTASET A-Z/K/267.jpg
K,10,268,DTASET A-Z/K/268.jpg
K,10,269,DTASET A-Z/K/269.jpg
K,10,270,DTASET A-Z/K/270.jpg
K,10,271,DTASET A-Z/K/271.jpg
K,10,272,DTASET A-Z/K/272.jpg
K,10,273,DTASET A-Z/K/273.jpg
K,10,274,DTASET A-Z/K/274.jpg
K,10,275,DTASET A-Z/K/275.jpg
K,10,276,DTASET A-Z/K/276.jpg
K,10,277,DTASET A-Z/K/277.jpg
K,10,278,DTASET A-Z/K/278.jpg
K,10,279,DTASET A-Z/K/279.jpg
K,10,280,DTASET A-Z/K/280.jpg
K,10,281,DTASET A-Z/K/281.jpg
K,10,282,DTASET A-Z/K/282.jpg
K,10,283,DTASET A-Z/K/283.jpg
K,10,284,DTASET A-Z/K/284.jpg
K,10,285,DTASET A-Z/K/285.jpg
K,10,286,DTASET A-Z/K/286.jpg
K,10,287,DTASET A-Z/K/287.jpg
K,10,288,DTASET A-Z/K/288.jpg
K,10,289,DTASET A-Z/K/289.jpg
K,10,290,DTASET A-Z/K/290.jpg
K,10,291,DTASET A-Z/K/291.jpg
K,10,292,DTASET A-Z/K/292.jpg
K,10,293,DTASET A-Z/K/293.jpg
K,10,294,DTASET A-Z/K/294.jpg
K,10,295,DTASET A-Z/K/295.jpg
K,10,296,DTASET A-Z/K/296.jpg
K,10,297,DTASET A-Z/K/297.jpg
K,10,298,DTASET A-Z/K/298.jpg
K,10,299,DTASET A-Z/K/299.jpg
K,10,300,DTASET A-Z/K/300.jpg
K,10,301,DTASET A-Z/K/301.jpg
K,10,302,DTASET A-Z/K/302.jpg
K,10,303,DTASET A-Z/K/303.jpg
K,10,304,DTASET A-Z/K/304.jpg
K,10,305,DTASET A-Z/K/305.jpg
K,10,306,DTASET A-Z/K/306.jpg
K,10,307,DTASET A-Z/K/307.jpg
K,10,308,DTASET A-Z/K/308.jpg
K,10,309,DTASET A-Z/K/309.jpg
K,10,310,DTASET A-Z/K/310.jpg
K,10,311,DTASET A-Z/K/311.jpg
K,10,312,DTASET A-Z/K/312.jpg
K,10,313,DTASET A-Z/K/313.jpg
K,10,314,DTASET A-Z/K/314.jpg
K,10,315,DTASET A-Z/K/315.jpg
K,10,316,DTASET A-Z/K/316.jpg
K,10,317,DTASET A-Z/K/317.jpg
K,10,318,DTASET A-Z/K/318.jpg
K,10,319,DTASET A-Z/K/319.jpg
K,10,320,DTASET A-Z/K/320.jpg
K,10,321,DTASET A-Z/K/321.jpg
K,10,322,DTASET A-Z/K/322.jpg
K,10,323,DTASET A-Z/K/323.jpg
K,10,324,DTASET A-Z/K/324.jpg
K,10,325,DTASET A-Z/K/325.jpg
K,10,326,DTASET A-Z/K/326.jpg
K,10,327,DTASET A-Z/K/327.jpg
K,10,328,DTASET A-Z/K/328.jpg
K,10,329,DTASET A-Z/K/329.jpg
K,10,330,DTASET A-Z/K/330.jpg
K,10,331,DTASET A-Z/K/331.jpg
K,10,332,DTASET A-Z/K/332.jpg
K,10,333,DTASET A-Z/K/333.jpg
K,10,334,DTASET A-Z/K/334.jpg
K,10,335,DTASET A-Z/K/335.jpg
K,10,336,DTASET A-Z/K/336.jpg
K,10,337,DTASET A-Z/K/337.jpg
K,10,338,DTASET A-Z/K/338.jpg
K,10,339,DTASET A-Z/K/339.jpg
K,10,340,DTASET A-Z/K/340.jpg
K,10,341,DTASET A-Z/K/341.jpg
K,10,342,DTASET A-Z/K/342.jpg
K,10,343,DTASET A-Z/K/343.jpg
K,10,344,DTASET A-Z/K/344.jpg
K,10,345,DTASET A-Z/K/345.jpg
K,10,346,DTASET A-Z/K/346.jpg
K,10,347,DTASET A-Z/K/347.jpg
K,10,348,DTASET A-Z/K/348.jpg
K,10,349,DTASET A-Z/K/349.jpg
K,10,350,DTASET A-Z/K/350.jpg
K,10,351,DTASET A-Z/K/351.jpg
K,10,352,DTASET A-Z/K/352.jpg
K,10,353,DTASET A-Z/K/353.jpg
K,10,354,DTASET A-Z/K/354.jpg
K,10,355,DTASET A-Z/K/355.jpg
K,10,356,DTASET A-Z/K/356.jpg
K,10,357,DTASET A-Z/K/357.jpg
K,10,358,DTASET A-Z/K/358.jpg
K,10,359,DTASET A-Z/K/359.jpg
K,10,360,DTASET A-Z/K/360.jpg
K,10,361,DTASET A-Z/K/361.jpg
K,10,362,DTASET A-Z/K/362.jpg
K,10,363,DTASET A-Z/K/363.jpg
K,10,364,DTASET A-Z/K/364.jpg
K,10,365,DTASET A-Z/K/365.jpg
K,10,366,DTASET A-Z/K/366.jpg
K,10,367,DTASET A-Z/K/367.jpg
K,10,368,DTASET A-Z/K/368.jpg
K,10,369,DTASET A-Z/K/369.jpg
K,10,370,DTASET A-Z/K/370.jpg
K,10,371,DTASET A-Z/K/371.jpg
K,10,372,DTASET A-Z/K/372.jpg
K,10,373,DTASET A-Z/K/373.jpg
K,10,374,DTASET A-Z/K/374.jpg
K,10,375,DTASET A-Z/K/375.jpg
K,10,376,DTASET A-Z/K/376.jpg
K,10,377,DTASET A-Z/K/377.jpg
K,10,378,DTASET A-Z/K/378.jpg
K,10,379,DTASET A-Z/K/379.jpg
K,10,380,DTASET A-Z/K/380.jpg
K,10,381,DTASET A-Z/K/381.jpg
K,10,382,DTASET A-Z/K/382.jpg
K,10,383,DTASET A-Z/K/383.jpg
K,10,384,DTASET A-Z/K/384.jpg
K,10,385,DTASET A-Z/K/385.jpg
K,10,386,DTASET A-Z/K/386.jpg
K,10,387,DTASET A-Z/K/387.jpg
K,10,388,DTASET A-Z/K/388.jpg
K,10,389,DTASET A-Z/K/389.jpg
K,10,390,DTASET A-Z/K/390.jpg
K,10,391,DTASET A-Z/K/391.jpg
K,10,392,DTASET A-Z/K/392.jpg
K,10,393,DTASET A-Z/K/393.jpg
K,10,394,DTASET A-Z/K/394.jpg
K,10,395,DTASET A-Z/K/395.jpg
K,10,396,DTASET A-Z/K/396.jpg
K,10,397,DTASET A-Z/K/397.jpg
K,10,398,DTASET A-Z/K/398.jpg
K,10,399,DTASET A-Z/K/399.jpg
K,10,400,DTASET A-Z/K/400.jpg
K,10,401,DTASET A-Z/K/401.jpg
K,10,402,DTASET A-Z/K/402.jpg
K,10,403,DTASET A-Z/K/403.jpg
K,10,404,DTASET A-Z/K/404.jpg
K,10,405,DTASET A-Z/K/405.jpg
K,10,406,DTASET A-Z/K/406.jpg
K,10,407,DTASET A-Z/K/407.jpg
K,10,408,DTASET A-Z/K/408.jpg
K,10,409,DTASET A-Z/K/409.jpg
K,10,410,DTASET A-Z/K/410.jpg
K,10,411,DTASET A-Z/K/411.jpg
K,10,412,DTASET A-Z/K/412.jpg
K,10,413,DTASET A-Z/K/413.jpg
K,10,414,DTASET A-Z/K/414.jpg
K,10,415,DTASET A-Z/K/415.jpg
K,10,416,DTASET A-Z/K/416.jpg
K,10,417,DTASET A-Z/K/417.jpg
K,10,418,DTASET A-Z/K/418.jpg
K,10,419,DTASET A-Z/K/419.jpg
K,10,420,DTASET A-Z/K/420.jpg
K,10,421,DTASET A-Z/K/421.jpg
K,10,422,DTASET A-Z/K/422.jpg
K,10,423,DTASET A-Z/K/423.jpg
K,10,424,DTASET A-Z/K/424.jpg
K,10,425,DTASET A-Z/K/425.jpg
K,10,426,DTASET A-Z/K/426.jpg
K,10,427,DTASET A-Z/K/427.jpg
K,10,428,DTASET A-Z/K/428.jpg
K,10,429,DTASET A-Z/K/429.jpg
K,10,430,DTASET A-Z/K/430.jpg
K,10,431,DTASET A-Z/K/431.jpg
K,10,432,DTASET A-Z/K/432.jpg
K,10,433,DTASET A-Z/K/433.jpg
K,10,434,DTASET A-Z/K/434.jpg
K,10,435,DTASET A-Z/K/435.jpg
K,10,436,DTASET A-Z/K/436.jpg
K,10,437,DTASET A-Z/K/437.jpg
K,10,438,DTASET A-Z/K/438.jpg
K,10,439,DTASET A-Z/K/439.jpg
K,10,440,DTASET A-Z/K/440.jpg
K,10,441,DTASET A-Z/K/441.jpg
K,10,442,DTASET A-Z/K/442.jpg
K,10,443,DTASET A-Z/K/443.jpg
K,10,444,DTASET A-Z/K/444.jpg
K,10,445,DTASET A-Z/K/445.jpg
K,10,446,DTASET A-Z/K/446.jpg
K,10,447,DTASET A-Z/K/447.jpg
K,10,448,DTASET A-Z/K/448.jpg
K,10,449,DTASET A-Z/K/449.jpg
K,10,450,DTASET A-Z/K/450.jpg
K,10,451,DTASET A-Z/K/451.jpg
K,10,452,DTASET A-Z/K/452.jpg
K,10,453,DTASET A-Z/K/453.jpg
K,10,454,DTASET A-Z/K/454.jpg
K,10,455,DTASET A-Z/K/455.jpg
K,10,456,DTASET A-Z/K/456.jpg
K,10,457,DTASET A-Z/K/457.jpg
K,10,458,DTASET A-Z/K/458.jpg
K,10,459,DTASET A-Z/K/459.jpg
K,10,460,DTASET A-Z/K/460.jpg
K,10,461,DTASET A-Z/K/461.jpg
K,10,462,DTASET A-Z/K/462.jpg
K,10,463,DTASET A-Z/K/463.jpg
K,10,464,DTASET A-Z/K/464.jpg
K,10,465,DTASET A-Z/K/465.jpg
K,10,466,DTASET A-Z/K/466.jpg
K,10,467,DTASET A-Z/K/467.jpg
K,10,468,DTASET A-Z/K/468.jpg
K,10,469,DTASET A-Z/K/469.jpg
K,10,470,DTASET A-Z/K/470.jpg
K,10,471,DTASET A-Z/K/471.jpg
K,10,472,DTASET A-Z/K/472.jpg
K,10,473,DTASET A-Z/K/473.jpg
K,10,474,DTASET A-Z/K/474.jpg
K,10,475,DTASET A-Z/K/475.jpg
K,10,476,DTASET A-Z/K/476.jpg
K,10,477,DTASET A-Z/K/477.jpg
K,10,478,DTASET A-Z/K/478.jpg
K,10,479,DTASET A-Z/K/479.jpg
K,10,480,DTASET A-Z/K/480.jpg
K,10,481,DTASET A-Z/K/481.jpg
K,10,482,DTASET A-Z/K/482.jpg
K,10,483,DTASET A-Z/K/483.jpg
K,10,484,DTASET A-Z/K/484.jpg
K,10,485,DTASET A-Z/K/485.jpg
K,10,486,DTASET A-Z/K/486.jpg
K,10,487,DTASET A-Z/K/487.jpg
K,10,488,DTASET A-Z/K/488.jpg
K,10,489,DTASET A-Z/K/489.jpg
K,10,490,DTASET A-Z/K/490.jpg
K,10,491,DTASET A-Z/K/491.jpg
K,10,492,DTASET A-Z/K/492.jpg
K,10,493,DTASET A-Z/K/493.jpg
K,10,494,DTASET A-Z/K/494.jpg
K,10,495,DTASET A-Z/K/495.jpg
K,10,496,DTASET A-Z/K/496.jpg
K,10,497,DTASET A-Z/K/497.jpg
K,10,498,DTASET A-Z/K/498.jpg
K,10,499,DTASET A-Z/K/499.jpg
K,10,500,DTASET A-Z/K/500.jpg
K,10,501,DTASET A-Z/K/501.jpg
K,10,502,DTASET A-Z/K/502.jpg
K,10,503,DTASET A-Z/K/503.jpg
K,10,504,DTASET A-Z/K/504.jpg
K,10,505,DTASET A-Z/K/505.jpg
K,10,506,DTASET A-Z/K/506.jpg
K,10,507,DTASET A-Z/K/507.jpg
K,10,508,DTASET A-Z/K/508.jpg
K,10,509,DTASET A-Z/K/509.jpg
K,10,510,DTASET A-Z/K/510.jpg
K,10,511,DTASET A-Z/K/511.jpg
K,10,512,DTASET A-Z/K/512.jpg
K,10,513,DTASET A-Z/K/513.jpg
K,10,514,DTASET A-Z/K/514.jpg
K,10,515,DTASET A-Z/K/515.jpg
K,10,516,DTASET A-Z/K/516.jpg
K,10,517,DTASET A-Z/K/517.jpg
K,10,518,DTASET A-Z/K/518.jpg
K,10,519,DTASET A-Z/K/519.jpg
K,10,520,DTASET A-Z/K/520.jpg
K,10,521,DTASET A-Z/K/521.jpg
K,10,522,DTASET A-Z/K/522.jpg
K,10,523,DTASET A-Z/K/523.jpg
K,10,524,DTASET A-Z/K/524.jpg
K,10,525,DTASET A-Z/K/525.jpg
K,10,526,DTASET A-Z/K/526.jpg
K,10,527,DTASET A-Z/K/527.jpg
K,10,528,DTASET A-Z/K/528.jpg
K,10,529,DTASET A-Z/K/529.jpg
K,10,530,DTASET A-Z/K/530.jpg
K,10,531,DTASET A-Z/K/531.jpg
K,10,532,DTASET A-Z/K/532.jpg
K,10,533,DTASET A-Z/K/533.jpg
K,10,534,DTASET A-Z/K/534.jpg
K,10,535,DTASET A-Z/K/535.jpg
K,10,536,DTASET A-Z/K/536.jpg
K,10,537,DTASET A-Z/K/537.jpg
K,10,538,DTASET A-Z/K/538.jpg
K,10,539,DTASET A-Z/K/539.jpg
K,10,540,DTASET A-Z/K/540.jpg
K,10,541,DTASET A-Z/K/541.jpg
K,10,542,DTASET A-Z/K/542.jpg
K,10,543,DTASET A-Z/K/543.jpg
K,10,544,DTASET A-Z/K/544.jpg
K,10,545,DTASET A-Z/K/545.jpg
K,10,546,DTASET A-Z/K/546.jpg
K,10,547,DTASET A-Z/K/547.jpg
K,10,548,DTASET A-Z/K/548.jpg
K,10,549,DTASET A-Z/K/549.jpg
K,10,550,DTASET A-Z/K/550.jpg
K,10,551,DTASET A-Z/K/551.jpg
K,10,552,DTASET A-Z/K/552.jpg
K,10,553,DTASET A-Z/K/553.jpg
K,10,554,DTASET A-Z/K/554.jpg
K,10,555,DTASET A-Z/K/555.jpg
K,10,556,DTASET A-Z/K/556.jpg
K,10,557,DTASET A-Z/K/557.jpg
K,10,558,DTASET A-Z/K/558.jpg
K,10,559,DTASET A-Z/K/559.jpg
K,10,560,DTASET A-Z/K/560.jpg
K,10,561,DTASET A-Z/K/561.jpg
K,10,562,DTASET A-Z/K/562.jpg
K,10,563,DTASET A-Z/K/563.jpg
K,10,564,DTASET A-Z/K/564.jpg
K,10,565,DTASET A-Z/K/565.jpg
K,10,566,DTASET A-Z/K/566.jpg
K,10,567,DTASET A-Z/K/567.jpg
K,10,568,DTASET A-Z/K/568.jpg
K,10,569,DTASET A-Z/K/569.jpg
K,10,570,DTASET A-Z/K/570.jpg
K,10,571,DTASET A-Z/K/571.jpg
K,10,572,DTASET A-Z/K/572.jpg
K,10,573,DTASET A-Z/K/573.jpg
K,10,574,DTASET A-Z/K/574.jpg
K,10,575,DTASET A-Z/K/575.jpg
K,10,576,DTASET A-Z/K/576.jpg
K,10,577,DTASET A-Z/K/577.jpg
K,10,578,DTASET A-Z/K/578.jpg
K,10,579,DTASET A-Z/K/579.jpg
K,10,580,DTASET A-Z/K/580.jpg
K,10,581,DTASET A-Z/K/581.jpg
K,10,582,DTASET A-Z/K/582.jpg
K,10,583,DTASET A-Z/K/583.jpg
K,10,584,DTASET A-Z/K/584.jpg
K,10,585,DTASET A-Z/K/585.jpg
K,10,586,DTASET A-Z/K/586.jpg
K,10,587,DTASET A-Z/K/587.jpg
K,10,588,DTASET A-Z/K/588.jpg
K,10,589,DTASET A-Z/K/589.jpg
K,10,590,DTASET A-Z/K/590.jpg
K,10,591,DTASET A-Z/K/591.jpg
K,10,592,DTASET A-Z/K/592.jpg
K,10,593,DTASET A-Z/K/593.jpg
K,10,594,DTASET A-Z/K/594.jpg
K,10,595,DTASET A-Z/K/595.jpg
K,10,596,DTASET A-Z/K/596.jpg
K,10,597,DTASET A-Z/K/597.jpg
K,10,598,DTASET A-Z/K/598.jpg
K,10,599,DTASET A-Z/K/599.jpg
K,10,600,DTASET A-Z/K/600.jpg
K,10,601,DTASET A-Z/K/601.jpg
K,10,602,DTASET A-Z/K/602.jpg
K,10,603,DTASET A-Z/K/603.jpg
K,10,604,DTASET A-Z/K/604.jpg
K,10,605,DTASET A-Z/K/605.jpg
K,10,606,DTASET A-Z/K/606.jpg
K,10,607,DTASET A-Z/K/607.jpg
K,10,608,DTASET A-Z/K/608.jpg
K,10,609,DTASET A-Z/K/609.jpg
K,10,610,DTASET A-Z/K/610.jpg
K,10,611,DTASET A-Z/K/611.jpg
K,10,612,DTASET A-Z/K/612.jpg
K,10,613,DTASET A-Z/K/613.jpg
K,10,614,DTASET A-Z/K/614.jpg
K,10,615,DTASET A-Z/K/615.jpg
K,10,616,DTASET A-Z/K/616.jpg
K,10,617,DTASET A-Z/K/617.jpg
K,10,618,DTASET A-Z/K/618.jpg
K,10,619,DTASET A-Z/K/619.jpg
K,10,620,DTASET A-Z/K/620.jpg
K,10,621,DTASET A-Z/K/621.jpg
K,10,622,DTASET A-Z/K/622.jpg
K,10,623,DTASET A-Z/K/623.jpg
K,10,624,DTASET A-Z/K/624.jpg
K,10,625,DTASET A-Z/K/625.jpg
K,10,626,DTASET A-Z/K/626.jpg
K,10,627,DTASET A-Z/K/627.jpg
K,10,628,DTASET A-Z/K/628.jpg
K,10,629,DTASET A-Z/K/629.jpg
K,10,630,DTASET A-Z/K/630.jpg
K,10,631,DTASET A-Z/K/631.jpg
K,10,632,DTASET A-Z/K/632.jpg
K,10,633,DTASET A-Z/K/633.jpg
K,10,634,DTASET A-Z/K/634.jpg
K,10,635,DTASET A-Z/K/635.jpg
K,10,636,DTASET A-Z/K/636.jpg
K,10,637,DTASET A-Z/K/637.jpg
K,10,638,DTASET A-Z/K/638.jpg
K,10,639,DTASET A-Z/K/639.jpg
K,10,640,DTASET A-Z/K/640.jpg
K,10,641,DTASET A-Z/K/641.jpg
K,10,642,DTASET A-Z/K/642.jpg
K,10,643,DTASET A-Z/K/643.jpg
K,10,644,DTASET A-Z/K/644.jpg
K,10,645,DTASET A-Z/K/645.jpg
K,10,646,DTASET A-Z/K/646.jpg
K,10,647,DTASET A-Z/K/647.jpg
K,10,648,DTASET A-Z/K/648.jpg
K,10,649,DTASET A-Z/K/649.jpg
K,10,650,DTASET A-Z/K/650.jpg
K,10,651,DTASET A-Z/K/651.jpg
K,10,652,DTASET A-Z/K/652.jpg
K,10,653,DTASET A-Z/K/653.jpg
K,10,654,DTASET A-Z/K/654.jpg
K,10,655,DTASET A-Z/K/655.jpg
K,10,656,DTASET A-Z/K/656.jpg
K,10,657,DTASET A-Z/K/657.jpg
K,10,658,DTASET A-Z/K/658.jpg
K,10,659,DTASET A-Z/K/659.jpg
K,10,660,DTASET A-Z/K/660.jpg
K,10,661,DTASET A-Z/K/661.jpg
K,10,662,DTASET A-Z/K/662.jpg
K,10,663,DTASET A-Z/K/663.jpg
K,10,664,DTASET A-Z/K/664.jpg
K,10,665,DTASET A-Z/K/665.jpg
K,10,666,DTASET A-Z/K/666.jpg
K,10,667,DTASET A-Z/K/667.jpg
K,10,668,DTASET A-Z/K/668.jpg
K,10,669,DTASET A-Z/K/669.jpg
K,10,670,DTASET A-Z/K/670.jpg
K,10,671,DTASET A-Z/K/671.jpg
K,10,672,DTASET A-Z/K/672.jpg
K,10,673,DTASET A-Z/K/673.jpg
K,10,674,DTASET A-Z/K/674.jpg
K,10,675,DTASET A-Z/K/675.jpg
K,10,676,DTASET A-Z/K/676.jpg
K,10,677,DTASET A-Z/K/677.jpg
K,10,678,DTASET A-Z/K/678.jpg
K,10,679,DTASET A-Z/K/679.jpg
K,10,680,DTASET A-Z/K/680.jpg
K,10,681,DTASET A-Z/K/681.jpg
K,10,682,DTASET A-Z/K/682.jpg
K,10,683,DTASET A-Z/K/683.jpg
K,10,684,DTASET A-Z/K/684.jpg
K,10,685,DTASET A-Z/K/685.jpg
K,10,686,DTASET A-Z/K/686.jpg
K,10,687,DTASET A-Z/K/687.jpg
K,10,688,DTASET A-Z/K/688.jpg
K,10,689,DTASET A-Z/K/689.jpg
K,10,690,DTASET A-Z/K/690.jpg
K,10,691,DTASET A-Z/K/691.jpg
K,10,692,DTASET A-Z/K/692.jpg
K,10,693,DTASET A-Z/K/693.jpg
K,10,694,DTASET A-Z/K/694.jpg
K,10,695,DTASET A-Z/K/695.jpg
K,10,696,DTASET A-Z/K/696.jpg
K,10,697,DTASET A-Z/K/697.jpg
K,10,698,DTASET A-Z/K/698.jpg
K,10,699,DTASET A-Z/K/699.jpg
K,10,700,DTASET A-Z/K/700.jpg
K,10,701,DTASET A-Z/K/701.jpg
K,10,702,DTASET A-Z/K/702.jpg
K,10,703,DTASET A-Z/K/703.jpg
K,10,704,DTASET A-Z/K/704.jpg
K,10,705,DTASET A-Z/K/705.jpg
K,10,706,DTASET A-Z/K/706.jpg
K,10,707,DTASET A-Z/K/707.jpg
K,10,708,DTASET A-Z/K/708.jpg
K,10,709,DTASET A-Z/K/709.jpg
K,10,710,DTASET A-Z/K/710.jpg
K,10,711,DTASET A-Z/K/711.jpg
K,10,712,DTASET A-Z/K/712.jpg
K,10,713,DTASET A-Z/K/713.jpg
K,10,714,DTASET A-Z/K/714.jpg
K,10,715,DTASET A-Z/K/715.jpg
K,10,716,DTASET A-Z/K/716.jpg
K,10,717,DTASET A-Z/K/717.jpg
K,10,718,DTASET A-Z/K/718.jpg
K,10,719,DTASET A-Z/K/719.jpg
K,10,720,DTASET A-Z/K/720.jpg
K,10,721,DTASET A-Z/K/721.jpg
K,10,722,DTASET A-Z/K/722.jpg
K,10,723,DTASET A-Z/K/723.jpg
K,10,724,DTASET A-Z/K/724.jpg
K,10,725,DTASET A-Z/K/725.jpg
K,10,726,DTASET A-Z/K/726.jpg
K,10,727,DTASET A-Z/K/727.jpg
K,10,728,DTASET A-Z/K/728.jpg
K,10,729,DTASET A-Z/K/729.jpg
K,10,730,DTASET A-Z/K/730.jpg
K,10,731,DTASET A-Z/K/731.jpg
K,10,732,DTASET A-Z/K/732.jpg
K,10,733,DTASET A-Z/K/733.jpg
K,10,734,DTASET A-Z/K/734.jpg
K,10,735,DTASET A-Z/K/735.jpg
K,10,736,DTASET A-Z/K/736.jpg
K,10,737,DTASET A-Z/K/737.jpg
K,10,738,DTASET A-Z/K/738.jpg
K,10,739,DTASET A-Z/K/739.jpg
K,10,740,DTASET A-Z/K/740.jpg
K,10,741,DTASET A-Z/K/741.jpg
K,10,742,DTASET A-Z/K/742.jpg
K,10,743,DTASET A-Z/K/743.jpg
K,10,744,DTASET A-Z/K/744.jpg
K,10,745,DTASET A-Z/K/745.jpg
K,10,746,DTASET A-Z/K/746.jpg
K,10,747,DTASET A-Z/K/747.jpg
K,10,748,DTASET A-Z/K/748.jpg
K,10,749,DTASET A-Z/K/749.jpg
K,10,750,DTASET A-Z/K/750.jpg
K,10,751,DTASET A-Z/K/751.jpg
K,10,752,DTASET A-Z/K/752.jpg
K,10,753,DTASET A-Z/K/753.jpg
K,10,754,DTASET A-Z/K/754.jpg
K,10,755,DTASET A-Z/K/755.jpg
K,10,756,DTASET A-Z/K/756.jpg
K,10,757,DTASET A-Z/K/757.jpg
K,10,758,DTASET A-Z/K/758.jpg
K,10,759,DTASET A-Z/K/759.jpg
K,10,760,DTASET A-Z/K/760.jpg
K,10,761,DTASET A-Z/K/761.jpg
K,10,762,DTASET A-Z/K/762.jpg
K,10,763,DTASET A-Z/K/763.jpg
K,10,764,DTASET A-Z/K/764.jpg
K,10,765,DTASET A-Z/K/765.jpg
K,10,766,DTASET A-Z/K/766.jpg
K,10,767,DTASET A-Z/K/767.jpg
K,10,768,DTASET A-Z/K/768.jpg
K,10,769,DTASET A-Z/K/769.jpg
K,10,770,DTASET A-Z/K/770.jpg
K,10,771,DTASET A-Z/K/771.jpg
K,10,772,DTASET A-Z/K/772.jpg
K,10,773,DTASET A-Z/K/773.jpg
K,10,774,DTASET A-Z/K/774.jpg
K,10,775,DTASET A-Z/K/775.jpg
K,10,776,DTASET A-Z/K/776.jpg
K,10,777,DTASET A-Z/K/777.jpg
K,10,778,DTASET A-Z/K/778.jpg
K,10,779,DTASET A-Z/K/779.jpg
K,10,780,DTASET A-Z/K/780.jpg
K,10,781,DTASET A-Z/K/781.jpg
K,10,782,DTASET A-Z/K/782.jpg
K,10,783,DTASET A-Z/K/783.jpg
K,10,784,DTASET A-Z/K/784.jpg
K,10,785,DTASET A-Z/K/785.jpg
K,10,786,DTASET A-Z/K/786.jpg
K,10,787,DTASET A-Z/K/787.jpg
K,10,788,DTASET A-Z/K/788.jpg
K,10,789,DTASET A-Z/K/789.jpg
K,10,790,DTASET A-Z/K/790.jpg
K,10,791,DTASET A-Z/K/791.jpg
K,10,792,DTASET A-Z/K/792.jpg
K,10,793,DTASET A-Z/K/793.jpg
K,10,794,DTASET A-Z/K/794.jpg
K,10,795,DTASET A-Z/K/795.jpg
K,10,796,DTASET A-Z/K/796.jpg
K,10,797,DTASET A-Z/K/797.jpg
K,10,798,DTASET A-Z/K/798.jpg
K,10,799,DTASET A-Z/K/799.jpg
K,10,800,DTASET A-Z/K/800.jpg
K,10,801,DTASET A-Z/K/801.jpg
K,10,802,DTASET A-Z/K/802.jpg
K,10,803,DTASET A-Z/K/803.jpg
K,10,804,DTASET A-Z/K/804.jpg
K,10,805,DTASET A-Z/K/805.jpg
K,10,806,DTASET A-Z/K/806.jpg
K,10,807,DTASET A-Z/K/807.jpg
K,10,808,DTASET A-Z/K/808.jpg
K,10,809,DTASET A-Z/K/809.jpg
K,10,810,DTASET A-Z/K/810.jpg
K,10,811,DTASET A-Z/K/811.jpg
K,10,812,DTASET A-Z/K/812.jpg
K,10,813,DTASET A-Z/K/813.jpg
K,10,814,DTASET A-Z/K/814.jpg
K,10,815,DTASET A-Z/K/815.jpg
K,10,816,DTASET A-Z/K/816.jpg
K,10,817,DTASET A-Z/K/817.jpg
K,10,818,DTASET A-Z/K/818.jpg
K,10,819,DTASET A-Z/K/819.jpg
K,10,820,DTASET A-Z/K/820.jpg
K,10,821,DTASET A-Z/K/821.jpg
K,10,822,DTASET A-Z/K/822.jpg
K,10,823,DTASET A-Z/K/823.jpg
K,10,824,DTASET A-Z/K/824.jpg
K,10,825,DTASET A-Z/K/825.jpg
K,10,826,DTASET A-Z/K/826.jpg
K,10,827,DTASET A-Z/K/827.jpg
K,10,828,DTASET A-Z/K/828.jpg
K,10,829,DTASET A-Z/K/829.jpg
K,10,830,DTASET A-Z/K/830.jpg
K,10,831,DTASET A-Z/K/831.jpg
K,10,832,DTASET A-Z/K/832.jpg
K,10,833,DTASET A-Z/K/833.jpg
K,10,834,DTASET A-Z/K/834.jpg
K,10,835,DTASET A-Z/K/835.jpg
K,10,836,DTASET A-Z/K/836.jpg
K,10,837,DTASET A-Z/K/837.jpg
K,10,838,DTASET A-Z/K/838.jpg
K,10,839,DTASET A-Z/K/839.jpg
K,10,840,DTASET A-Z/K/840.jpg
K,10,841,DTASET A-Z/K/841.jpg
K,10,842,DTASET A-Z/K/842.jpg
K,10,843,DTASET A-Z/K/843.jpg
K,10,844,DTASET A-Z/K/844.jpg
K,10,845,DTASET A-Z/K/845.jpg
K,10,846,DTASET A-Z/K/846.jpg
K,10,847,DTASET A-Z/K/847.jpg
K,10,848,DTASET A-Z/K/848.jpg
K,10,849,DTASET A-Z/K/849.jpg
K,10,850,DTASET A-Z/K/850.jpg
K,10,851,DTASET A-Z/K/851.jpg
K,10,852,DTASET A-Z/K/852.jpg
K,10,853,DTASET A-Z/K/853.jpg
K,10,854,DTASET A-Z/K/854.jpg
K,10,855,DTASET A-Z/K/855.jpg
K,10,856,DTASET A-Z/K/856.jpg
K,10,857,DTASET A-Z/K/857.jpg
K,10,858,DTASET A-Z/K/858.jpg
K,10,859,DTASET A-Z/K/859.jpg
K,10,860,DTASET A-Z/K/860.jpg
K,10,861,DTASET A-Z/K/861.jpg
K,10,862,DTASET A-Z/K/862.jpg
K,10,863,DTASET A-Z/K/863.jpg
K,10,864,DTASET A-Z/K/864.jpg
K,10,865,DTASET A-Z/K/865.jpg
K,10,866,DTASET A-Z/K/866.jpg
K,10,867,DTASET A-Z/K/867.jpg
K,10,868,DTASET A-Z/K/868.jpg
K,10,869,DTASET A-Z/K/869.jpg
K,10,870,DTASET A-Z/K/870.jpg
K,10,871,DTASET A-Z/K/871.jpg
K,10,872,DTASET A-Z/K/872.jpg
K,10,873,DTASET A-Z/K/873.jpg
K,10,874,DTASET A-Z/K/874.jpg
K,10,875,DTASET A-Z/K/875.jpg
K,10,876,DTASET A-Z/K/876.jpg
K,10,877,DTASET A-Z/K/877.jpg
K,10,878,DTASET A-Z/K/878.jpg
K,10,879,DTASET A-Z/K/879.jpg
K,10,880,DTASET A-Z/K/880.jpg
K,10,881,DTASET A-Z/K/881.jpg
K,10,882,DTASET A-Z/K/882.jpg
K,10,883,DTASET A-Z/K/883.jpg
K,10,884,DTASET A-Z/K/884.jpg
K,10,885,DTASET A-Z/K/885.jpg
K,10,886,DTASET A-Z/K/886.jpg
K,10,887,DTASET A-Z/K/887.jpg
K,10,888,DTASET A-Z/K/888.jpg
K,10,889,DTASET A-Z/K/889.jpg
K,10,890,DTASET A-Z/K/890.jpg
K,10,891,DTASET A-Z/K/891.jpg
K,10,892,DTASET A-Z/K/892.jpg
K,10,893,DTASET A-Z/K/893.jpg
K,10,894,DTASET A-Z/K/894.jpg
K,10,895,DTASET A-Z/K/895.jpg
K,10,896,DTASET A-Z/K/896.jpg
K,10,897,DTASET A-Z/K/897.jpg
K,10,898,DTASET A-Z/K/898.jpg
K,10,899,DTASET A-Z/K/899.jpg
K,10,900,DTASET A-Z/K/900.jpg
K,10,901,DTASET A-Z/K/901.jpg
K,10,902,DTASET A-Z/K/902.jpg
K,10,903,DTASET A-Z/K/903.jpg
K,10,904,DTASET A-Z/K/904.jpg
K,10,905,DTASET A-Z/K/905.jpg
K,10,906,DTASET A-Z/K/906.jpg
K,10,907,DTASET A-Z/K/907.jpg
K,10,908,DTASET A-Z/K/908.jpg
K,10,909,DTASET A-Z/K/909.jpg
K,10,910,DTASET A-Z/K/910.jpg
K,10,911,DTASET A-Z/K/911.jpg
K,10,912,DTASET A-Z/K/912.jpg
K,10,913,DTASET A-Z/K/913.jpg
K,10,914,DTASET A-Z/K/914.jpg
K,10,915,DTASET A-Z/K/915.jpg
K,10,916,DTASET A-Z/K/916.jpg
K,10,917,DTASET A-Z/K/917.jpg
K,10,918,DTASET A-Z/K/918.jpg
K,10,919,DTASET A-Z/K/919.jpg
K,10,920,DTASET A-Z/K/920.jpg
K,10,921,DTASET A-Z/K/921.jpg
K,10,922,DTASET A-Z/K/922.jpg
K,10,923,DTASET A-Z/K/923.jpg
K,10,924,DTASET A-Z/K/924.jpg
K,10,925,DTASET A-Z/K/925.jpg
K,10,926,DTASET A-Z/K/926.jpg
K,10,927,DTASET A-Z/K/927.jpg
K,10,928,DTASET A-Z/K/928.jpg
K,10,929,DTASET A-Z/K/929.jpg
K,10,930,DTASET A-Z/K/930.jpg
K,10,931,DTASET A-Z/K/931.jpg
K,10,932,DTASET A-Z/K/932.jpg
K,10,933,DTASET A-Z/K/933.jpg
K,10,934,DTASET A-Z/K/934.jpg
K,10,935,DTASET A-Z/K/935.jpg
K,10,936,DTASET A-Z/K/936.jpg
K,10,937,DTASET A-Z/K/937.jpg
K,10,938,DTASET A-Z/K/938.jpg
K,10,939,DTASET A-Z/K/939.jpg
K,10,940,DTASET A-Z/K/940.jpg
K,10,941,DTASET A-Z/K/941.jpg
K,10,942,DTASET A-Z/K/942.jpg
K,10,943,DTASET A-Z/K/943.jpg
K,10,944,DTASET A-Z/K/944.jpg
K,10,945,DTASET A-Z/K/945.jpg
K,10,946,DTASET A-Z/K/946.jpg
K,10,947,DTASET A-Z/K/947.jpg
K,10,948,DTASET A-Z/K/948.jpg
K,10,949,DTASET A-Z/K/949.jpg
K,10,950,DTASET A-Z/K/950.jpg
K,10,951,DTASET A-Z/K/951.jpg
K,10,952,DTASET A-Z/K/952.jpg
K,10,953,DTASET A-Z/K/953.jpg
K,10,954,DTASET A-Z/K/954.jpg
K,10,955,DTASET A-Z/K/955.jpg
K,10,956,DTASET A-Z/K/956.jpg
K,10,957,DTASET A-Z/K/957.jpg
K,10,958,DTASET A-Z/K/958.jpg
K,10,959,DTASET A-Z/K/959.jpg
K,10,960,DTASET A-Z/K/960.jpg
K,10,961,DTASET A-Z/K/961.jpg
K,10,962,DTASET A-Z/K/962.jpg
K,10,963,DTASET A-Z/K/963.jpg
K,10,964,DTASET A-Z/K/964.jpg
K,10,965,DTASET A-Z/K/965.jpg
K,10,966,DTASET A-Z/K/966.jpg
K,10,967,DTASET A-Z/K/967.jpg
K,10,968,DTASET A-Z/K/968.jpg
K,10,969,DTASET A-Z/K/969.jpg
K,10,970,DTASET A-Z/K/970.jpg
K,10,971,DTASET A-Z/K/971.jpg
K,10,972,DTASET A-Z/K/972.jpg
K,10,973,DTASET A-Z/K/973.jpg
K,10,974,DTASET A-Z/K/974.jpg
K,10,975,DTASET A-Z/K/975.jpg
K,10,976,DTASET A-Z/K/976.jpg
K,10,977,DTASET A-Z/K/977.jpg
K,10,978,DTASET A-Z/K/978.jpg
K,10,979,DTASET A-Z/K/979.jpg
K,10,980,DTASET A-Z/K/980.jpg
K,10,981,DTASET A-Z/K/981.jpg
K,10,982,DTASET A-Z/K/982.jpg
K,10,983,DTASET A-Z/K/983.jpg
K,10,984,DTASET A-Z/K/984.jpg
K,10,985,DTASET A-Z/K/985.jpg
K,10,986,DTASET A-Z/K/986.jpg
K,10,987,DTASET A-Z/K/987.jpg
K,10,988,DTASET A-Z/K/988.jpg
K,10,989,DTASET A-Z/K/989.jpg
K,10,990,DTASET A-Z/K/990.jpg
K,10,991,DTASET A-Z/K/991.jpg
K,10,992,DTASET A-Z/K/992.jpg
K,10,993,DTASET A-Z/K/993.jpg
K,10,994,DTASET A-Z/K/994.jpg
K,10,995,DTASET A-Z/K/995.jpg
K,10,996,DTASET A-Z/K/996.jpg
K,10,997,DTASET A-Z/K/997.jpg
K,10,998,DTASET A-Z/K/998.jpg
K,10,999,DTASET A-Z/K/999.jpg
K,10,1000,DTASET A-Z/K/1000.jpg
K,10,1001,DTASET A-Z/K/1001.jpg
K,10,1002,DTASET A-Z/K/1002.jpg
K,10,1003,DTASET A-Z/K/1003.jpg
K,10,1004,DTASET A-Z/K/1004.jpg
K,10,1005,DTASET A-Z/K/1005.jpg
K,10,1006,DTASET A-Z/K/1006.jpg
K,10,1007,DTASET A-Z/K/1007.jpg
K,10,1008,DTASET A-Z/K/1008.jpg
K,10,1009,DTASET A-Z/K/1009.jpg
K,10,1010,DTASET A-Z/K/1010.jpg
K,10,1011,DTASET A-Z/K/1011.jpg
K,10,1012,DTASET A-Z/K/1012.jpg
K,10,1013,DTASET A-Z/K/1013.jpg
K,10,1014,DTASET A-Z/K/1014.jpg
K,10,1015,DTASET A-Z/K/1015.jpg
K,10,1016,DTASET A-Z/K/1016.jpg
K,10,1017,DTASET A-Z/K/1017.jpg
K,10,1018,DTASET A-Z/K/1018.jpg
K,10,1019,DTASET A-Z/K/1019.jpg
K,10,1020,DTASET A-Z/K/1020.jpg
K,10,1021,DTASET A-Z/K/1021.jpg
K,10,1022,DTASET A-Z/K/1022.jpg
K,10,1023,DTASET A-Z/K/1023.jpg
K,10,1024,DTASET A-Z/K/1024.jpg
K,10,1025,DTASET A-Z/K/1025.jpg
K,10,1026,DTASET A-Z/K/1026.jpg
K,10,1027,DTASET A-Z/K/1027.jpg
K,10,1028,DTASET A-Z/K/1028.jpg
K,10,1029,DTASET A-Z/K/1029.jpg
K,10,1030,DTASET A-Z/K/1030.jpg
K,10,1031,DTASET A-Z/K/1031.jpg
K,10,1032,DTASET A-Z/K/1032.jpg
K,10,1033,DTASET A-Z/K/1033.jpg
K,10,1034,DTASET A-Z/K/1034.jpg
K,10,1035,DTASET A-Z/K/1035.jpg
K,10,1036,DTASET A-Z/K/1036.jpg
K,10,1037,DTASET A-Z/K/1037.jpg
K,10,1038,DTASET A-Z/K/1038.jpg
K,10,1039,DTASET A-Z/K/1039.jpg
K,10,1040,DTASET A-Z/K/1040.jpg
K,10,1041,DTASET A-Z/K/1041.jpg
K,10,1042,DTASET A-Z/K/1042.jpg
K,10,1043,DTASET A-Z/K/1043.jpg
K,10,1044,DTASET A-Z/K/1044.jpg
K,10,1045,DTASET A-Z/K/1045.jpg
K,10,1046,DTASET A-Z/K/1046.jpg
K,10,1047,DTASET A-Z/K/1047.jpg
K,10,1048,DTASET A-Z/K/1048.jpg
K,10,1049,DTASET A-Z/K/1049.jpg
K,10,1050,DTASET A-Z/K/1050.jpg
K,10,1051,DTASET A-Z/K/1051.jpg
K,10,1052,DTASET A-Z/K/1052.jpg
K,10,1053,DTASET A-Z/K/1053.jpg
K,10,1054,DTASET A-Z/K/1054.jpg
K,10,1055,DTASET A-Z/K/1055.jpg
K,10,1056,DTASET A-Z/K/1056.jpg
K,10,1057,DTASET A-Z/K/1057.jpg
K,10,1058,DTASET A-Z/K/1058.jpg
K,10,1059,DTASET A-Z/K/1059.jpg
K,10,1060,DTASET A-Z/K/1060.jpg
K,10,1061,DTASET A-Z/K/1061.jpg
K,10,1062,DTASET A-Z/K/1062.jpg
K,10,1063,DTASET A-Z/K/1063.jpg
K,10,1064,DTASET A-Z/K/1064.jpg
K,10,1065,DTASET A-Z/K/1065.jpg
K,10,1066,DTASET A-Z/K/1066.jpg
K,10,1067,DTASET A-Z/K/1067.jpg
K,10,1068,DTASET A-Z/K/1068.jpg
K,10,1069,DTASET A-Z/K/1069.jpg
K,10,1070,DTASET A-Z/K/1070.jpg
K,10,1071,DTASET A-Z/K/1071.jpg
K,10,1072,DTASET A-Z/K/1072.jpg
K,10,1073,DTASET A-Z/K/1073.jpg
K,10,1074,DTASET A-Z/K/1074.jpg
K,10,1075,DTASET A-Z/K/1075.jpg
K,10,1076,DTASET A-Z/K/1076.jpg
K,10,1077,DTASET A-Z/K/1077.jpg
K,10,1078,DTASET A-Z/K/1078.jpg
K,10,1079,DTASET A-Z/K/1079.jpg
K,10,1080,DTASET A-Z/K/1080.jpg
K,10,1081,DTASET A-Z/K/1081.jpg
K,10,1082,DTASET A-Z/K/1082.jpg
K,10,1083,DTASET A-Z/K/1083.jpg
K,10,1084,DTASET A-Z/K/1084.jpg
K,10,1085,DTASET A-Z/K/1085.jpg
K,10,1086,DTASET A-Z/K/1086.jpg
K,10,1087,DTASET A-Z/K/1087.jpg
K,10,1088,DTASET A-Z/K/1088.jpg
K,10,1089,DTASET A-Z/K/1089.jpg
K,10,1090,DTASET A-Z/K/1090.jpg
K,10,1091,DTASET A-Z/K/1091.jpg
K,10,1092,DTASET A-Z/K/1092.jpg
K,10,1093,DTASET A-Z/K/1093.jpg
K,10,1094,DTASET A-Z/K/1094.jpg
K,10,1095,DTASET A-Z/K/1095.jpg
K,10,1096,DTASET A-Z/K/1096.jpg
K,10,1097,DTASET A-Z/K/1097.jpg
K,10,1098,DTASET A-Z/K/1098.jpg
K,10,1099,DTASET A-Z/K/1099.jpg
K,10,1100,DTASET A-Z/K/1100.jpg
K,10,1101,DTASET A-Z/K/1101.jpg
K,10,1102,DTASET A-Z/K/1102.jpg
K,10,1103,DTASET A-Z/K/1103.jpg
K,10,1104,DTASET A-Z/K/1104.jpg
K,10,1105,DTASET A-Z/K/1105.jpg
K,10,1106,DTASET A-Z/K/1106.jpg
K,10,1107,DTASET A-Z/K/1107.jpg
K,10,1108,DTASET A-Z/K/1108.jpg
K,10,1109,DTASET A-Z/K/1109.jpg
K,10,1110,DTASET A-Z/K/1110.jpg
K,10,1111,DTASET A-Z/K/1111.jpg
K,10,1112,DTASET A-Z/K/1112.jpg
K,10,1113,DTASET A-Z/K/1113.jpg
K,10,1114,DTASET A-Z/K/1114.jpg
K,10,1115,DTASET A-Z/K/1115.jpg
K,10,1116,DTASET A-Z/K/1116.jpg
K,10,1117,DTASET A-Z/K/1117.jpg
K,10,1118,DTASET A-Z/K/1118.jpg
K,10,1119,DTASET A-Z/K/1119.jpg
K,10,1120,DTASET A-Z/K/1120.jpg
K,10,1121,DTASET A-Z/K/1121.jpg
K,10,1122,DTASET A-Z/K/1122.jpg
K,10,1123,DTASET A-Z/K/1123.jpg
K,10,1124,DTASET A-Z/K/1124.jpg
K,10,1125,DTASET A-Z/K/1125.jpg
K,10,1126,DTASET A-Z/K/1126.jpg
K,10,1127,DTASET A-Z/K/1127.jpg
K,10,1128,DTASET A-Z/K/1128.jpg
K,10,1129,DTASET A-Z/K/1129.jpg
K,10,1130,DTASET A-Z/K/1130.jpg
K,10,1131,DTASET A-Z/K/1131.jpg
K,10,1132,DTASET A-Z/K/1132.jpg
K,10,1133,DTASET A-Z/K/1133.jpg
K,10,1134,DTASET A-Z/K/1134.jpg
K,10,1135,DTASET A-Z/K/1135.jpg
K,10,1136,DTASET A-Z/K/1136.jpg
K,10,1137,DTASET A-Z/K/1137.jpg
K,10,1138,DTASET A-Z/K/1138.jpg
K,10,1139,DTASET A-Z/K/1139.jpg
K,10,1140,DTASET A-Z/K/1140.jpg
K,10,1141,DTASET A-Z/K/1141.jpg
K,10,1142,DTASET A-Z/K/1142.jpg
K,10,1143,DTASET A-Z/K/1143.jpg
K,10,1144,DTASET A-Z/K/1144.jpg
K,10,1145,DTASET A-Z/K/1145.jpg
K,10,1146,DTASET A-Z/K/1146.jpg
K,10,1147,DTASET A-Z/K/1147.jpg
K,10,1148,DTASET A-Z/K/1148.jpg
K,10,1149,DTASET A-Z/K/1149.jpg
K,10,1150,DTASET A-Z/K/1150.jpg
K,10,1151,DTASET A-Z/K/1151.jpg
K,10,1152,DTASET A-Z/K/1152.jpg
K,10,1153,DTASET A-Z/K/1153.jpg
K,10,1154,DTASET A-Z/K/1154.jpg
K,10,1155,DTASET A-Z/K/1155.jpg
K,10,1156,DTASET A-Z/K/1156.jpg
K,10,1157,DTASET A-Z/K/1157.jpg
K,10,1158,DTASET A-Z/K/1158.jpg
K,10,1159,DTASET A-Z/K/1159.jpg
K,10,1160,DTASET A-Z/K/1160.jpg
K,10,1161,DTASET A-Z/K/1161.jpg
K,10,1162,DTASET A-Z/K/1162.jpg
K,10,1163,DTASET A-Z/K/1163.jpg
K,10,1164,DTASET A-Z/K/1164.jpg
K,10,1165,DTASET A-Z/K/1165.jpg
K,10,1166,DTASET A-Z/K/1166.jpg
K,10,1167,DTASET A-Z/K/1167.jpg
K,10,1168,DTASET A-Z/K/1168.jpg
K,10,1169,DTASET A-Z/K/1169.jpg
K,10,1170,DTASET A-Z/K/1170.jpg
K,10,1171,DTASET A-Z/K/1171.jpg
K,10,1172,DTASET A-Z/K/1172.jpg
K,10,1173,DTASET A-Z/K/1173.jpg
K,10,1174,DTASET A-Z/K/1174.jpg
K,10,1175,DTASET A-Z/K/1175.jpg
K,10,1176,DTASET A-Z/K/1176.jpg
K,10,1177,DTASET A-Z/K/1177.jpg
K,10,1178,DTASET A-Z/K/1178.jpg
K,10,1179,DTASET A-Z/K/1179.jpg
K,10,1180,DTASET A-Z/K/1180.jpg
K,10,1181,DTASET A-Z/K/1181.jpg
K,10,1182,DTASET A-Z/K/1182.jpg
K,10,1183,DTASET A-Z/K/1183.jpg
K,10,1184,DTASET A-Z/K/1184.jpg
K,10,1185,DTASET A-Z/K/1185.jpg
K,10,1186,DTASET A-Z/K/1186.jpg
K,10,1187,DTASET A-Z/K/1187.jpg
K,10,1188,DTASET A-Z/K/1188.jpg
K,10,1189,DTASET A-Z/K/1189.jpg
K,10,1190,DTASET A-Z/K/1190.jpg
K,10,1191,DTASET A-Z/K/1191.jpg
K,10,1192,DTASET A-Z/K/1192.jpg
K,10,1193,DTASET A-Z/K/1193.jpg
K,10,1194,DTASET A-Z/K/1194.jpg
K,10,1195,DTASET A-Z/K/1195.jpg
K,10,1196,DTASET A-Z/K/1196.jpg
K,10,1197,DTASET A-Z/K/1197.jpg
K,10,1198,DTASET A-Z/K/1198.jpg
K,10,1199,DTASET A-Z/K/1199.jpg
L,11,0,DTASET A-Z/L/0.jpg
L,11,1,DTASET A-Z/L/1.jpg
L,11,2,DTASET A-Z/L/2.jpg
L,11,3,DTASET A-Z/L/3.jpg
L,11,4,DTASET A-Z/L/4.jpg
L,11,5,DTASET A-Z/L/5.jpg
L,11,6,DTASET A-Z/L/6.jpg
L,11,7,DTASET A-Z/L/7.jpg
L,11,8,DTASET A-Z/L/8.jpg
L,11,9,DTASET A-Z/L/9.jpg
L,11,10,DTASET A-Z/L/10.jpg
L,11,11,DTASET A-Z/L/11.jpg
L,11,12,DTASET A-Z/L/12.jpg
L,11,13,DTASET A-Z/L/13.jpg
L,11,14,DTASET A-Z/L/14.jpg
L,11,15,DTASET A-Z/L/15.jpg
L,11,16,DTASET A-Z/L/16.jpg
L,11,17,DTASET A-Z/L/17.jpg
L,11,18,DTASET A-Z/L/18.jpg
L,11,19,DTASET A-Z/L/19.jpg
L,11,20,DTASET A-Z/L/20.jpg
L,11,21,DTASET A-Z/L/21.jpg
L,11,22,DTASET A-Z/L/22.jpg
L,11,23,DTASET A-Z/L/23.jpg
L,11,24,DTASET A-Z/L/24.jpg
L,11,25,DTASET A-Z/L/25.jpg
L,11,26,DTASET A-Z/L/26.jpg
L,11,27,DTASET A-Z/L/27.jpg
L,11,28,DTASET A-Z/L/28.jpg
L,11,29,DTASET A-Z/L/29.jpg
L,11,30,DTASET A-Z/L/30.jpg
L,11,31,DTASET A-Z/L/31.jpg
L,11,32,DTASET A-Z/L/32.jpg
L,11,33,DTASET A-Z/L/33.jpg
L,11,34,DTASET A-Z/L/34.jpg
L,11,35,DTASET A-Z/L/35.jpg
L,11,36,DTASET A-Z/L/36.jpg
L,11,37,DTASET A-Z/L/37.jpg
L,11,38,DTASET A-Z/L/38.jpg
L,11,39,DTASET A-Z/L/39.jpg
L,11,40,DTASET A-Z/L/40.jpg
L,11,41,DTASET A-Z/L/41.jpg
L,11,42,DTASET A-Z/L/42.jpg
L,11,43,DTASET A-Z/L/43.jpg
L,11,44,DTASET A-Z/L/44.jpg
L,11,45,DTASET A-Z/L/45.jpg
L,11,46,DTASET A-Z/L/46.jpg
L,11,47,DTASET A-Z/L/47.jpg
L,11,48,DTASET A-Z/L/48.jpg
L,11,49,DTASET A-Z/L/49.jpg
L,11,50,DTASET A-Z/L/50.jpg
L,11,51,DTASET A-Z/L/51.jpg
L,11,52,DTASET A-Z/L/52.jpg
L,11,53,DTASET A-Z/L/53.jpg
L,11,54,DTASET A-Z/L/54.jpg
L,11,55,DTASET A-Z/L/55.jpg
L,11,56,DTASET A-Z/L/56.jpg
L,11,57,DTASET A-Z/L/57.jpg
L,11,58,DTASET A-Z/L/58.jpg
L,11,59,DTASET A-Z/L/59.jpg
L,11,60,DTASET A-Z/L/60.jpg
L,11,61,DTASET A-Z/L/61.jpg
L,11,62,DTASET A-Z/L/62.jpg
L,11,63,DTASET A-Z/L/63.jpg
L,11,64,DTASET A-Z/L/64.jpg
L,11,65,DTASET A-Z/L/65.jpg
L,11,66,DTASET A-Z/L/66.jpg
L,11,67,DTASET A-Z/L/67.jpg
L,11,68,DTASET A-Z/L/68.jpg
L,11,69,DTASET A-Z/L/69.jpg
L,11,70,DTASET A-Z/L/70.jpg
L,11,71,DTASET A-Z/L/71.jpg
L,11,72,DTASET A-Z/L/72.jpg
L,11,73,DTASET A-Z/L/73.jpg
L,11,74,DTASET A-Z/L/74.jpg
L,11,75,DTASET A-Z/L/75.jpg
L,11,76,DTASET A-Z/L/76.jpg
L,11,77,DTASET A-Z/L/77.jpg
L,11,78,DTASET A-Z/L/78.jpg
L,11,79,DTASET A-Z/L/79.jpg
L,11,80,DTASET A-Z/L/80.jpg
L,11,81,DTASET A-Z/L/81.jpg
L,11,82,DTASET A-Z/L/82.jpg
L,11,83,DTASET A-Z/L/83.jpg
L,11,84,DTASET A-Z/L/84.jpg
L,11,85,DTASET A-Z/L/85.jpg
L,11,86,DTASET A-Z/L/86.jpg
L,11,87,DTASET A-Z/L/87.jpg
L,11,88,DTASET A-Z/L/88.jpg
L,11,89,DTASET A-Z/L/89.jpg
L,11,90,DTASET A-Z/L/90.jpg
L,11,91,DTASET A-Z/L/91.jpg
L,11,92,DTASET A-Z/L/92.jpg
L,11,93,DTASET A-Z/L/93.jpg
L,11,94,DTASET A-Z/L/94.jpg
L,11,95,DTASET A-Z/L/95.jpg
L,11,96,DTASET A-Z/L/96.jpg
L,11,97,DTASET A-Z/L/97.jpg
L,11,98,DTASET A-Z/L/98.jpg
L,11,99,DTASET A-Z/L/99.jpg
L,11,100,DTASET A-Z/L/100.jpg
L,11,101,DTASET A-Z/L/101.jpg
L,11,102,DTASET A-Z/L/102.jpg
L,11,103,DTASET A-Z/L/103.jpg
L,11,104,DTASET A-Z/L/104.jpg
L,11,105,DTASET A-Z/L/105.jpg
L,11,106,DTASET A-Z/L/106.jpg
L,11,107,DTASET A-Z/L/107.jpg
L,11,108,DTASET A-Z/L/108.jpg
L,11,109,DTASET A-Z/L/109.jpg
L,11,110,DTASET A-Z/L/110.jpg
L,11,111,DTASET A-Z/L/111.jpg
L,11,112,DTASET A-Z/L/112.jpg
L,11,113,DTASET A-Z/L/113.jpg
L,11,114,DTASET A-Z/L/114.jpg
L,11,115,DTASET A-Z/L/115.jpg
L,11,116,DTASET A-Z/L/116.jpg
L,11,117,DTASET A-Z/L/117.jpg
L,11,118,DTASET A-Z/L/118.jpg
L,11,119,DTASET A-Z/L/119.jpg
L,11,120,DTASET A-Z/L/120.jpg
L,11,121,DTASET A-Z/L/121.jpg
L,11,122,DTASET A-Z/L/122.jpg
L,11,123,DTASET A-Z/L/123.jpg
L,11,124,DTASET A-Z/L/124.jpg
L,11,125,DTASET A-Z/L/125.jpg
L,11,126,DTASET A-Z/L/126.jpg
L,11,127,DTASET A-Z/L/127.jpg
L,11,128,DTASET A-Z/L/128.jpg
L,11,129,DTASET A-Z/L/129.jpg
L,11,130,DTASET A-Z/L/130.jpg
L,11,131,DTASET A-Z/L/131.jpg
L,11,132,DTASET A-Z/L/132.jpg
L,11,133,DTASET A-Z/L/133.jpg
L,11,134,DTASET A-Z/L/134.jpg
L,11,135,DTASET A-Z/L/135.jpg
L,11,136,DTASET A-Z/L/136.jpg
L,11,137,DTASET A-Z/L/137.jpg
L,11,138,DTASET A-Z/L/138.jpg
L,11,139,DTASET A-Z/L/139.jpg
L,11,140,DTASET A-Z/L/140.jpg
L,11,141,DTASET A-Z/L/141.jpg
L,11,142,DTASET A-Z/L/142.jpg
L,11,143,DTASET A-Z/L/143.jpg
L,11,144,DTASET A-Z/L/144.jpg
L,11,145,DTASET A-Z/L/145.jpg
L,11,146,DTASET A-Z/L/146.jpg
L,11,147,DTASET A-Z/L/147.jpg
L,11,148,DTASET A-Z/L/148.jpg
L,11,149,DTASET A-Z/L/149.jpg
L,11,150,DTASET A-Z/L/150.jpg
L,11,151,DTASET A-Z/L/151.jpg
L,11,152,DTASET A-Z/L/152.jpg
L,11,153,DTASET A-Z/L/153.jpg
L,11,154,DTASET A-Z/L/154.jpg
L,11,155,DTASET A-Z/L/155.jpg
L,11,156,DTASET A-Z/L/156.jpg
L,11,157,DTASET A-Z/L/157.jpg
L,11,158,DTASET A-Z/L/158.jpg
L,11,159,DTASET A-Z/L/159.jpg
L,11,160,DTASET A-Z/L/160.jpg
L,11,161,DTASET A-Z/L/161.jpg
L,11,162,DTASET A-Z/L/162.jpg
L,11,163,DTASET A-Z/L/163.jpg
L,11,164,DTASET A-Z/L/164.jpg
L,11,165,DTASET A-Z/L/165.jpg
L,11,166,DTASET A-Z/L/166.jpg
L,11,167,DTASET A-Z/L/167.jpg
L,11,168,DTASET A-Z/L/168.jpg
L,11,169,DTASET A-Z/L/169.jpg
L,11,170,DTASET A-Z/L/170.jpg
L,11,171,DTASET A-Z/L/171.jpg
L,11,172,DTASET A-Z/L/172.jpg
L,11,173,DTASET A-Z/L/173.jpg
L,11,174,DTASET A-Z/L/174.jpg
L,11,175,DTASET A-Z/L/175.jpg
L,11,176,DTASET A-Z/L/176.jpg
L,11,177,DTASET A-Z/L/177.jpg
L,11,178,DTASET A-Z/L/178.jpg
L,11,179,DTASET A-Z/L/179.jpg
L,11,180,DTASET A-Z/L/180.jpg
L,11,181,DTASET A-Z/L/181.jpg
L,11,182,DTASET A-Z/L/182.jpg
L,11,183,DTASET A-Z/L/183.jpg
L,11,184,DTASET A-Z/L/184.jpg
L,11,185,DTASET A-Z/L/185.jpg
L,11,186,DTASET A-Z/L/186.jpg
L,11,187,DTASET A-Z/L/187.jpg
L,11,188,DTASET A-Z/L/188.jpg
L,11,189,DTASET A-Z/L/189.jpg
L,11,190,DTASET A-Z/L/190.jpg
L,11,191,DTASET A-Z/L/191.jpg
L,11,192,DTASET A-Z/L/192.jpg
L,11,193,DTASET A-Z/L/193.jpg
L,11,194,DTASET A-Z/L/194.jpg
L,11,195,DTASET A-Z/L/195.jpg
L,11,196,DTASET A-Z/L/196.jpg
L,11,197,DTASET A-Z/L/197.jpg
L,11,198,DTASET A-Z/L/198.jpg
L,11,199,DTASET A-Z/L/199.jpg
L,11,200,DTASET A-Z/L/200.jpg
L,11,201,DTASET A-Z/L/201.jpg
L,11,202,DTASET A-Z/L/202.jpg
L,11,203,DTASET A-Z/L/203.jpg
L,11,204,DTASET A-Z/L/204.jpg
L,11,205,DTASET A-Z/L/205.jpg
L,11,206,DTASET A-Z/L/206.jpg
L,11,207,DTASET A-Z/L/207.jpg
L,11,208,DTASET A-Z/L/208.jpg
L,11,209,DTASET A-Z/L/209.jpg
L,11,210,DTASET A-Z/L/210.jpg
L,11,211,DTASET A-Z/L/211.jpg
L,11,212,DTASET A-Z/L/212.jpg
L,11,213,DTASET A-Z/L/213.jpg
L,11,214,DTASET A-Z/L/214.jpg
L,11,215,DTASET A-Z/L/215.jpg
L,11,216,DTASET A-Z/L/216.jpg
L,11,217,DTASET A-Z/L/217.jpg
L,11,218,DTASET A-Z/L/218.jpg
L,11,219,DTASET A-Z/L/219.jpg
L,11,220,DTASET A-Z/L/220.jpg
L,11,221,DTASET A-Z/L/221.jpg
L,11,222,DTASET A-Z/L/222.jpg
L,11,223,DTASET A-Z/L/223.jpg
L,11,224,DTASET A-Z/L/224.jpg
L,11,225,DTASET A-Z/L/225.jpg
L,11,226,DTASET A-Z/L/226.jpg
L,11,227,DTASET A-Z/L/227.jpg
L,11,228,DTASET A-Z/L/228.jpg
L,11,229,DTASET A-Z/L/229.jpg
L,11,230,DTASET A-Z/L/230.jpg
L,11,231,DTASET A-Z/L/231.jpg
L,11,232,DTASET A-Z/L/232.jpg
L,11,233,DTASET A-Z/L/233.jpg
L,11,234,DTASET A-Z/L/234.jpg
L,11,235,DTASET A-Z/L/235.jpg
L,11,236,DTASET A-Z/L/236.jpg
L,11,237,DTASET A-Z/L/237.jpg
L,11,238,DTASET A-Z/L/238.jpg
L,11,239,DTASET A-Z/L/239.jpg
L,11,240,DTASET A-Z/L/240.jpg
L,11,241,DTASET A-Z/L/241.jpg
L,11,242,DTASET A-Z/L/242.jpg
L,11,243,DTASET A-Z/L/243.jpg
L,11,244,DTASET A-Z/L/244.jpg
L,11,245,DTASET A-Z/L/245.jpg
L,11,246,DTASET A-Z/L/246.jpg
L,11,247,DTASET A-Z/L/247.jpg
L,11,248,DTASET A-Z/L/248.jpg
L,11,249,DTASET A-Z/L/249.jpg
L,11,250,DTASET A-Z/L/250.jpg
L,11,251,DTASET A-Z/L/251.jpg
L,11,252,DTASET A-Z/L/252.jpg
L,11,253,DTASET A-Z/L/253.jpg
L,11,254,DTASET A-Z/L/254.jpg
L,11,255,DTASET A-Z/L/255.jpg
L,11,256,DTASET A-Z/L/256.jpg
L,11,257,DTASET A-Z/L/257.jpg
L,11,258,DTASET A-Z/L/258.jpg
L,11,259,DTASET A-Z/L/259.jpg
L,11,260,DTASET A-Z/L/260.jpg
L,11,261,DTASET A-Z/L/261.jpg
L,11,262,DTASET A-Z/L/262.jpg
L,11,263,DTASET A-Z/L/263.jpg
L,11,264,DTASET A-Z/L/264.jpg
L,11,265,DTASET A-Z/L/265.jpg
L,11,266,DTASET A-Z/L/266.jpg
L,11,267,DTASET A-Z/L/267.jpg
L,11,268,DTASET A-Z/L/268.jpg
L,11,269,DTASET A-Z/L/269.jpg
L,11,270,DTASET A-Z/L/270.jpg
L,11,271,DTASET A-Z/L/271.jpg
L,11,272,DTASET A-Z/L/272.jpg
L,11,273,DTASET A-Z/L/273.jpg
L,11,274,DTASET A-Z/L/274.jpg
L,11,275,DTASET A-Z/L/275.jpg
L,11,276,DTASET A-Z/L/276.jpg
L,11,277,DTASET A-Z/L/277.jpg
L,11,278,DTASET A-Z/L/278.jpg
L,11,279,DTASET A-Z/L/279.jpg
L,11,280,DTASET A-Z/L/280.jpg
L,11,281,DTASET A-Z/L/281.jpg
L,11,282,DTASET A-Z/L/282.jpg
L,11,283,DTASET A-Z/L/283.jpg
L,11,284,DTASET A-Z/L/284.jpg
L,11,285,DTASET A-Z/L/285.jpg
L,11,286,DTASET A-Z/L/286.jpg
L,11,287,DTASET A-Z/L/287.jpg
L,11,288,DTASET A-Z/L/288.jpg
L,11,289,DTASET A-Z/L/289.jpg
L,11,290,DTASET A-Z/L/290.jpg
L,11,291,DTASET A-Z/L/291.jpg
L,11,292,DTASET A-Z/L/292.jpg
L,11,293,DTASET A-Z/L/293.jpg
L,11,294,DTASET A-Z/L/294.jpg
L,11,295,DTASET A-Z/L/295.jpg
L,11,296,DTASET A-Z/L/296.jpg
L,11,297,DTASET A-Z/L/297.jpg
L,11,298,DTASET A-Z/L/298.jpg
L,11,299,DTASET A-Z/L/299.jpg
L,11,300,DTASET A-Z/L/300.jpg
L,11,301,DTASET A-Z/L/301.jpg
L,11,302,DTASET A-Z/L/302.jpg
L,11,303,DTASET A-Z/L/303.jpg
L,11,304,DTASET A-Z/L/304.jpg
L,11,305,DTASET A-Z/L/305.jpg
L,11,306,DTASET A-Z/L/306.jpg
L,11,307,DTASET A-Z/L/307.jpg
L,11,308,DTASET A-Z/L/308.jpg
L,11,309,DTASET A-Z/L/309.jpg
L,11,310,DTASET A-Z/L/310.jpg
L,11,311,DTASET A-Z/L/311.jpg
L,11,312,DTASET A-Z/L/312.jpg
L,11,313,DTASET A-Z/L/313.jpg
L,11,314,DTASET A-Z/L/314.jpg
L,11,315,DTASET A-Z/L/315.jpg
L,11,316,DTASET A-Z/L/316.jpg
L,11,317,DTASET A-Z/L/317.jpg
L,11,318,DTASET A-Z/L/318.jpg
L,11,319,DTASET A-Z/L/319.jpg
L,11,320,DTASET A-Z/L/320.jpg
L,11,321,DTASET A-Z/L/321.jpg
L,11,322,DTASET A-Z/L/322.jpg
L,11,323,DTASET A-Z/L/323.jpg
L,11,324,DTASET A-Z/L/324.jpg
L,11,325,DTASET A-Z/L/325.jpg
L,11,326,DTASET A-Z/L/326.jpg
L,11,327,DTASET A-Z/L/327.jpg
L,11,328,DTASET A-Z/L/328.jpg
L,11,329,DTASET A-Z/L/329.jpg
L,11,330,DTASET A-Z/L/330.jpg
L,11,331,DTASET A-Z/L/331.jpg
L,11,332,DTASET A-Z/L/332.jpg
L,11,333,DTASET A-Z/L/333.jpg
L,11,334,DTASET A-Z/L/334.jpg
L,11,335,DTASET A-Z/L/335.jpg
L,11,336,DTASET A-Z/L/336.jpg
L,11,337,DTASET A-Z/L/337.jpg
L,11,338,DTASET A-Z/L/338.jpg
L,11,339,DTASET A-Z/L/339.jpg
L,11,340,DTASET A-Z/L/340.jpg
L,11,341,DTASET A-Z/L/341.jpg
L,11,342,DTASET A-Z/L/342.jpg
L,11,343,DTASET A-Z/L/343.jpg
L,11,344,DTASET A-Z/L/344.jpg
L,11,345,DTASET A-Z/L/345.jpg
L,11,346,DTASET A-Z/L/346.jpg
L,11,347,DTASET A-Z/L/347.jpg
L,11,348,DTASET A-Z/L/348.jpg
L,11,349,DTASET A-Z/L/349.jpg
L,11,350,DTASET A-Z/L/350.jpg
L,11,351,DTASET A-Z/L/351.jpg
L,11,352,DTASET A-Z/L/352.jpg
L,11,353,DTASET A-Z/L/353.jpg
L,11,354,DTASET A-Z/L/354.jpg
L,11,355,DTASET A-Z/L/355.jpg
L,11,356,DTASET A-Z/L/356.jpg
L,11,357,DTASET A-Z/L/357.jpg
L,11,358,DTASET A-Z/L/358.jpg
L,11,359,DTASET A-Z/L/359.jpg
L,11,360,DTASET A-Z/L/360.jpg
L,11,361,DTASET A-Z/L/361.jpg
L,11,362,DTASET A-Z/L/362.jpg
L,11,363,DTASET A-Z/L/363.jpg
L,11,364,DTASET A-Z/L/364.jpg
L,11,365,DTASET A-Z/L/365.jpg
L,11,366,DTASET A-Z/L/366.jpg
L,11,367,DTASET A-Z/L/367.jpg
L,11,368,DTASET A-Z/L/368.jpg
L,11,369,DTASET A-Z/L/369.jpg
L,11,370,DTASET A-Z/L/370.jpg
L,11,371,DTASET A-Z/L/371.jpg
L,11,372,DTASET A-Z/L/372.jpg
L,11,373,DTASET A-Z/L/373.jpg
L,11,374,DTASET A-Z/L/374.jpg
L,11,375,DTASET A-Z/L/375.jpg
L,11,376,DTASET A-Z/L/376.jpg
L,11,377,DTASET A-Z/L/377.jpg
L,11,378,DTASET A-Z/L/378.jpg
L,11,379,DTASET A-Z/L/379.jpg
L,11,380,DTASET A-Z/L/380.jpg
L,11,381,DTASET A-Z/L/381.jpg
L,11,382,DTASET A-Z/L/382.jpg
L,11,383,DTASET A-Z/L/383.jpg
L,11,384,DTASET A-Z/L/384.jpg
L,11,385,DTASET A-Z/L/385.jpg
L,11,386,DTASET A-Z/L/386.jpg
L,11,387,DTASET A-Z/L/387.jpg
L,11,388,DTASET A-Z/L/388.jpg
L,11,389,DTASET A-Z/L/389.jpg
L,11,390,DTASET A-Z/L/390.jpg
L,11,391,DTASET A-Z/L/391.jpg
L,11,392,DTASET A-Z/L/392.jpg
L,11,393,DTASET A-Z/L/393.jpg
L,11,394,DTASET A-Z/L/394.jpg
L,11,395,DTASET A-Z/L/395.jpg
L,11,396,DTASET A-Z/L/396.jpg
L,11,397,DTASET A-Z/L/397.jpg
L,11,398,DTASET A-Z/L/398.jpg
L,11,399,DTASET A-Z/L/399.jpg
L,11,400,DTASET A-Z/L/400.jpg
L,11,401,DTASET A-Z/L/401.jpg
L,11,402,DTASET A-Z/L/402.jpg
L,11,403,DTASET A-Z/L/403.jpg
L,11,404,DTASET A-Z/L/404.jpg
L,11,405,DTASET A-Z/L/405.jpg
L,11,406,DTASET A-Z/L/406.jpg
L,11,407,DTASET A-Z/L/407.jpg
L,11,408,DTASET A-Z/L/408.jpg
L,11,409,DTASET A-Z/L/409.jpg
L,11,410,DTASET A-Z/L/410.jpg
L,11,411,DTASET A-Z/L/411.jpg
L,11,412,DTASET A-Z/L/412.jpg
L,11,413,DTASET A-Z/L/413.jpg
L,11,414,DTASET A-Z/L/414.jpg
L,11,415,DTASET A-Z/L/415.jpg
L,11,416,DTASET A-Z/L/416.jpg
L,11,417,DTASET A-Z/L/417.jpg
L,11,418,DTASET A-Z/L/418.jpg
L,11,419,DTASET A-Z/L/419.jpg
L,11,420,DTASET A-Z/L/420.jpg
L,11,421,DTASET A-Z/L/421.jpg
L,11,422,DTASET A-Z/L/422.jpg
L,11,423,DTASET A-Z/L/423.jpg
L,11,424,DTASET A-Z/L/424.jpg
L,11,425,DTASET A-Z/L/425.jpg
L,11,426,DTASET A-Z/L/426.jpg
L,11,427,DTASET A-Z/L/427.jpg
L,11,428,DTASET A-Z/L/428.jpg
L,11,429,DTASET A-Z/L/429.jpg
L,11,430,DTASET A-Z/L/430.jpg
L,11,431,DTASET A-Z/L/431.jpg
L,11,432,DTASET A-Z/L/432.jpg
L,11,433,DTASET A-Z/L/433.jpg
L,11,434,DTASET A-Z/L/434.jpg
L,11,435,DTASET A-Z/L/435.jpg
L,11,436,DTASET A-Z/L/436.jpg
L,11,437,DTASET A-Z/L/437.jpg
L,11,438,DTASET A-Z/L/438.jpg
L,11,439,DTASET A-Z/L/439.jpg
L,11,440,DTASET A-Z/L/440.jpg
L,11,441,DTASET A-Z/L/441.jpg
L,11,442,DTASET A-Z/L/442.jpg
L,11,443,DTASET A-Z/L/443.jpg
L,11,444,DTASET A-Z/L/444.jpg
L,11,445,DTASET A-Z/L/445.jpg
L,11,446,DTASET A-Z/L/446.jpg
L,11,447,DTASET A-Z/L/447.jpg
L,11,448,DTASET A-Z/L/448.jpg
L,11,449,DTASET A-Z/L/449.jpg
L,11,450,DTASET A-Z/L/450.jpg
L,11,451,DTASET A-Z/L/451.jpg
L,11,452,DTASET A-Z/L/452.jpg
L,11,453,DTASET A-Z/L/453.jpg
L,11,454,DTASET A-Z/L/454.jpg
L,11,455,DTASET A-Z/L/455.jpg
L,11,456,DTASET A-Z/L/456.jpg
L,11,457,DTASET A-Z/L/457.jpg
L,11,458,DTASET A-Z/L/458.jpg
L,11,459,DTASET A-Z/L/459.jpg
L,11,460,DTASET A-Z/L/460.jpg
L,11,461,DTASET A-Z/L/461.jpg
L,11,462,DTASET A-Z/L/462.jpg
L,11,463,DTASET A-Z/L/463.jpg
L,11,464,DTASET A-Z/L/464.jpg
L,11,465,DTASET A-Z/L/465.jpg
L,11,466,DTASET A-Z/L/466.jpg
L,11,467,DTASET A-Z/L/467.jpg
L,11,468,DTASET A-Z/L/468.jpg
L,11,469,DTASET A-Z/L/469.jpg
L,11,470,DTASET A-Z/L/470.jpg
L,11,471,DTASET A-Z/L/471.jpg
L,11,472,DTASET A-Z/L/472.jpg
L,11,473,DTASET A-Z/L/473.jpg
L,11,474,DTASET A-Z/L/474.jpg
L,11,475,DTASET A-Z/L/475.jpg
L,11,476,DTASET A-Z/L/476.jpg
L,11,477,DTASET A-Z/L/477.jpg
L,11,478,DTASET A-Z/L/478.jpg
L,11,479,DTASET A-Z/L/479.jpg
L,11,480,DTASET A-Z/L/480.jpg
L,11,481,DTASET A-Z/L/481.jpg
L,11,482,DTASET A-Z/L/482.jpg
L,11,483,DTASET A-Z/L/483.jpg
L,11,484,DTASET A-Z/L/484.jpg
L,11,485,DTASET A-Z/L/485.jpg
L,11,486,DTASET A-Z/L/486.jpg
L,11,487,DTASET A-Z/L/487.jpg
L,11,488,DTASET A-Z/L/488.jpg
L,11,489,DTASET A-Z/L/489.jpg
L,11,490,DTASET A-Z/L/490.jpg
L,11,491,DTASET A-Z/L/491.jpg
L,11,492,DTASET A-Z/L/492.jpg
L,11,493,DTASET A-Z/L/493.jpg
L,11,494,DTASET A-Z/L/494.jpg
L,11,495,DTASET A-Z/L/495.jpg
L,11,496,DTASET A-Z/L/496.jpg
L,11,497,DTASET A-Z/L/497.jpg
L,11,498,DTASET A-Z/L/498.jpg
L,11,499,DTASET A-Z/L/499.jpg
L,11,500,DTASET A-Z/L/500.jpg
L,11,501,DTASET A-Z/L/501.jpg
L,11,502,DTASET A-Z/L/502.jpg
L,11,503,DTASET A-Z/L/503.jpg
L,11,504,DTASET A-Z/L/504.jpg
L,11,505,DTASET A-Z/L/505.jpg
L,11,506,DTASET A-Z/L/506.jpg
L,11,507,DTASET A-Z/L/507.jpg
L,11,508,DTASET A-Z/L/508.jpg
L,11,509,DTASET A-Z/L/509.jpg
L,11,510,DTASET A-Z/L/510.jpg
L,11,511,DTASET A-Z/L/511.jpg
L,11,512,DTASET A-Z/L/512.jpg
L,11,513,DTASET A-Z/L/513.jpg
L,11,514,DTASET A-Z/L/514.jpg
L,11,515,DTASET A-Z/L/515.jpg
L,11,516,DTASET A-Z/L/516.jpg
L,11,517,DTASET A-Z/L/517.jpg
L,11,518,DTASET A-Z/L/518.jpg
L,11,519,DTASET A-Z/L/519.jpg
L,11,520,DTASET A-Z/L/520.jpg
L,11,521,DTASET A-Z/L/521.jpg
L,11,522,DTASET A-Z/L/522.jpg
L,11,523,DTASET A-Z/L/523.jpg
L,11,524,DTASET A-Z/L/524.jpg
L,11,525,DTASET A-Z/L/525.jpg
L,11,526,DTASET A-Z/L/526.jpg
L,11,527,DTASET A-Z/L/527.jpg
L,11,528,DTASET A-Z/L/528.jpg
L,11,529,DTASET A-Z/L/529.jpg
L,11,530,DTASET A-Z/L/530.jpg
L,11,531,DTASET A-Z/L/531.jpg
L,11,532,DTASET A-Z/L/532.jpg
L,11,533,DTASET A-Z/L/533.jpg
L,11,534,DTASET A-Z/L/534.jpg
L,11,535,DTASET A-Z/L/535.jpg
L,11,536,DTASET A-Z/L/536.jpg
L,11,537,DTASET A-Z/L/537.jpg
L,11,538,DTASET A-Z/L/538.jpg
L,11,539,DTASET A-Z/L/539.jpg
L,11,540,DTASET A-Z/L/540.jpg
L,11,541,DTASET A-Z/L/541.jpg
L,11,542,DTASET A-Z/L/542.jpg
L,11,543,DTASET A-Z/L/543.jpg
L,11,544,DTASET A-Z/L/544.jpg
L,11,545,DTASET A-Z/L/545.jpg
L,11,546,DTASET A-Z/L/546.jpg
L,11,547,DTASET A-Z/L/547.jpg
L,11,548,DTASET A-Z/L/548.jpg
L,11,549,DTASET A-Z/L/549.jpg
L,11,550,DTASET A-Z/L/550.jpg
L,11,551,DTASET A-Z/L/551.jpg
L,11,552,DTASET A-Z/L/552.jpg
L,11,553,DTASET A-Z/L/553.jpg
L,11,554,DTASET A-Z/L/554.jpg
L,11,555,DTASET A-Z/L/555.jpg
L,11,556,DTASET A-Z/L/556.jpg
L,11,557,DTASET A-Z/L/557.jpg
L,11,558,DTASET A-Z/L/558.jpg
L,11,559,DTASET A-Z/L/559.jpg
L,11,560,DTASET A-Z/L/560.jpg
L,11,561,DTASET A-Z/L/561.jpg
L,11,562,DTASET A-Z/L/562.jpg
L,11,563,DTASET A-Z/L/563.jpg
L,11,564,DTASET A-Z/L/564.jpg
L,11,565,DTASET A-Z/L/565.jpg
L,11,566,DTASET A-Z/L/566.jpg
L,11,567,DTASET A-Z/L/567.jpg
L,11,568,DTASET A-Z/L/568.jpg
L,11,569,DTASET A-Z/L/569.jpg
L,11,570,DTASET A-Z/L/570.jpg
L,11,571,DTASET A-Z/L/571.jpg
L,11,572,DTASET A-Z/L/572.jpg
L,11,573,DTASET A-Z/L/573.jpg
L,11,574,DTASET A-Z/L/574.jpg
L,11,575,DTASET A-Z/L/575.jpg
L,11,576,DTASET A-Z/L/576.jpg
L,11,577,DTASET A-Z/L/577.jpg
L,11,578,DTASET A-Z/L/578.jpg
L,11,579,DTASET A-Z/L/579.jpg
L,11,580,DTASET A-Z/L/580.jpg
L,11,581,DTASET A-Z/L/581.jpg
L,11,582,DTASET A-Z/L/582.jpg
L,11,583,DTASET A-Z/L/583.jpg
L,11,584,DTASET A-Z/L/584.jpg
L,11,585,DTASET A-Z/L/585.jpg
L,11,586,DTASET A-Z/L/586.jpg
L,11,587,DTASET A-Z/L/587.jpg
L,11,588,DTASET A-Z/L/588.jpg
L,11,589,DTASET A-Z/L/589.jpg
L,11,590,DTASET A-Z/L/590.jpg
L,11,591,DTASET A-Z/L/591.jpg
L,11,592,DTASET A-Z/L/592.jpg
L,11,593,DTASET A-Z/L/593.jpg
L,11,594,DTASET A-Z/L/594.jpg
L,11,595,DTASET A-Z/L/595.jpg
L,11,596,DTASET A-Z/L/596.jpg
L,11,597,DTASET A-Z/L/597.jpg
L,11,598,DTASET A-Z/L/598.jpg
L,11,599,DTASET A-Z/L/599.jpg
L,11,600,DTASET A-Z/L/600.jpg
L,11,601,DTASET A-Z/L/601.jpg
L,11,602,DTASET A-Z/L/602.jpg
L,11,603,DTASET A-Z/L/603.jpg
L,11,604,DTASET A-Z/L/604.jpg
L,11,605,DTASET A-Z/L/605.jpg
L,11,606,DTASET A-Z/L/606.jpg
L,11,607,DTASET A-Z/L/607.jpg
L,11,608,DTASET A-Z/L/608.jpg
L,11,609,DTASET A-Z/L/609.jpg
L,11,610,DTASET A-Z/L/610.jpg
L,11,611,DTASET A-Z/L/611.jpg
L,11,612,DTASET A-Z/L/612.jpg
L,11,613,DTASET A-Z/L/613.jpg
L,11,614,DTASET A-Z/L/614.jpg
L,11,615,DTASET A-Z/L/615.jpg
L,11,616,DTASET A-Z/L/616.jpg
L,11,617,DTASET A-Z/L/617.jpg
L,11,618,DTASET A-Z/L/618.jpg
L,11,619,DTASET A-Z/L/619.jpg
L,11,620,DTASET A-Z/L/620.jpg
L,11,621,DTASET A-Z/L/621.jpg
L,11,622,DTASET A-Z/L/622.jpg
L,11,623,DTASET A-Z/L/623.jpg
L,11,624,DTASET A-Z/L/624.jpg
L,11,625,DTASET A-Z/L/625.jpg
L,11,626,DTASET A-Z/L/626.jpg
L,11,627,DTASET A-Z/L/627.jpg
L,11,628,DTASET A-Z/L/628.jpg
L,11,629,DTASET A-Z/L/629.jpg
L,11,630,DTASET A-Z/L/630.jpg
L,11,631,DTASET A-Z/L/631.jpg
L,11,632,DTASET A-Z/L/632.jpg
L,11,633,DTASET A-Z/L/633.jpg
L,11,634,DTASET A-Z/L/634.jpg
L,11,635,DTASET A-Z/L/635.jpg
L,11,636,DTASET A-Z/L/636.jpg
L,11,637,DTASET A-Z/L/637.jpg
L,11,638,DTASET A-Z/L/638.jpg
L,11,639,DTASET A-Z/L/639.jpg
L,11,640,DTASET A-Z/L/640.jpg
L,11,641,DTASET A-Z/L/641.jpg
L,11,642,DTASET A-Z/L/642.jpg
L,11,643,DTASET A-Z/L/643.jpg
L,11,644,DTASET A-Z/L/644.jpg
L,11,645,DTASET A-Z/L/645.jpg
L,11,646,DTASET A-Z/L/646.jpg
L,11,647,DTASET A-Z/L/647.jpg
L,11,648,DTASET A-Z/L/648.jpg
L,11,649,DTASET A-Z/L/649.jpg
L,11,650,DTASET A-Z/L/650.jpg
L,11,651,DTASET A-Z/L/651.jpg
L,11,652,DTASET A-Z/L/652.jpg
L,11,653,DTASET A-Z/L/653.jpg
L,11,654,DTASET A-Z/L/654.jpg
L,11,655,DTASET A-Z/L/655.jpg
L,11,656,DTASET A-Z/L/656.jpg
L,11,657,DTASET A-Z/L/657.jpg
L,11,658,DTASET A-Z/L/658.jpg
L,11,659,DTASET A-Z/L/659.jpg
L,11,660,DTASET A-Z/L/660.jpg
L,11,661,DTASET A-Z/L/661.jpg
L,11,662,DTASET A-Z/L/662.jpg
L,11,663,DTASET A-Z/L/663.jpg
L,11,664,DTASET A-Z/L/664.jpg
L,11,665,DTASET A-Z/L/665.jpg
L,11,666,DTASET A-Z/L/666.jpg
L,11,667,DTASET A-Z/L/667.jpg
L,11,668,DTASET A-Z/L/668.jpg
L,11,669,DTASET A-Z/L/669.jpg
L,11,670,DTASET A-Z/L/670.jpg
L,11,671,DTASET A-Z/L/671.jpg
L,11,672,DTASET A-Z/L/672.jpg
L,11,673,DTASET A-Z/L/673.jpg
L,11,674,DTASET A-Z/L/674.jpg
L,11,675,DTASET A-Z/L/675.jpg
L,11,676,DTASET A-Z/L/676.jpg
L,11,677,DTASET A-Z/L/677.jpg
L,11,678,DTASET A-Z/L/678.jpg
L,11,679,DTASET A-Z/L/679.jpg
L,11,680,DTASET A-Z/L/680.jpg
L,11,681,DTASET A-Z/L/681.jpg
L,11,682,DTASET A-Z/L/682.jpg
L,11,683,DTASET A-Z/L/683.jpg
L,11,684,DTASET A-Z/L/684.jpg
L,11,685,DTASET A-Z/L/685.jpg
L,11,686,DTASET A-Z/L/686.jpg
L,11,687,DTASET A-Z/L/687.jpg
L,11,688,DTASET A-Z/L/688.jpg
L,11,689,DTASET A-Z/L/689.jpg
L,11,690,DTASET A-Z/L/690.jpg
L,11,691,DTASET A-Z/L/691.jpg
L,11,692,DTASET A-Z/L/692.jpg
L,11,693,DTASET A-Z/L/693.jpg
L,11,694,DTASET A-Z/L/694.jpg
L,11,695,DTASET A-Z/L/695.jpg
L,11,696,DTASET A-Z/L/696.jpg
L,11,697,DTASET A-Z/L/697.jpg
L,11,698,DTASET A-Z/L/698.jpg
L,11,699,DTASET A-Z/L/699.jpg
L,11,700,DTASET A-Z/L/700.jpg
L,11,701,DTASET A-Z/L/701.jpg
L,11,702,DTASET A-Z/L/702.jpg
L,11,703,DTASET A-Z/L/703.jpg
L,11,704,DTASET A-Z/L/704.jpg
L,11,705,DTASET A-Z/L/705.jpg
L,11,706,DTASET A-Z/L/706.jpg
L,11,707,DTASET A-Z/L/707.jpg
L,11,708,DTASET A-Z/L/708.jpg
L,11,709,DTASET A-Z/L/709.jpg
L,11,710,DTASET A-Z/L/710.jpg
L,11,711,DTASET A-Z/L/711.jpg
L,11,712,DTASET A-Z/L/712.jpg
L,11,713,DTASET A-Z/L/713.jpg
L,11,714,DTASET A-Z/L/714.jpg
L,11,715,DTASET A-Z/L/715.jpg
L,11,716,DTASET A-Z/L/716.jpg
L,11,717,DTASET A-Z/L/717.jpg
L,11,718,DTASET A-Z/L/718.jpg
L,11,719,DTASET A-Z/L/719.jpg
L,11,720,DTASET A-Z/L/720.jpg
L,11,721,DTASET A-Z/L/721.jpg
L,11,722,DTASET A-Z/L/722.jpg
L,11,723,DTASET A-Z/L/723.jpg
L,11,724,DTASET A-Z/L/724.jpg
L,11,725,DTASET A-Z/L/725.jpg
L,11,726,DTASET A-Z/L/726.jpg
L,11,727,DTASET A-Z/L/727.jpg
L,11,728,DTASET A-Z/L/728.jpg
L,11,729,DTASET A-Z/L/729.jpg
L,11,730,DTASET A-Z/L/730.jpg
L,11,731,DTASET A-Z/L/731.jpg
L,11,732,DTASET A-Z/L/732.jpg
L,11,733,DTASET A-Z/L/733.jpg
L,11,734,DTASET A-Z/L/734.jpg
L,11,735,DTASET A-Z/L/735.jpg
L,11,736,DTASET A-Z/L/736.jpg
L,11,737,DTASET A-Z/L/737.jpg
L,11,738,DTASET A-Z/L/738.jpg
L,11,739,DTASET A-Z/L/739.jpg
L,11,740,DTASET A-Z/L/740.jpg
L,11,741,DTASET A-Z/L/741.jpg
L,11,742,DTASET A-Z/L/742.jpg
L,11,743,DTASET A-Z/L/743.jpg
L,11,744,DTASET A-Z/L/744.jpg
L,11,745,DTASET A-Z/L/745.jpg
L,11,746,DTASET A-Z/L/746.jpg
L,11,747,DTASET A-Z/L/747.jpg
L,11,748,DTASET A-Z/L/748.jpg
L,11,749,DTASET A-Z/L/749.jpg
L,11,750,DTASET A-Z/L/750.jpg
L,11,751,DTASET A-Z/L/751.jpg
L,11,752,DTASET A-Z/L/752.jpg
L,11,753,DTASET A-Z/L/753.jpg
L,11,754,DTASET A-Z/L/754.jpg
L,11,755,DTASET A-Z/L/755.jpg
L,11,756,DTASET A-Z/L/756.jpg
L,11,757,DTASET A-Z/L/757.jpg
L,11,758,DTASET A-Z/L/758.jpg
L,11,759,DTASET A-Z/L/759.jpg
L,11,760,DTASET A-Z/L/760.jpg
L,11,761,DTASET A-Z/L/761.jpg
L,11,762,DTASET A-Z/L/762.jpg
L,11,763,DTASET A-Z/L/763.jpg
L,11,764,DTASET A-Z/L/764.jpg
L,11,765,DTASET A-Z/L/765.jpg
L,11,766,DTASET A-Z/L/766.jpg
L,11,767,DTASET A-Z/L/767.jpg
L,11,768,DTASET A-Z/L/768.jpg
L,11,769,DTASET A-Z/L/769.jpg
L,11,770,DTASET A-Z/L/770.jpg
L,11,771,DTASET A-Z/L/771.jpg
L,11,772,DTASET A-Z/L/772.jpg
L,11,773,DTASET A-Z/L/773.jpg
L,11,774,DTASET A-Z/L/774.jpg
L,11,775,DTASET A-Z/L/775.jpg
L,11,776,DTASET A-Z/L/776.jpg
L,11,777,DTASET A-Z/L/777.jpg
L,11,778,DTASET A-Z/L/778.jpg
L,11,779,DTASET A-Z/L/779.jpg
L,11,780,DTASET A-Z/L/780.jpg
L,11,781,DTASET A-Z/L/781.jpg
L,11,782,DTASET A-Z/L/782.jpg
L,11,783,DTASET A-Z/L/783.jpg
L,11,784,DTASET A-Z/L/784.jpg
L,11,785,DTASET A-Z/L/785.jpg
L,11,786,DTASET A-Z/L/786.jpg
L,11,787,DTASET A-Z/L/787.jpg
L,11,788,DTASET A-Z/L/788.jpg
L,11,789,DTASET A-Z/L/789.jpg
L,11,790,DTASET A-Z/L/790.jpg
L,11,791,DTASET A-Z/L/791.jpg
L,11,792,DTASET A-Z/L/792.jpg
L,11,793,DTASET A-Z/L/793.jpg
L,11,794,DTASET A-Z/L/794.jpg
L,11,795,DTASET A-Z/L/795.jpg
L,11,796,DTASET A-Z/L/796.jpg
L,11,797,DTASET A-Z/L/797.jpg
L,11,798,DTASET A-Z/L/798.jpg
L,11,799,DTASET A-Z/L/799.jpg
L,11,800,DTASET A-Z/L/800.jpg
L,11,801,DTASET A-Z/L/801.jpg
L,11,802,DTASET A-Z/L/802.jpg
L,11,803,DTASET A-Z/L/803.jpg
L,11,804,DTASET A-Z/L/804.jpg
L,11,805,DTASET A-Z/L/805.jpg
L,11,806,DTASET A-Z/L/806.jpg
L,11,807,DTASET A-Z/L/807.jpg
L,11,808,DTASET A-Z/L/808.jpg
L,11,809,DTASET A-Z/L/809.jpg
L,11,810,DTASET A-Z/L/810.jpg
L,11,811,DTASET A-Z/L/811.jpg
L,11,812,DTASET A-Z/L/812.jpg
L,11,813,DTASET A-Z/L/813.jpg
L,11,814,DTASET A-Z/L/814.jpg
L,11,815,DTASET A-Z/L/815.jpg
L,11,816,DTASET A-Z/L/816.jpg
L,11,817,DTASET A-Z/L/817.jpg
L,11,818,DTASET A-Z/L/818.jpg
L,11,819,DTASET A-Z/L/819.jpg
L,11,820,DTASET A-Z/L/820.jpg
L,11,821,DTASET A-Z/L/821.jpg
L,11,822,DTASET A-Z/L/822.jpg
L,11,823,DTASET A-Z/L/823.jpg
L,11,824,DTASET A-Z/L/824.jpg
L,11,825,DTASET A-Z/L/825.jpg
L,11,826,DTASET A-Z/L/826.jpg
L,11,827,DTASET A-Z/L/827.jpg
L,11,828,DTASET A-Z/L/828.jpg
L,11,829,DTASET A-Z/L/829.jpg
L,11,830,DTASET A-Z/L/830.jpg
L,11,831,DTASET A-Z/L/831.jpg
L,11,832,DTASET A-Z/L/832.jpg
L,11,833,DTASET A-Z/L/833.jpg
L,11,834,DTASET A-Z/L/834.jpg
L,11,835,DTASET A-Z/L/835.jpg
L,11,836,DTASET A-Z/L/836.jpg
L,11,837,DTASET A-Z/L/837.jpg
L,11,838,DTASET A-Z/L/838.jpg
L,11,839,DTASET A-Z/L/839.jpg
L,11,840,DTASET A-Z/L/840.jpg
L,11,841,DTASET A-Z/L/841.jpg
L,11,842,DTASET A-Z/L/842.jpg
L,11,843,DTASET A-Z/L/843.jpg
L,11,844,DTASET A-Z/L/844.jpg
L,11,845,DTASET A-Z/L/845.jpg
L,11,846,DTASET A-Z/L/846.jpg
L,11,847,DTASET A-Z/L/847.jpg
L,11,848,DTASET A-Z/L/848.jpg
L,11,849,DTASET A-Z/L/849.jpg
L,11,850,DTASET A-Z/L/850.jpg
L,11,851,DTASET A-Z/L/851.jpg
L,11,852,DTASET A-Z/L/852.jpg
L,11,853,DTASET A-Z/L/853.jpg
L,11,854,DTASET A-Z/L/854.jpg
L,11,855,DTASET A-Z/L/855.jpg
L,11,856,DTASET A-Z/L/856.jpg
L,11,857,DTASET A-Z/L/857.jpg
L,11,858,DTASET A-Z/L/858.jpg
L,11,859,DTASET A-Z/L/859.jpg
L,11,860,DTASET A-Z/L/860.jpg
L,11,861,DTASET A-Z/L/861.jpg
L,11,862,DTASET A-Z/L/862.jpg
L,11,863,DTASET A-Z/L/863.jpg
L,11,864,DTASET A-Z/L/864.jpg
L,11,865,DTASET A-Z/L/865.jpg
L,11,866,DTASET A-Z/L/866.jpg
L,11,867,DTASET A-Z/L/867.jpg
L,11,868,DTASET A-Z/L/868.jpg
L,11,869,DTASET A-Z/L/869.jpg
L,11,870,DTASET A-Z/L/870.jpg
L,11,871,DTASET A-Z/L/871.jpg
L,11,872,DTASET A-Z/L/872.jpg
L,11,873,DTASET A-Z/L/873.jpg
L,11,874,DTASET A-Z/L/874.jpg
L,11,875,DTASET A-Z/L/875.jpg
L,11,876,DTASET A-Z/L/876.jpg
L,11,877,DTASET A-Z/L/877.jpg
L,11,878,DTASET A-Z/L/878.jpg
L,11,879,DTASET A-Z/L/879.jpg
L,11,880,DTASET A-Z/L/880.jpg
L,11,881,DTASET A-Z/L/881.jpg
L,11,882,DTASET A-Z/L/882.jpg
L,11,883,DTASET A-Z/L/883.jpg
L,11,884,DTASET A-Z/L/884.jpg
L,11,885,DTASET A-Z/L/885.jpg
L,11,886,DTASET A-Z/L/886.jpg
L,11,887,DTASET A-Z/L/887.jpg
L,11,888,DTASET A-Z/L/888.jpg
L,11,889,DTASET A-Z/L/889.jpg
L,11,890,DTASET A-Z/L/890.jpg
L,11,891,DTASET A-Z/L/891.jpg
L,11,892,DTASET A-Z/L/892.jpg
L,11,893,DTASET A-Z/L/893.jpg
L,11,894,DTASET A-Z/L/894.jpg
L,11,895,DTASET A-Z/L/895.jpg
L,11,896,DTASET A-Z/L/896.jpg
L,11,897,DTASET A-Z/L/897.jpg
L,11,898,DTASET A-Z/L/898.jpg
L,11,899,DTASET A-Z/L/899.jpg
L,11,900,DTASET A-Z/L/900.jpg
L,11,901,DTASET A-Z/L/901.jpg
L,11,902,DTASET A-Z/L/902.jpg
L,11,903,DTASET A-Z/L/903.jpg
L,11,904,DTASET A-Z/L/904.jpg
L,11,905,DTASET A-Z/L/905.jpg
L,11,906,DTASET A-Z/L/906.jpg
L,11,907,DTASET A-Z/L/907.jpg
L,11,908,DTASET A-Z/L/908.jpg
L,11,909,DTASET A-Z/L/909.jpg
L,11,910,DTASET A-Z/L/910.jpg
L,11,911,DTASET A-Z/L/911.jpg
L,11,912,DTASET A-Z/L/912.jpg
L,11,913,DTASET A-Z/L/913.jpg
L,11,914,DTASET A-Z/L/914.jpg
L,11,915,DTASET A-Z/L/915.jpg
L,11,916,DTASET A-Z/L/916.jpg
L,11,917,DTASET A-Z/L/917.jpg
L,11,918,DTASET A-Z/L/918.jpg
L,11,919,DTASET A-Z/L/919.jpg
L,11,920,DTASET A-Z/L/920.jpg
L,11,921,DTASET A-Z/L/921.jpg
L,11,922,DTASET A-Z/L/922.jpg
L,11,923,DTASET A-Z/L/923.jpg
L,11,924,DTASET A-Z/L/924.jpg
L,11,925,DTASET A-Z/L/925.jpg
L,11,926,DTASET A-Z/L/926.jpg
L,11,927,DTASET A-Z/L/927.jpg
L,11,928,DTASET A-Z/L/928.jpg
L,11,929,DTASET A-Z/L/929.jpg
L,11,930,DTASET A-Z/L/930.jpg
L,11,931,DTASET A-Z/L/931.jpg
L,11,932,DTASET A-Z/L/932.jpg
L,11,933,DTASET A-Z/L/933.jpg
L,11,934,DTASET A-Z/L/934.jpg
L,11,935,DTASET A-Z/L/935.jpg
L,11,936,DTASET A-Z/L/936.jpg
L,11,937,DTASET A-Z/L/937.jpg
L,11,938,DTASET A-Z/L/938.jpg
L,11,939,DTASET A-Z/L/939.jpg
L,11,940,DTASET A-Z/L/940.jpg
L,11,941,DTASET A-Z/L/941.jpg
L,11,942,DTASET A-Z/L/942.jpg
L,11,943,DTASET A-Z/L/943.jpg
L,11,944,DTASET A-Z/L/944.jpg
L,11,945,DTASET A-Z/L/945.jpg
L,11,946,DTASET A-Z/L/946.jpg
L,11,947,DTASET A-Z/L/947.jpg
L,11,948,DTASET A-Z/L/948.jpg
L,11,949,DTASET A-Z/L/949.jpg
L,11,950,DTASET A-Z/L/950.jpg
L,11,951,DTASET A-Z/L/951.jpg
L,11,952,DTASET A-Z/L/952.jpg
L,11,953,DTASET A-Z/L/953.jpg
L,11,954,DTASET A-Z/L/954.jpg
L,11,955,DTASET A-Z/L/955.jpg
L,11,956,DTASET A-Z/L/956.jpg
L,11,957,DTASET A-Z/L/957.jpg
L,11,958,DTASET A-Z/L/958.jpg
L,11,959,DTASET A-Z/L/959.jpg
L,11,960,DTASET A-Z/L/960.jpg
L,11,961,DTASET A-Z/L/961.jpg
L,11,962,DTASET A-Z/L/962.jpg
L,11,963,DTASET A-Z/L/963.jpg
L,11,964,DTASET A-Z/L/964.jpg
L,11,965,DTASET A-Z/L/965.jpg
L,11,966,DTASET A-Z/L/966.jpg
L,11,967,DTASET A-Z/L/967.jpg
L,11,968,DTASET A-Z/L/968.jpg
L,11,969,DTASET A-Z/L/969.jpg
L,11,970,DTASET A-Z/L/970.jpg
L,11,971,DTASET A-Z/L/971.jpg
L,11,972,DTASET A-Z/L/972.jpg
L,11,973,DTASET A-Z/L/973.jpg
L,11,974,DTASET A-Z/L/974.jpg
L,11,975,DTASET A-Z/L/975.jpg
L,11,976,DTASET A-Z/L/976.jpg
L,11,977,DTASET A-Z/L/977.jpg
L,11,978,DTASET A-Z/L/978.jpg
L,11,979,DTASET A-Z/L/979.jpg
L,11,980,DTASET A-Z/L/980.jpg
L,11,981,DTASET A-Z/L/981.jpg
L,11,982,DTASET A-Z/L/982.jpg
L,11,983,DTASET A-Z/L/983.jpg
L,11,984,DTASET A-Z/L/984.jpg
L,11,985,DTASET A-Z/L/985.jpg
L,11,986,DTASET A-Z/L/986.jpg
L,11,987,DTASET A-Z/L/987.jpg
L,11,988,DTASET A-Z/L/988.jpg
L,11,989,DTASET A-Z/L/989.jpg
L,11,990,DTASET A-Z/L/990.jpg
L,11,991,DTASET A-Z/L/991.jpg
L,11,992,DTASET A-Z/L/992.jpg
L,11,993,DTASET A-Z/L/993.jpg
L,11,994,DTASET A-Z/L/994.jpg
L,11,995,DTASET A-Z/L/995.jpg
L,11,996,DTASET A-Z/L/996.jpg
L,11,997,DTASET A-Z/L/997.jpg
L,11,998,DTASET A-Z/L/998.jpg
L,11,999,DTASET A-Z/L/999.jpg
L,11,1000,DTASET A-Z/L/1000.jpg
L,11,1001,DTASET A-Z/L/1001.jpg
L,11,1002,DTASET A-Z/L/1002.jpg
L,11,1003,DTASET A-Z/L/1003.jpg
L,11,1004,DTASET A-Z/L/1004.jpg
L,11,1005,DTASET A-Z/L/1005.jpg
L,11,1006,DTASET A-Z/L/1006.jpg
L,11,1007,DTASET A-Z/L/1007.jpg
L,11,1008,DTASET A-Z/L/1008.jpg
L,11,1009,DTASET A-Z/L/1009.jpg
L,11,1010,DTASET A-Z/L/1010.jpg
L,11,1011,DTASET A-Z/L/1011.jpg
L,11,1012,DTASET A-Z/L/1012.jpg
L,11,1013,DTASET A-Z/L/1013.jpg
L,11,1014,DTASET A-Z/L/1014.jpg
L,11,1015,DTASET A-Z/L/1015.jpg
L,11,1016,DTASET A-Z/L/1016.jpg
L,11,1017,DTASET A-Z/L/1017.jpg
L,11,1018,DTASET A-Z/L/1018.jpg
L,11,1019,DTASET A-Z/L/1019.jpg
L,11,1020,DTASET A-Z/L/1020.jpg
L,11,1021,DTASET A-Z/L/1021.jpg
L,11,1022,DTASET A-Z/L/1022.jpg
L,11,1023,DTASET A-Z/L/1023.jpg
L,11,1024,DTASET A-Z/L/1024.jpg
L,11,1025,DTASET A-Z/L/1025.jpg
L,11,1026,DTASET A-Z/L/1026.jpg
L,11,1027,DTASET A-Z/L/1027.jpg
L,11,1028,DTASET A-Z/L/1028.jpg
L,11,1029,DTASET A-Z/L/1029.jpg
L,11,1030,DTASET A-Z/L/1030.jpg
L,11,1031,DTASET A-Z/L/1031.jpg
L,11,1032,DTASET A-Z/L/1032.jpg
L,11,1033,DTASET A-Z/L/1033.jpg
L,11,1034,DTASET A-Z/L/1034.jpg
L,11,1035,DTASET A-Z/L/1035.jpg
L,11,1036,DTASET A-Z/L/1036.jpg
L,11,1037,DTASET A-Z/L/1037.jpg
L,11,1038,DTASET A-Z/L/1038.jpg
L,11,1039,DTASET A-Z/L/1039.jpg
L,11,1040,DTASET A-Z/L/1040.jpg
L,11,1041,DTASET A-Z/L/1041.jpg
L,11,1042,DTASET A-Z/L/1042.jpg
L,11,1043,DTASET A-Z/L/1043.jpg
L,11,1044,DTASET A-Z/L/1044.jpg
L,11,1045,DTASET A-Z/L/1045.jpg
L,11,1046,DTASET A-Z/L/1046.jpg
L,11,1047,DTASET A-Z/L/1047.jpg
L,11,1048,DTASET A-Z/L/1048.jpg
L,11,1049,DTASET A-Z/L/1049.jpg
L,11,1050,DTASET A-Z/L/1050.jpg
L,11,1051,DTASET A-Z/L/1051.jpg
L,11,1052,DTASET A-Z/L/1052.jpg
L,11,1053,DTASET A-Z/L/1053.jpg
L,11,1054,DTASET A-Z/L/1054.jpg
L,11,1055,DTASET A-Z/L/1055.jpg
L,11,1056,DTASET A-Z/L/1056.jpg
L,11,1057,DTASET A-Z/L/1057.jpg
L,11,1058,DTASET A-Z/L/1058.jpg
L,11,1059,DTASET A-Z/L/1059.jpg
L,11,1060,DTASET A-Z/L/1060.jpg
L,11,1061,DTASET A-Z/L/1061.jpg
L,11,1062,DTASET A-Z/L/1062.jpg
L,11,1063,DTASET A-Z/L/1063.jpg
L,11,1064,DTASET A-Z/L/1064.jpg
L,11,1065,DTASET A-Z/L/1065.jpg
L,11,1066,DTASET A-Z/L/1066.jpg
L,11,1067,DTASET A-Z/L/1067.jpg
L,11,1068,DTASET A-Z/L/1068.jpg
L,11,1069,DTASET A-Z/L/1069.jpg
L,11,1070,DTASET A-Z/L/1070.jpg
L,11,1071,DTASET A-Z/L/1071.jpg
L,11,1072,DTASET A-Z/L/1072.jpg
L,11,1073,DTASET A-Z/L/1073.jpg
L,11,1074,DTASET A-Z/L/1074.jpg
L,11,1075,DTASET A-Z/L/1075.jpg
L,11,1076,DTASET A-Z/L/1076.jpg
L,11,1077,DTASET A-Z/L/1077.jpg
L,11,1078,DTASET A-Z/L/1078.jpg
L,11,1079,DTASET A-Z/L/1079.jpg
L,11,1080,DTASET A-Z/L/1080.jpg
L,11,1081,DTASET A-Z/L/1081.jpg
L,11,1082,DTASET A-Z/L/1082.jpg
L,11,1083,DTASET A-Z/L/1083.jpg
L,11,1084,DTASET A-Z/L/1084.jpg
L,11,1085,DTASET A-Z/L/1085.jpg
L,11,1086,DTASET A-Z/L/1086.jpg
L,11,1087,DTASET A-Z/L/1087.jpg
L,11,1088,DTASET A-Z/L/1088.jpg
L,11,1089,DTASET A-Z/L/1089.jpg
L,11,1090,DTASET A-Z/L/1090.jpg
L,11,1091,DTASET A-Z/L/1091.jpg
L,11,1092,DTASET A-Z/L/1092.jpg
L,11,1093,DTASET A-Z/L/1093.jpg
L,11,1094,DTASET A-Z/L/1094.jpg
L,11,1095,DTASET A-Z/L/1095.jpg
L,11,1096,DTASET A-Z/L/1096.jpg
L,11,1097,DTASET A-Z/L/1097.jpg
L,11,1098,DTASET A-Z/L/1098.jpg
L,11,1099,DTASET A-Z/L/1099.jpg
L,11,1100,DTASET A-Z/L/1100.jpg
L,11,1101,DTASET A-Z/L/1101.jpg
L,11,1102,DTASET A-Z/L/1102.jpg
L,11,1103,DTASET A-Z/L/1103.jpg
L,11,1104,DTASET A-Z/L/1104.jpg
L,11,1105,DTASET A-Z/L/1105.jpg
L,11,1106,DTASET A-Z/L/1106.jpg
L,11,1107,DTASET A-Z/L/1107.jpg
L,11,1108,DTASET A-Z/L/1108.jpg
L,11,1109,DTASET A-Z/L/1109.jpg
L,11,1110,DTASET A-Z/L/1110.jpg
L,11,1111,DTASET A-Z/L/1111.jpg
L,11,1112,DTASET A-Z/L/1112.jpg
L,11,1113,DTASET A-Z/L/1113.jpg
L,11,1114,DTASET A-Z/L/1114.jpg
L,11,1115,DTASET A-Z/L/1115.jpg
L,11,1116,DTASET A-Z/L/1116.jpg
L,11,1117,DTASET A-Z/L/1117.jpg
L,11,1118,DTASET A-Z/L/1118.jpg
L,11,1119,DTASET A-Z/L/1119.jpg
L,11,1120,DTASET A-Z/L/1120.jpg
L,11,1121,DTASET A-Z/L/1121.jpg
L,11,1122,DTASET A-Z/L/1122.jpg
L,11,1123,DTASET A-Z/L/1123.jpg
L,11,1124,DTASET A-Z/L/1124.jpg
L,11,1125,DTASET A-Z/L/1125.jpg
L,11,1126,DTASET A-Z/L/1126.jpg
L,11,1127,DTASET A-Z/L/1127.jpg
L,11,1128,DTASET A-Z/L/1128.jpg
L,11,1129,DTASET A-Z/L/1129.jpg
L,11,1130,DTASET A-Z/L/1130.jpg
L,11,1131,DTASET A-Z/L/1131.jpg
L,11,1132,DTASET A-Z/L/1132.jpg
L,11,1133,DTASET A-Z/L/1133.jpg
L,11,1134,DTASET A-Z/L/1134.jpg
L,11,1135,DTASET A-Z/L/1135.jpg
L,11,1136,DTASET A-Z/L/1136.jpg
L,11,1137,DTASET A-Z/L/1137.jpg
L,11,1138,DTASET A-Z/L/1138.jpg
L,11,1139,DTASET A-Z/L/1139.jpg
L,11,1140,DTASET A-Z/L/1140.jpg
L,11,1141,DTASET A-Z/L/1141.jpg
L,11,1142,DTASET A-Z/L/1142.jpg
L,11,1143,DTASET A-Z/L/1143.jpg
L,11,1144,DTASET A-Z/L/1144.jpg
L,11,1145,DTASET A-Z/L/1145.jpg
L,11,1146,DTASET A-Z/L/1146.jpg
L,11,1147,DTASET A-Z/L/1147.jpg
L,11,1148,DTASET A-Z/L/1148.jpg
L,11,1149,DTASET A-Z/L/1149.jpg
L,11,1150,DTASET A-Z/L/1150.jpg
L,11,1151,DTASET A-Z/L/1151.jpg
L,11,1152,DTASET A-Z/L/1152.jpg
L,11,1153,DTASET A-Z/L/1153.jpg
L,11,1154,DTASET A-Z/L/1154.jpg
L,11,1155,DTASET A-Z/L/1155.jpg
L,11,1156,DTASET A-Z/L/1156.jpg
L,11,1157,DTASET A-Z/L/1157.jpg
L,11,1158,DTASET A-Z/L/1158.jpg
L,11,1159,DTASET A-Z/L/1159.jpg
L,11,1160,DTASET A-Z/L/1160.jpg
L,11,1161,DTASET A-Z/L/1161.jpg
L,11,1162,DTASET A-Z/L/1162.jpg
L,11,1163,DTASET A-Z/L/1163.jpg
L,11,1164,DTASET A-Z/L/1164.jpg
L,11,1165,DTASET A-Z/L/1165.jpg
L,11,1166,DTASET A-Z/L/1166.jpg
L,11,1167,DTASET A-Z/L/1167.jpg
L,11,1168,DTASET A-Z/L/1168.jpg
L,11,1169,DTASET A-Z/L/1169.jpg
L,11,1170,DTASET A-Z/L/1170.jpg
L,11,1171,DTASET A-Z/L/1171.jpg
L,11,1172,DTASET A-Z/L/1172.jpg
L,11,1173,DTASET A-Z/L/1173.jpg
L,11,1174,DTASET A-Z/L/1174.jpg
L,11,1175,DTASET A-Z/L/1175.jpg
L,11,1176,DTASET A-Z/L/1176.jpg
L,11,1177,DTASET A-Z/L/1177.jpg
L,11,1178,DTASET A-Z/L/1178.jpg
L,11,1179,DTASET A-Z/L/1179.jpg
L,11,1180,DTASET A-Z/L/1180.jpg
L,11,1181,DTASET A-Z/L/1181.jpg
L,11,1182,DTASET A-Z/L/1182.jpg
L,11,1183,DTASET A-Z/L/1183.jpg
L,11,1184,DTASET A-Z/L/1184.jpg
L,11,1185,DTASET A-Z/L/1185.jpg
L,11,1186,DTASET A-Z/L/1186.jpg
L,11,1187,DTASET A-Z/L/1187.jpg
L,11,1188,DTASET A-Z/L/1188.jpg
L,11,1189,DTASET A-Z/L/1189.jpg
L,11,1190,DTASET A-Z/L/1190.jpg
L,11,1191,DTASET A-Z/L/1191.jpg
L,11,1192,DTASET A-Z/L/1192.jpg
L,11,1193,DTASET A-Z/L/1193.jpg
L,11,1194,DTASET A-Z/L/1194.jpg
L,11,1195,DTASET A-Z/L/1195.jpg
L,11,1196,DTASET A-Z/L/1196.jpg
L,11,1197,DTASET A-Z/L/1197.jpg
L,11,1198,DTASET A-Z/L/1198.jpg
L,11,1199,DTASET A-Z/L/1199.jpg
M,12,0,DTASET A-Z/M/0.jpg
M,12,1,DTASET A-Z/M/1.jpg
M,12,2,DTASET A-Z/M/2.jpg
M,12,3,DTASET A-Z/M/3.jpg
M,12,4,DTASET A-Z/M/4.jpg
M,12,5,DTASET A-Z/M/5.jpg
M,12,6,DTASET A-Z/M/6.jpg
M,12,7,DTASET A-Z/M/7.jpg
M,12,8,DTASET A-Z/M/8.jpg
M,12,9,DTASET A-Z/M/9.jpg
M,12,10,DTASET A-Z/M/10.jpg
M,12,11,DTASET A-Z/M/11.jpg
M,12,12,DTASET A-Z/M/12.jpg
M,12,13,DTASET A-Z/M/13.jpg
M,12,14,DTASET A-Z/M/14.jpg
M,12,15,DTASET A-Z/M/15.jpg
M,12,16,DTASET A-Z/M/16.jpg
M,12,17,DTASET A-Z/M/17.jpg
M,12,18,DTASET A-Z/M/18.jpg
M,12,19,DTASET A-Z/M/19.jpg
M,12,20,DTASET A-Z/M/20.jpg
M,12,21,DTASET A-Z/M/21.jpg
M,12,22,DTASET A-Z/M/22.jpg
M,12,23,DTASET A-Z/M/23.jpg
M,12,24,DTASET A-Z/M/24.jpg
M,12,25,DTASET A-Z/M/25.jpg
M,12,26,DTASET A-Z/M/26.jpg
M,12,27,DTASET A-Z/M/27.jpg
M,12,28,DTASET A-Z/M/28.jpg
M,12,29,DTASET A-Z/M/29.jpg
M,12,30,DTASET A-Z/M/30.jpg
M,12,31,DTASET A-Z/M/31.jpg
M,12,32,DTASET A-Z/M/32.jpg
M,12,33,DTASET A-Z/M/33.jpg
M,12,34,DTASET A-Z/M/34.jpg
M,12,35,DTASET A-Z/M/35.jpg
M,12,36,DTASET A-Z/M/36.jpg
M,12,37,DTASET A-Z/M/37.jpg
M,12,38,DTASET A-Z/M/38.jpg
M,12,39,DTASET A-Z/M/39.jpg
M,12,40,DTASET A-Z/M/40.jpg
M,12,41,DTASET A-Z/M/41.jpg
M,12,42,DTASET A-Z/M/42.jpg
M,12,43,DTASET A-Z/M/43.jpg
M,12,44,DTASET A-Z/M/44.jpg
M,12,45,DTASET A-Z/M/45.jpg
M,12,46,DTASET A-Z/M/46.jpg
M,12,47,DTASET A-Z/M/47.jpg
M,12,48,DTASET A-Z/M/48.jpg
M,12,49,DTASET A-Z/M/49.jpg
M,12,50,DTASET A-Z/M/50.jpg
M,12,51,DTASET A-Z/M/51.jpg
M,12,52,DTASET A-Z/M/52.jpg
M,12,53,DTASET A-Z/M/53.jpg
M,12,54,DTASET A-Z/M/54.jpg
M,12,55,DTASET A-Z/M/55.jpg
M,12,56,DTASET A-Z/M/56.jpg
M,12,57,DTASET A-Z/M/57.jpg
M,12,58,DTASET A-Z/M/58.jpg
M,12,59,DTASET A-Z/M/59.jpg
M,12,60,DTASET A-Z/M/60.jpg
M,12,61,DTASET A-Z/M/61.jpg
M,12,62,DTASET A-Z/M/62.jpg
M,12,63,DTASET A-Z/M/63.jpg
M,12,64,DTASET A-Z/M/64.jpg
M,12,65,DTASET A-Z/M/65.jpg
M,12,66,DTASET A-Z/M/66.jpg
M,12,67,DTASET A-Z/M/67.jpg
M,12,68,DTASET A-Z/M/68.jpg
M,12,69,DTASET A-Z/M/69.jpg
M,12,70,DTASET A-Z/M/70.jpg
M,12,71,DTASET A-Z/M/71.jpg
M,12,72,DTASET A-Z/M/72.jpg
M,12,73,DTASET A-Z/M/73.jpg
M,12,74,DTASET A-Z/M/74.jpg
M,12,75,DTASET A-Z/M/75.jpg
M,12,76,DTASET A-Z/M/76.jpg
M,12,77,DTASET A-Z/M/77.jpg
M,12,78,DTASET A-Z/M/78.jpg
M,12,79,DTASET A-Z/M/79.jpg
M,12,80,DTASET A-Z/M/80.jpg
M,12,81,DTASET A-Z/M/81.jpg
M,12,82,DTASET A-Z/M/82.jpg
M,12,83,DTASET A-Z/M/83.jpg
M,12,84,DTASET A-Z/M/84.jpg
M,12,85,DTASET A-Z/M/85.jpg
M,12,86,DTASET A-Z/M/86.jpg
M,12,87,DTASET A-Z/M/87.jpg
M,12,88,DTASET A-Z/M/88.jpg
M,12,89,DTASET A-Z/M/89.jpg
M,12,90,DTASET A-Z/M/90.jpg
M,12,91,DTASET A-Z/M/91.jpg
M,12,92,DTASET A-Z/M/92.jpg
M,12,93,DTASET A-Z/M/93.jpg
M,12,94,DTASET A-Z/M/94.jpg
M,12,95,DTASET A-Z/M/95.jpg
M,12,96,DTASET A-Z/M/96.jpg
M,12,97,DTASET A-Z/M/97.jpg
M,12,98,DTASET A-Z/M/98.jpg
M,12,99,DTASET A-Z/M/99.jpg
M,12,100,DTASET A-Z/M/100.jpg
M,12,101,DTASET A-Z/M/101.jpg
M,12,102,DTASET A-Z/M/102.jpg
M,12,103,DTASET A-Z/M/103.jpg
M,12,104,DTASET A-Z/M/104.jpg
M,12,105,DTASET A-Z/M/105.jpg
M,12,106,DTASET A-Z/M/106.jpg
M,12,107,DTASET A-Z/M/107.jpg
M,12,108,DTASET A-Z/M/108.jpg
M,12,109,DTASET A-Z/M/109.jpg
M,12,110,DTASET A-Z/M/110.jpg
M,12,111,DTASET A-Z/M/111.jpg
M,12,112,DTASET A-Z/M/112.jpg
M,12,113,DTASET A-Z/M/113.jpg
M,12,114,DTASET A-Z/M/114.jpg
M,12,115,DTASET A-Z/M/115.jpg
M,12,116,DTASET A-Z/M/116.jpg
M,12,117,DTASET A-Z/M/117.jpg
M,12,118,DTASET A-Z/M/118.jpg
M,12,119,DTASET A-Z/M/119.jpg
M,12,120,DTASET A-Z/M/120.jpg
M,12,121,DTASET A-Z/M/121.jpg
M,12,122,DTASET A-Z/M/122.jpg
M,12,123,DTASET A-Z/M/123.jpg
M,12,124,DTASET A-Z/M/124.jpg
M,12,125,DTASET A-Z/M/125.jpg
M,12,126,DTASET A-Z/M/126.jpg
M,12,127,DTASET A-Z/M/127.jpg
M,12,128,DTASET A-Z/M/128.jpg
M,12,129,DTASET A-Z/M/129.jpg
M,12,130,DTASET A-Z/M/130.jpg
M,12,131,DTASET A-Z/M/131.jpg
M,12,132,DTASET A-Z/M/132.jpg
M,12,133,DTASET A-Z/M/133.jpg
M,12,134,DTASET A-Z/M/134.jpg
M,12,135,DTASET A-Z/M/135.jpg
M,12,136,DTASET A-Z/M/136.jpg
M,12,137,DTASET A-Z/M/137.jpg
M,12,138,DTASET A-Z/M/138.jpg
M,12,139,DTASET A-Z/M/139.jpg
M,12,140,DTASET A-Z/M/140.jpg
M,12,141,DTASET A-Z/M/141.jpg
M,12,142,DTASET A-Z/M/142.jpg
M,12,143,DTASET A-Z/M/143.jpg
M,12,144,DTASET A-Z/M/144.jpg
M,12,145,DTASET A-Z/M/145.jpg
M,12,146,DTASET A-Z/M/146.jpg
M,12,147,DTASET A-Z/M/147.jpg
M,12,148,DTASET A-Z/M/148.jpg
M,12,149,DTASET A-Z/M/149.jpg
M,12,150,DTASET A-Z/M/150.jpg
M,12,151,DTASET A-Z/M/151.jpg
M,12,152,DTASET A-Z/M/152.jpg
M,12,153,DTASET A-Z/M/153.jpg
M,12,154,DTASET A-Z/M/154.jpg
M,12,155,DTASET A-Z/M/155.jpg
M,12,156,DTASET A-Z/M/156.jpg
M,12,157,DTASET A-Z/M/157.jpg
M,12,158,DTASET A-Z/M/158.jpg
M,12,159,DTASET A-Z/M/159.jpg
M,12,160,DTASET A-Z/M/160.jpg
M,12,161,DTASET A-Z/M/161.jpg
M,12,162,DTASET A-Z/M/162.jpg
M,12,163,DTASET A-Z/M/163.jpg
M,12,164,DTASET A-Z/M/164.jpg
M,12,165,DTASET A-Z/M/165.jpg
M,12,166,DTASET A-Z/M/166.jpg
M,12,167,DTASET A-Z/M/167.jpg
M,12,168,DTASET A-Z/M/168.jpg
M,12,169,DTASET A-Z/M/169.jpg
M,12,170,DTASET A-Z/M/170.jpg
M,12,171,DTASET A-Z/M/171.jpg
M,12,172,DTASET A-Z/M/172.jpg
M,12,173,DTASET A-Z/M/173.jpg
M,12,174,DTASET A-Z/M/174.jpg
M,12,175,DTASET A-Z/M/175.jpg
M,12,176,DTASET A-Z/M/176.jpg
M,12,177,DTASET A-Z/M/177.jpg
M,12,178,DTASET A-Z/M/178.jpg
M,12,179,DTASET A-Z/M/179.jpg
M,12,180,DTASET A-Z/M/180.jpg
M,12,181,DTASET A-Z/M/181.jpg
M,12,182,DTASET A-Z/M/182.jpg
M,12,183,DTASET A-Z/M/183.jpg
M,12,184,DTASET A-Z/M/184.jpg
M,12,185,DTASET A-Z/M/185.jpg
M,12,186,DTASET A-Z/M/186.jpg
M,12,187,DTASET A-Z/M/187.jpg
M,12,188,DTASET A-Z/M/188.jpg
M,12,189,DTASET A-Z/M/189.jpg
M,12,190,DTASET A-Z/M/190.jpg
M,12,191,DTASET A-Z/M/191.jpg
M,12,192,DTASET A-Z/M/192.jpg
M,12,193,DTASET A-Z/M/193.jpg
M,12,194,DTASET A-Z/M/194.jpg
M,12,195,DTASET A-Z/M/195.jpg
M,12,196,DTASET A-Z/M/196.jpg
M,12,197,DTASET A-Z/M/197.jpg
M,12,198,DTASET A-Z/M/198.jpg
M,12,199,DTASET A-Z/M/199.jpg
M,12,200,DTASET A-Z/M/200.jpg
M,12,201,DTASET A-Z/M/201.jpg
M,12,202,DTASET A-Z/M/202.jpg
M,12,203,DTASET A-Z/M/203.jpg
M,12,204,DTASET A-Z/M/204.jpg
M,12,205,DTASET A-Z/M/205.jpg
M,12,206,DTASET A-Z/M/206.jpg
M,12,207,DTASET A-Z/M/207.jpg
M,12,208,DTASET A-Z/M/208.jpg
M,12,209,DTASET A-Z/M/209.jpg
M,12,210,DTASET A-Z/M/210.jpg
M,12,211,DTASET A-Z/M/211.jpg
M,12,212,DTASET A-Z/M/212.jpg
M,12,213,DTASET A-Z/M/213.jpg
M,12,214,DTASET A-Z/M/214.jpg
M,12,215,DTASET A-Z/M/215.jpg
M,12,216,DTASET A-Z/M/216.jpg
M,12,217,DTASET A-Z/M/217.jpg
M,12,218,DTASET A-Z/M/218.jpg
M,12,219,DTASET A-Z/M/219.jpg
M,12,220,DTASET A-Z/M/220.jpg
M,12,221,DTASET A-Z/M/221.jpg
M,12,222,DTASET A-Z/M/222.jpg
M,12,223,DTASET A-Z/M/223.jpg
M,12,224,DTASET A-Z/M/224.jpg
M,12,225,DTASET A-Z/M/225.jpg
M,12,226,DTASET A-Z/M/226.jpg
M,12,227,DTASET A-Z/M/227.jpg
M,12,228,DTASET A-Z/M/228.jpg
M,12,229,DTASET A-Z/M/229.jpg
M,12,230,DTASET A-Z/M/230.jpg
M,12,231,DTASET A-Z/M/231.jpg
M,12,232,DTASET A-Z/M/232.jpg
M,12,233,DTASET A-Z/M/233.jpg
M,12,234,DTASET A-Z/M/234.jpg
M,12,235,DTASET A-Z/M/235.jpg
M,12,236,DTASET A-Z/M/236.jpg
M,12,237,DTASET A-Z/M/237.jpg
M,12,238,DTASET A-Z/M/238.jpg
M,12,239,DTASET A-Z/M/239.jpg
M,12,240,DTASET A-Z/M/240.jpg
M,12,241,DTASET A-Z/M/241.jpg
M,12,242,DTASET A-Z/M/242.jpg
M,12,243,DTASET A-Z/M/243.jpg
M,12,244,DTASET A-Z/M/244.jpg
M,12,245,DTASET A-Z/M/245.jpg
M,12,246,DTASET A-Z/M/246.jpg
M,12,247,DTASET A-Z/M/247.jpg
M,12,248,DTASET A-Z/M/248.jpg
M,12,249,DTASET A-Z/M/249.jpg
M,12,250,DTASET A-Z/M/250.jpg
M,12,251,DTASET A-Z/M/251.jpg
M,12,252,DTASET A-Z/M/252.jpg
M,12,253,DTASET A-Z/M/253.jpg
M,12,254,DTASET A-Z/M/254.jpg
M,12,255,DTASET A-Z/M/255.jpg
M,12,256,DTASET A-Z/M/256.jpg
M,12,257,DTASET A-Z/M/257.jpg
M,12,258,DTASET A-Z/M/258.jpg
M,12,259,DTASET A-Z/M/259.jpg
M,12,260,DTASET A-Z/M/260.jpg
M,12,261,DTASET A-Z/M/261.jpg
M,12,262,DTASET A-Z/M/262.jpg
M,12,263,DTASET A-Z/M/263.jpg
M,12,264,DTASET A-Z/M/264.jpg
M,12,265,DTASET A-Z/M/265.jpg
M,12,266,DTASET A-Z/M/266.jpg
M,12,267,DTASET A-Z/M/267.jpg
M,12,268,DTASET A-Z/M/268.jpg
M,12,269,DTASET A-Z/M/269.jpg
M,12,270,DTASET A-Z/M/270.jpg
M,12,271,DTASET A-Z/M/271.jpg
M,12,272,DTASET A-Z/M/272.jpg
M,12,273,DTASET A-Z/M/273.jpg
M,12,274,DTASET A-Z/M/274.jpg
M,12,275,DTASET A-Z/M/275.jpg
M,12,276,DTASET A-Z/M/276.jpg
M,12,277,DTASET A-Z/M/277.jpg
M,12,278,DTASET A-Z/M/278.jpg
M,12,279,DTASET A-Z/M/279.jpg
M,12,280,DTASET A-Z/M/280.jpg
M,12,281,DTASET A-Z/M/281.jpg
M,12,282,DTASET A-Z/M/282.jpg
M,12,283,DTASET A-Z/M/283.jpg
M,12,284,DTASET A-Z/M/284.jpg
M,12,285,DTASET A-Z/M/285.jpg
M,12,286,DTASET A-Z/M/286.jpg
M,12,287,DTASET A-Z/M/287.jpg
M,12,288,DTASET A-Z/M/288.jpg
M,12,289,DTASET A-Z/M/289.jpg
M,12,290,DTASET A-Z/M/290.jpg
M,12,291,DTASET A-Z/M/291.jpg
M,12,292,DTASET A-Z/M/292.jpg
M,12,293,DTASET A-Z/M/293.jpg
M,12,294,DTASET A-Z/M/294.jpg
M,12,295,DTASET A-Z/M/295.jpg
M,12,296,DTASET A-Z/M/296.jpg
M,12,297,DTASET A-Z/M/297.jpg
M,12,298,DTASET A-Z/M/298.jpg
M,12,299,DTASET A-Z/M/299.jpg
M,12,300,DTASET A-Z/M/300.jpg
M,12,301,DTASET A-Z/M/301.jpg
M,12,302,DTASET A-Z/M/302.jpg
M,12,303,DTASET A-Z/M/303.jpg
M,12,304,DTASET A-Z/M/304.jpg
M,12,305,DTASET A-Z/M/305.jpg
M,12,306,DTASET A-Z/M/306.jpg
M,12,307,DTASET A-Z/M/307.jpg
M,12,308,DTASET A-Z/M/308.jpg
M,12,309,DTASET A-Z/M/309.jpg
M,12,310,DTASET A-Z/M/310.jpg
M,12,311,DTASET A-Z/M/311.jpg
M,12,312,DTASET A-Z/M/312.jpg
M,12,313,DTASET A-Z/M/313.jpg
M,12,314,DTASET A-Z/M/314.jpg
M,12,315,DTASET A-Z/M/315.jpg
M,12,316,DTASET A-Z/M/316.jpg
M,12,317,DTASET A-Z/M/317.jpg
M,12,318,DTASET A-Z/M/318.jpg
M,12,319,DTASET A-Z/M/319.jpg
M,12,320,DTASET A-Z/M/320.jpg
M,12,321,DTASET A-Z/M/321.jpg
M,12,322,DTASET A-Z/M/322.jpg
M,12,323,DTASET A-Z/M/323.jpg
M,12,324,DTASET A-Z/M/324.jpg
M,12,325,DTASET A-Z/M/325.jpg
M,12,326,DTASET A-Z/M/326.jpg
M,12,327,DTASET A-Z/M/327.jpg
M,12,328,DTASET A-Z/M/328.jpg
M,12,329,DTASET A-Z/M/329.jpg
M,12,330,DTASET A-Z/M/330.jpg
M,12,331,DTASET A-Z/M/331.jpg
M,12,332,DTASET A-Z/M/332.jpg
M,12,333,DTASET A-Z/M/333.jpg
M,12,334,DTASET A-Z/M/334.jpg
M,12,335,DTASET A-Z/M/335.jpg
M,12,336,DTASET A-Z/M/336.jpg
M,12,337,DTASET A-Z/M/337.jpg
M,12,338,DTASET A-Z/M/338.jpg
M,12,339,DTASET A-Z/M/339.jpg
M,12,340,DTASET A-Z/M/340.jpg
M,12,341,DTASET A-Z/M/341.jpg
M,12,342,DTASET A-Z/M/342.jpg
M,12,343,DTASET A-Z/M/343.jpg
M,12,344,DTASET A-Z/M/344.jpg
M,12,345,DTASET A-Z/M/345.jpg
M,12,346,DTASET A-Z/M/346.jpg
M,12,347,DTASET A-Z/M/347.jpg
M,12,348,DTASET A-Z/M/348.jpg
M,12,349,DTASET A-Z/M/349.jpg
M,12,350,DTASET A-Z/M/350.jpg
M,12,351,DTASET A-Z/M/351.jpg
M,12,352,DTASET A-Z/M/352.jpg
M,12,353,DTASET A-Z/M/353.jpg
M,12,354,DTASET A-Z/M/354.jpg
M,12,355,DTASET A-Z/M/355.jpg
M,12,356,DTASET A-Z/M/356.jpg
M,12,357,DTASET A-Z/M/357.jpg
M,12,358,DTASET A-Z/M/358.jpg
M,12,359,DTASET A-Z/M/359.jpg
M,12,360,DTASET A-Z/M/360.jpg
M,12,361,DTASET A-Z/M/361.jpg
M,12,362,DTASET A-Z/M/362.jpg
M,12,363,DTASET A-Z/M/363.jpg
M,12,364,DTASET A-Z/M/364.jpg
M,12,365,DTASET A-Z/M/365.jpg
M,12,366,DTASET A-Z/M/366.jpg
M,12,367,DTASET A-Z/M/367.jpg
M,12,368,DTASET A-Z/M/368.jpg
M,12,369,DTASET A-Z/M/369.jpg
M,12,370,DTASET A-Z/M/370.jpg
M,12,371,DTASET A-Z/M/371.jpg
M,12,372,DTASET A-Z/M/372.jpg
M,12,373,DTASET A-Z/M/373.jpg
M,12,374,DTASET A-Z/M/374.jpg
M,12,375,DTASET A-Z/M/375.jpg
M,12,376,DTASET A-Z/M/376.jpg
M,12,377,DTASET A-Z/M/377.jpg
M,12,378,DTASET A-Z/M/378.jpg
M,12,379,DTASET A-Z/M/379.jpg
M,12,380,DTASET A-Z/M/380.jpg
M,12,381,DTASET A-Z/M/381.jpg
M,12,382,DTASET A-Z/M/382.jpg
M,12,383,DTASET A-Z/M/383.jpg
M,12,384,DTASET A-Z/M/384.jpg
M,12,385,DTASET A-Z/M/385.jpg
M,12,386,DTASET A-Z/M/386.jpg
M,12,387,DTASET A-Z/M/387.jpg
M,12,388,DTASET A-Z/M/388.jpg
M,12,389,DTASET A-Z/M/389.jpg
M,12,390,DTASET A-Z/M/390.jpg
M,12,391,DTASET A-Z/M/391.jpg
M,12,392,DTASET A-Z/M/392.jpg
M,12,393,DTASET A-Z/M/393.jpg
M,12,394,DTASET A-Z/M/394.jpg
M,12,395,DTASET A-Z/M/395.jpg
M,12,396,DTASET A-Z/M/396.jpg
M,12,397,DTASET A-Z/M/397.jpg
M,12,398,DTASET A-Z/M/398.jpg
M,12,399,DTASET A-Z/M/399.jpg
M,12,400,DTASET A-Z/M/400.jpg
M,12,401,DTASET A-Z/M/401.jpg
M,12,402,DTASET A-Z/M/402.jpg
M,12,403,DTASET A-Z/M/403.jpg
M,12,404,DTASET A-Z/M/404.jpg
M,12,405,DTASET A-Z/M/405.jpg
M,12,406,DTASET A-Z/M/406.jpg
M,12,407,DTASET A-Z/M/407.jpg
M,12,408,DTASET A-Z/M/408.jpg
M,12,409,DTASET A-Z/M/409.jpg
M,12,410,DTASET A-Z/M/410.jpg
M,12,411,DTASET A-Z/M/411.jpg
M,12,412,DTASET A-Z/M/412.jpg
M,12,413,DTASET A-Z/M/413.jpg
M,12,414,DTASET A-Z/M/414.jpg
M,12,415,DTASET A-Z/M/415.jpg
M,12,416,DTASET A-Z/M/416.jpg
M,12,417,DTASET A-Z/M/417.jpg
M,12,418,DTASET A-Z/M/418.jpg
M,12,419,DTASET A-Z/M/419.jpg
M,12,420,DTASET A-Z/M/420.jpg
M,12,421,DTASET A-Z/M/421.jpg
M,12,422,DTASET A-Z/M/422.jpg
M,12,423,DTASET A-Z/M/423.jpg
M,12,424,DTASET A-Z/M/424.jpg
M,12,425,DTASET A-Z/M/425.jpg
M,12,426,DTASET A-Z/M/426.jpg
M,12,427,DTASET A-Z/M/427.jpg
M,12,428,DTASET A-Z/M/428.jpg
M,12,429,DTASET A-Z/M/429.jpg
M,12,430,DTASET A-Z/M/430.jpg
M,12,431,DTASET A-Z/M/431.jpg
M,12,432,DTASET A-Z/M/432.jpg
M,12,433,DTASET A-Z/M/433.jpg
M,12,434,DTASET A-Z/M/434.jpg
M,12,435,DTASET A-Z/M/435.jpg
M,12,436,DTASET A-Z/M/436.jpg
M,12,437,DTASET A-Z/M/437.jpg
M,12,438,DTASET A-Z/M/438.jpg
M,12,439,DTASET A-Z/M/439.jpg
M,12,440,DTASET A-Z/M/440.jpg
M,12,441,DTASET A-Z/M/441.jpg
M,12,442,DTASET A-Z/M/442.jpg
M,12,443,DTASET A-Z/M/443.jpg
M,12,444,DTASET A-Z/M/444.jpg
M,12,445,DTASET A-Z/M/445.jpg
M,12,446,DTASET A-Z/M/446.jpg
M,12,447,DTASET A-Z/M/447.jpg
M,12,448,DTASET A-Z/M/448.jpg
M,12,449,DTASET A-Z/M/449.jpg
M,12,450,DTASET A-Z/M/450.jpg
M,12,451,DTASET A-Z/M/451.jpg
M,12,452,DTASET A-Z/M/452.jpg
M,12,453,DTASET A-Z/M/453.jpg
M,12,454,DTASET A-Z/M/454.jpg
M,12,455,DTASET A-Z/M/455.jpg
M,12,456,DTASET A-Z/M/456.jpg
M,12,457,DTASET A-Z/M/457.jpg
M,12,458,DTASET A-Z/M/458.jpg
M,12,459,DTASET A-Z/M/459.jpg
M,12,460,DTASET A-Z/M/460.jpg
M,12,461,DTASET A-Z/M/461.jpg
M,12,462,DTASET A-Z/M/462.jpg
M,12,463,DTASET A-Z/M/463.jpg
M,12,464,DTASET A-Z/M/464.jpg
M,12,465,DTASET A-Z/M/465.jpg
M,12,466,DTASET A-Z/M/466.jpg
M,12,467,DTASET A-Z/M/467.jpg
M,12,468,DTASET A-Z/M/468.jpg
M,12,469,DTASET A-Z/M/469.jpg
M,12,470,DTASET A-Z/M/470.jpg
M,12,471,DTASET A-Z/M/471.jpg
M,12,472,DTASET A-Z/M/472.jpg
M,12,473,DTASET A-Z/M/473.jpg
M,12,474,DTASET A-Z/M/474.jpg
M,12,475,DTASET A-Z/M/475.jpg
M,12,476,DTASET A-Z/M/476.jpg
M,12,477,DTASET A-Z/M/477.jpg
M,12,478,DTASET A-Z/M/478.jpg
M,12,479,DTASET A-Z/M/479.jpg
M,12,480,DTASET A-Z/M/480.jpg
M,12,481,DTASET A-Z/M/481.jpg
M,12,482,DTASET A-Z/M/482.jpg
M,12,483,DTASET A-Z/M/483.jpg
M,12,484,DTASET A-Z/M/484.jpg
M,12,485,DTASET A-Z/M/485.jpg
M,12,486,DTASET A-Z/M/486.jpg
M,12,487,DTASET A-Z/M/487.jpg
M,12,488,DTASET A-Z/M/488.jpg
M,12,489,DTASET A-Z/M/489.jpg
M,12,490,DTASET A-Z/M/490.jpg
M,12,491,DTASET A-Z/M/491.jpg
M,12,492,DTASET A-Z/M/492.jpg
M,12,493,DTASET A-Z/M/493.jpg
M,12,494,DTASET A-Z/M/494.jpg
M,12,495,DTASET A-Z/M/495.jpg
M,12,496,DTASET A-Z/M/496.jpg
M,12,497,DTASET A-Z/M/497.jpg
M,12,498,DTASET A-Z/M/498.jpg
M,12,499,DTASET A-Z/M/499.jpg
M,12,500,DTASET A-Z/M/500.jpg
M,12,501,DTASET A-Z/M/501.jpg
M,12,502,DTASET A-Z/M/502.jpg
M,12,503,DTASET A-Z/M/503.jpg
M,12,504,DTASET A-Z/M/504.jpg
M,12,505,DTASET A-Z/M/505.jpg
M,12,506,DTASET A-Z/M/506.jpg
M,12,507,DTASET A-Z/M/507.jpg
M,12,508,DTASET A-Z/M/508.jpg
M,12,509,DTASET A-Z/M/509.jpg
M,12,510,DTASET A-Z/M/510.jpg
M,12,511,DTASET A-Z/M/511.jpg
M,12,512,DTASET A-Z/M/512.jpg
M,12,513,DTASET A-Z/M/513.jpg
M,12,514,DTASET A-Z/M/514.jpg
M,12,515,DTASET A-Z/M/515.jpg
M,12,516,DTASET A-Z/M/516.jpg
M,12,517,DTASET A-Z/M/517.jpg
M,12,518,DTASET A-Z/M/518.jpg
M,12,519,DTASET A-Z/M/519.jpg
M,12,520,DTASET A-Z/M/520.jpg
M,12,521,DTASET A-Z/M/521.jpg
M,12,522,DTASET A-Z/M/522.jpg
M,12,523,DTASET A-Z/M/523.jpg
M,12,524,DTASET A-Z/M/524.jpg
M,12,525,DTASET A-Z/M/525.jpg
M,12,526,DTASET A-Z/M/526.jpg
M,12,527,DTASET A-Z/M/527.jpg
M,12,528,DTASET A-Z/M/528.jpg
M,12,529,DTASET A-Z/M/529.jpg
M,12,530,DTASET A-Z/M/530.jpg
M,12,531,DTASET A-Z/M/531.jpg
M,12,532,DTASET A-Z/M/532.jpg
M,12,533,DTASET A-Z/M/533.jpg
M,12,534,DTASET A-Z/M/534.jpg
M,12,535,DTASET A-Z/M/535.jpg
M,12,536,DTASET A-Z/M/536.jpg
M,12,537,DTASET A-Z/M/537.jpg
M,12,538,DTASET A-Z/M/538.jpg
M,12,539,DTASET A-Z/M/539.jpg
M,12,540,DTASET A-Z/M/540.jpg
M,12,541,DTASET A-Z/M/541.jpg
M,12,542,DTASET A-Z/M/542.jpg
M,12,543,DTASET A-Z/M/543.jpg
M,12,544,DTASET A-Z/M/544.jpg
M,12,545,DTASET A-Z/M/545.jpg
M,12,546,DTASET A-Z/M/546.jpg
M,12,547,DTASET A-Z/M/547.jpg
M,12,548,DTASET A-Z/M/548.jpg
M,12,549,DTASET A-Z/M/549.jpg
M,12,550,DTASET A-Z/M/550.jpg
M,12,551,DTASET A-Z/M/551.jpg
M,12,552,DTASET A-Z/M/552.jpg
M,12,553,DTASET A-Z/M/553.jpg
M,12,554,DTASET A-Z/M/554.jpg
M,12,555,DTASET A-Z/M/555.jpg
M,12,556,DTASET A-Z/M/556.jpg
M,12,557,DTASET A-Z/M/557.jpg
M,12,558,DTASET A-Z/M/558.jpg
M,12,559,DTASET A-Z/M/559.jpg
M,12,560,DTASET A-Z/M/560.jpg
M,12,561,DTASET A-Z/M/561.jpg
M,12,562,DTASET A-Z/M/562.jpg
M,12,563,DTASET A-Z/M/563.jpg
M,12,564,DTASET A-Z/M/564.jpg
M,12,565,DTASET A-Z/M/565.jpg
M,12,566,DTASET A-Z/M/566.jpg
M,12,567,DTASET A-Z/M/567.jpg
M,12,568,DTASET A-Z/M/568.jpg
M,12,569,DTASET A-Z/M/569.jpg
M,12,570,DTASET A-Z/M/570.jpg
M,12,571,DTASET A-Z/M/571.jpg
M,12,572,DTASET A-Z/M/572.jpg
M,12,573,DTASET A-Z/M/573.jpg
M,12,574,DTASET A-Z/M/574.jpg
M,12,575,DTASET A-Z/M/575.jpg
M,12,576,DTASET A-Z/M/576.jpg
M,12,577,DTASET A-Z/M/577.jpg
M,12,578,DTASET A-Z/M/578.jpg
M,12,579,DTASET A-Z/M/579.jpg
M,12,580,DTASET A-Z/M/580.jpg
M,12,581,DTASET A-Z/M/581.jpg
M,12,582,DTASET A-Z/M/582.jpg
M,12,583,DTASET A-Z/M/583.jpg
M,12,584,DTASET A-Z/M/584.jpg
M,12,585,DTASET A-Z/M/585.jpg
M,12,586,DTASET A-Z/M/586.jpg
M,12,587,DTASET A-Z/M/587.jpg
M,12,588,DTASET A-Z/M/588.jpg
M,12,589,DTASET A-Z/M/589.jpg
M,12,590,DTASET A-Z/M/590.jpg
M,12,591,DTASET A-Z/M/591.jpg
M,12,592,DTASET A-Z/M/592.jpg
M,12,593,DTASET A-Z/M/593.jpg
M,12,594,DTASET A-Z/M/594.jpg
M,12,595,DTASET A-Z/M/595.jpg
M,12,596,DTASET A-Z/M/596.jpg
M,12,597,DTASET A-Z/M/597.jpg
M,12,598,DTASET A-Z/M/598.jpg
M,12,599,DTASET A-Z/M/599.jpg
M,12,600,DTASET A-Z/M/600.jpg
M,12,601,DTASET A-Z/M/601.jpg
M,12,602,DTASET A-Z/M/602.jpg
M,12,603,DTASET A-Z/M/603.jpg
M,12,604,DTASET A-Z/M/604.jpg
M,12,605,DTASET A-Z/M/605.jpg
M,12,606,DTASET A-Z/M/606.jpg
M,12,607,DTASET A-Z/M/607.jpg
M,12,608,DTASET A-Z/M/608.jpg
M,12,609,DTASET A-Z/M/609.jpg
M,12,610,DTASET A-Z/M/610.jpg
M,12,611,DTASET A-Z/M/611.jpg
M,12,612,DTASET A-Z/M/612.jpg
M,12,613,DTASET A-Z/M/613.jpg
M,12,614,DTASET A-Z/M/614.jpg
M,12,615,DTASET A-Z/M/615.jpg
M,12,616,DTASET A-Z/M/616.jpg
M,12,617,DTASET A-Z/M/617.jpg
M,12,618,DTASET A-Z/M/618.jpg
M,12,619,DTASET A-Z/M/619.jpg
M,12,620,DTASET A-Z/M/620.jpg
M,12,621,DTASET A-Z/M/621.jpg
M,12,622,DTASET A-Z/M/622.jpg
M,12,623,DTASET A-Z/M/623.jpg
M,12,624,DTASET A-Z/M/624.jpg
M,12,625,DTASET A-Z/M/625.jpg
M,12,626,DTASET A-Z/M/626.jpg
M,12,627,DTASET A-Z/M/627.jpg
M,12,628,DTASET A-Z/M/628.jpg
M,12,629,DTASET A-Z/M/629.jpg
M,12,630,DTASET A-Z/M/630.jpg
M,12,631,DTASET A-Z/M/631.jpg
M,12,632,DTASET A-Z/M/632.jpg
M,12,633,DTASET A-Z/M/633.jpg
M,12,634,DTASET A-Z/M/634.jpg
M,12,635,DTASET A-Z/M/635.jpg
M,12,636,DTASET A-Z/M/636.jpg
M,12,637,DTASET A-Z/M/637.jpg
M,12,638,DTASET A-Z/M/638.jpg
M,12,639,DTASET A-Z/M/639.jpg
M,12,640,DTASET A-Z/M/640.jpg
M,12,641,DTASET A-Z/M/641.jpg
M,12,642,DTASET A-Z/M/642.jpg
M,12,643,DTASET A-Z/M/643.jpg
M,12,644,DTASET A-Z/M/644.jpg
M,12,645,DTASET A-Z/M/645.jpg
M,12,646,DTASET A-Z/M/646.jpg
M,12,647,DTASET A-Z/M/647.jpg
M,12,648,DTASET A-Z/M/648.jpg
M,12,649,DTASET A-Z/M/649.jpg
M,12,650,DTASET A-Z/M/650.jpg
M,12,651,DTASET A-Z/M/651.jpg
M,12,652,DTASET A-Z/M/652.jpg
M,12,653,DTASET A-Z/M/653.jpg
M,12,654,DTASET A-Z/M/654.jpg
M,12,655,DTASET A-Z/M/655.jpg
M,12,656,DTASET A-Z/M/656.jpg
M,12,657,DTASET A-Z/M/657.jpg
M,12,658,DTASET A-Z/M/658.jpg
M,12,659,DTASET A-Z/M/659.jpg
M,12,660,DTASET A-Z/M/660.jpg
M,12,661,DTASET A-Z/M/661.jpg
M,12,662,DTASET A-Z/M/662.jpg
M,12,663,DTASET A-Z/M/663.jpg
M,12,664,DTASET A-Z/M/664.jpg
M,12,665,DTASET A-Z/M/665.jpg
M,12,666,DTASET A-Z/M/666.jpg
M,12,667,DTASET A-Z/M/667.jpg
M,12,668,DTASET A-Z/M/668.jpg
M,12,669,DTASET A-Z/M/669.jpg
M,12,670,DTASET A-Z/M/670.jpg
M,12,671,DTASET A-Z/M/671.jpg
M,12,672,DTASET A-Z/M/672.jpg
M,12,673,DTASET A-Z/M/673.jpg
M,12,674,DTASET A-Z/M/674.jpg
M,12,675,DTASET A-Z/M/675.jpg
M,12,676,DTASET A-Z/M/676.jpg
M,12,677,DTASET A-Z/M/677.jpg
M,12,678,DTASET A-Z/M/678.jpg
M,12,679,DTASET A-Z/M/679.jpg
M,12,680,DTASET A-Z/M/680.jpg
M,12,681,DTASET A-Z/M/681.jpg
M,12,682,DTASET A-Z/M/682.jpg
M,12,683,DTASET A-Z/M/683.jpg
M,12,684,DTASET A-Z/M/684.jpg
M,12,685,DTASET A-Z/M/685.jpg
M,12,686,DTASET A-Z/M/686.jpg
M,12,687,DTASET A-Z/M/687.jpg
M,12,688,DTASET A-Z/M/688.jpg
M,12,689,DTASET A-Z/M/689.jpg
M,12,690,DTASET A-Z/M/690.jpg
M,12,691,DTASET A-Z/M/691.jpg
M,12,692,DTASET A-Z/M/692.jpg
M,12,693,DTASET A-Z/M/693.jpg
M,12,694,DTASET A-Z/M/694.jpg
M,12,695,DTASET A-Z/M/695.jpg
M,12,696,DTASET A-Z/M/696.jpg
M,12,697,DTASET A-Z/M/697.jpg
M,12,698,DTASET A-Z/M/698.jpg
M,12,699,DTASET A-Z/M/699.jpg
M,12,700,DTASET A-Z/M/700.jpg
M,12,701,DTASET A-Z/M/701.jpg
M,12,702,DTASET A-Z/M/702.jpg
M,12,703,DTASET A-Z/M/703.jpg
M,12,704,DTASET A-Z/M/704.jpg
M,12,705,DTASET A-Z/M/705.jpg
M,12,706,DTASET A-Z/M/706.jpg
M,12,707,DTASET A-Z/M/707.jpg
M,12,708,DTASET A-Z/M/708.jpg
M,12,709,DTASET A-Z/M/709.jpg
M,12,710,DTASET A-Z/M/710.jpg
M,12,711,DTASET A-Z/M/711.jpg
M,12,712,DTASET A-Z/M/712.jpg
M,12,713,DTASET A-Z/M/713.jpg
M,12,714,DTASET A-Z/M/714.jpg
M,12,715,DTASET A-Z/M/715.jpg
M,12,716,DTASET A-Z/M/716.jpg
M,12,717,DTASET A-Z/M/717.jpg
M,12,718,DTASET A-Z/M/718.jpg
M,12,719,DTASET A-Z/M/719.jpg
M,12,720,DTASET A-Z/M/720.jpg
M,12,721,DTASET A-Z/M/721.jpg
M,12,722,DTASET A-Z/M/722.jpg
M,12,723,DTASET A-Z/M/723.jpg
M,12,724,DTASET A-Z/M/724.jpg
M,12,725,DTASET A-Z/M/725.jpg
M,12,726,DTASET A-Z/M/726.jpg
M,12,727,DTASET A-Z/M/727.jpg
M,12,728,DTASET A-Z/M/728.jpg
M,12,729,DTASET A-Z/M/729.jpg
M,12,730,DTASET A-Z/M/730.jpg
M,12,731,DTASET A-Z/M/731.jpg
M,12,732,DTASET A-Z/M/732.jpg
M,12,733,DTASET A-Z/M/733.jpg
M,12,734,DTASET A-Z/M/734.jpg
M,12,735,DTASET A-Z/M/735.jpg
M,12,736,DTASET A-Z/M/736.jpg
M,12,737,DTASET A-Z/M/737.jpg
M,12,738,DTASET A-Z/M/738.jpg
M,12,739,DTASET A-Z/M/739.jpg
M,12,740,DTASET A-Z/M/740.jpg
M,12,741,DTASET A-Z/M/741.jpg
M,12,742,DTASET A-Z/M/742.jpg
M,12,743,DTASET A-Z/M/743.jpg
M,12,744,DTASET A-Z/M/744.jpg
M,12,745,DTASET A-Z/M/745.jpg
M,12,746,DTASET A-Z/M/746.jpg
M,12,747,DTASET A-Z/M/747.jpg
M,12,748,DTASET A-Z/M/748.jpg
M,12,749,DTASET A-Z/M/749.jpg
M,12,750,DTASET A-Z/M/750.jpg
M,12,751,DTASET A-Z/M/751.jpg
M,12,752,DTASET A-Z/M/752.jpg
M,12,753,DTASET A-Z/M/753.jpg
M,12,754,DTASET A-Z/M/754.jpg
M,12,755,DTASET A-Z/M/755.jpg
M,12,756,DTASET A-Z/M/756.jpg
M,12,757,DTASET A-Z/M/757.jpg
M,12,758,DTASET A-Z/M/758.jpg
M,12,759,DTASET A-Z/M/759.jpg
M,12,760,DTASET A-Z/M/760.jpg
M,12,761,DTASET A-Z/M/761.jpg
M,12,762,DTASET A-Z/M/762.jpg
M,12,763,DTASET A-Z/M/763.jpg
M,12,764,DTASET A-Z/M/764.jpg
M,12,765,DTASET A-Z/M/765.jpg
M,12,766,DTASET A-Z/M/766.jpg
M,12,767,DTASET A-Z/M/767.jpg
M,12,768,DTASET A-Z/M/768.jpg
M,12,769,DTASET A-Z/M/769.jpg
M,12,770,DTASET A-Z/M/770.jpg
M,12,771,DTASET A-Z/M/771.jpg
M,12,772,DTASET A-Z/M/772.jpg
M,12,773,DTASET A-Z/M/773.jpg
M,12,774,DTASET A-Z/M/774.jpg
M,12,775,DTASET A-Z/M/775.jpg
M,12,776,DTASET A-Z/M/776.jpg
M,12,777,DTASET A-Z/M/777.jpg
M,12,778,DTASET A-Z/M/778.jpg
M,12,779,DTASET A-Z/M/779.jpg
M,12,780,DTASET A-Z/M/780.jpg
M,12,781,DTASET A-Z/M/781.jpg
M,12,782,DTASET A-Z/M/782.jpg
M,12,783,DTASET A-Z/M/783.jpg
M,12,784,DTASET A-Z/M/784.jpg
M,12,785,DTASET A-Z/M/785.jpg
M,12,786,DTASET A-Z/M/786.jpg
M,12,787,DTASET A-Z/M/787.jpg
M,12,788,DTASET A-Z/M/788.jpg
M,12,789,DTASET A-Z/M/789.jpg
M,12,790,DTASET A-Z/M/790.jpg
M,12,791,DTASET A-Z/M/791.jpg
M,12,792,DTASET A-Z/M/792.jpg
M,12,793,DTASET A-Z/M/793.jpg
M,12,794,DTASET A-Z/M/794.jpg
M,12,795,DTASET A-Z/M/795.jpg
M,12,796,DTASET A-Z/M/796.jpg
M,12,797,DTASET A-Z/M/797.jpg
M,12,798,DTASET A-Z/M/798.jpg
M,12,799,DTASET A-Z/M/799.jpg
M,12,800,DTASET A-Z/M/800.jpg
M,12,801,DTASET A-Z/M/801.jpg
M,12,802,DTASET A-Z/M/802.jpg
M,12,803,DTASET A-Z/M/803.jpg
M,12,804,DTASET A-Z/M/804.jpg
M,12,805,DTASET A-Z/M/805.jpg
M,12,806,DTASET A-Z/M/806.jpg
M,12,807,DTASET A-Z/M/807.jpg
M,12,808,DTASET A-Z/M/808.jpg
M,12,809,DTASET A-Z/M/809.jpg
M,12,810,DTASET A-Z/M/810.jpg
M,12,811,DTASET A-Z/M/811.jpg
M,12,812,DTASET A-Z/M/812.jpg
M,12,813,DTASET A-Z/M/813.jpg
M,12,814,DTASET A-Z/M/814.jpg
M,12,815,DTASET A-Z/M/815.jpg
M,12,816,DTASET A-Z/M/816.jpg
M,12,817,DTASET A-Z/M/817.jpg
M,12,818,DTASET A-Z/M/818.jpg
M,12,819,DTASET A-Z/M/819.jpg
M,12,820,DTASET A-Z/M/820.jpg
M,12,821,DTASET A-Z/M/821.jpg
M,12,822,DTASET A-Z/M/822.jpg
M,12,823,DTASET A-Z/M/823.jpg
M,12,824,DTASET A-Z/M/824.jpg
M,12,825,DTASET A-Z/M/825.jpg
M,12,826,DTASET A-Z/M/826.jpg
M,12,827,DTASET A-Z/M/827.jpg
M,12,828,DTASET A-Z/M/828.jpg
M,12,829,DTASET A-Z/M/829.jpg
M,12,830,DTASET A-Z/M/830.jpg
M,12,831,DTASET A-Z/M/831.jpg
M,12,832,DTASET A-Z/M/832.jpg
M,12,833,DTASET A-Z/M/833.jpg
M,12,834,DTASET A-Z/M/834.jpg
M,12,835,DTASET A-Z/M/835.jpg
M,12,836,DTASET A-Z/M/836.jpg
M,12,837,DTASET A-Z/M/837.jpg
M,12,838,DTASET A-Z/M/838.jpg
M,12,839,DTASET A-Z/M/839.jpg
M,12,840,DTASET A-Z/M/840.jpg
M,12,841,DTASET A-Z/M/841.jpg
M,12,842,DTASET A-Z/M/842.jpg
M,12,843,DTASET A-Z/M/843.jpg
M,12,844,DTASET A-Z/M/844.jpg
M,12,845,DTASET A-Z/M/845.jpg
M,12,846,DTASET A-Z/M/846.jpg
M,12,847,DTASET A-Z/M/847.jpg
M,12,848,DTASET A-Z/M/848.jpg
M,12,849,DTASET A-Z/M/849.jpg
M,12,850,DTASET A-Z/M/850.jpg
M,12,851,DTASET A-Z/M/851.jpg
M,12,852,DTASET A-Z/M/852.jpg
M,12,853,DTASET A-Z/M/853.jpg
M,12,854,DTASET A-Z/M/854.jpg
M,12,855,DTASET A-Z/M/855.jpg
M,12,856,DTASET A-Z/M/856.jpg
M,12,857,DTASET A-Z/M/857.jpg
M,12,858,DTASET A-Z/M/858.jpg
M,12,859,DTASET A-Z/M/859.jpg
M,12,860,DTASET A-Z/M/860.jpg
M,12,861,DTASET A-Z/M/861.jpg
M,12,862,DTASET A-Z/M/862.jpg
M,12,863,DTASET A-Z/M/863.jpg
M,12,864,DTASET A-Z/M/864.jpg
M,12,865,DTASET A-Z/M/865.jpg
M,12,866,DTASET A-Z/M/866.jpg
M,12,867,DTASET A-Z/M/867.jpg
M,12,868,DTASET A-Z/M/868.jpg
M,12,869,DTASET A-Z/M/869.jpg
M,12,870,DTASET A-Z/M/870.jpg
M,12,871,DTASET A-Z/M/871.jpg
M,12,872,DTASET A-Z/M/872.jpg
M,12,873,DTASET A-Z/M/873.jpg
M,12,874,DTASET A-Z/M/874.jpg
M,12,875,DTASET A-Z/M/875.jpg
M,12,876,DTASET A-Z/M/876.jpg
M,12,877,DTASET A-Z/M/877.jpg
M,12,878,DTASET A-Z/M/878.jpg
M,12,879,DTASET A-Z/M/879.jpg
M,12,880,DTASET A-Z/M/880.jpg
M,12,881,DTASET A-Z/M/881.jpg
M,12,882,DTASET A-Z/M/882.jpg
M,12,883,DTASET A-Z/M/883.jpg
M,12,884,DTASET A-Z/M/884.jpg
M,12,885,DTASET A-Z/M/885.jpg
M,12,886,DTASET A-Z/M/886.jpg
M,12,887,DTASET A-Z/M/887.jpg
M,12,888,DTASET A-Z/M/888.jpg
M,12,889,DTASET A-Z/M/889.jpg
M,12,890,DTASET A-Z/M/890.jpg
M,12,891,DTASET A-Z/M/891.jpg
M,12,892,DTASET A-Z/M/892.jpg
M,12,893,DTASET A-Z/M/893.jpg
M,12,894,DTASET A-Z/M/894.jpg
M,12,895,DTASET A-Z/M/895.jpg
M,12,896,DTASET A-Z/M/896.jpg
M,12,897,DTASET A-Z/M/897.jpg
M,12,898,DTASET A-Z/M/898.jpg
M,12,899,DTASET A-Z/M/899.jpg
M,12,900,DTASET A-Z/M/900.jpg
M,12,901,DTASET A-Z/M/901.jpg
M,12,902,DTASET A-Z/M/902.jpg
M,12,903,DTASET A-Z/M/903.jpg
M,12,904,DTASET A-Z/M/904.jpg
M,12,905,DTASET A-Z/M/905.jpg
M,12,906,DTASET A-Z/M/906.jpg
M,12,907,DTASET A-Z/M/907.jpg
M,12,908,DTASET A-Z/M/908.jpg
M,12,909,DTASET A-Z/M/909.jpg
M,12,910,DTASET A-Z/M/910.jpg
M,12,911,DTASET A-Z/M/911.jpg
M,12,912,DTASET A-Z/M/912.jpg
M,12,913,DTASET A-Z/M/913.jpg
M,12,914,DTASET A-Z/M/914.jpg
M,12,915,DTASET A-Z/M/915.jpg
M,12,916,DTASET A-Z/M/916.jpg
M,12,917,DTASET A-Z/M/917.jpg
M,12,918,DTASET A-Z/M/918.jpg
M,12,919,DTASET A-Z/M/919.jpg
M,12,920,DTASET A-Z/M/920.jpg
M,12,921,DTASET A-Z/M/921.jpg
M,12,922,DTASET A-Z/M/922.jpg
M,12,923,DTASET A-Z/M/923.jpg
M,12,924,DTASET A-Z/M/924.jpg
M,12,925,DTASET A-Z/M/925.jpg
M,12,926,DTASET A-Z/M/926.jpg
M,12,927,DTASET A-Z/M/927.jpg
M,12,928,DTASET A-Z/M/928.jpg
M,12,929,DTASET A-Z/M/929.jpg
M,12,930,DTASET A-Z/M/930.jpg
M,12,931,DTASET A-Z/M/931.jpg
M,12,932,DTASET A-Z/M/932.jpg
M,12,933,DTASET A-Z/M/933.jpg
M,12,934,DTASET A-Z/M/934.jpg
M,12,935,DTASET A-Z/M/935.jpg
M,12,936,DTASET A-Z/M/936.jpg
M,12,937,DTASET A-Z/M/937.jpg
M,12,938,DTASET A-Z/M/938.jpg
M,12,939,DTASET A-Z/M/939.jpg
M,12,940,DTASET A-Z/M/940.jpg
M,12,941,DTASET A-Z/M/941.jpg
M,12,942,DTASET A-Z/M/942.jpg
M,12,943,DTASET A-Z/M/943.jpg
M,12,944,DTASET A-Z/M/944.jpg
M,12,945,DTASET A-Z/M/945.jpg
M,12,946,DTASET A-Z/M/946.jpg
M,12,947,DTASET A-Z/M/947.jpg
M,12,948,DTASET A-Z/M/948.jpg
M,12,949,DTASET A-Z/M/949.jpg
M,12,950,DTASET A-Z/M/950.jpg
M,12,951,DTASET A-Z/M/951.jpg
M,12,952,DTASET A-Z/M/952.jpg
M,12,953,DTASET A-Z/M/953.jpg
M,12,954,DTASET A-Z/M/954.jpg
M,12,955,DTASET A-Z/M/955.jpg
M,12,956,DTASET A-Z/M/956.jpg
M,12,957,DTASET A-Z/M/957.jpg
M,12,958,DTASET A-Z/M/958.jpg
M,12,959,DTASET A-Z/M/959.jpg
M,12,960,DTASET A-Z/M/960.jpg
M,12,961,DTASET A-Z/M/961.jpg
M,12,962,DTASET A-Z/M/962.jpg
M,12,963,DTASET A-Z/M/963.jpg
M,12,964,DTASET A-Z/M/964.jpg
M,12,965,DTASET A-Z/M/965.jpg
M,12,966,DTASET A-Z/M/966.jpg
M,12,967,DTASET A-Z/M/967.jpg
M,12,968,DTASET A-Z/M/968.jpg
M,12,969,DTASET A-Z/M/969.jpg
M,12,970,DTASET A-Z/M/970.jpg
M,12,971,DTASET A-Z/M/971.jpg
M,12,972,DTASET A-Z/M/972.jpg
M,12,973,DTASET A-Z/M/973.jpg
M,12,974,DTASET A-Z/M/974.jpg
M,12,975,DTASET A-Z/M/975.jpg
M,12,976,DTASET A-Z/M/976.jpg
M,12,977,DTASET A-Z/M/977.jpg
M,12,978,DTASET A-Z/M/978.jpg
M,12,979,DTASET A-Z/M/979.jpg
M,12,980,DTASET A-Z/M/980.jpg
M,12,981,DTASET A-Z/M/981.jpg
M,12,982,DTASET A-Z/M/982.jpg
M,12,983,DTASET A-Z/M/983.jpg
M,12,984,DTASET A-Z/M/984.jpg
M,12,985,DTASET A-Z/M/985.jpg
M,12,986,DTASET A-Z/M/986.jpg
M,12,987,DTASET A-Z/M/987.jpg
M,12,988,DTASET A-Z/M/988.jpg
M,12,989,DTASET A-Z/M/989.jpg
M,12,990,DTASET A-Z/M/990.jpg
M,12,991,DTASET A-Z/M/991.jpg
M,12,992,DTASET A-Z/M/992.jpg
M,12,993,DTASET A-Z/M/993.jpg
M,12,994,DTASET A-Z/M/994.jpg
M,12,995,DTASET A-Z/M/995.jpg
M,12,996,DTASET A-Z/M/996.jpg
M,12,997,DTASET A-Z/M/997.jpg
M,12,998,DTASET A-Z/M/998.jpg
M,12,999,DTASET A-Z/M/999.jpg
M,12,1000,DTASET A-Z/M/1000.jpg
M,12,1001,DTASET A-Z/M/1001.jpg
M,12,1002,DTASET A-Z/M/1002.jpg
M,12,1003,DTASET A-Z/M/1003.jpg
M,12,1004,DTASET A-Z/M/1004.jpg
M,12,1005,DTASET A-Z/M/1005.jpg
M,12,1006,DTASET A-Z/M/1006.jpg
M,12,1007,DTASET A-Z/M/1007.jpg
M,12,1008,DTASET A-Z/M/1008.jpg
M,12,1009,DTASET A-Z/M/1009.jpg
M,12,1010,DTASET A-Z/M/1010.jpg
M,12,1011,DTASET A-Z/M/1011.jpg
M,12,1012,DTASET A-Z/M/1012.jpg
M,12,1013,DTASET A-Z/M/1013.jpg
M,12,1014,DTASET A-Z/M/1014.jpg
M,12,1015,DTASET A-Z/M/1015.jpg
M,12,1016,DTASET A-Z/M/1016.jpg
M,12,1017,DTASET A-Z/M/1017.jpg
M,12,1018,DTASET A-Z/M/1018.jpg
M,12,1019,DTASET A-Z/M/1019.jpg
M,12,1020,DTASET A-Z/M/1020.jpg
M,12,1021,DTASET A-Z/M/1021.jpg
M,12,1022,DTASET A-Z/M/1022.jpg
M,12,1023,DTASET A-Z/M/1023.jpg
M,12,1024,DTASET A-Z/M/1024.jpg
M,12,1025,DTASET A-Z/M/1025.jpg
M,12,1026,DTASET A-Z/M/1026.jpg
M,12,1027,DTASET A-Z/M/1027.jpg
M,12,1028,DTASET A-Z/M/1028.jpg
M,12,1029,DTASET A-Z/M/1029.jpg
M,12,1030,DTASET A-Z/M/1030.jpg
M,12,1031,DTASET A-Z/M/1031.jpg
M,12,1032,DTASET A-Z/M/1032.jpg
M,12,1033,DTASET A-Z/M/1033.jpg
M,12,1034,DTASET A-Z/M/1034.jpg
M,12,1035,DTASET A-Z/M/1035.jpg
M,12,1036,DTASET A-Z/M/1036.jpg
M,12,1037,DTASET A-Z/M/1037.jpg
M,12,1038,DTASET A-Z/M/1038.jpg
M,12,1039,DTASET A-Z/M/1039.jpg
M,12,1040,DTASET A-Z/M/1040.jpg
M,12,1041,DTASET A-Z/M/1041.jpg
M,12,1042,DTASET A-Z/M/1042.jpg
M,12,1043,DTASET A-Z/M/1043.jpg
M,12,1044,DTASET A-Z/M/1044.jpg
M,12,1045,DTASET A-Z/M/1045.jpg
M,12,1046,DTASET A-Z/M/1046.jpg
M,12,1047,DTASET A-Z/M/1047.jpg
M,12,1048,DTASET A-Z/M/1048.jpg
M,12,1049,DTASET A-Z/M/1049.jpg
M,12,1050,DTASET A-Z/M/1050.jpg
M,12,1051,DTASET A-Z/M/1051.jpg
M,12,1052,DTASET A-Z/M/1052.jpg
M,12,1053,DTASET A-Z/M/1053.jpg
M,12,1054,DTASET A-Z/M/1054.jpg
M,12,1055,DTASET A-Z/M/1055.jpg
M,12,1056,DTASET A-Z/M/1056.jpg
M,12,1057,DTASET A-Z/M/1057.jpg
M,12,1058,DTASET A-Z/M/1058.jpg
M,12,1059,DTASET A-Z/M/1059.jpg
M,12,1060,DTASET A-Z/M/1060.jpg
M,12,1061,DTASET A-Z/M/1061.jpg
M,12,1062,DTASET A-Z/M/1062.jpg
M,12,1063,DTASET A-Z/M/1063.jpg
M,12,1064,DTASET A-Z/M/1064.jpg
M,12,1065,DTASET A-Z/M/1065.jpg
M,12,1066,DTASET A-Z/M/1066.jpg
M,12,1067,DTASET A-Z/M/1067.jpg
M,12,1068,DTASET A-Z/M/1068.jpg
M,12,1069,DTASET A-Z/M/1069.jpg
M,12,1070,DTASET A-Z/M/1070.jpg
M,12,1071,DTASET A-Z/M/1071.jpg
M,12,1072,DTASET A-Z/M/1072.jpg
M,12,1073,DTASET A-Z/M/1073.jpg
M,12,1074,DTASET A-Z/M/1074.jpg
M,12,1075,DTASET A-Z/M/1075.jpg
M,12,1076,DTASET A-Z/M/1076.jpg
M,12,1077,DTASET A-Z/M/1077.jpg
M,12,1078,DTASET A-Z/M/1078.jpg
M,12,1079,DTASET A-Z/M/1079.jpg
M,12,1080,DTASET A-Z/M/1080.jpg
M,12,1081,DTASET A-Z/M/1081.jpg
M,12,1082,DTASET A-Z/M/1082.jpg
M,12,1083,DTASET A-Z/M/1083.jpg
M,12,1084,DTASET A-Z/M/1084.jpg
M,12,1085,DTASET A-Z/M/1085.jpg
M,12,1086,DTASET A-Z/M/1086.jpg
M,12,1087,DTASET A-Z/M/1087.jpg
M,12,1088,DTASET A-Z/M/1088.jpg
M,12,1089,DTASET A-Z/M/1089.jpg
M,12,1090,DTASET A-Z/M/1090.jpg
M,12,1091,DTASET A-Z/M/1091.jpg
M,12,1092,DTASET A-Z/M/1092.jpg
M,12,1093,DTASET A-Z/M/1093.jpg
M,12,1094,DTASET A-Z/M/1094.jpg
M,12,1095,DTASET A-Z/M/1095.jpg
M,12,1096,DTASET A-Z/M/1096.jpg
M,12,1097,DTASET A-Z/M/1097.jpg
M,12,1098,DTASET A-Z/M/1098.jpg
M,12,1099,DTASET A-Z/M/1099.jpg
M,12,1100,DTASET A-Z/M/1100.jpg
M,12,1101,DTASET A-Z/M/1101.jpg
M,12,1102,DTASET A-Z/M/1102.jpg
M,12,1103,DTASET A-Z/M/1103.jpg
M,12,1104,DTASET A-Z/M/1104.jpg
M,12,1105,DTASET A-Z/M/1105.jpg
M,12,1106,DTASET A-Z/M/1106.jpg
M,12,1107,DTASET A-Z/M/1107.jpg
M,12,1108,DTASET A-Z/M/1108.jpg
M,12,1109,DTASET A-Z/M/1109.jpg
M,12,1110,DTASET A-Z/M/1110.jpg
M,12,1111,DTASET A-Z/M/1111.jpg
M,12,1112,DTASET A-Z/M/1112.jpg
M,12,1113,DTASET A-Z/M/1113.jpg
M,12,1114,DTASET A-Z/M/1114.jpg
M,12,1115,DTASET A-Z/M/1115.jpg
M,12,1116,DTASET A-Z/M/1116.jpg
M,12,1117,DTASET A-Z/M/1117.jpg
M,12,1118,DTASET A-Z/M/1118.jpg
M,12,1119,DTASET A-Z/M/1119.jpg
M,12,1120,DTASET A-Z/M/1120.jpg
M,12,1121,DTASET A-Z/M/1121.jpg
M,12,1122,DTASET A-Z/M/1122.jpg
M,12,1123,DTASET A-Z/M/1123.jpg
M,12,1124,DTASET A-Z/M/1124.jpg
M,12,1125,DTASET A-Z/M/1125.jpg
M,12,1126,DTASET A-Z/M/1126.jpg
M,12,1127,DTASET A-Z/M/1127.jpg
M,12,1128,DTASET A-Z/M/1128.jpg
M,12,1129,DTASET A-Z/M/1129.jpg
M,12,1130,DTASET A-Z/M/1130.jpg
M,12,1131,DTASET A-Z/M/1131.jpg
M,12,1132,DTASET A-Z/M/1132.jpg
M,12,1133,DTASET A-Z/M/1133.jpg
M,12,1134,DTASET A-Z/M/1134.jpg
M,12,1135,DTASET A-Z/M/1135.jpg
M,12,1136,DTASET A-Z/M/1136.jpg
M,12,1137,DTASET A-Z/M/1137.jpg
M,12,1138,DTASET A-Z/M/1138.jpg
M,12,1139,DTASET A-Z/M/1139.jpg
M,12,1140,DTASET A-Z/M/1140.jpg
M,12,1141,DTASET A-Z/M/1141.jpg
M,12,1142,DTASET A-Z/M/1142.jpg
M,12,1143,DTASET A-Z/M/1143.jpg
M,12,1144,DTASET A-Z/M/1144.jpg
M,12,1145,DTASET A-Z/M/1145.jpg
M,12,1146,DTASET A-Z/M/1146.jpg
M,12,1147,DTASET A-Z/M/1147.jpg
M,12,1148,DTASET A-Z/M/1148.jpg
M,12,1149,DTASET A-Z/M/1149.jpg
M,12,1150,DTASET A-Z/M/1150.jpg
M,12,1151,DTASET A-Z/M/1151.jpg
M,12,1152,DTASET A-Z/M/1152.jpg
M,12,1153,DTASET A-Z/M/1153.jpg
M,12,1154,DTASET A-Z/M/1154.jpg
M,12,1155,DTASET A-Z/M/1155.jpg
M,12,1156,DTASET A-Z/M/1156.jpg
M,12,1157,DTASET A-Z/M/1157.jpg
M,12,1158,DTASET A-Z/M/1158.jpg
M,12,1159,DTASET A-Z/M/1159.jpg
M,12,1160,DTASET A-Z/M/1160.jpg
M,12,1161,DTASET A-Z/M/1161.jpg
M,12,1162,DTASET A-Z/M/1162.jpg
M,12,1163,DTASET A-Z/M/1163.jpg
M,12,1164,DTASET A-Z/M/1164.jpg
M,12,1165,DTASET A-Z/M/1165.jpg
M,12,1166,DTASET A-Z/M/1166.jpg
M,12,1167,DTASET A-Z/M/1167.jpg
M,12,1168,DTASET A-Z/M/1168.jpg
M,12,1169,DTASET A-Z/M/1169.jpg
M,12,1170,DTASET A-Z/M/1170.jpg
M,12,1171,DTASET A-Z/M/1171.jpg
M,12,1172,DTASET A-Z/M/1172.jpg
M,12,1173,DTASET A-Z/M/1173.jpg
M,12,1174,DTASET A-Z/M/1174.jpg
M,12,1175,DTASET A-Z/M/1175.jpg
M,12,1176,DTASET A-Z/M/1176.jpg
M,12,1177,DTASET A-Z/M/1177.jpg
M,12,1178,DTASET A-Z/M/1178.jpg
M,12,1179,DTASET A-Z/M/1179.jpg
M,12,1180,DTASET A-Z/M/1180.jpg
M,12,1181,DTASET A-Z/M/1181.jpg
M,12,1182,DTASET A-Z/M/1182.jpg
M,12,1183,DTASET A-Z/M/1183.jpg
M,12,1184,DTASET A-Z/M/1184.jpg
M,12,1185,DTASET A-Z/M/1185.jpg
M,12,1186,DTASET A-Z/M/1186.jpg
M,12,1187,DTASET A-Z/M/1187.jpg
M,12,1188,DTASET A-Z/M/1188.jpg
M,12,1189,DTASET A-Z/M/1189.jpg
M,12,1190,DTASET A-Z/M/1190.jpg
M,12,1191,DTASET A-Z/M/1191.jpg
M,12,1192,DTASET A-Z/M/1192.jpg
M,12,1193,DTASET A-Z/M/1193.jpg
M,12,1194,DTASET A-Z/M/1194.jpg
M,12,1195,DTASET A-Z/M/1195.jpg
M,12,1196,DTASET A-Z/M/1196.jpg
M,12,1197,DTASET A-Z/M/1197.jpg
M,12,1198,DTASET A-Z/M/1198.jpg
M,12,1199,DTASET A-Z/M/1199.jpg
N,13,0,DTASET A-Z/N/0.jpg
N,13,1,DTASET A-Z/N/1.jpg
N,13,2,DTASET A-Z/N/2.jpg
N,13,3,DTASET A-Z/N/3.jpg
N,13,4,DTASET A-Z/N/4.jpg
N,13,5,DTASET A-Z/N/5.jpg
N,13,6,DTASET A-Z/N/6.jpg
N,13,7,DTASET A-Z/N/7.jpg
N,13,8,DTASET A-Z/N/8.jpg
N,13,9,DTASET A-Z/N/9.jpg
N,13,10,DTASET A-Z/N/10.jpg
N,13,11,DTASET A-Z/N/11.jpg
N,13,12,DTASET A-Z/N/12.jpg
N,13,13,DTASET A-Z/N/13.jpg
N,13,14,DTASET A-Z/N/14.jpg
N,13,15,DTASET A-Z/N/15.jpg
N,13,16,DTASET A-Z/N/16.jpg
N,13,17,DTASET A-Z/N/17.jpg
N,13,18,DTASET A-Z/N/18.jpg
N,13,19,DTASET A-Z/N/19.jpg
N,13,20,DTASET A-Z/N/20.jpg
N,13,21,DTASET A-Z/N/21.jpg
N,13,22,DTASET A-Z/N/22.jpg
N,13,23,DTASET A-Z/N/23.jpg
N,13,24,DTASET A-Z/N/24.jpg
N,13,25,DTASET A-Z/N/25.jpg
N,13,26,DTASET A-Z/N/26.jpg
N,13,27,DTASET A-Z/N/27.jpg
N,13,28,DTASET A-Z/N/28.jpg
N,13,29,DTASET A-Z/N/29.jpg
N,13,30,DTASET A-Z/N/30.jpg
N,13,31,DTASET A-Z/N/31.jpg
N,13,32,DTASET A-Z/N/32.jpg
N,13,33,DTASET A-Z/N/33.jpg
N,13,34,DTASET A-Z/N/34.jpg
N,13,35,DTASET A-Z/N/35.jpg
N,13,36,DTASET A-Z/N/36.jpg
N,13,37,DTASET A-Z/N/37.jpg
N,13,38,DTASET A-Z/N/38.jpg
N,13,39,DTASET A-Z/N/39.jpg
N,13,40,DTASET A-Z/N/40.jpg
N,13,41,DTASET A-Z/N/41.jpg
N,13,42,DTASET A-Z/N/42.jpg
N,13,43,DTASET A-Z/N/43.jpg
N,13,44,DTASET A-Z/N/44.jpg
N,13,45,DTASET A-Z/N/45.jpg
N,13,46,DTASET A-Z/N/46.jpg
N,13,47,DTASET A-Z/N/47.jpg
N,13,48,DTASET A-Z/N/48.jpg
N,13,49,DTASET A-Z/N/49.jpg
N,13,50,DTASET A-Z/N/50.jpg
N,13,51,DTASET A-Z/N/51.jpg
N,13,52,DTASET A-Z/N/52.jpg
N,13,53,DTASET A-Z/N/53.jpg
N,13,54,DTASET A-Z/N/54.jpg
N,13,55,DTASET A-Z/N/55.jpg
N,13,56,DTASET A-Z/N/56.jpg
N,13,57,DTASET A-Z/N/57.jpg
N,13,58,DTASET A-Z/N/58.jpg
N,13,59,DTASET A-Z/N/59.jpg
N,13,60,DTASET A-Z/N/60.jpg
N,13,61,DTASET A-Z/N/61.jpg
N,13,62,DTASET A-Z/N/62.jpg
N,13,63,DTASET A-Z/N/63.jpg
N,13,64,DTASET A-Z/N/64.jpg
N,13,65,DTASET A-Z/N/65.jpg
N,13,66,DTASET A-Z/N/66.jpg
N,13,67,DTASET A-Z/N/67.jpg
N,13,68,DTASET A-Z/N/68.jpg
N,13,69,DTASET A-Z/N/69.jpg
N,13,70,DTASET A-Z/N/70.jpg
N,13,71,DTASET A-Z/N/71.jpg
N,13,72,DTASET A-Z/N/72.jpg
N,13,73,DTASET A-Z/N/73.jpg
N,13,74,DTASET A-Z/N/74.jpg
N,13,75,DTASET A-Z/N/75.jpg
N,13,76,DTASET A-Z/N/76.jpg
N,13,77,DTASET A-Z/N/77.jpg
N,13,78,DTASET A-Z/N/78.jpg
N,13,79,DTASET A-Z/N/79.jpg
N,13,80,DTASET A-Z/N/80.jpg
N,13,81,DTASET A-Z/N/81.jpg
N,13,82,DTASET A-Z/N/82.jpg
N,13,83,DTASET A-Z/N/83.jpg
N,13,84,DTASET A-Z/N/84.jpg
N,13,85,DTASET A-Z/N/85.jpg
N,13,86,DTASET A-Z/N/86.jpg
N,13,87,DTASET A-Z/N/87.jpg
N,13,88,DTASET A-Z/N/88.jpg
N,13,89,DTASET A-Z/N/89.jpg
N,13,90,DTASET A-Z/N/90.jpg
N,13,91,DTASET A-Z/N/91.jpg
N,13,92,DTASET A-Z/N/92.jpg
N,13,93,DTASET A-Z/N/93.jpg
N,13,94,DTASET A-Z/N/94.jpg
N,13,95,DTASET A-Z/N/95.jpg
N,13,96,DTASET A-Z/N/96.jpg
N,13,97,DTASET A-Z/N/97.jpg
N,13,98,DTASET A-Z/N/98.jpg
N,13,99,DTASET A-Z/N/99.jpg
N,13,100,DTASET A-Z/N/100.jpg
N,13,101,DTASET A-Z/N/101.jpg
N,13,102,DTASET A-Z/N/102.jpg
N,13,103,DTASET A-Z/N/103.jpg
N,13,104,DTASET A-Z/N/104.jpg
N,13,105,DTASET A-Z/N/105.jpg
N,13,106,DTASET A-Z/N/106.jpg
N,13,107,DTASET A-Z/N/107.jpg
N,13,108,DTASET A-Z/N/108.jpg
N,13,109,DTASET A-Z/N/109.jpg
N,13,110,DTASET A-Z/N/110.jpg
N,13,111,DTASET A-Z/N/111.jpg
N,13,112,DTASET A-Z/N/112.jpg
N,13,113,DTASET A-Z/N/113.jpg
N,13,114,DTASET A-Z/N/114.jpg
N,13,115,DTASET A-Z/N/115.jpg
N,13,116,DTASET A-Z/N/116.jpg
N,13,117,DTASET A-Z/N/117.jpg
N,13,118,DTASET A-Z/N/118.jpg
N,13,119,DTASET A-Z/N/119.jpg
N,13,120,DTASET A-Z/N/120.jpg
N,13,121,DTASET A-Z/N/121.jpg
N,13,122,DTASET A-Z/N/122.jpg
N,13,123,DTASET A-Z/N/123.jpg
N,13,124,DTASET A-Z/N/124.jpg
N,13,125,DTASET A-Z/N/125.jpg
N,13,126,DTASET A-Z/N/126.jpg
N,13,127,DTASET A-Z/N/127.jpg
N,13,128,DTASET A-Z/N/128.jpg
N,13,129,DTASET A-Z/N/129.jpg
N,13,130,DTASET A-Z/N/130.jpg
N,13,131,DTASET A-Z/N/131.jpg
N,13,132,DTASET A-Z/N/132.jpg
N,13,133,DTASET A-Z/N/133.jpg
N,13,134,DTASET A-Z/N/134.jpg
N,13,135,DTASET A-Z/N/135.jpg
N,13,136,DTASET A-Z/N/136.jpg
N,13,137,DTASET A-Z/N/137.jpg
N,13,138,DTASET A-Z/N/138.jpg
N,13,139,DTASET A-Z/N/139.jpg
N,13,140,DTASET A-Z/N/140.jpg
N,13,141,DTASET A-Z/N/141.jpg
N,13,142,DTASET A-Z/N/142.jpg
N,13,143,DTASET A-Z/N/143.jpg
N,13,144,DTASET A-Z/N/144.jpg
N,13,145,DTASET A-Z/N/145.jpg
N,13,146,DTASET A-Z/N/146.jpg
N,13,147,DTASET A-Z/N/147.jpg
N,13,148,DTASET A-Z/N/148.jpg
N,13,149,DTASET A-Z/N/149.jpg
N,13,150,DTASET A-Z/N/150.jpg
N,13,151,DTASET A-Z/N/151.jpg
N,13,152,DTASET A-Z/N/152.jpg
N,13,153,DTASET A-Z/N/153.jpg
N,13,154,DTASET A-Z/N/154.jpg
N,13,155,DTASET A-Z/N/155.jpg
N,13,156,DTASET A-Z/N/156.jpg
N,13,157,DTASET A-Z/N/157.jpg
N,13,158,DTASET A-Z/N/158.jpg
N,13,159,DTASET A-Z/N/159.jpg
N,13,160,DTASET A-Z/N/160.jpg
N,13,161,DTASET A-Z/N/161.jpg
N,13,162,DTASET A-Z/N/162.jpg
N,13,163,DTASET A-Z/N/163.jpg
N,13,164,DTASET A-Z/N/164.jpg
N,13,165,DTASET A-Z/N/165.jpg
N,13,166,DTASET A-Z/N/166.jpg
N,13,167,DTASET A-Z/N/167.jpg
N,13,168,DTASET A-Z/N/168.jpg
N,13,169,DTASET A-Z/N/169.jpg
N,13,170,DTASET A-Z/N/170.jpg
N,13,171,DTASET A-Z/N/171.jpg
N,13,172,DTASET A-Z/N/172.jpg
N,13,173,DTASET A-Z/N/173.jpg
N,13,174,DTASET A-Z/N/174.jpg
N,13,175,DTASET A-Z/N/175.jpg
N,13,176,DTASET A-Z/N/176.jpg
N,13,177,DTASET A-Z/N/177.jpg
N,13,178,DTASET A-Z/N/178.jpg
N,13,179,DTASET A-Z/N/179.jpg
N,13,180,DTASET A-Z/N/180.jpg
N,13,181,DTASET A-Z/N/181.jpg
N,13,182,DTASET A-Z/N/182.jpg
N,13,183,DTASET A-Z/N/183.jpg
N,13,184,DTASET A-Z/N/184.jpg
N,13,185,DTASET A-Z/N/185.jpg
N,13,186,DTASET A-Z/N/186.jpg
N,13,187,DTASET A-Z/N/187.jpg
N,13,188,DTASET A-Z/N/188.jpg
N,13,189,DTASET A-Z/N/189.jpg
N,13,190,DTASET A-Z/N/190.jpg
N,13,191,DTASET A-Z/N/191.jpg
N,13,192,DTASET A-Z/N/192.jpg
N,13,193,DTASET A-Z/N/193.jpg
N,13,194,DTASET A-Z/N/194.jpg
N,13,195,DTASET A-Z/N/195.jpg
N,13,196,DTASET A-Z/N/196.jpg
N,13,197,DTASET A-Z/N/197.jpg
N,13,198,DTASET A-Z/N/198.jpg
N,13,199,DTASET A-Z/N/199.jpg
N,13,200,DTASET A-Z/N/200.jpg
N,13,201,DTASET A-Z/N/201.jpg
N,13,202,DTASET A-Z/N/202.jpg
N,13,203,DTASET A-Z/N/203.jpg
N,13,204,DTASET A-Z/N/204.jpg
N,13,205,DTASET A-Z/N/205.jpg
N,13,206,DTASET A-Z/N/206.jpg
N,13,207,DTASET A-Z/N/207.jpg
N,13,208,DTASET A-Z/N/208.jpg
N,13,209,DTASET A-Z/N/209.jpg
N,13,210,DTASET A-Z/N/210.jpg
N,13,211,DTASET A-Z/N/211.jpg
N,13,212,DTASET A-Z/N/212.jpg
N,13,213,DTASET A-Z/N/213.jpg
N,13,214,DTASET A-Z/N/214.jpg
N,13,215,DTASET A-Z/N/215.jpg
N,13,216,DTASET A-Z/N/216.jpg
N,13,217,DTASET A-Z/N/217.jpg
N,13,218,DTASET A-Z/N/218.jpg
N,13,219,DTASET A-Z/N/219.jpg
N,13,220,DTASET A-Z/N/220.jpg
N,13,221,DTASET A-Z/N/221.jpg
N,13,222,DTASET A-Z/N/222.jpg
N,13,223,DTASET A-Z/N/223.jpg
N,13,224,DTASET A-Z/N/224.jpg
N,13,225,DTASET A-Z/N/225.jpg
N,13,226,DTASET A-Z/N/226.jpg
N,13,227,DTASET A-Z/N/227.jpg
N,13,228,DTASET A-Z/N/228.jpg
N,13,229,DTASET A-Z/N/229.jpg
N,13,230,DTASET A-Z/N/230.jpg
N,13,231,DTASET A-Z/N/231.jpg
N,13,232,DTASET A-Z/N/232.jpg
N,13,233,DTASET A-Z/N/233.jpg
N,13,234,DTASET A-Z/N/234.jpg
N,13,235,DTASET A-Z/N/235.jpg
N,13,236,DTASET A-Z/N/236.jpg
N,13,237,DTASET A-Z/N/237.jpg
N,13,238,DTASET A-Z/N/238.jpg
N,13,239,DTASET A-Z/N/239.jpg
N,13,240,DTASET A-Z/N/240.jpg
N,13,241,DTASET A-Z/N/241.jpg
N,13,242,DTASET A-Z/N/242.jpg
N,13,243,DTASET A-Z/N/243.jpg
N,13,244,DTASET A-Z/N/244.jpg
N,13,245,DTASET A-Z/N/245.jpg
N,13,246,DTASET A-Z/N/246.jpg
N,13,247,DTASET A-Z/N/247.jpg
N,13,248,DTASET A-Z/N/248.jpg
N,13,249,DTASET A-Z/N/249.jpg
N,13,250,DTASET A-Z/N/250.jpg
N,13,251,DTASET A-Z/N/251.jpg
N,13,252,DTASET A-Z/N/252.jpg
N,13,253,DTASET A-Z/N/253.jpg
N,13,254,DTASET A-Z/N/254.jpg
N,13,255,DTASET A-Z/N/255.jpg
N,13,256,DTASET A-Z/N/256.jpg
N,13,257,DTASET A-Z/N/257.jpg
N,13,258,DTASET A-Z/N/258.jpg
N,13,259,DTASET A-Z/N/259.jpg
N,13,260,DTASET A-Z/N/260.jpg
N,13,261,DTASET A-Z/N/261.jpg
N,13,262,DTASET A-Z/N/262.jpg
N,13,263,DTASET A-Z/N/263.jpg
N,13,264,DTASET A-Z/N/264.jpg
N,13,265,DTASET A-Z/N/265.jpg
N,13,266,DTASET A-Z/N/266.jpg
N,13,267,DTASET A-Z/N/267.jpg
N,13,268,DTASET A-Z/N/268.jpg
N,13,269,DTASET A-Z/N/269.jpg
N,13,270,DTASET A-Z/N/270.jpg
N,13,271,DTASET A-Z/N/271.jpg
N,13,272,DTASET A-Z/N/272.jpg
N,13,273,DTASET A-Z/N/273.jpg
N,13,274,DTASET A-Z/N/274.jpg
N,13,275,DTASET A-Z/N/275.jpg
N,13,276,DTASET A-Z/N/276.jpg
N,13,277,DTASET A-Z/N/277.jpg
N,13,278,DTASET A-Z/N/278.jpg
N,13,279,DTASET A-Z/N/279.jpg
N,13,280,DTASET A-Z/N/280.jpg
N,13,281,DTASET A-Z/N/281.jpg
N,13,282,DTASET A-Z/N/282.jpg
N,13,283,DTASET A-Z/N/283.jpg
N,13,284,DTASET A-Z/N/284.jpg
N,13,285,DTASET A-Z/N/285.jpg
N,13,286,DTASET A-Z/N/286.jpg
N,13,287,DTASET A-Z/N/287.jpg
N,13,288,DTASET A-Z/N/288.jpg
N,13,289,DTASET A-Z/N/289.jpg
N,13,290,DTASET A-Z/N/290.jpg
N,13,291,DTASET A-Z/N/291.jpg
N,13,292,DTASET A-Z/N/292.jpg
N,13,293,DTASET A-Z/N/293.jpg
N,13,294,DTASET A-Z/N/294.jpg
N,13,295,DTASET A-Z/N/295.jpg
N,13,296,DTASET A-Z/N/296.jpg
N,13,297,DTASET A-Z/N/297.jpg
N,13,298,DTASET A-Z/N/298.jpg
N,13,299,DTASET A-Z/N/299.jpg
N,13,300,DTASET A-Z/N/300.jpg
N,13,301,DTASET A-Z/N/301.jpg
N,13,302,DTASET A-Z/N/302.jpg
N,13,303,DTASET A-Z/N/303.jpg
N,13,304,DTASET A-Z/N/304.jpg
N,13,305,DTASET A-Z/N/305.jpg
N,13,306,DTASET A-Z/N/306.jpg
N,13,307,DTASET A-Z/N/307.jpg
N,13,308,DTASET A-Z/N/308.jpg
N,13,309,DTASET A-Z/N/309.jpg
N,13,310,DTASET A-Z/N/310.jpg
N,13,311,DTASET A-Z/N/311.jpg
N,13,312,DTASET A-Z/N/312.jpg
N,13,313,DTASET A-Z/N/313.jpg
N,13,314,DTASET A-Z/N/314.jpg
N,13,315,DTASET A-Z/N/315.jpg
N,13,316,DTASET A-Z/N/316.jpg
N,13,317,DTASET A-Z/N/317.jpg
N,13,318,DTASET A-Z/N/318.jpg
N,13,319,DTASET A-Z/N/319.jpg
N,13,320,DTASET A-Z/N/320.jpg
N,13,321,DTASET A-Z/N/321.jpg
N,13,322,DTASET A-Z/N/322.jpg
N,13,323,DTASET A-Z/N/323.jpg
N,13,324,DTASET A-Z/N/324.jpg
N,13,325,DTASET A-Z/N/325.jpg
N,13,326,DTASET A-Z/N/326.jpg
N,13,327,DTASET A-Z/N/327.jpg
N,13,328,DTASET A-Z/N/328.jpg
N,13,329,DTASET A-Z/N/329.jpg
N,13,330,DTASET A-Z/N/330.jpg
N,13,331,DTASET A-Z/N/331.jpg
N,13,332,DTASET A-Z/N/332.jpg
N,13,333,DTASET A-Z/N/333.jpg
N,13,334,DTASET A-Z/N/334.jpg
N,13,335,DTASET A-Z/N/335.jpg
N,13,336,DTASET A-Z/N/336.jpg
N,13,337,DTASET A-Z/N/337.jpg
N,13,338,DTASET A-Z/N/338.jpg
N,13,339,DTASET A-Z/N/339.jpg
N,13,340,DTASET A-Z/N/340.jpg
N,13,341,DTASET A-Z/N/341.jpg
N,13,342,DTASET A-Z/N/342.jpg
N,13,343,DTASET A-Z/N/343.jpg
N,13,344,DTASET A-Z/N/344.jpg
N,13,345,DTASET A-Z/N/345.jpg
N,13,346,DTASET A-Z/N/346.jpg
N,13,347,DTASET A-Z/N/347.jpg
N,13,348,DTASET A-Z/N/348.jpg
N,13,349,DTASET A-Z/N/349.jpg
N,13,350,DTASET A-Z/N/350.jpg
N,13,351,DTASET A-Z/N/351.jpg
N,13,352,DTASET A-Z/N/352.jpg
N,13,353,DTASET A-Z/N/353.jpg
N,13,354,DTASET A-Z/N/354.jpg
N,13,355,DTASET A-Z/N/355.jpg
N,13,356,DTASET A-Z/N/356.jpg
N,13,357,DTASET A-Z/N/357.jpg
N,13,358,DTASET A-Z/N/358.jpg
N,13,359,DTASET A-Z/N/359.jpg
N,13,360,DTASET A-Z/N/360.jpg
N,13,361,DTASET A-Z/N/361.jpg
N,13,362,DTASET A-Z/N/362.jpg
N,13,363,DTASET A-Z/N/363.jpg
N,13,364,DTASET A-Z/N/364.jpg
N,13,365,DTASET A-Z/N/365.jpg
N,13,366,DTASET A-Z/N/366.jpg
N,13,367,DTASET A-Z/N/367.jpg
N,13,368,DTASET A-Z/N/368.jpg
N,13,369,DTASET A-Z/N/369.jpg
N,13,370,DTASET A-Z/N/370.jpg
N,13,371,DTASET A-Z/N/371.jpg
N,13,372,DTASET A-Z/N/372.jpg
N,13,373,DTASET A-Z/N/373.jpg
N,13,374,DTASET A-Z/N/374.jpg
N,13,375,DTASET A-Z/N/375.jpg
N,13,376,DTASET A-Z/N/376.jpg
N,13,377,DTASET A-Z/N/377.jpg
N,13,378,DTASET A-Z/N/378.jpg
N,13,379,DTASET A-Z/N/379.jpg
N,13,380,DTASET A-Z/N/380.jpg
N,13,381,DTASET A-Z/N/381.jpg
N,13,382,DTASET A-Z/N/382.jpg
N,13,383,DTASET A-Z/N/383.jpg
N,13,384,DTASET A-Z/N/384.jpg
N,13,385,DTASET A-Z/N/385.jpg
N,13,386,DTASET A-Z/N/386.jpg
N,13,387,DTASET A-Z/N/387.jpg
N,13,388,DTASET A-Z/N/388.jpg
N,13,389,DTASET A-Z/N/389.jpg
N,13,390,DTASET A-Z/N/390.jpg
N,13,391,DTASET A-Z/N/391.jpg
N,13,392,DTASET A-Z/N/392.jpg
N,13,393,DTASET A-Z/N/393.jpg
N,13,394,DTASET A-Z/N/394.jpg
N,13,395,DTASET A-Z/N/395.jpg
N,13,396,DTASET A-Z/N/396.jpg
N,13,397,DTASET A-Z/N/397.jpg
N,13,398,DTASET A-Z/N/398.jpg
N,13,399,DTASET A-Z/N/399.jpg
N,13,400,DTASET A-Z/N/400.jpg
N,13,401,DTASET A-Z/N/401.jpg
N,13,402,DTASET A-Z/N/402.jpg
N,13,403,DTASET A-Z/N/403.jpg
N,13,404,DTASET A-Z/N/404.jpg
N,13,405,DTASET A-Z/N/405.jpg
N,13,406,DTASET A-Z/N/406.jpg
N,13,407,DTASET A-Z/N/407.jpg
N,13,408,DTASET A-Z/N/408.jpg
N,13,409,DTASET A-Z/N/409.jpg
N,13,410,DTASET A-Z/N/410.jpg
N,13,411,DTASET A-Z/N/411.jpg
N,13,412,DTASET A-Z/N/412.jpg
N,13,413,DTASET A-Z/N/413.jpg
N,13,414,DTASET A-Z/N/414.jpg
N,13,415,DTASET A-Z/N/415.jpg
N,13,416,DTASET A-Z/N/416.jpg
N,13,417,DTASET A-Z/N/417.jpg
N,13,418,DTASET A-Z/N/418.jpg
N,13,419,DTASET A-Z/N/419.jpg
N,13,420,DTASET A-Z/N/420.jpg
N,13,421,DTASET A-Z/N/421.jpg
N,13,422,DTASET A-Z/N/422.jpg
N,13,423,DTASET A-Z/N/423.jpg
N,13,424,DTASET A-Z/N/424.jpg
N,13,425,DTASET A-Z/N/425.jpg
N,13,426,DTASET A-Z/N/426.jpg
N,13,427,DTASET A-Z/N/427.jpg
N,13,428,DTASET A-Z/N/428.jpg
N,13,429,DTASET A-Z/N/429.jpg
N,13,430,DTASET A-Z/N/430.jpg
N,13,431,DTASET A-Z/N/431.jpg
N,13,432,DTASET A-Z/N/432.jpg
N,13,433,DTASET A-Z/N/433.jpg
N,13,434,DTASET A-Z/N/434.jpg
N,13,435,DTASET A-Z/N/435.jpg
N,13,436,DTASET A-Z/N/436.jpg
N,13,437,DTASET A-Z/N/437.jpg
N,13,438,DTASET A-Z/N/438.jpg
N,13,439,DTASET A-Z/N/439.jpg
N,13,440,DTASET A-Z/N/440.jpg
N,13,441,DTASET A-Z/N/441.jpg
N,13,442,DTASET A-Z/N/442.jpg
N,13,443,DTASET A-Z/N/443.jpg
N,13,444,DTASET A-Z/N/444.jpg
N,13,445,DTASET A-Z/N/445.jpg
N,13,446,DTASET A-Z/N/446.jpg
N,13,447,DTASET A-Z/N/447.jpg
N,13,448,DTASET A-Z/N/448.jpg
N,13,449,DTASET A-Z/N/449.jpg
N,13,450,DTASET A-Z/N/450.jpg
N,13,451,DTASET A-Z/N/451.jpg
N,13,452,DTASET A-Z/N/452.jpg
N,13,453,DTASET A-Z/N/453.jpg
N,13,454,DTASET A-Z/N/454.jpg
N,13,455,DTASET A-Z/N/455.jpg
N,13,456,DTASET A-Z/N/456.jpg
N,13,457,DTASET A-Z/N/457.jpg
N,13,458,DTASET A-Z/N/458.jpg
N,13,459,DTASET A-Z/N/459.jpg
N,13,460,DTASET A-Z/N/460.jpg
N,13,461,DTASET A-Z/N/461.jpg
N,13,462,DTASET A-Z/N/462.jpg
N,13,463,DTASET A-Z/N/463.jpg
N,13,464,DTASET A-Z/N/464.jpg
N,13,465,DTASET A-Z/N/465.jpg
N,13,466,DTASET A-Z/N/466.jpg
N,13,467,DTASET A-Z/N/467.jpg
N,13,468,DTASET A-Z/N/468.jpg
N,13,469,DTASET A-Z/N/469.jpg
N,13,470,DTASET A-Z/N/470.jpg
N,13,471,DTASET A-Z/N/471.jpg
N,13,472,DTASET A-Z/N/472.jpg
N,13,473,DTASET A-Z/N/473.jpg
N,13,474,DTASET A-Z/N/474.jpg
N,13,475,DTASET A-Z/N/475.jpg
N,13,476,DTASET A-Z/N/476.jpg
N,13,477,DTASET A-Z/N/477.jpg
N,13,478,DTASET A-Z/N/478.jpg
N,13,479,DTASET A-Z/N/479.jpg
N,13,480,DTASET A-Z/N/480.jpg
N,13,481,DTASET A-Z/N/481.jpg
N,13,482,DTASET A-Z/N/482.jpg
N,13,483,DTASET A-Z/N/483.jpg
N,13,484,DTASET A-Z/N/484.jpg
N,13,485,DTASET A-Z/N/485.jpg
N,13,486,DTASET A-Z/N/486.jpg
N,13,487,DTASET A-Z/N/487.jpg
N,13,488,DTASET A-Z/N/488.jpg
N,13,489,DTASET A-Z/N/489.jpg
N,13,490,DTASET A-Z/N/490.jpg
N,13,491,DTASET A-Z/N/491.jpg
N,13,492,DTASET A-Z/N/492.jpg
N,13,493,DTASET A-Z/N/493.jpg
N,13,494,DTASET A-Z/N/494.jpg
N,13,495,DTASET A-Z/N/495.jpg
N,13,496,DTASET A-Z/N/496.jpg
N,13,497,DTASET A-Z/N/497.jpg
N,13,498,DTASET A-Z/N/498.jpg
N,13,499,DTASET A-Z/N/499.jpg
N,13,500,DTASET A-Z/N/500.jpg
N,13,501,DTASET A-Z/N/501.jpg
N,13,502,DTASET A-Z/N/502.jpg
N,13,503,DTASET A-Z/N/503.jpg
N,13,504,DTASET A-Z/N/504.jpg
N,13,505,DTASET A-Z/N/505.jpg
N,13,506,DTASET A-Z/N/506.jpg
N,13,507,DTASET A-Z/N/507.jpg
N,13,508,DTASET A-Z/N/508.jpg
N,13,509,DTASET A-Z/N/509.jpg
N,13,510,DTASET A-Z/N/510.jpg
N,13,511,DTASET A-Z/N/511.jpg
N,13,512,DTASET A-Z/N/512.jpg
N,13,513,DTASET A-Z/N/513.jpg
N,13,514,DTASET A-Z/N/514.jpg
N,13,515,DTASET A-Z/N/515.jpg
N,13,516,DTASET A-Z/N/516.jpg
N,13,517,DTASET A-Z/N/517.jpg
N,13,518,DTASET A-Z/N/518.jpg
N,13,519,DTASET A-Z/N/519.jpg
N,13,520,DTASET A-Z/N/520.jpg
N,13,521,DTASET A-Z/N/521.jpg
N,13,522,DTASET A-Z/N/522.jpg
N,13,523,DTASET A-Z/N/523.jpg
N,13,524,DTASET A-Z/N/524.jpg
N,13,525,DTASET A-Z/N/525.jpg
N,13,526,DTASET A-Z/N/526.jpg
N,13,527,DTASET A-Z/N/527.jpg
N,13,528,DTASET A-Z/N/528.jpg
N,13,529,DTASET A-Z/N/529.jpg
N,13,530,DTASET A-Z/N/530.jpg
N,13,531,DTASET A-Z/N/531.jpg
N,13,532,DTASET A-Z/N/532.jpg
N,13,533,DTASET A-Z/N/533.jpg
N,13,534,DTASET A-Z/N/534.jpg
N,13,535,DTASET A-Z/N/535.jpg
N,13,536,DTASET A-Z/N/536.jpg
N,13,537,DTASET A-Z/N/537.jpg
N,13,538,DTASET A-Z/N/538.jpg
N,13,539,DTASET A-Z/N/539.jpg
N,13,540,DTASET A-Z/N/540.jpg
N,13,541,DTASET A-Z/N/541.jpg
N,13,542,DTASET A-Z/N/542.jpg
N,13,543,DTASET A-Z/N/543.jpg
N,13,544,DTASET A-Z/N/544.jpg
N,13,545,DTASET A-Z/N/545.jpg
N,13,546,DTASET A-Z/N/546.jpg
N,13,547,DTASET A-Z/N/547.jpg
N,13,548,DTASET A-Z/N/548.jpg
N,13,549,DTASET A-Z/N/549.jpg
N,13,550,DTASET A-Z/N/550.jpg
N,13,551,DTASET A-Z/N/551.jpg
N,13,552,DTASET A-Z/N/552.jpg
N,13,553,DTASET A-Z/N/553.jpg
N,13,554,DTASET A-Z/N/554.jpg
N,13,555,DTASET A-Z/N/555.jpg
N,13,556,DTASET A-Z/N/556.jpg
N,13,557,DTASET A-Z/N/557.jpg
N,13,558,DTASET A-Z/N/558.jpg
N,13,559,DTASET A-Z/N/559.jpg
N,13,560,DTASET A-Z/N/560.jpg
N,13,561,DTASET A-Z/N/561.jpg
N,13,562,DTASET A-Z/N/562.jpg
N,13,563,DTASET A-Z/N/563.jpg
N,13,564,DTASET A-Z/N/564.jpg
N,13,565,DTASET A-Z/N/565.jpg
N,13,566,DTASET A-Z/N/566.jpg
N,13,567,DTASET A-Z/N/567.jpg
N,13,568,DTASET A-Z/N/568.jpg
N,13,569,DTASET A-Z/N/569.jpg
N,13,570,DTASET A-Z/N/570.jpg
N,13,571,DTASET A-Z/N/571.jpg
N,13,572,DTASET A-Z/N/572.jpg
N,13,573,DTASET A-Z/N/573.jpg
N,13,574,DTASET A-Z/N/574.jpg
N,13,575,DTASET A-Z/N/575.jpg
N,13,576,DTASET A-Z/N/576.jpg
N,13,577,DTASET A-Z/N/577.jpg
N,13,578,DTASET A-Z/N/578.jpg
N,13,579,DTASET A-Z/N/579.jpg
N,13,580,DTASET A-Z/N/580.jpg
N,13,581,DTASET A-Z/N/581.jpg
N,13,582,DTASET A-Z/N/582.jpg
N,13,583,DTASET A-Z/N/583.jpg
N,13,584,DTASET A-Z/N/584.jpg
N,13,585,DTASET A-Z/N/585.jpg
N,13,586,DTASET A-Z/N/586.jpg
N,13,587,DTASET A-Z/N/587.jpg
N,13,588,DTASET A-Z/N/588.jpg
N,13,589,DTASET A-Z/N/589.jpg
N,13,590,DTASET A-Z/N/590.jpg
N,13,591,DTASET A-Z/N/591.jpg
N,13,592,DTASET A-Z/N/592.jpg
N,13,593,DTASET A-Z/N/593.jpg
N,13,594,DTASET A-Z/N/594.jpg
N,13,595,DTASET A-Z/N/595.jpg
N,13,596,DTASET A-Z/N/596.jpg
N,13,597,DTASET A-Z/N/597.jpg
N,13,598,DTASET A-Z/N/598.jpg
N,13,599,DTASET A-Z/N/599.jpg
N,13,600,DTASET A-Z/N/600.jpg
N,13,601,DTASET A-Z/N/601.jpg
N,13,602,DTASET A-Z/N/602.jpg
N,13,603,DTASET A-Z/N/603.jpg
N,13,604,DTASET A-Z/N/604.jpg
N,13,605,DTASET A-Z/N/605.jpg
N,13,606,DTASET A-Z/N/606.jpg
N,13,607,DTASET A-Z/N/607.jpg
N,13,608,DTASET A-Z/N/608.jpg
N,13,609,DTASET A-Z/N/609.jpg
N,13,610,DTASET A-Z/N/610.jpg
N,13,611,DTASET A-Z/N/611.jpg
N,13,612,DTASET A-Z/N/612.jpg
N,13,613,DTASET A-Z/N/613.jpg
N,13,614,DTASET A-Z/N/614.jpg
N,13,615,DTASET A-Z/N/615.jpg
N,13,616,DTASET A-Z/N/616.jpg
N,13,617,DTASET A-Z/N/617.jpg
N,13,618,DTASET A-Z/N/618.jpg
N,13,619,DTASET A-Z/N/619.jpg
N,13,620,DTASET A-Z/N/620.jpg
N,13,621,DTASET A-Z/N/621.jpg
N,13,622,DTASET A-Z/N/622.jpg
N,13,623,DTASET A-Z/N/623.jpg
N,13,624,DTASET A-Z/N/624.jpg
N,13,625,DTASET A-Z/N/625.jpg
N,13,626,DTASET A-Z/N/626.jpg
N,13,627,DTASET A-Z/N/627.jpg
N,13,628,DTASET A-Z/N/628.jpg
N,13,629,DTASET A-Z/N/629.jpg
N,13,630,DTASET A-Z/N/630.jpg
N,13,631,DTASET A-Z/N/631.jpg
N,13,632,DTASET A-Z/N/632.jpg
N,13,633,DTASET A-Z/N/633.jpg
N,13,634,DTASET A-Z/N/634.jpg
N,13,635,DTASET A-Z/N/635.jpg
N,13,636,DTASET A-Z/N/636.jpg
N,13,637,DTASET A-Z/N/637.jpg
N,13,638,DTASET A-Z/N/638.jpg
N,13,639,DTASET A-Z/N/639.jpg
N,13,640,DTASET A-Z/N/640.jpg
N,13,641,DTASET A-Z/N/641.jpg
N,13,642,DTASET A-Z/N/642.jpg
N,13,643,DTASET A-Z/N/643.jpg
N,13,644,DTASET A-Z/N/644.jpg
N,13,645,DTASET A-Z/N/645.jpg
N,13,646,DTASET A-Z/N/646.jpg
N,13,647,DTASET A-Z/N/647.jpg
N,13,648,DTASET A-Z/N/648.jpg
N,13,649,DTASET A-Z/N/649.jpg
N,13,650,DTASET A-Z/N/650.jpg
N,13,651,DTASET A-Z/N/651.jpg
N,13,652,DTASET A-Z/N/652.jpg
N,13,653,DTASET A-Z/N/653.jpg
N,13,654,DTASET A-Z/N/654.jpg
N,13,655,DTASET A-Z/N/655.jpg
N,13,656,DTASET A-Z/N/656.jpg
N,13,657,DTASET A-Z/N/657.jpg
N,13,658,DTASET A-Z/N/658.jpg
N,13,659,DTASET A-Z/N/659.jpg
N,13,660,DTASET A-Z/N/660.jpg
N,13,661,DTASET A-Z/N/661.jpg
N,13,662,DTASET A-Z/N/662.jpg
N,13,663,DTASET A-Z/N/663.jpg
N,13,664,DTASET A-Z/N/664.jpg
N,13,665,DTASET A-Z/N/665.jpg
N,13,666,DTASET A-Z/N/666.jpg
N,13,667,DTASET A-Z/N/667.jpg
N,13,668,DTASET A-Z/N/668.jpg
N,13,669,DTASET A-Z/N/669.jpg
N,13,670,DTASET A-Z/N/670.jpg
N,13,671,DTASET A-Z/N/671.jpg
N,13,672,DTASET A-Z/N/672.jpg
N,13,673,DTASET A-Z/N/673.jpg
N,13,674,DTASET A-Z/N/674.jpg
N,13,675,DTASET A-Z/N/675.jpg
N,13,676,DTASET A-Z/N/676.jpg
N,13,677,DTASET A-Z/N/677.jpg
N,13,678,DTASET A-Z/N/678.jpg
N,13,679,DTASET A-Z/N/679.jpg
N,13,680,DTASET A-Z/N/680.jpg
N,13,681,DTASET A-Z/N/681.jpg
N,13,682,DTASET A-Z/N/682.jpg
N,13,683,DTASET A-Z/N/683.jpg
N,13,684,DTASET A-Z/N/684.jpg
N,13,685,DTASET A-Z/N/685.jpg
N,13,686,DTASET A-Z/N/686.jpg
N,13,687,DTASET A-Z/N/687.jpg
N,13,688,DTASET A-Z/N/688.jpg
N,13,689,DTASET A-Z/N/689.jpg
N,13,690,DTASET A-Z/N/690.jpg
N,13,691,DTASET A-Z/N/691.jpg
N,13,692,DTASET A-Z/N/692.jpg
N,13,693,DTASET A-Z/N/693.jpg
N,13,694,DTASET A-Z/N/694.jpg
N,13,695,DTASET A-Z/N/695.jpg
N,13,696,DTASET A-Z/N/696.jpg
N,13,697,DTASET A-Z/N/697.jpg
N,13,698,DTASET A-Z/N/698.jpg
N,13,699,DTASET A-Z/N/699.jpg
N,13,700,DTASET A-Z/N/700.jpg
N,13,701,DTASET A-Z/N/701.jpg
N,13,702,DTASET A-Z/N/702.jpg
N,13,703,DTASET A-Z/N/703.jpg
N,13,704,DTASET A-Z/N/704.jpg
N,13,705,DTASET A-Z/N/705.jpg
N,13,706,DTASET A-Z/N/706.jpg
N,13,707,DTASET A-Z/N/707.jpg
N,13,708,DTASET A-Z/N/708.jpg
N,13,709,DTASET A-Z/N/709.jpg
N,13,710,DTASET A-Z/N/710.jpg
N,13,711,DTASET A-Z/N/711.jpg
N,13,712,DTASET A-Z/N/712.jpg
N,13,713,DTASET A-Z/N/713.jpg
N,13,714,DTASET A-Z/N/714.jpg
N,13,715,DTASET A-Z/N/715.jpg
N,13,716,DTASET A-Z/N/716.jpg
N,13,717,DTASET A-Z/N/717.jpg
N,13,718,DTASET A-Z/N/718.jpg
N,13,719,DTASET A-Z/N/719.jpg
N,13,720,DTASET A-Z/N/720.jpg
N,13,721,DTASET A-Z/N/721.jpg
N,13,722,DTASET A-Z/N/722.jpg
N,13,723,DTASET A-Z/N/723.jpg
N,13,724,DTASET A-Z/N/724.jpg
N,13,725,DTASET A-Z/N/725.jpg
N,13,726,DTASET A-Z/N/726.jpg
N,13,727,DTASET A-Z/N/727.jpg
N,13,728,DTASET A-Z/N/728.jpg
N,13,729,DTASET A-Z/N/729.jpg
N,13,730,DTASET A-Z/N/730.jpg
N,13,731,DTASET A-Z/N/731.jpg
N,13,732,DTASET A-Z/N/732.jpg
N,13,733,DTASET A-Z/N/733.jpg
N,13,734,DTASET A-Z/N/734.jpg
N,13,735,DTASET A-Z/N/735.jpg
N,13,736,DTASET A-Z/N/736.jpg
N,13,737,DTASET A-Z/N/737.jpg
N,13,738,DTASET A-Z/N/738.jpg
N,13,739,DTASET A-Z/N/739.jpg
N,13,740,DTASET A-Z/N/740.jpg
N,13,741,DTASET A-Z/N/741.jpg
N,13,742,DTASET A-Z/N/742.jpg
N,13,743,DTASET A-Z/N/743.jpg
N,13,744,DTASET A-Z/N/744.jpg
N,13,745,DTASET A-Z/N/745.jpg
N,13,746,DTASET A-Z/N/746.jpg
N,13,747,DTASET A-Z/N/747.jpg
N,13,748,DTASET A-Z/N/748.jpg
N,13,749,DTASET A-Z/N/749.jpg
N,13,750,DTASET A-Z/N/750.jpg
N,13,751,DTASET A-Z/N/751.jpg
N,13,752,DTASET A-Z/N/752.jpg
N,13,753,DTASET A-Z/N/753.jpg
N,13,754,DTASET A-Z/N/754.jpg
N,13,755,DTASET A-Z/N/755.jpg
N,13,756,DTASET A-Z/N/756.jpg
N,13,757,DTASET A-Z/N/757.jpg
N,13,758,DTASET A-Z/N/758.jpg
N,13,759,DTASET A-Z/N/759.jpg
N,13,760,DTASET A-Z/N/760.jpg
N,13,761,DTASET A-Z/N/761.jpg
N,13,762,DTASET A-Z/N/762.jpg
N,13,763,DTASET A-Z/N/763.jpg
N,13,764,DTASET A-Z/N/764.jpg
N,13,765,DTASET A-Z/N/765.jpg
N,13,766,DTASET A-Z/N/766.jpg
N,13,767,DTASET A-Z/N/767.jpg
N,13,768,DTASET A-Z/N/768.jpg
N,13,769,DTASET A-Z/N/769.jpg
N,13,770,DTASET A-Z/N/770.jpg
N,13,771,DTASET A-Z/N/771.jpg
N,13,772,DTASET A-Z/N/772.jpg
N,13,773,DTASET A-Z/N/773.jpg
N,13,774,DTASET A-Z/N/774.jpg
N,13,775,DTASET A-Z/N/775.jpg
N,13,776,DTASET A-Z/N/776.jpg
N,13,777,DTASET A-Z/N/777.jpg
N,13,778,DTASET A-Z/N/778.jpg
N,13,779,DTASET A-Z/N/779.jpg
N,13,780,DTASET A-Z/N/780.jpg
N,13,781,DTASET A-Z/N/781.jpg
N,13,782,DTASET A-Z/N/782.jpg
N,13,783,DTASET A-Z/N/783.jpg
N,13,784,DTASET A-Z/N/784.jpg
N,13,785,DTASET A-Z/N/785.jpg
N,13,786,DTASET A-Z/N/786.jpg
N,13,787,DTASET A-Z/N/787.jpg
N,13,788,DTASET A-Z/N/788.jpg
N,13,789,DTASET A-Z/N/789.jpg
N,13,790,DTASET A-Z/N/790.jpg
N,13,791,DTASET A-Z/N/791.jpg
N,13,792,DTASET A-Z/N/792.jpg
N,13,793,DTASET A-Z/N/793.jpg
N,13,794,DTASET A-Z/N/794.jpg
N,13,795,DTASET A-Z/N/795.jpg
N,13,796,DTASET A-Z/N/796.jpg
N,13,797,DTASET A-Z/N/797.jpg
N,13,798,DTASET A-Z/N/798.jpg
N,13,799,DTASET A-Z/N/799.jpg
N,13,800,DTASET A-Z/N/800.jpg
N,13,801,DTASET A-Z/N/801.jpg
N,13,802,DTASET A-Z/N/802.jpg
N,13,803,DTASET A-Z/N/803.jpg
N,13,804,DTASET A-Z/N/804.jpg
N,13,805,DTASET A-Z/N/805.jpg
N,13,806,DTASET A-Z/N/806.jpg
N,13,807,DTASET A-Z/N/807.jpg
N,13,808,DTASET A-Z/N/808.jpg
N,13,809,DTASET A-Z/N/809.jpg
N,13,810,DTASET A-Z/N/810.jpg
N,13,811,DTASET A-Z/N/811.jpg
N,13,812,DTASET A-Z/N/812.jpg
N,13,813,DTASET A-Z/N/813.jpg
N,13,814,DTASET A-Z/N/814.jpg
N,13,815,DTASET A-Z/N/815.jpg
N,13,816,DTASET A-Z/N/816.jpg
N,13,817,DTASET A-Z/N/817.jpg
N,13,818,DTASET A-Z/N/818.jpg
N,13,819,DTASET A-Z/N/819.jpg
N,13,820,DTASET A-Z/N/820.jpg
N,13,821,DTASET A-Z/N/821.jpg
N,13,822,DTASET A-Z/N/822.jpg
N,13,823,DTASET A-Z/N/823.jpg
N,13,824,DTASET A-Z/N/824.jpg
N,13,825,DTASET A-Z/N/825.jpg
N,13,826,DTASET A-Z/N/826.jpg
N,13,827,DTASET A-Z/N/827.jpg
N,13,828,DTASET A-Z/N/828.jpg
N,13,829,DTASET A-Z/N/829.jpg
N,13,830,DTASET A-Z/N/830.jpg
N,13,831,DTASET A-Z/N/831.jpg
N,13,832,DTASET A-Z/N/832.jpg
N,13,833,DTASET A-Z/N/833.jpg
N,13,834,DTASET A-Z/N/834.jpg
N,13,835,DTASET A-Z/N/835.jpg
N,13,836,DTASET A-Z/N/836.jpg
N,13,837,DTASET A-Z/N/837.jpg
N,13,838,DTASET A-Z/N/838.jpg
N,13,839,DTASET A-Z/N/839.jpg
N,13,840,DTASET A-Z/N/840.jpg
N,13,841,DTASET A-Z/N/841.jpg
N,13,842,DTASET A-Z/N/842.jpg
N,13,843,DTASET A-Z/N/843.jpg
N,13,844,DTASET A-Z/N/844.jpg
N,13,845,DTASET A-Z/N/845.jpg
N,13,846,DTASET A-Z/N/846.jpg
N,13,847,DTASET A-Z/N/847.jpg
N,13,848,DTASET A-Z/N/848.jpg
N,13,849,DTASET A-Z/N/849.jpg
N,13,850,DTASET A-Z/N/850.jpg
N,13,851,DTASET A-Z/N/851.jpg
N,13,852,DTASET A-Z/N/852.jpg
N,13,853,DTASET A-Z/N/853.jpg
N,13,854,DTASET A-Z/N/854.jpg
N,13,855,DTASET A-Z/N/855.jpg
N,13,856,DTASET A-Z/N/856.jpg
N,13,857,DTASET A-Z/N/857.jpg
N,13,858,DTASET A-Z/N/858.jpg
N,13,859,DTASET A-Z/N/859.jpg
N,13,860,DTASET A-Z/N/860.jpg
N,13,861,DTASET A-Z/N/861.jpg
N,13,862,DTASET A-Z/N/862.jpg
N,13,863,DTASET A-Z/N/863.jpg
N,13,864,DTASET A-Z/N/864.jpg
N,13,865,DTASET A-Z/N/865.jpg
N,13,866,DTASET A-Z/N/866.jpg
N,13,867,DTASET A-Z/N/867.jpg
N,13,868,DTASET A-Z/N/868.jpg
N,13,869,DTASET A-Z/N/869.jpg
N,13,870,DTASET A-Z/N/870.jpg
N,13,871,DTASET A-Z/N/871.jpg
N,13,872,DTASET A-Z/N/872.jpg
N,13,873,DTASET A-Z/N/873.jpg
N,13,874,DTASET A-Z/N/874.jpg
N,13,875,DTASET A-Z/N/875.jpg
N,13,876,DTASET A-Z/N/876.jpg
N,13,877,DTASET A-Z/N/877.jpg
N,13,878,DTASET A-Z/N/878.jpg
N,13,879,DTASET A-Z/N/879.jpg
N,13,880,DTASET A-Z/N/880.jpg
N,13,881,DTASET A-Z/N/881.jpg
N,13,882,DTASET A-Z/N/882.jpg
N,13,883,DTASET A-Z/N/883.jpg
N,13,884,DTASET A-Z/N/884.jpg
N,13,885,DTASET A-Z/N/885.jpg
N,13,886,DTASET A-Z/N/886.jpg
N,13,887,DTASET A-Z/N/887.jpg
N,13,888,DTASET A-Z/N/888.jpg
N,13,889,DTASET A-Z/N/889.jpg
N,13,890,DTASET A-Z/N/890.jpg
N,13,891,DTASET A-Z/N/891.jpg
N,13,892,DTASET A-Z/N/892.jpg
N,13,893,DTASET A-Z/N/893.jpg
N,13,894,DTASET A-Z/N/894.jpg
N,13,895,DTASET A-Z/N/895.jpg
N,13,896,DTASET A-Z/N/896.jpg
N,13,897,DTASET A-Z/N/897.jpg
N,13,898,DTASET A-Z/N/898.jpg
N,13,899,DTASET A-Z/N/899.jpg
N,13,900,DTASET A-Z/N/900.jpg
N,13,901,DTASET A-Z/N/901.jpg
N,13,902,DTASET A-Z/N/902.jpg
N,13,903,DTASET A-Z/N/903.jpg
N,13,904,DTASET A-Z/N/904.jpg
N,13,905,DTASET A-Z/N/905.jpg
N,13,906,DTASET A-Z/N/906.jpg
N,13,907,DTASET A-Z/N/907.jpg
N,13,908,DTASET A-Z/N/908.jpg
N,13,909,DTASET A-Z/N/909.jpg
N,13,910,DTASET A-Z/N/910.jpg
N,13,911,DTASET A-Z/N/911.jpg
N,13,912,DTASET A-Z/N/912.jpg
N,13,913,DTASET A-Z/N/913.jpg
N,13,914,DTASET A-Z/N/914.jpg
N,13,915,DTASET A-Z/N/915.jpg
N,13,916,DTASET A-Z/N/916.jpg
N,13,917,DTASET A-Z/N/917.jpg
N,13,918,DTASET A-Z/N/918.jpg
N,13,919,DTASET A-Z/N/919.jpg
N,13,920,DTASET A-Z/N/920.jpg
N,13,921,DTASET A-Z/N/921.jpg
N,13,922,DTASET A-Z/N/922.jpg
N,13,923,DTASET A-Z/N/923.jpg
N,13,924,DTASET A-Z/N/924.jpg
N,13,925,DTASET A-Z/N/925.jpg
N,13,926,DTASET A-Z/N/926.jpg
N,13,927,DTASET A-Z/N/927.jpg
N,13,928,DTASET A-Z/N/928.jpg
N,13,929,DTASET A-Z/N/929.jpg
N,13,930,DTASET A-Z/N/930.jpg
N,13,931,DTASET A-Z/N/931.jpg
N,13,932,DTASET A-Z/N/932.jpg
N,13,933,DTASET A-Z/N/933.jpg
N,13,934,DTASET A-Z/N/934.jpg
N,13,935,DTASET A-Z/N/935.jpg
N,13,936,DTASET A-Z/N/936.jpg
N,13,937,DTASET A-Z/N/937.jpg
N,13,938,DTASET A-Z/N/938.jpg
N,13,939,DTASET A-Z/N/939.jpg
N,13,940,DTASET A-Z/N/940.jpg
N,13,941,DTASET A-Z/N/941.jpg
N,13,942,DTASET A-Z/N/942.jpg
N,13,943,DTASET A-Z/N/943.jpg
N,13,944,DTASET A-Z/N/944.jpg
N,13,945,DTASET A-Z/N/945.jpg
N,13,946,DTASET A-Z/N/946.jpg
N,13,947,DTASET A-Z/N/947.jpg
N,13,948,DTASET A-Z/N/948.jpg
N,13,949,DTASET A-Z/N/949.jpg
N,13,950,DTASET A-Z/N/950.jpg
N,13,951,DTASET A-Z/N/951.jpg
N,13,952,DTASET A-Z/N/952.jpg
N,13,953,DTASET A-Z/N/953.jpg
N,13,954,DTASET A-Z/N/954.jpg
N,13,955,DTASET A-Z/N/955.jpg
N,13,956,DTASET A-Z/N/956.jpg
N,13,957,DTASET A-Z/N/957.jpg
N,13,958,DTASET A-Z/N/958.jpg
N,13,959,DTASET A-Z/N/959.jpg
N,13,960,DTASET A-Z/N/960.jpg
N,13,961,DTASET A-Z/N/961.jpg
N,13,962,DTASET A-Z/N/962.jpg
N,13,963,DTASET A-Z/N/963.jpg
N,13,964,DTASET A-Z/N/964.jpg
N,13,965,DTASET A-Z/N/965.jpg
N,13,966,DTASET A-Z/N/966.jpg
N,13,967,DTASET A-Z/N/967.jpg
N,13,968,DTASET A-Z/N/968.jpg
N,13,969,DTASET A-Z/N/969.jpg
N,13,970,DTASET A-Z/N/970.jpg
N,13,971,DTASET A-Z/N/971.jpg
N,13,972,DTASET A-Z/N/972.jpg
N,13,973,DTASET A-Z/N/973.jpg
N,13,974,DTASET A-Z/N/974.jpg
N,13,975,DTASET A-Z/N/975.jpg
N,13,976,DTASET A-Z/N/976.jpg
N,13,977,DTASET A-Z/N/977.jpg
N,13,978,DTASET A-Z/N/978.jpg
N,13,979,DTASET A-Z/N/979.jpg
N,13,980,DTASET A-Z/N/980.jpg
N,13,981,DTASET A-Z/N/981.jpg
N,13,982,DTASET A-Z/N/982.jpg
N,13,983,DTASET A-Z/N/983.jpg
N,13,984,DTASET A-Z/N/984.jpg
N,13,985,DTASET A-Z/N/985.jpg
N,13,986,DTASET A-Z/N/986.jpg
N,13,987,DTASET A-Z/N/987.jpg
N,13,988,DTASET A-Z/N/988.jpg
N,13,989,DTASET A-Z/N/989.jpg
N,13,990,DTASET A-Z/N/990.jpg
N,13,991,DTASET A-Z/N/991.jpg
N,13,992,DTASET A-Z/N/992.jpg
N,13,993,DTASET A-Z/N/993.jpg
N,13,994,DTASET A-Z/N/994.jpg
N,13,995,DTASET A-Z/N/995.jpg
N,13,996,DTASET A-Z/N/996.jpg
N,13,997,DTASET A-Z/N/997.jpg
N,13,998,DTASET A-Z/N/998.jpg
N,13,999,DTASET A-Z/N/999.jpg
N,13,1000,DTASET A-Z/N/1000.jpg
N,13,1001,DTASET A-Z/N/1001.jpg
N,13,1002,DTASET A-Z/N/1002.jpg
N,13,1003,DTASET A-Z/N/1003.jpg
N,13,1004,DTASET A-Z/N/1004.jpg
N,13,1005,DTASET A-Z/N/1005.jpg
N,13,1006,DTASET A-Z/N/1006.jpg
N,13,1007,DTASET A-Z/N/1007.jpg
N,13,1008,DTASET A-Z/N/1008.jpg
N,13,1009,DTASET A-Z/N/1009.jpg
N,13,1010,DTASET A-Z/N/1010.jpg
N,13,1011,DTASET A-Z/N/1011.jpg
N,13,1012,DTASET A-Z/N/1012.jpg
N,13,1013,DTASET A-Z/N/1013.jpg
N,13,1014,DTASET A-Z/N/1014.jpg
N,13,1015,DTASET A-Z/N/1015.jpg
N,13,1016,DTASET A-Z/N/1016.jpg
N,13,1017,DTASET A-Z/N/1017.jpg
N,13,1018,DTASET A-Z/N/1018.jpg
N,13,1019,DTASET A-Z/N/1019.jpg
N,13,1020,DTASET A-Z/N/1020.jpg
N,13,1021,DTASET A-Z/N/1021.jpg
N,13,1022,DTASET A-Z/N/1022.jpg
N,13,1023,DTASET A-Z/N/1023.jpg
N,13,1024,DTASET A-Z/N/1024.jpg
N,13,1025,DTASET A-Z/N/1025.jpg
N,13,1026,DTASET A-Z/N/1026.jpg
N,13,1027,DTASET A-Z/N/1027.jpg
N,13,1028,DTASET A-Z/N/1028.jpg
N,13,1029,DTASET A-Z/N/1029.jpg
N,13,1030,DTASET A-Z/N/1030.jpg
N,13,1031,DTASET A-Z/N/1031.jpg
N,13,1032,DTASET A-Z/N/1032.jpg
N,13,1033,DTASET A-Z/N/1033.jpg
N,13,1034,DTASET A-Z/N/1034.jpg
N,13,1035,DTASET A-Z/N/1035.jpg
N,13,1036,DTASET A-Z/N/1036.jpg
N,13,1037,DTASET A-Z/N/1037.jpg
N,13,1038,DTASET A-Z/N/1038.jpg
N,13,1039,DTASET A-Z/N/1039.jpg
N,13,1040,DTASET A-Z/N/1040.jpg
N,13,1041,DTASET A-Z/N/1041.jpg
N,13,1042,DTASET A-Z/N/1042.jpg
N,13,1043,DTASET A-Z/N/1043.jpg
N,13,1044,DTASET A-Z/N/1044.jpg
N,13,1045,DTASET A-Z/N/1045.jpg
N,13,1046,DTASET A-Z/N/1046.jpg
N,13,1047,DTASET A-Z/N/1047.jpg
N,13,1048,DTASET A-Z/N/1048.jpg
N,13,1049,DTASET A-Z/N/1049.jpg
N,13,1050,DTASET A-Z/N/1050.jpg
N,13,1051,DTASET A-Z/N/1051.jpg
N,13,1052,DTASET A-Z/N/1052.jpg
N,13,1053,DTASET A-Z/N/1053.jpg
N,13,1054,DTASET A-Z/N/1054.jpg
N,13,1055,DTASET A-Z/N/1055.jpg
N,13,1056,DTASET A-Z/N/1056.jpg
N,13,1057,DTASET A-Z/N/1057.jpg
N,13,1058,DTASET A-Z/N/1058.jpg
N,13,1059,DTASET A-Z/N/1059.jpg
N,13,1060,DTASET A-Z/N/1060.jpg
N,13,1061,DTASET A-Z/N/1061.jpg
N,13,1062,DTASET A-Z/N/1062.jpg
N,13,1063,DTASET A-Z/N/1063.jpg
N,13,1064,DTASET A-Z/N/1064.jpg
N,13,1065,DTASET A-Z/N/1065.jpg
N,13,1066,DTASET A-Z/N/1066.jpg
N,13,1067,DTASET A-Z/N/1067.jpg
N,13,1068,DTASET A-Z/N/1068.jpg
N,13,1069,DTASET A-Z/N/1069.jpg
N,13,1070,DTASET A-Z/N/1070.jpg
N,13,1071,DTASET A-Z/N/1071.jpg
N,13,1072,DTASET A-Z/N/1072.jpg
N,13,1073,DTASET A-Z/N/1073.jpg
N,13,1074,DTASET A-Z/N/1074.jpg
N,13,1075,DTASET A-Z/N/1075.jpg
N,13,1076,DTASET A-Z/N/1076.jpg
N,13,1077,DTASET A-Z/N/1077.jpg
N,13,1078,DTASET A-Z/N/1078.jpg
N,13,1079,DTASET A-Z/N/1079.jpg
N,13,1080,DTASET A-Z/N/1080.jpg
N,13,1081,DTASET A-Z/N/1081.jpg
N,13,1082,DTASET A-Z/N/1082.jpg
N,13,1083,DTASET A-Z/N/1083.jpg
N,13,1084,DTASET A-Z/N/1084.jpg
N,13,1085,DTASET A-Z/N/1085.jpg
N,13,1086,DTASET A-Z/N/1086.jpg
N,13,1087,DTASET A-Z/N/1087.jpg
N,13,1088,DTASET A-Z/N/1088.jpg
N,13,1089,DTASET A-Z/N/1089.jpg
N,13,1090,DTASET A-Z/N/1090.jpg
N,13,1091,DTASET A-Z/N/1091.jpg
N,13,1092,DTASET A-Z/N/1092.jpg
N,13,1093,DTASET A-Z/N/1093.jpg
N,13,1094,DTASET A-Z/N/1094.jpg
N,13,1095,DTASET A-Z/N/1095.jpg
N,13,1096,DTASET A-Z/N/1096.jpg
N,13,1097,DTASET A-Z/N/1097.jpg
N,13,1098,DTASET A-Z/N/1098.jpg
N,13,1099,DTASET A-Z/N/1099.jpg
N,13,1100,DTASET A-Z/N/1100.jpg
N,13,1101,DTASET A-Z/N/1101.jpg
N,13,1102,DTASET A-Z/N/1102.jpg
N,13,1103,DTASET A-Z/N/1103.jpg
N,13,1104,DTASET A-Z/N/1104.jpg
N,13,1105,DTASET A-Z/N/1105.jpg
N,13,1106,DTASET A-Z/N/1106.jpg
N,13,1107,DTASET A-Z/N/1107.jpg
N,13,1108,DTASET A-Z/N/1108.jpg
N,13,1109,DTASET A-Z/N/1109.jpg
N,13,1110,DTASET A-Z/N/1110.jpg
N,13,1111,DTASET A-Z/N/1111.jpg
N,13,1112,DTASET A-Z/N/1112.jpg
N,13,1113,DTASET A-Z/N/1113.jpg
N,13,1114,DTASET A-Z/N/1114.jpg
N,13,1115,DTASET A-Z/N/1115.jpg
N,13,1116,DTASET A-Z/N/1116.jpg
N,13,1117,DTASET A-Z/N/1117.jpg
N,13,1118,DTASET A-Z/N/1118.jpg
N,13,1119,DTASET A-Z/N/1119.jpg
N,13,1120,DTASET A-Z/N/1120.jpg
N,13,1121,DTASET A-Z/N/1121.jpg
N,13,1122,DTASET A-Z/N/1122.jpg
N,13,1123,DTASET A-Z/N/1123.jpg
N,13,1124,DTASET A-Z/N/1124.jpg
N,13,1125,DTASET A-Z/N/1125.jpg
N,13,1126,DTASET A-Z/N/1126.jpg
N,13,1127,DTASET A-Z/N/1127.jpg
N,13,1128,DTASET A-Z/N/1128.jpg
N,13,1129,DTASET A-Z/N/1129.jpg
N,13,1130,DTASET A-Z/N/1130.jpg
N,13,1131,DTASET A-Z/N/1131.jpg
N,13,1132,DTASET A-Z/N/1132.jpg
N,13,1133,DTASET A-Z/N/1133.jpg
N,13,1134,DTASET A-Z/N/1134.jpg
N,13,1135,DTASET A-Z/N/1135.jpg
N,13,1136,DTASET A-Z/N/1136.jpg
N,13,1137,DTASET A-Z/N/1137.jpg
N,13,1138,DTASET A-Z/N/1138.jpg
N,13,1139,DTASET A-Z/N/1139.jpg
N,13,1140,DTASET A-Z/N/1140.jpg
N,13,1141,DTASET A-Z/N/1141.jpg
N,13,1142,DTASET A-Z/N/1142.jpg
N,13,1143,DTASET A-Z/N/1143.jpg
N,13,1144,DTASET A-Z/N/1144.jpg
N,13,1145,DTASET A-Z/N/1145.jpg
N,13,1146,DTASET A-Z/N/1146.jpg
N,13,1147,DTASET A-Z/N/1147.jpg
N,13,1148,DTASET A-Z/N/1148.jpg
N,13,1149,DTASET A-Z/N/1149.jpg
N,13,1150,DTASET A-Z/N/1150.jpg
N,13,1151,DTASET A-Z/N/1151.jpg
N,13,1152,DTASET A-Z/N/1152.jpg
N,13,1153,DTASET A-Z/N/1153.jpg
N,13,1154,DTASET A-Z/N/1154.jpg
N,13,1155,DTASET A-Z/N/1155.jpg
N,13,1156,DTASET A-Z/N/1156.jpg
N,13,1157,DTASET A-Z/N/1157.jpg
N,13,1158,DTASET A-Z/N/1158.jpg
N,13,1159,DTASET A-Z/N/1159.jpg
N,13,1160,DTASET A-Z/N/1160.jpg
N,13,1161,DTASET A-Z/N/1161.jpg
N,13,1162,DTASET A-Z/N/1162.jpg
N,13,1163,DTASET A-Z/N/1163.jpg
N,13,1164,DTASET A-Z/N/1164.jpg
N,13,1165,DTASET A-Z/N/1165.jpg
N,13,1166,DTASET A-Z/N/1166.jpg
N,13,1167,DTASET A-Z/N/1167.jpg
N,13,1168,DTASET A-Z/N/1168.jpg
N,13,1169,DTASET A-Z/N/1169.jpg
N,13,1170,DTASET A-Z/N/1170.jpg
N,13,1171,DTASET A-Z/N/1171.jpg
N,13,1172,DTASET A-Z/N/1172.jpg
N,13,1173,DTASET A-Z/N/1173.jpg
N,13,1174,DTASET A-Z/N/1174.jpg
N,13,1175,DTASET A-Z/N/1175.jpg
N,13,1176,DTASET A-Z/N/1176.jpg
N,13,1177,DTASET A-Z/N/1177.jpg
N,13,1178,DTASET A-Z/N/1178.jpg
N,13,1179,DTASET A-Z/N/1179.jpg
N,13,1180,DTASET A-Z/N/1180.jpg
N,13,1181,DTASET A-Z/N/1181.jpg
N,13,1182,DTASET A-Z/N/1182.jpg
N,13,1183,DTASET A-Z/N/1183.jpg
N,13,1184,DTASET A-Z/N/1184.jpg
N,13,1185,DTASET A-Z/N/1185.jpg
N,13,1186,DTASET A-Z/N/1186.jpg
N,13,1187,DTASET A-Z/N/1187.jpg
N,13,1188,DTASET A-Z/N/1188.jpg
N,13,1189,DTASET A-Z/N/1189.jpg
N,13,1190,DTASET A-Z/N/1190.jpg
N,13,1191,DTASET A-Z/N/1191.jpg
N,13,1192,DTASET A-Z/N/1192.jpg
N,13,1193,DTASET A-Z/N/1193.jpg
N,13,1194,DTASET A-Z/N/1194.jpg
N,13,1195,DTASET A-Z/N/1195.jpg
N,13,1196,DTASET A-Z/N/1196.jpg
N,13,1197,DTASET A-Z/N/1197.jpg
N,13,1198,DTASET A-Z/N/1198.jpg
N,13,1199,DTASET A-Z/N/1199.jpg
O,14,0,DTASET A-Z/O/0.jpg
O,14,1,DTASET A-Z/O/1.jpg
O,14,2,DTASET A-Z/O/2.jpg
O,14,3,DTASET A-Z/O/3.jpg
O,14,4,DTASET A-Z/O/4.jpg
O,14,5,DTASET A-Z/O/5.jpg
O,14,6,DTASET A-Z/O/6.jpg
O,14,7,DTASET A-Z/O/7.jpg
O,14,8,DTASET A-Z/O/8.jpg
O,14,9,DTASET A-Z/O/9.jpg
O,14,10,DTASET A-Z/O/10.jpg
O,14,11,DTASET A-Z/O/11.jpg
O,14,12,DTASET A-Z/O/12.jpg
O,14,13,DTASET A-Z/O/13.jpg
O,14,14,DTASET A-Z/O/14.jpg
O,14,15,DTASET A-Z/O/15.jpg
O,14,16,DTASET A-Z/O/16.jpg
O,14,17,DTASET A-Z/O/17.jpg
O,14,18,DTASET A-Z/O/18.jpg
O,14,19,DTASET A-Z/O/19.jpg
O,14,20,DTASET A-Z/O/20.jpg
O,14,21,DTASET A-Z/O/21.jpg
O,14,22,DTASET A-Z/O/22.jpg
O,14,23,DTASET A-Z/O/23.jpg
O,14,24,DTASET A-Z/O/24.jpg
O,14,25,DTASET A-Z/O/25.jpg
O,14,26,DTASET A-Z/O/26.jpg
O,14,27,DTASET A-Z/O/27.jpg
O,14,28,DTASET A-Z/O/28.jpg
O,14,29,DTASET A-Z/O/29.jpg
O,14,30,DTASET A-Z/O/30.jpg
O,14,31,DTASET A-Z/O/31.jpg
O,14,32,DTASET A-Z/O/32.jpg
O,14,33,DTASET A-Z/O/33.jpg
O,14,34,DTASET A-Z/O/34.jpg
O,14,35,DTASET A-Z/O/35.jpg
O,14,36,DTASET A-Z/O/36.jpg
O,14,37,DTASET A-Z/O/37.jpg
O,14,38,DTASET A-Z/O/38.jpg
O,14,39,DTASET A-Z/O/39.jpg
O,14,40,DTASET A-Z/O/40.jpg
O,14,41,DTASET A-Z/O/41.jpg
O,14,42,DTASET A-Z/O/42.jpg
O,14,43,DTASET A-Z/O/43.jpg
O,14,44,DTASET A-Z/O/44.jpg
O,14,45,DTASET A-Z/O/45.jpg
O,14,46,DTASET A-Z/O/46.jpg
O,14,47,DTASET A-Z/O/47.jpg
O,14,48,DTASET A-Z/O/48.jpg
O,14,49,DTASET A-Z/O/49.jpg
O,14,50,DTASET A-Z/O/50.jpg
O,14,51,DTASET A-Z/O/51.jpg
O,14,52,DTASET A-Z/O/52.jpg
O,14,53,DTASET A-Z/O/53.jpg
O,14,54,DTASET A-Z/O/54.jpg
O,14,55,DTASET A-Z/O/55.jpg
O,14,56,DTASET A-Z/O/56.jpg
O,14,57,DTASET A-Z/O/57.jpg
O,14,58,DTASET A-Z/O/58.jpg
O,14,59,DTASET A-Z/O/59.jpg
O,14,60,DTASET A-Z/O/60.jpg
O,14,61,DTASET A-Z/O/61.jpg
O,14,62,DTASET A-Z/O/62.jpg
O,14,63,DTASET A-Z/O/63.jpg
O,14,64,DTASET A-Z/O/64.jpg
O,14,65,DTASET A-Z/O/65.jpg
O,14,66,DTASET A-Z/O/66.jpg
O,14,67,DTASET A-Z/O/67.jpg
O,14,68,DTASET A-Z/O/68.jpg
O,14,69,DTASET A-Z/O/69.jpg
O,14,70,DTASET A-Z/O/70.jpg
O,14,71,DTASET A-Z/O/71.jpg
O,14,72,DTASET A-Z/O/72.jpg
O,14,73,DTASET A-Z/O/73.jpg
O,14,74,DTASET A-Z/O/74.jpg
O,14,75,DTASET A-Z/O/75.jpg
O,14,76,DTASET A-Z/O/76.jpg
O,14,77,DTASET A-Z/O/77.jpg
O,14,78,DTASET A-Z/O/78.jpg
O,14,79,DTASET A-Z/O/79.jpg
O,14,80,DTASET A-Z/O/80.jpg
O,14,81,DTASET A-Z/O/81.jpg
O,14,82,DTASET A-Z/O/82.jpg
O,14,83,DTASET A-Z/O/83.jpg
O,14,84,DTASET A-Z/O/84.jpg
O,14,85,DTASET A-Z/O/85.jpg
O,14,86,DTASET A-Z/O/86.jpg
O,14,87,DTASET A-Z/O/87.jpg
O,14,88,DTASET A-Z/O/88.jpg
O,14,89,DTASET A-Z/O/89.jpg
O,14,90,DTASET A-Z/O/90.jpg
O,14,91,DTASET A-Z/O/91.jpg
O,14,92,DTASET A-Z/O/92.jpg
O,14,93,DTASET A-Z/O/93.jpg
O,14,94,DTASET A-Z/O/94.jpg
O,14,95,DTASET A-Z/O/95.jpg
O,14,96,DTASET A-Z/O/96.jpg
O,14,97,DTASET A-Z/O/97.jpg
O,14,98,DTASET A-Z/O/98.jpg
O,14,99,DTASET A-Z/O/99.jpg
O,14,100,DTASET A-Z/O/100.jpg
O,14,101,DTASET A-Z/O/101.jpg
O,14,102,DTASET A-Z/O/102.jpg
O,14,103,DTASET A-Z/O/103.jpg
O,14,104,DTASET A-Z/O/104.jpg
O,14,105,DTASET A-Z/O/105.jpg
O,14,106,DTASET A-Z/O/106.jpg
O,14,107,DTASET A-Z/O/107.jpg
O,14,108,DTASET A-Z/O/108.jpg
O,14,109,DTASET A-Z/O/109.jpg
O,14,110,DTASET A-Z/O/110.jpg
O,14,111,DTASET A-Z/O/111.jpg
O,14,112,DTASET A-Z/O/112.jpg
O,14,113,DTASET A-Z/O/113.jpg
O,14,114,DTASET A-Z/O/114.jpg
O,14,115,DTASET A-Z/O/115.jpg
O,14,116,DTASET A-Z/O/116.jpg
O,14,117,DTASET A-Z/O/117.jpg
O,14,118,DTASET A-Z/O/118.jpg
O,14,119,DTASET A-Z/O/119.jpg
O,14,120,DTASET A-Z/O/120.jpg
O,14,121,DTASET A-Z/O/121.jpg
O,14,122,DTASET A-Z/O/122.jpg
O,14,123,DTASET A-Z/O/123.jpg
O,14,124,DTASET A-Z/O/124.jpg
O,14,125,DTASET A-Z/O/125.jpg
O,14,126,DTASET A-Z/O/126.jpg
O,14,127,DTASET A-Z/O/127.jpg
O,14,128,DTASET A-Z/O/128.jpg
O,14,129,DTASET A-Z/O/129.jpg
O,14,130,DTASET A-Z/O/130.jpg
O,14,131,DTASET A-Z/O/131.jpg
O,14,132,DTASET A-Z/O/132.jpg
O,14,133,DTASET A-Z/O/133.jpg
O,14,134,DTASET A-Z/O/134.jpg
O,14,135,DTASET A-Z/O/135.jpg
O,14,136,DTASET A-Z/O/136.jpg
O,14,137,DTASET A-Z/O/137.jpg
O,14,138,DTASET A-Z/O/138.jpg
O,14,139,DTASET A-Z/O/139.jpg
O,14,140,DTASET A-Z/O/140.jpg
O,14,141,DTASET A-Z/O/141.jpg
O,14,142,DTASET A-Z/O/142.jpg
O,14,143,DTASET A-Z/O/143.jpg
O,14,144,DTASET A-Z/O/144.jpg
O,14,145,DTASET A-Z/O/145.jpg
O,14,146,DTASET A-Z/O/146.jpg
O,14,147,DTASET A-Z/O/147.jpg
O,14,148,DTASET A-Z/O/148.jpg
O,14,149,DTASET A-Z/O/149.jpg
O,14,150,DTASET A-Z/O/150.jpg
O,14,151,DTASET A-Z/O/151.jpg
O,14,152,DTASET A-Z/O/152.jpg
O,14,153,DTASET A-Z/O/153.jpg
O,14,154,DTASET A-Z/O/154.jpg
O,14,155,DTASET A-Z/O/155.jpg
O,14,156,DTASET A-Z/O/156.jpg
O,14,157,DTASET A-Z/O/157.jpg
O,14,158,DTASET A-Z/O/158.jpg
O,14,159,DTASET A-Z/O/159.jpg
O,14,160,DTASET A-Z/O/160.jpg
O,14,161,DTASET A-Z/O/161.jpg
O,14,162,DTASET A-Z/O/162.jpg
O,14,163,DTASET A-Z/O/163.jpg
O,14,164,DTASET A-Z/O/164.jpg
O,14,165,DTASET A-Z/O/165.jpg
O,14,166,DTASET A-Z/O/166.jpg
O,14,167,DTASET A-Z/O/167.jpg
O,14,168,DTASET A-Z/O/168.jpg
O,14,169,DTASET A-Z/O/169.jpg
O,14,170,DTASET A-Z/O/170.jpg
O,14,171,DTASET A-Z/O/171.jpg
O,14,172,DTASET A-Z/O/172.jpg
O,14,173,DTASET A-Z/O/173.jpg
O,14,174,DTASET A-Z/O/174.jpg
O,14,175,DTASET A-Z/O/175.jpg
O,14,176,DTASET A-Z/O/176.jpg
O,14,177,DTASET A-Z/O/177.jpg
O,14,178,DTASET A-Z/O/178.jpg
O,14,179,DTASET A-Z/O/179.jpg
O,14,180,DTASET A-Z/O/180.jpg
O,14,181,DTASET A-Z/O/181.jpg
O,14,182,DTASET A-Z/O/182.jpg
O,14,183,DTASET A-Z/O/183.jpg
O,14,184,DTASET A-Z/O/184.jpg
O,14,185,DTASET A-Z/O/185.jpg
O,14,186,DTASET A-Z/O/186.jpg
O,14,187,DTASET A-Z/O/187.jpg
O,14,188,DTASET A-Z/O/188.jpg
O,14,189,DTASET A-Z/O/189.jpg
O,14,190,DTASET A-Z/O/190.jpg
O,14,191,DTASET A-Z/O/191.jpg
O,14,192,DTASET A-Z/O/192.jpg
O,14,193,DTASET A-Z/O/193.jpg
O,14,194,DTASET A-Z/O/194.jpg
O,14,195,DTASET A-Z/O/195.jpg
O,14,196,DTASET A-Z/O/196.jpg
O,14,197,DTASET A-Z/O/197.jpg
O,14,198,DTASET A-Z/O/198.jpg
O,14,199,DTASET A-Z/O/199.jpg
O,14,200,DTASET A-Z/O/200.jpg
O,14,201,DTASET A-Z/O/201.jpg
O,14,202,DTASET A-Z/O/202.jpg
O,14,203,DTASET A-Z/O/203.jpg
O,14,204,DTASET A-Z/O/204.jpg
O,14,205,DTASET A-Z/O/205.jpg
O,14,206,DTASET A-Z/O/206.jpg
O,14,207,DTASET A-Z/O/207.jpg
O,14,208,DTASET A-Z/O/208.jpg
O,14,209,DTASET A-Z/O/209.jpg
O,14,210,DTASET A-Z/O/210.jpg
O,14,211,DTASET A-Z/O/211.jpg
O,14,212,DTASET A-Z/O/212.jpg
O,14,213,DTASET A-Z/O/213.jpg
O,14,214,DTASET A-Z/O/214.jpg
O,14,215,DTASET A-Z/O/215.jpg
O,14,216,DTASET A-Z/O/216.jpg
O,14,217,DTASET A-Z/O/217.jpg
O,14,218,DTASET A-Z/O/218.jpg
O,14,219,DTASET A-Z/O/219.jpg
O,14,220,DTASET A-Z/O/220.jpg
O,14,221,DTASET A-Z/O/221.jpg
O,14,222,DTASET A-Z/O/222.jpg
O,14,223,DTASET A-Z/O/223.jpg
O,14,224,DTASET A-Z/O/224.jpg
O,14,225,DTASET A-Z/O/225.jpg
O,14,226,DTASET A-Z/O/226.jpg
O,14,227,DTASET A-Z/O/227.jpg
O,14,228,DTASET A-Z/O/228.jpg
O,14,229,DTASET A-Z/O/229.jpg
O,14,230,DTASET A-Z/O/230.jpg
O,14,231,DTASET A-Z/O/231.jpg
O,14,232,DTASET A-Z/O/232.jpg
O,14,233,DTASET A-Z/O/233.jpg
O,14,234,DTASET A-Z/O/234.jpg
O,14,235,DTASET A-Z/O/235.jpg
O,14,236,DTASET A-Z/O/236.jpg
O,14,237,DTASET A-Z/O/237.jpg
O,14,238,DTASET A-Z/O/238.jpg
O,14,239,DTASET A-Z/O/239.jpg
O,14,240,DTASET A-Z/O/240.jpg
O,14,241,DTASET A-Z/O/241.jpg
O,14,242,DTASET A-Z/O/242.jpg
O,14,243,DTASET A-Z/O/243.jpg
O,14,244,DTASET A-Z/O/244.jpg
O,14,245,DTASET A-Z/O/245.jpg
O,14,246,DTASET A-Z/O/246.jpg
O,14,247,DTASET A-Z/O/247.jpg
O,14,248,DTASET A-Z/O/248.jpg
O,14,249,DTASET A-Z/O/249.jpg
O,14,250,DTASET A-Z/O/250.jpg
O,14,251,DTASET A-Z/O/251.jpg
O,14,252,DTASET A-Z/O/252.jpg
O,14,253,DTASET A-Z/O/253.jpg
O,14,254,DTASET A-Z/O/254.jpg
O,14,255,DTASET A-Z/O/255.jpg
O,14,256,DTASET A-Z/O/256.jpg
O,14,257,DTASET A-Z/O/257.jpg
O,14,258,DTASET A-Z/O/258.jpg
O,14,259,DTASET A-Z/O/259.jpg
O,14,260,DTASET A-Z/O/260.jpg
O,14,261,DTASET A-Z/O/261.jpg
O,14,262,DTASET A-Z/O/262.jpg
O,14,263,DTASET A-Z/O/263.jpg
O,14,264,DTASET A-Z/O/264.jpg
O,14,265,DTASET A-Z/O/265.jpg
O,14,266,DTASET A-Z/O/266.jpg
O,14,267,DTASET A-Z/O/267.jpg
O,14,268,DTASET A-Z/O/268.jpg
O,14,269,DTASET A-Z/O/269.jpg
O,14,270,DTASET A-Z/O/270.jpg
O,14,271,DTASET A-Z/O/271.jpg
O,14,272,DTASET A-Z/O/272.jpg
O,14,273,DTASET A-Z/O/273.jpg
O,14,274,DTASET A-Z/O/274.jpg
O,14,275,DTASET A-Z/O/275.jpg
O,14,276,DTASET A-Z/O/276.jpg
O,14,277,DTASET A-Z/O/277.jpg
O,14,278,DTASET A-Z/O/278.jpg
O,14,279,DTASET A-Z/O/279.jpg
O,14,280,DTASET A-Z/O/280.jpg
O,14,281,DTASET A-Z/O/281.jpg
O,14,282,DTASET A-Z/O/282.jpg
O,14,283,DTASET A-Z/O/283.jpg
O,14,284,DTASET A-Z/O/284.jpg
O,14,285,DTASET A-Z/O/285.jpg
O,14,286,DTASET A-Z/O/286.jpg
O,14,287,DTASET A-Z/O/287.jpg
O,14,288,DTASET A-Z/O/288.jpg
O,14,289,DTASET A-Z/O/289.jpg
O,14,290,DTASET A-Z/O/290.jpg
O,14,291,DTASET A-Z/O/291.jpg
O,14,292,DTASET A-Z/O/292.jpg
O,14,293,DTASET A-Z/O/293.jpg
O,14,294,DTASET A-Z/O/294.jpg
O,14,295,DTASET A-Z/O/295.jpg
O,14,296,DTASET A-Z/O/296.jpg
O,14,297,DTASET A-Z/O/297.jpg
O,14,298,DTASET A-Z/O/298.jpg
O,14,299,DTASET A-Z/O/299.jpg
O,14,300,DTASET A-Z/O/300.jpg
O,14,301,DTASET A-Z/O/301.jpg
O,14,302,DTASET A-Z/O/302.jpg
O,14,303,DTASET A-Z/O/303.jpg
O,14,304,DTASET A-Z/O/304.jpg
O,14,305,DTASET A-Z/O/305.jpg
O,14,306,DTASET A-Z/O/306.jpg
O,14,307,DTASET A-Z/O/307.jpg
O,14,308,DTASET A-Z/O/308.jpg
O,14,309,DTASET A-Z/O/309.jpg
O,14,310,DTASET A-Z/O/310.jpg
O,14,311,DTASET A-Z/O/311.jpg
O,14,312,DTASET A-Z/O/312.jpg
O,14,313,DTASET A-Z/O/313.jpg
O,14,314,DTASET A-Z/O/314.jpg
O,14,315,DTASET A-Z/O/315.jpg
O,14,316,DTASET A-Z/O/316.jpg
O,14,317,DTASET A-Z/O/317.jpg
O,14,318,DTASET A-Z/O/318.jpg
O,14,319,DTASET A-Z/O/319.jpg
O,14,320,DTASET A-Z/O/320.jpg
O,14,321,DTASET A-Z/O/321.jpg
O,14,322,DTASET A-Z/O/322.jpg
O,14,323,DTASET A-Z/O/323.jpg
O,14,324,DTASET A-Z/O/324.jpg
O,14,325,DTASET A-Z/O/325.jpg
O,14,326,DTASET A-Z/O/326.jpg
O,14,327,DTASET A-Z/O/327.jpg
O,14,328,DTASET A-Z/O/328.jpg
O,14,329,DTASET A-Z/O/329.jpg
O,14,330,DTASET A-Z/O/330.jpg
O,14,331,DTASET A-Z/O/331.jpg
O,14,332,DTASET A-Z/O/332.jpg
O,14,333,DTASET A-Z/O/333.jpg
O,14,334,DTASET A-Z/O/334.jpg
O,14,335,DTASET A-Z/O/335.jpg
O,14,336,DTASET A-Z/O/336.jpg
O,14,337,DTASET A-Z/O/337.jpg
O,14,338,DTASET A-Z/O/338.jpg
O,14,339,DTASET A-Z/O/339.jpg
O,14,340,DTASET A-Z/O/340.jpg
O,14,341,DTASET A-Z/O/341.jpg
O,14,342,DTASET A-Z/O/342.jpg
O,14,343,DTASET A-Z/O/343.jpg
O,14,344,DTASET A-Z/O/344.jpg
O,14,345,DTASET A-Z/O/345.jpg
O,14,346,DTASET A-Z/O/346.jpg
O,14,347,DTASET A-Z/O/347.jpg
O,14,348,DTASET A-Z/O/348.jpg
O,14,349,DTASET A-Z/O/349.jpg
O,14,350,DTASET A-Z/O/350.jpg
O,14,351,DTASET A-Z/O/351.jpg
O,14,352,DTASET A-Z/O/352.jpg
O,14,353,DTASET A-Z/O/353.jpg
O,14,354,DTASET A-Z/O/354.jpg
O,14,355,DTASET A-Z/O/355.jpg
O,14,356,DTASET A-Z/O/356.jpg
O,14,357,DTASET A-Z/O/357.jpg
O,14,358,DTASET A-Z/O/358.jpg
O,14,359,DTASET A-Z/O/359.jpg
O,14,360,DTASET A-Z/O/360.jpg
O,14,361,DTASET A-Z/O/361.jpg
O,14,362,DTASET A-Z/O/362.jpg
O,14,363,DTASET A-Z/O/363.jpg
O,14,364,DTASET A-Z/O/364.jpg
O,14,365,DTASET A-Z/O/365.jpg
O,14,366,DTASET A-Z/O/366.jpg
O,14,367,DTASET A-Z/O/367.jpg
O,14,368,DTASET A-Z/O/368.jpg
O,14,369,DTASET A-Z/O/369.jpg
O,14,370,DTASET A-Z/O/370.jpg
O,14,371,DTASET A-Z/O/371.jpg
O,14,372,DTASET A-Z/O/372.jpg
O,14,373,DTASET A-Z/O/373.jpg
O,14,374,DTASET A-Z/O/374.jpg
O,14,375,DTASET A-Z/O/375.jpg
O,14,376,DTASET A-Z/O/376.jpg
O,14,377,DTASET A-Z/O/377.jpg
O,14,378,DTASET A-Z/O/378.jpg
O,14,379,DTASET A-Z/O/379.jpg
O,14,380,DTASET A-Z/O/380.jpg
O,14,381,DTASET A-Z/O/381.jpg
O,14,382,DTASET A-Z/O/382.jpg
O,14,383,DTASET A-Z/O/383.jpg
O,14,384,DTASET A-Z/O/384.jpg
O,14,385,DTASET A-Z/O/385.jpg
O,14,386,DTASET A-Z/O/386.jpg
O,14,387,DTASET A-Z/O/387.jpg
O,14,388,DTASET A-Z/O/388.jpg
O,14,389,DTASET A-Z/O/389.jpg
O,14,390,DTASET A-Z/O/390.jpg
O,14,391,DTASET A-Z/O/391.jpg
O,14,392,DTASET A-Z/O/392.jpg
O,14,393,DTASET A-Z/O/393.jpg
O,14,394,DTASET A-Z/O/394.jpg
O,14,395,DTASET A-Z/O/395.jpg
O,14,396,DTASET A-Z/O/396.jpg
O,14,397,DTASET A-Z/O/397.jpg
O,14,398,DTASET A-Z/O/398.jpg
O,14,399,DTASET A-Z/O/399.jpg
O,14,400,DTASET A-Z/O/400.jpg
O,14,401,DTASET A-Z/O/401.jpg
O,14,402,DTASET A-Z/O/402.jpg
O,14,403,DTASET A-Z/O/403.jpg
O,14,404,DTASET A-Z/O/404.jpg
O,14,405,DTASET A-Z/O/405.jpg
O,14,406,DTASET A-Z/O/406.jpg
O,14,407,DTASET A-Z/O/407.jpg
O,14,408,DTASET A-Z/O/408.jpg
O,14,409,DTASET A-Z/O/409.jpg
O,14,410,DTASET A-Z/O/410.jpg
O,14,411,DTASET A-Z/O/411.jpg
O,14,412,DTASET A-Z/O/412.jpg
O,14,413,DTASET A-Z/O/413.jpg
O,14,414,DTASET A-Z/O/414.jpg
O,14,415,DTASET A-Z/O/415.jpg
O,14,416,DTASET A-Z/O/416.jpg
O,14,417,DTASET A-Z/O/417.jpg
O,14,418,DTASET A-Z/O/418.jpg
O,14,419,DTASET A-Z/O/419.jpg
O,14,420,DTASET A-Z/O/420.jpg
O,14,421,DTASET A-Z/O/421.jpg
O,14,422,DTASET A-Z/O/422.jpg
O,14,423,DTASET A-Z/O/423.jpg
O,14,424,DTASET A-Z/O/424.jpg
O,14,425,DTASET A-Z/O/425.jpg
O,14,426,DTASET A-Z/O/426.jpg
O,14,427,DTASET A-Z/O/427.jpg
O,14,428,DTASET A-Z/O/428.jpg
O,14,429,DTASET A-Z/O/429.jpg
O,14,430,DTASET A-Z/O/430.jpg
O,14,431,DTASET A-Z/O/431.jpg
O,14,432,DTASET A-Z/O/432.jpg
O,14,433,DTASET A-Z/O/433.jpg
O,14,434,DTASET A-Z/O/434.jpg
O,14,435,DTASET A-Z/O/435.jpg
O,14,436,DTASET A-Z/O/436.jpg
O,14,437,DTASET A-Z/O/437.jpg
O,14,438,DTASET A-Z/O/438.jpg
O,14,439,DTASET A-Z/O/439.jpg
O,14,440,DTASET A-Z/O/440.jpg
O,14,441,DTASET A-Z/O/441.jpg
O,14,442,DTASET A-Z/O/442.jpg
O,14,443,DTASET A-Z/O/443.jpg
O,14,444,DTASET A-Z/O/444.jpg
O,14,445,DTASET A-Z/O/445.jpg
O,14,446,DTASET A-Z/O/446.jpg
O,14,447,DTASET A-Z/O/447.jpg
O,14,448,DTASET A-Z/O/448.jpg
O,14,449,DTASET A-Z/O/449.jpg
O,14,450,DTASET A-Z/O/450.jpg
O,14,451,DTASET A-Z/O/451.jpg
O,14,452,DTASET A-Z/O/452.jpg
O,14,453,DTASET A-Z/O/453.jpg
O,14,454,DTASET A-Z/O/454.jpg
O,14,455,DTASET A-Z/O/455.jpg
O,14,456,DTASET A-Z/O/456.jpg
O,14,457,DTASET A-Z/O/457.jpg
O,14,458,DTASET A-Z/O/458.jpg
O,14,459,DTASET A-Z/O/459.jpg
O,14,460,DTASET A-Z/O/460.jpg
O,14,461,DTASET A-Z/O/461.jpg
O,14,462,DTASET A-Z/O/462.jpg
O,14,463,DTASET A-Z/O/463.jpg
O,14,464,DTASET A-Z/O/464.jpg
O,14,465,DTASET A-Z/O/465.jpg
O,14,466,DTASET A-Z/O/466.jpg
O,14,467,DTASET A-Z/O/467.jpg
O,14,468,DTASET A-Z/O/468.jpg
O,14,469,DTASET A-Z/O/469.jpg
O,14,470,DTASET A-Z/O/470.jpg
O,14,471,DTASET A-Z/O/471.jpg
O,14,472,DTASET A-Z/O/472.jpg
O,14,473,DTASET A-Z/O/473.jpg
O,14,474,DTASET A-Z/O/474.jpg
O,14,475,DTASET A-Z/O/475.jpg
O,14,476,DTASET A-Z/O/476.jpg
O,14,477,DTASET A-Z/O/477.jpg
O,14,478,DTASET A-Z/O/478.jpg
O,14,479,DTASET A-Z/O/479.jpg
O,14,480,DTASET A-Z/O/480.jpg
O,14,481,DTASET A-Z/O/481.jpg
O,14,482,DTASET A-Z/O/482.jpg
O,14,483,DTASET A-Z/O/483.jpg
O,14,484,DTASET A-Z/O/484.jpg
O,14,485,DTASET A-Z/O/485.jpg
O,14,486,DTASET A-Z/O/486.jpg
O,14,487,DTASET A-Z/O/487.jpg
O,14,488,DTASET A-Z/O/488.jpg
O,14,489,DTASET A-Z/O/489.jpg
O,14,490,DTASET A-Z/O/490.jpg
O,14,491,DTASET A-Z/O/491.jpg
O,14,492,DTASET A-Z/O/492.jpg
O,14,493,DTASET A-Z/O/493.jpg
O,14,494,DTASET A-Z/O/494.jpg
O,14,495,DTASET A-Z/O/495.jpg
O,14,496,DTASET A-Z/O/496.jpg
O,14,497,DTASET A-Z/O/497.jpg
O,14,498,DTASET A-Z/O/498.jpg
O,14,499,DTASET A-Z/O/499.jpg
O,14,500,DTASET A-Z/O/500.jpg
O,14,501,DTASET A-Z/O/501.jpg
O,14,502,DTASET A-Z/O/502.jpg
O,14,503,DTASET A-Z/O/503.jpg
O,14,504,DTASET A-Z/O/504.jpg
O,14,505,DTASET A-Z/O/505.jpg
O,14,506,DTASET A-Z/O/506.jpg
O,14,507,DTASET A-Z/O/507.jpg
O,14,508,DTASET A-Z/O/508.jpg
O,14,509,DTASET A-Z/O/509.jpg
O,14,510,DTASET A-Z/O/510.jpg
O,14,511,DTASET A-Z/O/511.jpg
O,14,512,DTASET A-Z/O/512.jpg
O,14,513,DTASET A-Z/O/513.jpg
O,14,514,DTASET A-Z/O/514.jpg
O,14,515,DTASET A-Z/O/515.jpg
O,14,516,DTASET A-Z/O/516.jpg
O,14,517,DTASET A-Z/O/517.jpg
O,14,518,DTASET A-Z/O/518.jpg
O,14,519,DTASET A-Z/O/519.jpg
O,14,520,DTASET A-Z/O/520.jpg
O,14,521,DTASET A-Z/O/521.jpg
O,14,522,DTASET A-Z/O/522.jpg
O,14,523,DTASET A-Z/O/523.jpg
O,14,524,DTASET A-Z/O/524.jpg
O,14,525,DTASET A-Z/O/525.jpg
O,14,526,DTASET A-Z/O/526.jpg
O,14,527,DTASET A-Z/O/527.jpg
O,14,528,DTASET A-Z/O/528.jpg
O,14,529,DTASET A-Z/O/529.jpg
O,14,530,DTASET A-Z/O/530.jpg
O,14,531,DTASET A-Z/O/531.jpg
O,14,532,DTASET A-Z/O/532.jpg
O,14,533,DTASET A-Z/O/533.jpg
O,14,534,DTASET A-Z/O/534.jpg
O,14,535,DTASET A-Z/O/535.jpg
O,14,536,DTASET A-Z/O/536.jpg
O,14,537,DTASET A-Z/O/537.jpg
O,14,538,DTASET A-Z/O/538.jpg
O,14,539,DTASET A-Z/O/539.jpg
O,14,540,DTASET A-Z/O/540.jpg
O,14,541,DTASET A-Z/O/541.jpg
O,14,542,DTASET A-Z/O/542.jpg
O,14,543,DTASET A-Z/O/543.jpg
O,14,544,DTASET A-Z/O/544.jpg
O,14,545,DTASET A-Z/O/545.jpg
O,14,546,DTASET A-Z/O/546.jpg
O,14,547,DTASET A-Z/O/547.jpg
O,14,548,DTASET A-Z/O/548.jpg
O,14,549,DTASET A-Z/O/549.jpg
O,14,550,DTASET A-Z/O/550.jpg
O,14,551,DTASET A-Z/O/551.jpg
O,14,552,DTASET A-Z/O/552.jpg
O,14,553,DTASET A-Z/O/553.jpg
O,14,554,DTASET A-Z/O/554.jpg
O,14,555,DTASET A-Z/O/555.jpg
O,14,556,DTASET A-Z/O/556.jpg
O,14,557,DTASET A-Z/O/557.jpg
O,14,558,DTASET A-Z/O/558.jpg
O,14,559,DTASET A-Z/O/559.jpg
O,14,560,DTASET A-Z/O/560.jpg
O,14,561,DTASET A-Z/O/561.jpg
O,14,562,DTASET A-Z/O/562.jpg
O,14,563,DTASET A-Z/O/563.jpg
O,14,564,DTASET A-Z/O/564.jpg
O,14,565,DTASET A-Z/O/565.jpg
O,14,566,DTASET A-Z/O/566.jpg
O,14,567,DTASET A-Z/O/567.jpg
O,14,568,DTASET A-Z/O/568.jpg
O,14,569,DTASET A-Z/O/569.jpg
O,14,570,DTASET A-Z/O/570.jpg
O,14,571,DTASET A-Z/O/571.jpg
O,14,572,DTASET A-Z/O/572.jpg
O,14,573,DTASET A-Z/O/573.jpg
O,14,574,DTASET A-Z/O/574.jpg
O,14,575,DTASET A-Z/O/575.jpg
O,14,576,DTASET A-Z/O/576.jpg
O,14,577,DTASET A-Z/O/577.jpg
O,14,578,DTASET A-Z/O/578.jpg
O,14,579,DTASET A-Z/O/579.jpg
O,14,580,DTASET A-Z/O/580.jpg
O,14,581,DTASET A-Z/O/581.jpg
O,14,582,DTASET A-Z/O/582.jpg
O,14,583,DTASET A-Z/O/583.jpg
O,14,584,DTASET A-Z/O/584.jpg
O,14,585,DTASET A-Z/O/585.jpg
O,14,586,DTASET A-Z/O/586.jpg
O,14,587,DTASET A-Z/O/587.jpg
O,14,588,DTASET A-Z/O/588.jpg
O,14,589,DTASET A-Z/O/589.jpg
O,14,590,DTASET A-Z/O/590.jpg
O,14,591,DTASET A-Z/O/591.jpg
O,14,592,DTASET A-Z/O/592.jpg
O,14,593,DTASET A-Z/O/593.jpg
O,14,594,DTASET A-Z/O/594.jpg
O,14,595,DTASET A-Z/O/595.jpg
O,14,596,DTASET A-Z/O/596.jpg
O,14,597,DTASET A-Z/O/597.jpg
O,14,598,DTASET A-Z/O/598.jpg
O,14,599,DTASET A-Z/O/599.jpg
O,14,600,DTASET A-Z/O/600.jpg
O,14,601,DTASET A-Z/O/601.jpg
O,14,602,DTASET A-Z/O/602.jpg
O,14,603,DTASET A-Z/O/603.jpg
O,14,604,DTASET A-Z/O/604.jpg
O,14,605,DTASET A-Z/O/605.jpg
O,14,606,DTASET A-Z/O/606.jpg
O,14,607,DTASET A-Z/O/607.jpg
O,14,608,DTASET A-Z/O/608.jpg
O,14,609,DTASET A-Z/O/609.jpg
O,14,610,DTASET A-Z/O/610.jpg
O,14,611,DTASET A-Z/O/611.jpg
O,14,612,DTASET A-Z/O/612.jpg
O,14,613,DTASET A-Z/O/613.jpg
O,14,614,DTASET A-Z/O/614.jpg
O,14,615,DTASET A-Z/O/615.jpg
O,14,616,DTASET A-Z/O/616.jpg
O,14,617,DTASET A-Z/O/617.jpg
O,14,618,DTASET A-Z/O/618.jpg
O,14,619,DTASET A-Z/O/619.jpg
O,14,620,DTASET A-Z/O/620.jpg
O,14,621,DTASET A-Z/O/621.jpg
O,14,622,DTASET A-Z/O/622.jpg
O,14,623,DTASET A-Z/O/623.jpg
O,14,624,DTASET A-Z/O/624.jpg
O,14,625,DTASET A-Z/O/625.jpg
O,14,626,DTASET A-Z/O/626.jpg
O,14,627,DTASET A-Z/O/627.jpg
O,14,628,DTASET A-Z/O/628.jpg
O,14,629,DTASET A-Z/O/629.jpg
O,14,630,DTASET A-Z/O/630.jpg
O,14,631,DTASET A-Z/O/631.jpg
O,14,632,DTASET A-Z/O/632.jpg
O,14,633,DTASET A-Z/O/633.jpg
O,14,634,DTASET A-Z/O/634.jpg
O,14,635,DTASET A-Z/O/635.jpg
O,14,636,DTASET A-Z/O/636.jpg
O,14,637,DTASET A-Z/O/637.jpg
O,14,638,DTASET A-Z/O/638.jpg
O,14,639,DTASET A-Z/O/639.jpg
O,14,640,DTASET A-Z/O/640.jpg
O,14,641,DTASET A-Z/O/641.jpg
O,14,642,DTASET A-Z/O/642.jpg
O,14,643,DTASET A-Z/O/643.jpg
O,14,644,DTASET A-Z/O/644.jpg
O,14,645,DTASET A-Z/O/645.jpg
O,14,646,DTASET A-Z/O/646.jpg
O,14,647,DTASET A-Z/O/647.jpg
O,14,648,DTASET A-Z/O/648.jpg
O,14,649,DTASET A-Z/O/649.jpg
O,14,650,DTASET A-Z/O/650.jpg
O,14,651,DTASET A-Z/O/651.jpg
O,14,652,DTASET A-Z/O/652.jpg
O,14,653,DTASET A-Z/O/653.jpg
O,14,654,DTASET A-Z/O/654.jpg
O,14,655,DTASET A-Z/O/655.jpg
O,14,656,DTASET A-Z/O/656.jpg
O,14,657,DTASET A-Z/O/657.jpg
O,14,658,DTASET A-Z/O/658.jpg
O,14,659,DTASET A-Z/O/659.jpg
O,14,660,DTASET A-Z/O/660.jpg
O,14,661,DTASET A-Z/O/661.jpg
O,14,662,DTASET A-Z/O/662.jpg
O,14,663,DTASET A-Z/O/663.jpg
O,14,664,DTASET A-Z/O/664.jpg
O,14,665,DTASET A-Z/O/665.jpg
O,14,666,DTASET A-Z/O/666.jpg
O,14,667,DTASET A-Z/O/667.jpg
O,14,668,DTASET A-Z/O/668.jpg
O,14,669,DTASET A-Z/O/669.jpg
O,14,670,DTASET A-Z/O/670.jpg
O,14,671,DTASET A-Z/O/671.jpg
O,14,672,DTASET A-Z/O/672.jpg
O,14,673,DTASET A-Z/O/673.jpg
O,14,674,DTASET A-Z/O/674.jpg
O,14,675,DTASET A-Z/O/675.jpg
O,14,676,DTASET A-Z/O/676.jpg
O,14,677,DTASET A-Z/O/677.jpg
O,14,678,DTASET A-Z/O/678.jpg
O,14,679,DTASET A-Z/O/679.jpg
O,14,680,DTASET A-Z/O/680.jpg
O,14,681,DTASET A-Z/O/681.jpg
O,14,682,DTASET A-Z/O/682.jpg
O,14,683,DTASET A-Z/O/683.jpg
O,14,684,DTASET A-Z/O/684.jpg
O,14,685,DTASET A-Z/O/685.jpg
O,14,686,DTASET A-Z/O/686.jpg
O,14,687,DTASET A-Z/O/687.jpg
O,14,688,DTASET A-Z/O/688.jpg
O,14,689,DTASET A-Z/O/689.jpg
O,14,690,DTASET A-Z/O/690.jpg
O,14,691,DTASET A-Z/O/691.jpg
O,14,692,DTASET A-Z/O/692.jpg
O,14,693,DTASET A-Z/O/693.jpg
O,14,694,DTASET A-Z/O/694.jpg
O,14,695,DTASET A-Z/O/695.jpg
O,14,696,DTASET A-Z/O/696.jpg
O,14,697,DTASET A-Z/O/697.jpg
O,14,698,DTASET A-Z/O/698.jpg
O,14,699,DTASET A-Z/O/699.jpg
O,14,700,DTASET A-Z/O/700.jpg
O,14,701,DTASET A-Z/O/701.jpg
O,14,702,DTASET A-Z/O/702.jpg
O,14,703,DTASET A-Z/O/703.jpg
O,14,704,DTASET A-Z/O/704.jpg
O,14,705,DTASET A-Z/O/705.jpg
O,14,706,DTASET A-Z/O/706.jpg
O,14,707,DTASET A-Z/O/707.jpg
O,14,708,DTASET A-Z/O/708.jpg
O,14,709,DTASET A-Z/O/709.jpg
O,14,710,DTASET A-Z/O/710.jpg
O,14,711,DTASET A-Z/O/711.jpg
O,14,712,DTASET A-Z/O/712.jpg
O,14,713,DTASET A-Z/O/713.jpg
O,14,714,DTASET A-Z/O/714.jpg
O,14,715,DTASET A-Z/O/715.jpg
O,14,716,DTASET A-Z/O/716.jpg
O,14,717,DTASET A-Z/O/717.jpg
O,14,718,DTASET A-Z/O/718.jpg
O,14,719,DTASET A-Z/O/719.jpg
O,14,720,DTASET A-Z/O/720.jpg
O,14,721,DTASET A-Z/O/721.jpg
O,14,722,DTASET A-Z/O/722.jpg
O,14,723,DTASET A-Z/O/723.jpg
O,14,724,DTASET A-Z/O/724.jpg
O,14,725,DTASET A-Z/O/725.jpg
O,14,726,DTASET A-Z/O/726.jpg
O,14,727,DTASET A-Z/O/727.jpg
O,14,728,DTASET A-Z/O/728.jpg
O,14,729,DTASET A-Z/O/729.jpg
O,14,730,DTASET A-Z/O/730.jpg
O,14,731,DTASET A-Z/O/731.jpg
O,14,732,DTASET A-Z/O/732.jpg
O,14,733,DTASET A-Z/O/733.jpg
O,14,734,DTASET A-Z/O/734.jpg
O,14,735,DTASET A-Z/O/735.jpg
O,14,736,DTASET A-Z/O/736.jpg
O,14,737,DTASET A-Z/O/737.jpg
O,14,738,DTASET A-Z/O/738.jpg
O,14,739,DTASET A-Z/O/739.jpg
O,14,740,DTASET A-Z/O/740.jpg
O,14,741,DTASET A-Z/O/741.jpg
O,14,742,DTASET A-Z/O/742.jpg
O,14,743,DTASET A-Z/O/743.jpg
O,14,744,DTASET A-Z/O/744.jpg
O,14,745,DTASET A-Z/O/745.jpg
O,14,746,DTASET A-Z/O/746.jpg
O,14,747,DTASET A-Z/O/747.jpg
O,14,748,DTASET A-Z/O/748.jpg
O,14,749,DTASET A-Z/O/749.jpg
O,14,750,DTASET A-Z/O/750.jpg
O,14,751,DTASET A-Z/O/751.jpg
O,14,752,DTASET A-Z/O/752.jpg
O,14,753,DTASET A-Z/O/753.jpg
O,14,754,DTASET A-Z/O/754.jpg
O,14,755,DTASET A-Z/O/755.jpg
O,14,756,DTASET A-Z/O/756.jpg
O,14,757,DTASET A-Z/O/757.jpg
O,14,758,DTASET A-Z/O/758.jpg
O,14,759,DTASET A-Z/O/759.jpg
O,14,760,DTASET A-Z/O/760.jpg
O,14,761,DTASET A-Z/O/761.jpg
O,14,762,DTASET A-Z/O/762.jpg
O,14,763,DTASET A-Z/O/763.jpg
O,14,764,DTASET A-Z/O/764.jpg
O,14,765,DTASET A-Z/O/765.jpg
O,14,766,DTASET A-Z/O/766.jpg
O,14,767,DTASET A-Z/O/767.jpg
O,14,768,DTASET A-Z/O/768.jpg
O,14,769,DTASET A-Z/O/769.jpg
O,14,770,DTASET A-Z/O/770.jpg
O,14,771,DTASET A-Z/O/771.jpg
O,14,772,DTASET A-Z/O/772.jpg
O,14,773,DTASET A-Z/O/773.jpg
O,14,774,DTASET A-Z/O/774.jpg
O,14,775,DTASET A-Z/O/775.jpg
O,14,776,DTASET A-Z/O/776.jpg
O,14,777,DTASET A-Z/O/777.jpg
O,14,778,DTASET A-Z/O/778.jpg
O,14,779,DTASET A-Z/O/779.jpg
O,14,780,DTASET A-Z/O/780.jpg
O,14,781,DTASET A-Z/O/781.jpg
O,14,782,DTASET A-Z/O/782.jpg
O,14,783,DTASET A-Z/O/783.jpg
O,14,784,DTASET A-Z/O/784.jpg
O,14,785,DTASET A-Z/O/785.jpg
O,14,786,DTASET A-Z/O/786.jpg
O,14,787,DTASET A-Z/O/787.jpg
O,14,788,DTASET A-Z/O/788.jpg
O,14,789,DTASET A-Z/O/789.jpg
O,14,790,DTASET A-Z/O/790.jpg
O,14,791,DTASET A-Z/O/791.jpg
O,14,792,DTASET A-Z/O/792.jpg
O,14,793,DTASET A-Z/O/793.jpg
O,14,794,DTASET A-Z/O/794.jpg
O,14,795,DTASET A-Z/O/795.jpg
O,14,796,DTASET A-Z/O/796.jpg
O,14,797,DTASET A-Z/O/797.jpg
O,14,798,DTASET A-Z/O/798.jpg
O,14,799,DTASET A-Z/O/799.jpg
O,14,800,DTASET A-Z/O/800.jpg
O,14,801,DTASET A-Z/O/801.jpg
O,14,802,DTASET A-Z/O/802.jpg
O,14,803,DTASET A-Z/O/803.jpg
O,14,804,DTASET A-Z/O/804.jpg
O,14,805,DTASET A-Z/O/805.jpg
O,14,806,DTASET A-Z/O/806.jpg
O,14,807,DTASET A-Z/O/807.jpg
O,14,808,DTASET A-Z/O/808.jpg
O,14,809,DTASET A-Z/O/809.jpg
O,14,810,DTASET A-Z/O/810.jpg
O,14,811,DTASET A-Z/O/811.jpg
O,14,812,DTASET A-Z/O/812.jpg
O,14,813,DTASET A-Z/O/813.jpg
O,14,814,DTASET A-Z/O/814.jpg
O,14,815,DTASET A-Z/O/815.jpg
O,14,816,DTASET A-Z/O/816.jpg
O,14,817,DTASET A-Z/O/817.jpg
O,14,818,DTASET A-Z/O/818.jpg
O,14,819,DTASET A-Z/O/819.jpg
O,14,820,DTASET A-Z/O/820.jpg
O,14,821,DTASET A-Z/O/821.jpg
O,14,822,DTASET A-Z/O/822.jpg
O,14,823,DTASET A-Z/O/823.jpg
O,14,824,DTASET A-Z/O/824.jpg
O,14,825,DTASET A-Z/O/825.jpg
O,14,826,DTASET A-Z/O/826.jpg
O,14,827,DTASET A-Z/O/827.jpg
O,14,828,DTASET A-Z/O/828.jpg
O,14,829,DTASET A-Z/O/829.jpg
O,14,830,DTASET A-Z/O/830.jpg
O,14,831,DTASET A-Z/O/831.jpg
O,14,832,DTASET A-Z/O/832.jpg
O,14,833,DTASET A-Z/O/833.jpg
O,14,834,DTASET A-Z/O/834.jpg
O,14,835,DTASET A-Z/O/835.jpg
O,14,836,DTASET A-Z/O/836.jpg
O,14,837,DTASET A-Z/O/837.jpg
O,14,838,DTASET A-Z/O/838.jpg
O,14,839,DTASET A-Z/O/839.jpg
O,14,840,DTASET A-Z/O/840.jpg
O,14,841,DTASET A-Z/O/841.jpg
O,14,842,DTASET A-Z/O/842.jpg
O,14,843,DTASET A-Z/O/843.jpg
O,14,844,DTASET A-Z/O/844.jpg
O,14,845,DTASET A-Z/O/845.jpg
O,14,846,DTASET A-Z/O/846.jpg
O,14,847,DTASET A-Z/O/847.jpg
O,14,848,DTASET A-Z/O/848.jpg
O,14,849,DTASET A-Z/O/849.jpg
O,14,850,DTASET A-Z/O/850.jpg
O,14,851,DTASET A-Z/O/851.jpg
O,14,852,DTASET A-Z/O/852.jpg
O,14,853,DTASET A-Z/O/853.jpg
O,14,854,DTASET A-Z/O/854.jpg
O,14,855,DTASET A-Z/O/855.jpg
O,14,856,DTASET A-Z/O/856.jpg
O,14,857,DTASET A-Z/O/857.jpg
O,14,858,DTASET A-Z/O/858.jpg
O,14,859,DTASET A-Z/O/859.jpg
O,14,860,DTASET A-Z/O/860.jpg
O,14,861,DTASET A-Z/O/861.jpg
O,14,862,DTASET A-Z/O/862.jpg
O,14,863,DTASET A-Z/O/863.jpg
O,14,864,DTASET A-Z/O/864.jpg
O,14,865,DTASET A-Z/O/865.jpg
O,14,866,DTASET A-Z/O/866.jpg
O,14,867,DTASET A-Z/O/867.jpg
O,14,868,DTASET A-Z/O/868.jpg
O,14,869,DTASET A-Z/O/869.jpg
O,14,870,DTASET A-Z/O/870.jpg
O,14,871,DTASET A-Z/O/871.jpg
O,14,872,DTASET A-Z/O/872.jpg
O,14,873,DTASET A-Z/O/873.jpg
O,14,874,DTASET A-Z/O/874.jpg
O,14,875,DTASET A-Z/O/875.jpg
O,14,876,DTASET A-Z/O/876.jpg
O,14,877,DTASET A-Z/O/877.jpg
O,14,878,DTASET A-Z/O/878.jpg
O,14,879,DTASET A-Z/O/879.jpg
O,14,880,DTASET A-Z/O/880.jpg
O,14,881,DTASET A-Z/O/881.jpg
O,14,882,DTASET A-Z/O/882.jpg
O,14,883,DTASET A-Z/O/883.jpg
O,14,884,DTASET A-Z/O/884.jpg
O,14,885,DTASET A-Z/O/885.jpg
O,14,886,DTASET A-Z/O/886.jpg
O,14,887,DTASET A-Z/O/887.jpg
O,14,888,DTASET A-Z/O/888.jpg
O,14,889,DTASET A-Z/O/889.jpg
O,14,890,DTASET A-Z/O/890.jpg
O,14,891,DTASET A-Z/O/891.jpg
O,14,892,DTASET A-Z/O/892.jpg
O,14,893,DTASET A-Z/O/893.jpg
O,14,894,DTASET A-Z/O/894.jpg
O,14,895,DTASET A-Z/O/895.jpg
O,14,896,DTASET A-Z/O/896.jpg
O,14,897,DTASET A-Z/O/897.jpg
O,14,898,DTASET A-Z/O/898.jpg
O,14,899,DTASET A-Z/O/899.jpg
O,14,900,DTASET A-Z/O/900.jpg
O,14,901,DTASET A-Z/O/901.jpg
O,14,902,DTASET A-Z/O/902.jpg
O,14,903,DTASET A-Z/O/903.jpg
O,14,904,DTASET A-Z/O/904.jpg
O,14,905,DTASET A-Z/O/905.jpg
O,14,906,DTASET A-Z/O/906.jpg
O,14,907,DTASET A-Z/O/907.jpg
O,14,908,DTASET A-Z/O/908.jpg
O,14,909,DTASET A-Z/O/909.jpg
O,14,910,DTASET A-Z/O/910.jpg
O,14,911,DTASET A-Z/O/911.jpg
O,14,912,DTASET A-Z/O/912.jpg
O,14,913,DTASET A-Z/O/913.jpg
O,14,914,DTASET A-Z/O/914.jpg
O,14,915,DTASET A-Z/O/915.jpg
O,14,916,DTASET A-Z/O/916.jpg
O,14,917,DTASET A-Z/O/917.jpg
O,14,918,DTASET A-Z/O/918.jpg
O,14,919,DTASET A-Z/O/919.jpg
O,14,920,DTASET A-Z/O/920.jpg
O,14,921,DTASET A-Z/O/921.jpg
O,14,922,DTASET A-Z/O/922.jpg
O,14,923,DTASET A-Z/O/923.jpg
O,14,924,DTASET A-Z/O/924.jpg
O,14,925,DTASET A-Z/O/925.jpg
O,14,926,DTASET A-Z/O/926.jpg
O,14,927,DTASET A-Z/O/927.jpg
O,14,928,DTASET A-Z/O/928.jpg
O,14,929,DTASET A-Z/O/929.jpg
O,14,930,DTASET A-Z/O/930.jpg
O,14,931,DTASET A-Z/O/931.jpg
O,14,932,DTASET A-Z/O/932.jpg
O,14,933,DTASET A-Z/O/933.jpg
O,14,934,DTASET A-Z/O/934.jpg
O,14,935,DTASET A-Z/O/935.jpg
O,14,936,DTASET A-Z/O/936.jpg
O,14,937,DTASET A-Z/O/937.jpg
O,14,938,DTASET A-Z/O/938.jpg
O,14,939,DTASET A-Z/O/939.jpg
O,14,940,DTASET A-Z/O/940.jpg
O,14,941,DTASET A-Z/O/941.jpg
O,14,942,DTASET A-Z/O/942.jpg
O,14,943,DTASET A-Z/O/943.jpg
O,14,944,DTASET A-Z/O/944.jpg
O,14,945,DTASET A-Z/O/945.jpg
O,14,946,DTASET A-Z/O/946.jpg
O,14,947,DTASET A-Z/O/947.jpg
O,14,948,DTASET A-Z/O/948.jpg
O,14,949,DTASET A-Z/O/949.jpg
O,14,950,DTASET A-Z/O/950.jpg
O,14,951,DTASET A-Z/O/951.jpg
O,14,952,DTASET A-Z/O/952.jpg
O,14,953,DTASET A-Z/O/953.jpg
O,14,954,DTASET A-Z/O/954.jpg
O,14,955,DTASET A-Z/O/955.jpg
O,14,956,DTASET A-Z/O/956.jpg
O,14,957,DTASET A-Z/O/957.jpg
O,14,958,DTASET A-Z/O/958.jpg
O,14,959,DTASET A-Z/O/959.jpg
O,14,960,DTASET A-Z/O/960.jpg
O,14,961,DTASET A-Z/O/961.jpg
O,14,962,DTASET A-Z/O/962.jpg
O,14,963,DTASET A-Z/O/963.jpg
O,14,964,DTASET A-Z/O/964.jpg
O,14,965,DTASET A-Z/O/965.jpg
O,14,966,DTASET A-Z/O/966.jpg
O,14,967,DTASET A-Z/O/967.jpg
O,14,968,DTASET A-Z/O/968.jpg
O,14,969,DTASET A-Z/O/969.jpg
O,14,970,DTASET A-Z/O/970.jpg
O,14,971,DTASET A-Z/O/971.jpg
O,14,972,DTASET A-Z/O/972.jpg
O,14,973,DTASET A-Z/O/973.jpg
O,14,974,DTASET A-Z/O/974.jpg
O,14,975,DTASET A-Z/O/975.jpg
O,14,976,DTASET A-Z/O/976.jpg
O,14,977,DTASET A-Z/O/977.jpg
O,14,978,DTASET A-Z/O/978.jpg
O,14,979,DTASET A-Z/O/979.jpg
O,14,980,DTASET A-Z/O/980.jpg
O,14,981,DTASET A-Z/O/981.jpg
O,14,982,DTASET A-Z/O/982.jpg
O,14,983,DTASET A-Z/O/983.jpg
O,14,984,DTASET A-Z/O/984.jpg
O,14,985,DTASET A-Z/O/985.jpg
O,14,986,DTASET A-Z/O/986.jpg
O,14,987,DTASET A-Z/O/987.jpg
O,14,988,DTASET A-Z/O/988.jpg
O,14,989,DTASET A-Z/O/989.jpg
O,14,990,DTASET A-Z/O/990.jpg
O,14,991,DTASET A-Z/O/991.jpg
O,14,992,DTASET A-Z/O/992.jpg
O,14,993,DTASET A-Z/O/993.jpg
O,14,994,DTASET A-Z/O/994.jpg
O,14,995,DTASET A-Z/O/995.jpg
O,14,996,DTASET A-Z/O/996.jpg
O,14,997,DTASET A-Z/O/997.jpg
O,14,998,DTASET A-Z/O/998.jpg
O,14,999,DTASET A-Z/O/999.jpg
O,14,1000,DTASET A-Z/O/1000.jpg
O,14,1001,DTASET A-Z/O/1001.jpg
O,14,1002,DTASET A-Z/O/1002.jpg
O,14,1003,DTASET A-Z/O/1003.jpg
O,14,1004,DTASET A-Z/O/1004.jpg
O,14,1005,DTASET A-Z/O/1005.jpg
O,14,1006,DTASET A-Z/O/1006.jpg
O,14,1007,DTASET A-Z/O/1007.jpg
O,14,1008,DTASET A-Z/O/1008.jpg
O,14,1009,DTASET A-Z/O/1009.jpg
O,14,1010,DTASET A-Z/O/1010.jpg
O,14,1011,DTASET A-Z/O/1011.jpg
O,14,1012,DTASET A-Z/O/1012.jpg
O,14,1013,DTASET A-Z/O/1013.jpg
O,14,1014,DTASET A-Z/O/1014.jpg
O,14,1015,DTASET A-Z/O/1015.jpg
O,14,1016,DTASET A-Z/O/1016.jpg
O,14,1017,DTASET A-Z/O/1017.jpg
O,14,1018,DTASET A-Z/O/1018.jpg
O,14,1019,DTASET A-Z/O/1019.jpg
O,14,1020,DTASET A-Z/O/1020.jpg
O,14,1021,DTASET A-Z/O/1021.jpg
O,14,1022,DTASET A-Z/O/1022.jpg
O,14,1023,DTASET A-Z/O/1023.jpg
O,14,1024,DTASET A-Z/O/1024.jpg
O,14,1025,DTASET A-Z/O/1025.jpg
O,14,1026,DTASET A-Z/O/1026.jpg
O,14,1027,DTASET A-Z/O/1027.jpg
O,14,1028,DTASET A-Z/O/1028.jpg
O,14,1029,DTASET A-Z/O/1029.jpg
O,14,1030,DTASET A-Z/O/1030.jpg
O,14,1031,DTASET A-Z/O/1031.jpg
O,14,1032,DTASET A-Z/O/1032.jpg
O,14,1033,DTASET A-Z/O/1033.jpg
O,14,1034,DTASET A-Z/O/1034.jpg
O,14,1035,DTASET A-Z/O/1035.jpg
O,14,1036,DTASET A-Z/O/1036.jpg
O,14,1037,DTASET A-Z/O/1037.jpg
O,14,1038,DTASET A-Z/O/1038.jpg
O,14,1039,DTASET A-Z/O/1039.jpg
O,14,1040,DTASET A-Z/O/1040.jpg
O,14,1041,DTASET A-Z/O/1041.jpg
O,14,1042,DTASET A-Z/O/1042.jpg
O,14,1043,DTASET A-Z/O/1043.jpg
O,14,1044,DTASET A-Z/O/1044.jpg
O,14,1045,DTASET A-Z/O/1045.jpg
O,14,1046,DTASET A-Z/O/1046.jpg
O,14,1047,DTASET A-Z/O/1047.jpg
O,14,1048,DTASET A-Z/O/1048.jpg
O,14,1049,DTASET A-Z/O/1049.jpg
O,14,1050,DTASET A-Z/O/1050.jpg
O,14,1051,DTASET A-Z/O/1051.jpg
O,14,1052,DTASET A-Z/O/1052.jpg
O,14,1053,DTASET A-Z/O/1053.jpg
O,14,1054,DTASET A-Z/O/1054.jpg
O,14,1055,DTASET A-Z/O/1055.jpg
O,14,1056,DTASET A-Z/O/1056.jpg
O,14,1057,DTASET A-Z/O/1057.jpg
O,14,1058,DTASET A-Z/O/1058.jpg
O,14,1059,DTASET A-Z/O/1059.jpg
O,14,1060,DTASET A-Z/O/1060.jpg
O,14,1061,DTASET A-Z/O/1061.jpg
O,14,1062,DTASET A-Z/O/1062.jpg
O,14,1063,DTASET A-Z/O/1063.jpg
O,14,1064,DTASET A-Z/O/1064.jpg
O,14,1065,DTASET A-Z/O/1065.jpg
O,14,1066,DTASET A-Z/O/1066.jpg
O,14,1067,DTASET A-Z/O/1067.jpg
O,14,1068,DTASET A-Z/O/1068.jpg
O,14,1069,DTASET A-Z/O/1069.jpg
O,14,1070,DTASET A-Z/O/1070.jpg
O,14,1071,DTASET A-Z/O/1071.jpg
O,14,1072,DTASET A-Z/O/1072.jpg
O,14,1073,DTASET A-Z/O/1073.jpg
O,14,1074,DTASET A-Z/O/1074.jpg
O,14,1075,DTASET A-Z/O/1075.jpg
O,14,1076,DTASET A-Z/O/1076.jpg
O,14,1077,DTASET A-Z/O/1077.jpg
O,14,1078,DTASET A-Z/O/1078.jpg
O,14,1079,DTASET A-Z/O/1079.jpg
O,14,1080,DTASET A-Z/O/1080.jpg
O,14,1081,DTASET A-Z/O/1081.jpg
O,14,1082,DTASET A-Z/O/1082.jpg
O,14,1083,DTASET A-Z/O/1083.jpg
O,14,1084,DTASET A-Z/O/1084.jpg
O,14,1085,DTASET A-Z/O/1085.jpg
O,14,1086,DTASET A-Z/O/1086.jpg
O,14,1087,DTASET A-Z/O/1087.jpg
O,14,1088,DTASET A-Z/O/1088.jpg
O,14,1089,DTASET A-Z/O/1089.jpg
O,14,1090,DTASET A-Z/O/1090.jpg
O,14,1091,DTASET A-Z/O/1091.jpg
O,14,1092,DTASET A-Z/O/1092.jpg
O,14,1093,DTASET A-Z/O/1093.jpg
O,14,1094,DTASET A-Z/O/1094.jpg
O,14,1095,DTASET A-Z/O/1095.jpg
O,14,1096,DTASET A-Z/O/1096.jpg
O,14,1097,DTASET A-Z/O/1097.jpg
O,14,1098,DTASET A-Z/O/1098.jpg
O,14,1099,DTASET A-Z/O/1099.jpg
O,14,1100,DTASET A-Z/O/1100.jpg
O,14,1101,DTASET A-Z/O/1101.jpg
O,14,1102,DTASET A-Z/O/1102.jpg
O,14,1103,DTASET A-Z/O/1103.jpg
O,14,1104,DTASET A-Z/O/1104.jpg
O,14,1105,DTASET A-Z/O/1105.jpg
O,14,1106,DTASET A-Z/O/1106.jpg
O,14,1107,DTASET A-Z/O/1107.jpg
O,14,1108,DTASET A-Z/O/1108.jpg
O,14,1109,DTASET A-Z/O/1109.jpg
O,14,1110,DTASET A-Z/O/1110.jpg
O,14,1111,DTASET A-Z/O/1111.jpg
O,14,1112,DTASET A-Z/O/1112.jpg
O,14,1113,DTASET A-Z/O/1113.jpg
O,14,1114,DTASET A-Z/O/1114.jpg
O,14,1115,DTASET A-Z/O/1115.jpg
O,14,1116,DTASET A-Z/O/1116.jpg
O,14,1117,DTASET A-Z/O/1117.jpg
O,14,1118,DTASET A-Z/O/1118.jpg
O,14,1119,DTASET A-Z/O/1119.jpg
O,14,1120,DTASET A-Z/O/1120.jpg
O,14,1121,DTASET A-Z/O/1121.jpg
O,14,1122,DTASET A-Z/O/1122.jpg
O,14,1123,DTASET A-Z/O/1123.jpg
O,14,1124,DTASET A-Z/O/1124.jpg
O,14,1125,DTASET A-Z/O/1125.jpg
O,14,1126,DTASET A-Z/O/1126.jpg
O,14,1127,DTASET A-Z/O/1127.jpg
O,14,1128,DTASET A-Z/O/1128.jpg
O,14,1129,DTASET A-Z/O/1129.jpg
O,14,1130,DTASET A-Z/O/1130.jpg
O,14,1131,DTASET A-Z/O/1131.jpg
O,14,1132,DTASET A-Z/O/1132.jpg
O,14,1133,DTASET A-Z/O/1133.jpg
O,14,1134,DTASET A-Z/O/1134.jpg
O,14,1135,DTASET A-Z/O/1135.jpg
O,14,1136,DTASET A-Z/O/1136.jpg
O,14,1137,DTASET A-Z/O/1137.jpg
O,14,1138,DTASET A-Z/O/1138.jpg
O,14,1139,DTASET A-Z/O/1139.jpg
O,14,1140,DTASET A-Z/O/1140.jpg
O,14,1141,DTASET A-Z/O/1141.jpg
O,14,1142,DTASET A-Z/O/1142.jpg
O,14,1143,DTASET A-Z/O/1143.jpg
O,14,1144,DTASET A-Z/O/1144.jpg
O,14,1145,DTASET A-Z/O/1145.jpg
O,14,1146,DTASET A-Z/O/1146.jpg
O,14,1147,DTASET A-Z/O/1147.jpg
O,14,1148,DTASET A-Z/O/1148.jpg
O,14,1149,DTASET A-Z/O/1149.jpg
O,14,1150,DTASET A-Z/O/1150.jpg
O,14,1151,DTASET A-Z/O/1151.jpg
O,14,1152,DTASET A-Z/O/1152.jpg
O,14,1153,DTASET A-Z/O/1153.jpg
O,14,1154,DTASET A-Z/O/1154.jpg
O,14,1155,DTASET A-Z/O/1155.jpg
O,14,1156,DTASET A-Z/O/1156.jpg
O,14,1157,DTASET A-Z/O/1157.jpg
O,14,1158,DTASET A-Z/O/1158.jpg
O,14,1159,DTASET A-Z/O/1159.jpg
O,14,1160,DTASET A-Z/O/1160.jpg
O,14,1161,DTASET A-Z/O/1161.jpg
O,14,1162,DTASET A-Z/O/1162.jpg
O,14,1163,DTASET A-Z/O/1163.jpg
O,14,1164,DTASET A-Z/O/1164.jpg
O,14,1165,DTASET A-Z/O/1165.jpg
O,14,1166,DTASET A-Z/O/1166.jpg
O,14,1167,DTASET A-Z/O/1167.jpg
O,14,1168,DTASET A-Z/O/1168.jpg
O,14,1169,DTASET A-Z/O/1169.jpg
O,14,1170,DTASET A-Z/O/1170.jpg
O,14,1171,DTASET A-Z/O/1171.jpg
O,14,1172,DTASET A-Z/O/1172.jpg
O,14,1173,DTASET A-Z/O/1173.jpg
O,14,1174,DTASET A-Z/O/1174.jpg
O,14,1175,DTASET A-Z/O/1175.jpg
O,14,1176,DTASET A-Z/O/1176.jpg
O,14,1177,DTASET A-Z/O/1177.jpg
O,14,1178,DTASET A-Z/O/1178.jpg
O,14,1179,DTASET A-Z/O/1179.jpg
O,14,1180,DTASET A-Z/O/1180.jpg
O,14,1181,DTASET A-Z/O/1181.jpg
O,14,1182,DTASET A-Z/O/1182.jpg
O,14,1183,DTASET A-Z/O/1183.jpg
O,14,1184,DTASET A-Z/O/1184.jpg
O,14,1185,DTASET A-Z/O/1185.jpg
O,14,1186,DTASET A-Z/O/1186.jpg
O,14,1187,DTASET A-Z/O/1187.jpg
O,14,1188,DTASET A-Z/O/1188.jpg
O,14,1189,DTASET A-Z/O/1189.jpg
O,14,1190,DTASET A-Z/O/1190.jpg
O,14,1191,DTASET A-Z/O/1191.jpg
O,14,1192,DTASET A-Z/O/1192.jpg
O,14,1193,DTASET A-Z/O/1193.jpg
O,14,1194,DTASET A-Z/O/1194.jpg
O,14,1195,DTASET A-Z/O/1195.jpg
O,14,1196,DTASET A-Z/O/1196.jpg
O,14,1197,DTASET A-Z/O/1197.jpg
O,14,1198,DTASET A-Z/O/1198.jpg
O,14,1199,DTASET A-Z/O/1199.jpg
P,15,0,DTASET A-Z/P/0.jpg
P,15,1,DTASET A-Z/P/1.jpg
P,15,2,DTASET A-Z/P/2.jpg
P,15,3,DTASET A-Z/P/3.jpg
P,15,4,DTASET A-Z/P/4.jpg
P,15,5,DTASET A-Z/P/5.jpg
P,15,6,DTASET A-Z/P/6.jpg
P,15,7,DTASET A-Z/P/7.jpg
P,15,8,DTASET A-Z/P/8.jpg
P,15,9,DTASET A-Z/P/9.jpg
P,15,10,DTASET A-Z/P/10.jpg
P,15,11,DTASET A-Z/P/11.jpg
P,15,12,DTASET A-Z/P/12.jpg
P,15,13,DTASET A-Z/P/13.jpg
P,15,14,DTASET A-Z/P/14.jpg
P,15,15,DTASET A-Z/P/15.jpg
P,15,16,DTASET A-Z/P/16.jpg
P,15,17,DTASET A-Z/P/17.jpg
P,15,18,DTASET A-Z/P/18.jpg
P,15,19,DTASET A-Z/P/19.jpg
P,15,20,DTASET A-Z/P/20.jpg
P,15,21,DTASET A-Z/P/21.jpg
P,15,22,DTASET A-Z/P/22.jpg
P,15,23,DTASET A-Z/P/23.jpg
P,15,24,DTASET A-Z/P/24.jpg
P,15,25,DTASET A-Z/P/25.jpg
P,15,26,DTASET A-Z/P/26.jpg
P,15,27,DTASET A-Z/P/27.jpg
P,15,28,DTASET A-Z/P/28.jpg
P,15,29,DTASET A-Z/P/29.jpg
P,15,30,DTASET A-Z/P/30.jpg
P,15,31,DTASET A-Z/P/31.jpg
P,15,32,DTASET A-Z/P/32.jpg
P,15,33,DTASET A-Z/P/33.jpg
P,15,34,DTASET A-Z/P/34.jpg
P,15,35,DTASET A-Z/P/35.jpg
P,15,36,DTASET A-Z/P/36.jpg
P,15,37,DTASET A-Z/P/37.jpg
P,15,38,DTASET A-Z/P/38.jpg
P,15,39,DTASET A-Z/P/39.jpg
P,15,40,DTASET A-Z/P/40.jpg
P,15,41,DTASET A-Z/P/41.jpg
P,15,42,DTASET A-Z/P/42.jpg
P,15,43,DTASET A-Z/P/43.jpg
P,15,44,DTASET A-Z/P/44.jpg
P,15,45,DTASET A-Z/P/45.jpg
P,15,46,DTASET A-Z/P/46.jpg
P,15,47,DTASET A-Z/P/47.jpg
P,15,48,DTASET A-Z/P/48.jpg
P,15,49,DTASET A-Z/P/49.jpg
P,15,50,DTASET A-Z/P/50.jpg
P,15,51,DTASET A-Z/P/51.jpg
P,15,52,DTASET A-Z/P/52.jpg
P,15,53,DTASET A-Z/P/53.jpg
P,15,54,DTASET A-Z/P/54.jpg
P,15,55,DTASET A-Z/P/55.jpg
P,15,56,DTASET A-Z/P/56.jpg
P,15,57,DTASET A-Z/P/57.jpg
P,15,58,DTASET A-Z/P/58.jpg
P,15,59,DTASET A-Z/P/59.jpg
P,15,60,DTASET A-Z/P/60.jpg
P,15,61,DTASET A-Z/P/61.jpg
P,15,62,DTASET A-Z/P/62.jpg
P,15,63,DTASET A-Z/P/63.jpg
P,15,64,DTASET A-Z/P/64.jpg
P,15,65,DTASET A-Z/P/65.jpg
P,15,66,DTASET A-Z/P/66.jpg
P,15,67,DTASET A-Z/P/67.jpg
P,15,68,DTASET A-Z/P/68.jpg
P,15,69,DTASET A-Z/P/69.jpg
P,15,70,DTASET A-Z/P/70.jpg
P,15,71,DTASET A-Z/P/71.jpg
P,15,72,DTASET A-Z/P/72.jpg
P,15,73,DTASET A-Z/P/73.jpg
P,15,74,DTASET A-Z/P/74.jpg
P,15,75,DTASET A-Z/P/75.jpg
P,15,76,DTASET A-Z/P/76.jpg
P,15,77,DTASET A-Z/P/77.jpg
P,15,78,DTASET A-Z/P/78.jpg
P,15,79,DTASET A-Z/P/79.jpg
P,15,80,DTASET A-Z/P/80.jpg
P,15,81,DTASET A-Z/P/81.jpg
P,15,82,DTASET A-Z/P/82.jpg
P,15,83,DTASET A-Z/P/83.jpg
P,15,84,DTASET A-Z/P/84.jpg
P,15,85,DTASET A-Z/P/85.jpg
P,15,86,DTASET A-Z/P/86.jpg
P,15,87,DTASET A-Z/P/87.jpg
P,15,88,DTASET A-Z/P/88.jpg
P,15,89,DTASET A-Z/P/89.jpg
P,15,90,DTASET A-Z/P/90.jpg
P,15,91,DTASET A-Z/P/91.jpg
P,15,92,DTASET A-Z/P/92.jpg
P,15,93,DTASET A-Z/P/93.jpg
P,15,94,DTASET A-Z/P/94.jpg
P,15,95,DTASET A-Z/P/95.jpg
P,15,96,DTASET A-Z/P/96.jpg
P,15,97,DTASET A-Z/P/97.jpg
P,15,98,DTASET A-Z/P/98.jpg
P,15,99,DTASET A-Z/P/99.jpg
P,15,100,DTASET A-Z/P/100.jpg
P,15,101,DTASET A-Z/P/101.jpg
P,15,102,DTASET A-Z/P/102.jpg
P,15,103,DTASET A-Z/P/103.jpg
P,15,104,DTASET A-Z/P/104.jpg
P,15,105,DTASET A-Z/P/105.jpg
P,15,106,DTASET A-Z/P/106.jpg
P,15,107,DTASET A-Z/P/107.jpg
P,15,108,DTASET A-Z/P/108.jpg
P,15,109,DTASET A-Z/P/109.jpg
P,15,110,DTASET A-Z/P/110.jpg
P,15,111,DTASET A-Z/P/111.jpg
P,15,112,DTASET A-Z/P/112.jpg
P,15,113,DTASET A-Z/P/113.jpg
P,15,114,DTASET A-Z/P/114.jpg
P,15,115,DTASET A-Z/P/115.jpg
P,15,116,DTASET A-Z/P/116.jpg
P,15,117,DTASET A-Z/P/117.jpg
P,15,118,DTASET A-Z/P/118.jpg
P,15,119,DTASET A-Z/P/119.jpg
P,15,120,DTASET A-Z/P/120.jpg
P,15,121,DTASET A-Z/P/121.jpg
P,15,122,DTASET A-Z/P/122.jpg
P,15,123,DTASET A-Z/P/123.jpg
P,15,124,DTASET A-Z/P/124.jpg
P,15,125,DTASET A-Z/P/125.jpg
P,15,126,DTASET A-Z/P/126.jpg
P,15,127,DTASET A-Z/P/127.jpg
P,15,128,DTASET A-Z/P/128.jpg
P,15,129,DTASET A-Z/P/129.jpg
P,15,130,DTASET A-Z/P/130.jpg
P,15,131,DTASET A-Z/P/131.jpg
P,15,132,DTASET A-Z/P/132.jpg
P,15,133,DTASET A-Z/P/133.jpg
P,15,134,DTASET A-Z/P/134.jpg
P,15,135,DTASET A-Z/P/135.jpg
P,15,136,DTASET A-Z/P/136.jpg
P,15,137,DTASET A-Z/P/137.jpg
P,15,138,DTASET A-Z/P/138.jpg
P,15,139,DTASET A-Z/P/139.jpg
P,15,140,DTASET A-Z/P/140.jpg
P,15,141,DTASET A-Z/P/141.jpg
P,15,142,DTASET A-Z/P/142.jpg
P,15,143,DTASET A-Z/P/143.jpg
P,15,144,DTASET A-Z/P/144.jpg
P,15,145,DTASET A-Z/P/145.jpg
P,15,146,DTASET A-Z/P/146.jpg
P,15,147,DTASET A-Z/P/147.jpg
P,15,148,DTASET A-Z/P/148.jpg
P,15,149,DTASET A-Z/P/149.jpg
P,15,150,DTASET A-Z/P/150.jpg
P,15,151,DTASET A-Z/P/151.jpg
P,15,152,DTASET A-Z/P/152.jpg
P,15,153,DTASET A-Z/P/153.jpg
P,15,154,DTASET A-Z/P/154.jpg
P,15,155,DTASET A-Z/P/155.jpg
P,15,156,DTASET A-Z/P/156.jpg
P,15,157,DTASET A-Z/P/157.jpg
P,15,158,DTASET A-Z/P/158.jpg
P,15,159,DTASET A-Z/P/159.jpg
P,15,160,DTASET A-Z/P/160.jpg
P,15,161,DTASET A-Z/P/161.jpg
P,15,162,DTASET A-Z/P/162.jpg
P,15,163,DTASET A-Z/P/163.jpg
P,15,164,DTASET A-Z/P/164.jpg
P,15,165,DTASET A-Z/P/165.jpg
P,15,166,DTASET A-Z/P/166.jpg
P,15,167,DTASET A-Z/P/167.jpg
P,15,168,DTASET A-Z/P/168.jpg
P,15,169,DTASET A-Z/P/169.jpg
P,15,170,DTASET A-Z/P/170.jpg
P,15,171,DTASET A-Z/P/171.jpg
P,15,172,DTASET A-Z/P/172.jpg
P,15,173,DTASET A-Z/P/173.jpg
P,15,174,DTASET A-Z/P/174.jpg
P,15,175,DTASET A-Z/P/175.jpg
P,15,176,DTASET A-Z/P/176.jpg
P,15,177,DTASET A-Z/P/177.jpg
P,15,178,DTASET A-Z/P/178.jpg
P,15,179,DTASET A-Z/P/179.jpg
P,15,180,DTASET A-Z/P/180.jpg
P,15,181,DTASET A-Z/P/181.jpg
P,15,182,DTASET A-Z/P/182.jpg
P,15,183,DTASET A-Z/P/183.jpg
P,15,184,DTASET A-Z/P/184.jpg
P,15,185,DTASET A-Z/P/185.jpg
P,15,186,DTASET A-Z/P/186.jpg
P,15,187,DTASET A-Z/P/187.jpg
P,15,188,DTASET A-Z/P/188.jpg
P,15,189,DTASET A-Z/P/189.jpg
P,15,190,DTASET A-Z/P/190.jpg
P,15,191,DTASET A-Z/P/191.jpg
P,15,192,DTASET A-Z/P/192.jpg
P,15,193,DTASET A-Z/P/193.jpg
P,15,194,DTASET A-Z/P/194.jpg
P,15,195,DTASET A-Z/P/195.jpg
P,15,196,DTASET A-Z/P/196.jpg
P,15,197,DTASET A-Z/P/197.jpg
P,15,198,DTASET A-Z/P/198.jpg
P,15,199,DTASET A-Z/P/199.jpg
P,15,200,DTASET A-Z/P/200.jpg
P,15,201,DTASET A-Z/P/201.jpg
P,15,202,DTASET A-Z/P/202.jpg
P,15,203,DTASET A-Z/P/203.jpg
P,15,204,DTASET A-Z/P/204.jpg
P,15,205,DTASET A-Z/P/205.jpg
P,15,206,DTASET A-Z/P/206.jpg
P,15,207,DTASET A-Z/P/207.jpg
P,15,208,DTASET A-Z/P/208.jpg
P,15,209,DTASET A-Z/P/209.jpg
P,15,210,DTASET A-Z/P/210.jpg
P,15,211,DTASET A-Z/P/211.jpg
P,15,212,DTASET A-Z/P/212.jpg
P,15,213,DTASET A-Z/P/213.jpg
P,15,214,DTASET A-Z/P/214.jpg
P,15,215,DTASET A-Z/P/215.jpg
P,15,216,DTASET A-Z/P/216.jpg
P,15,217,DTASET A-Z/P/217.jpg
P,15,218,DTASET A-Z/P/218.jpg
P,15,219,DTASET A-Z/P/219.jpg
P,15,220,DTASET A-Z/P/220.jpg
P,15,221,DTASET A-Z/P/221.jpg
P,15,222,DTASET A-Z/P/222.jpg
P,15,223,DTASET A-Z/P/223.jpg
P,15,224,DTASET A-Z/P/224.jpg
P,15,225,DTASET A-Z/P/225.jpg
P,15,226,DTASET A-Z/P/226.jpg
P,15,227,DTASET A-Z/P/227.jpg
P,15,228,DTASET A-Z/P/228.jpg
P,15,229,DTASET A-Z/P/229.jpg
P,15,230,DTASET A-Z/P/230.jpg
P,15,231,DTASET A-Z/P/231.jpg
P,15,232,DTASET A-Z/P/232.jpg
P,15,233,DTASET A-Z/P/233.jpg
P,15,234,DTASET A-Z/P/234.jpg
P,15,235,DTASET A-Z/P/235.jpg
P,15,236,DTASET A-Z/P/236.jpg
P,15,237,DTASET A-Z/P/237.jpg
P,15,238,DTASET A-Z/P/238.jpg
P,15,239,DTASET A-Z/P/239.jpg
P,15,240,DTASET A-Z/P/240.jpg
P,15,241,DTASET A-Z/P/241.jpg
P,15,242,DTASET A-Z/P/242.jpg
P,15,243,DTASET A-Z/P/243.jpg
P,15,244,DTASET A-Z/P/244.jpg
P,15,245,DTASET A-Z/P/245.jpg
P,15,246,DTASET A-Z/P/246.jpg
P,15,247,DTASET A-Z/P/247.jpg
P,15,248,DTASET A-Z/P/248.jpg
P,15,249,DTASET A-Z/P/249.jpg
P,15,250,DTASET A-Z/P/250.jpg
P,15,251,DTASET A-Z/P/251.jpg
P,15,252,DTASET A-Z/P/252.jpg
P,15,253,DTASET A-Z/P/253.jpg
P,15,254,DTASET A-Z/P/254.jpg
P,15,255,DTASET A-Z/P/255.jpg
P,15,256,DTASET A-Z/P/256.jpg
P,15,257,DTASET A-Z/P/257.jpg
P,15,258,DTASET A-Z/P/258.jpg
P,15,259,DTASET A-Z/P/259.jpg
P,15,260,DTASET A-Z/P/260.jpg
P,15,261,DTASET A-Z/P/261.jpg
P,15,262,DTASET A-Z/P/262.jpg
P,15,263,DTASET A-Z/P/263.jpg
P,15,264,DTASET A-Z/P/264.jpg
P,15,265,DTASET A-Z/P/265.jpg
P,15,266,DTASET A-Z/P/266.jpg
P,15,267,DTASET A-Z/P/267.jpg
P,15,268,DTASET A-Z/P/268.jpg
P,15,269,DTASET A-Z/P/269.jpg
P,15,270,DTASET A-Z/P/270.jpg
P,15,271,DTASET A-Z/P/271.jpg
P,15,272,DTASET A-Z/P/272.jpg
P,15,273,DTASET A-Z/P/273.jpg
P,15,274,DTASET A-Z/P/274.jpg
P,15,275,DTASET A-Z/P/275.jpg
P,15,276,DTASET A-Z/P/276.jpg
P,15,277,DTASET A-Z/P/277.jpg
P,15,278,DTASET A-Z/P/278.jpg
P,15,279,DTASET A-Z/P/279.jpg
P,15,280,DTASET A-Z/P/280.jpg
P,15,281,DTASET A-Z/P/281.jpg
P,15,282,DTASET A-Z/P/282.jpg
P,15,283,DTASET A-Z/P/283.jpg
P,15,284,DTASET A-Z/P/284.jpg
P,15,285,DTASET A-Z/P/285.jpg
P,15,286,DTASET A-Z/P/286.jpg
P,15,287,DTASET A-Z/P/287.jpg
P,15,288,DTASET A-Z/P/288.jpg
P,15,289,DTASET A-Z/P/289.jpg
P,15,290,DTASET A-Z/P/290.jpg
P,15,291,DTASET A-Z/P/291.jpg
P,15,292,DTASET A-Z/P/292.jpg
P,15,293,DTASET A-Z/P/293.jpg
P,15,294,DTASET A-Z/P/294.jpg
P,15,295,DTASET A-Z/P/295.jpg
P,15,296,DTASET A-Z/P/296.jpg
P,15,297,DTASET A-Z/P/297.jpg
P,15,298,DTASET A-Z/P/298.jpg
P,15,299,DTASET A-Z/P/299.jpg
P,15,300,DTASET A-Z/P/300.jpg
P,15,301,DTASET A-Z/P/301.jpg
P,15,302,DTASET A-Z/P/302.jpg
P,15,303,DTASET A-Z/P/303.jpg
P,15,304,DTASET A-Z/P/304.jpg
P,15,305,DTASET A-Z/P/305.jpg
P,15,306,DTASET A-Z/P/306.jpg
P,15,307,DTASET A-Z/P/307.jpg
P,15,308,DTASET A-Z/P/308.jpg
P,15,309,DTASET A-Z/P/309.jpg
P,15,310,DTASET A-Z/P/310.jpg
P,15,311,DTASET A-Z/P/311.jpg
P,15,312,DTASET A-Z/P/312.jpg
P,15,313,DTASET A-Z/P/313.jpg
P,15,314,DTASET A-Z/P/314.jpg
P,15,315,DTASET A-Z/P/315.jpg
P,15,316,DTASET A-Z/P/316.jpg
P,15,317,DTASET A-Z/P/317.jpg
P,15,318,DTASET A-Z/P/318.jpg
P,15,319,DTASET A-Z/P/319.jpg
P,15,320,DTASET A-Z/P/320.jpg
P,15,321,DTASET A-Z/P/321.jpg
P,15,322,DTASET A-Z/P/322.jpg
P,15,323,DTASET A-Z/P/323.jpg
P,15,324,DTASET A-Z/P/324.jpg
P,15,325,DTASET A-Z/P/325.jpg
P,15,326,DTASET A-Z/P/326.jpg
P,15,327,DTASET A-Z/P/327.jpg
P,15,328,DTASET A-Z/P/328.jpg
P,15,329,DTASET A-Z/P/329.jpg
P,15,330,DTASET A-Z/P/330.jpg
P,15,331,DTASET A-Z/P/331.jpg
P,15,332,DTASET A-Z/P/332.jpg
P,15,333,DTASET A-Z/P/333.jpg
P,15,334,DTASET A-Z/P/334.jpg
P,15,335,DTASET A-Z/P/335.jpg
P,15,336,DTASET A-Z/P/336.jpg
P,15,337,DTASET A-Z/P/337.jpg
P,15,338,DTASET A-Z/P/338.jpg
P,15,339,DTASET A-Z/P/339.jpg
P,15,340,DTASET A-Z/P/340.jpg
P,15,341,DTASET A-Z/P/341.jpg
P,15,342,DTASET A-Z/P/342.jpg
P,15,343,DTASET A-Z/P/343.jpg
P,15,344,DTASET A-Z/P/344.jpg
P,15,345,DTASET A-Z/P/345.jpg
P,15,346,DTASET A-Z/P/346.jpg
P,15,347,DTASET A-Z/P/347.jpg
P,15,348,DTASET A-Z/P/348.jpg
P,15,349,DTASET A-Z/P/349.jpg
P,15,350,DTASET A-Z/P/350.jpg
P,15,351,DTASET A-Z/P/351.jpg
P,15,352,DTASET A-Z/P/352.jpg
P,15,353,DTASET A-Z/P/353.jpg
P,15,354,DTASET A-Z/P/354.jpg
P,15,355,DTASET A-Z/P/355.jpg
P,15,356,DTASET A-Z/P/356.jpg
P,15,357,DTASET A-Z/P/357.jpg
P,15,358,DTASET A-Z/P/358.jpg
P,15,359,DTASET A-Z/P/359.jpg
P,15,360,DTASET A-Z/P/360.jpg
P,15,361,DTASET A-Z/P/361.jpg
P,15,362,DTASET A-Z/P/362.jpg
P,15,363,DTASET A-Z/P/363.jpg
P,15,364,DTASET A-Z/P/364.jpg
P,15,365,DTASET A-Z/P/365.jpg
P,15,366,DTASET A-Z/P/366.jpg
P,15,367,DTASET A-Z/P/367.jpg
P,15,368,DTASET A-Z/P/368.jpg
P,15,369,DTASET A-Z/P/369.jpg
P,15,370,DTASET A-Z/P/370.jpg
P,15,371,DTASET A-Z/P/371.jpg
P,15,372,DTASET A-Z/P/372.jpg
P,15,373,DTASET A-Z/P/373.jpg
P,15,374,DTASET A-Z/P/374.jpg
P,15,375,DTASET A-Z/P/375.jpg
P,15,376,DTASET A-Z/P/376.jpg
P,15,377,DTASET A-Z/P/377.jpg
P,15,378,DTASET A-Z/P/378.jpg
P,15,379,DTASET A-Z/P/379.jpg
P,15,380,DTASET A-Z/P/380.jpg
P,15,381,DTASET A-Z/P/381.jpg
P,15,382,DTASET A-Z/P/382.jpg
P,15,383,DTASET A-Z/P/383.jpg
P,15,384,DTASET A-Z/P/384.jpg
P,15,385,DTASET A-Z/P/385.jpg
P,15,386,DTASET A-Z/P/386.jpg
P,15,387,DTASET A-Z/P/387.jpg
P,15,388,DTASET A-Z/P/388.jpg
P,15,389,DTASET A-Z/P/389.jpg
P,15,390,DTASET A-Z/P/390.jpg
P,15,391,DTASET A-Z/P/391.jpg
P,15,392,DTASET A-Z/P/392.jpg
P,15,393,DTASET A-Z/P/393.jpg
P,15,394,DTASET A-Z/P/394.jpg
P,15,395,DTASET A-Z/P/395.jpg
P,15,396,DTASET A-Z/P/396.jpg
P,15,397,DTASET A-Z/P/397.jpg
P,15,398,DTASET A-Z/P/398.jpg
P,15,399,DTASET A-Z/P/399.jpg
P,15,400,DTASET A-Z/P/400.jpg
P,15,401,DTASET A-Z/P/401.jpg
P,15,402,DTASET A-Z/P/402.jpg
P,15,403,DTASET A-Z/P/403.jpg
P,15,404,DTASET A-Z/P/404.jpg
P,15,405,DTASET A-Z/P/405.jpg
P,15,406,DTASET A-Z/P/406.jpg
P,15,407,DTASET A-Z/P/407.jpg
P,15,408,DTASET A-Z/P/408.jpg
P,15,409,DTASET A-Z/P/409.jpg
P,15,410,DTASET A-Z/P/410.jpg
P,15,411,DTASET A-Z/P/411.jpg
P,15,412,DTASET A-Z/P/412.jpg
P,15,413,DTASET A-Z/P/413.jpg
P,15,414,DTASET A-Z/P/414.jpg
P,15,415,DTASET A-Z/P/415.jpg
P,15,416,DTASET A-Z/P/416.jpg
P,15,417,DTASET A-Z/P/417.jpg
P,15,418,DTASET A-Z/P/418.jpg
P,15,419,DTASET A-Z/P/419.jpg
P,15,420,DTASET A-Z/P/420.jpg
P,15,421,DTASET A-Z/P/421.jpg
P,15,422,DTASET A-Z/P/422.jpg
P,15,423,DTASET A-Z/P/423.jpg
P,15,424,DTASET A-Z/P/424.jpg
P,15,425,DTASET A-Z/P/425.jpg
P,15,426,DTASET A-Z/P/426.jpg
P,15,427,DTASET A-Z/P/427.jpg
P,15,428,DTASET A-Z/P/428.jpg
P,15,429,DTASET A-Z/P/429.jpg
P,15,430,DTASET A-Z/P/430.jpg
P,15,431,DTASET A-Z/P/431.jpg
P,15,432,DTASET A-Z/P/432.jpg
P,15,433,DTASET A-Z/P/433.jpg
P,15,434,DTASET A-Z/P/434.jpg
P,15,435,DTASET A-Z/P/435.jpg
P,15,436,DTASET A-Z/P/436.jpg
P,15,437,DTASET A-Z/P/437.jpg
P,15,438,DTASET A-Z/P/438.jpg
P,15,439,DTASET A-Z/P/439.jpg
P,15,440,DTASET A-Z/P/440.jpg
P,15,441,DTASET A-Z/P/441.jpg
P,15,442,DTASET A-Z/P/442.jpg
P,15,443,DTASET A-Z/P/443.jpg
P,15,444,DTASET A-Z/P/444.jpg
P,15,445,DTASET A-Z/P/445.jpg
P,15,446,DTASET A-Z/P/446.jpg
P,15,447,DTASET A-Z/P/447.jpg
P,15,448,DTASET A-Z/P/448.jpg
P,15,449,DTASET A-Z/P/449.jpg
P,15,450,DTASET A-Z/P/450.jpg
P,15,451,DTASET A-Z/P/451.jpg
P,15,452,DTASET A-Z/P/452.jpg
P,15,453,DTASET A-Z/P/453.jpg
P,15,454,DTASET A-Z/P/454.jpg
P,15,455,DTASET A-Z/P/455.jpg
P,15,456,DTASET A-Z/P/456.jpg
P,15,457,DTASET A-Z/P/457.jpg
P,15,458,DTASET A-Z/P/458.jpg
P,15,459,DTASET A-Z/P/459.jpg
P,15,460,DTASET A-Z/P/460.jpg
P,15,461,DTASET A-Z/P/461.jpg
P,15,462,DTASET A-Z/P/462.jpg
P,15,463,DTASET A-Z/P/463.jpg
P,15,464,DTASET A-Z/P/464.jpg
P,15,465,DTASET A-Z/P/465.jpg
P,15,466,DTASET A-Z/P/466.jpg
P,15,467,DTASET A-Z/P/467.jpg
P,15,468,DTASET A-Z/P/468.jpg
P,15,469,DTASET A-Z/P/469.jpg
P,15,470,DTASET A-Z/P/470.jpg
P,15,471,DTASET A-Z/P/471.jpg
P,15,472,DTASET A-Z/P/472.jpg
P,15,473,DTASET A-Z/P/473.jpg
P,15,474,DTASET A-Z/P/474.jpg
P,15,475,DTASET A-Z/P/475.jpg
P,15,476,DTASET A-Z/P/476.jpg
P,15,477,DTASET A-Z/P/477.jpg
P,15,478,DTASET A-Z/P/478.jpg
P,15,479,DTASET A-Z/P/479.jpg
P,15,480,DTASET A-Z/P/480.jpg
P,15,481,DTASET A-Z/P/481.jpg
P,15,482,DTASET A-Z/P/482.jpg
P,15,483,DTASET A-Z/P/483.jpg
P,15,484,DTASET A-Z/P/484.jpg
P,15,485,DTASET A-Z/P/485.jpg
P,15,486,DTASET A-Z/P/486.jpg
P,15,487,DTASET A-Z/P/487.jpg
P,15,488,DTASET A-Z/P/488.jpg
P,15,489,DTASET A-Z/P/489.jpg
P,15,490,DTASET A-Z/P/490.jpg
P,15,491,DTASET A-Z/P/491.jpg
P,15,492,DTASET A-Z/P/492.jpg
P,15,493,DTASET A-Z/P/493.jpg
P,15,494,DTASET A-Z/P/494.jpg
P,15,495,DTASET A-Z/P/495.jpg
P,15,496,DTASET A-Z/P/496.jpg
P,15,497,DTASET A-Z/P/497.jpg
P,15,498,DTASET A-Z/P/498.jpg
P,15,499,DTASET A-Z/P/499.jpg
P,15,500,DTASET A-Z/P/500.jpg
P,15,501,DTASET A-Z/P/501.jpg
P,15,502,DTASET A-Z/P/502.jpg
P,15,503,DTASET A-Z/P/503.jpg
P,15,504,DTASET A-Z/P/504.jpg
P,15,505,DTASET A-Z/P/505.jpg
P,15,506,DTASET A-Z/P/506.jpg
P,15,507,DTASET A-Z/P/507.jpg
P,15,508,DTASET A-Z/P/508.jpg
P,15,509,DTASET A-Z/P/509.jpg
P,15,510,DTASET A-Z/P/510.jpg
P,15,511,DTASET A-Z/P/511.jpg
P,15,512,DTASET A-Z/P/512.jpg
P,15,513,DTASET A-Z/P/513.jpg
P,15,514,DTASET A-Z/P/514.jpg
P,15,515,DTASET A-Z/P/515.jpg
P,15,516,DTASET A-Z/P/516.jpg
P,15,517,DTASET A-Z/P/517.jpg
P,15,518,DTASET A-Z/P/518.jpg
P,15,519,DTASET A-Z/P/519.jpg
P,15,520,DTASET A-Z/P/520.jpg
P,15,521,DTASET A-Z/P/521.jpg
P,15,522,DTASET A-Z/P/522.jpg
P,15,523,DTASET A-Z/P/523.jpg
P,15,524,DTASET A-Z/P/524.jpg
P,15,525,DTASET A-Z/P/525.jpg
P,15,526,DTASET A-Z/P/526.jpg
P,15,527,DTASET A-Z/P/527.jpg
P,15,528,DTASET A-Z/P/528.jpg
P,15,529,DTASET A-Z/P/529.jpg
P,15,530,DTASET A-Z/P/530.jpg
P,15,531,DTASET A-Z/P/531.jpg
P,15,532,DTASET A-Z/P/532.jpg
P,15,533,DTASET A-Z/P/533.jpg
P,15,534,DTASET A-Z/P/534.jpg
P,15,535,DTASET A-Z/P/535.jpg
P,15,536,DTASET A-Z/P/536.jpg
P,15,537,DTASET A-Z/P/537.jpg
P,15,538,DTASET A-Z/P/538.jpg
P,15,539,DTASET A-Z/P/539.jpg
P,15,540,DTASET A-Z/P/540.jpg
P,15,541,DTASET A-Z/P/541.jpg
P,15,542,DTASET A-Z/P/542.jpg
P,15,543,DTASET A-Z/P/543.jpg
P,15,544,DTASET A-Z/P/544.jpg
P,15,545,DTASET A-Z/P/545.jpg
P,15,546,DTASET A-Z/P/546.jpg
P,15,547,DTASET A-Z/P/547.jpg
P,15,548,DTASET A-Z/P/548.jpg
P,15,549,DTASET A-Z/P/549.jpg
P,15,550,DTASET A-Z/P/550.jpg
P,15,551,DTASET A-Z/P/551.jpg
P,15,552,DTASET A-Z/P/552.jpg
P,15,553,DTASET A-Z/P/553.jpg
P,15,554,DTASET A-Z/P/554.jpg
P,15,555,DTASET A-Z/P/555.jpg
P,15,556,DTASET A-Z/P/556.jpg
P,15,557,DTASET A-Z/P/557.jpg
P,15,558,DTASET A-Z/P/558.jpg
P,15,559,DTASET A-Z/P/559.jpg
P,15,560,DTASET A-Z/P/560.jpg
P,15,561,DTASET A-Z/P/561.jpg
P,15,562,DTASET A-Z/P/562.jpg
P,15,563,DTASET A-Z/P/563.jpg
P,15,564,DTASET A-Z/P/564.jpg
P,15,565,DTASET A-Z/P/565.jpg
P,15,566,DTASET A-Z/P/566.jpg
P,15,567,DTASET A-Z/P/567.jpg
P,15,568,DTASET A-Z/P/568.jpg
P,15,569,DTASET A-Z/P/569.jpg
P,15,570,DTASET A-Z/P/570.jpg
P,15,571,DTASET A-Z/P/571.jpg
P,15,572,DTASET A-Z/P/572.jpg
P,15,573,DTASET A-Z/P/573.jpg
P,15,574,DTASET A-Z/P/574.jpg
P,15,575,DTASET A-Z/P/575.jpg
P,15,576,DTASET A-Z/P/576.jpg
P,15,577,DTASET A-Z/P/577.jpg
P,15,578,DTASET A-Z/P/578.jpg
P,15,579,DTASET A-Z/P/579.jpg
P,15,580,DTASET A-Z/P/580.jpg
P,15,581,DTASET A-Z/P/581.jpg
P,15,582,DTASET A-Z/P/582.jpg
P,15,583,DTASET A-Z/P/583.jpg
P,15,584,DTASET A-Z/P/584.jpg
P,15,585,DTASET A-Z/P/585.jpg
P,15,586,DTASET A-Z/P/586.jpg
P,15,587,DTASET A-Z/P/587.jpg
P,15,588,DTASET A-Z/P/588.jpg
P,15,589,DTASET A-Z/P/589.jpg
P,15,590,DTASET A-Z/P/590.jpg
P,15,591,DTASET A-Z/P/591.jpg
P,15,592,DTASET A-Z/P/592.jpg
P,15,593,DTASET A-Z/P/593.jpg
P,15,594,DTASET A-Z/P/594.jpg
P,15,595,DTASET A-Z/P/595.jpg
P,15,596,DTASET A-Z/P/596.jpg
P,15,597,DTASET A-Z/P/597.jpg
P,15,598,DTASET A-Z/P/598.jpg
P,15,599,DTASET A-Z/P/599.jpg
P,15,600,DTASET A-Z/P/600.jpg
P,15,601,DTASET A-Z/P/601.jpg
P,15,602,DTASET A-Z/P/602.jpg
P,15,603,DTASET A-Z/P/603.jpg
P,15,604,DTASET A-Z/P/604.jpg
P,15,605,DTASET A-Z/P/605.jpg
P,15,606,DTASET A-Z/P/606.jpg
P,15,607,DTASET A-Z/P/607.jpg
P,15,608,DTASET A-Z/P/608.jpg
P,15,609,DTASET A-Z/P/609.jpg
P,15,610,DTASET A-Z/P/610.jpg
P,15,611,DTASET A-Z/P/611.jpg
P,15,612,DTASET A-Z/P/612.jpg
P,15,613,DTASET A-Z/P/613.jpg
P,15,614,DTASET A-Z/P/614.jpg
P,15,615,DTASET A-Z/P/615.jpg
P,15,616,DTASET A-Z/P/616.jpg
P,15,617,DTASET A-Z/P/617.jpg
P,15,618,DTASET A-Z/P/618.jpg
P,15,619,DTASET A-Z/P/619.jpg
P,15,620,DTASET A-Z/P/620.jpg
P,15,621,DTASET A-Z/P/621.jpg
P,15,622,DTASET A-Z/P/622.jpg
P,15,623,DTASET A-Z/P/623.jpg
P,15,624,DTASET A-Z/P/624.jpg
P,15,625,DTASET A-Z/P/625.jpg
P,15,626,DTASET A-Z/P/626.jpg
P,15,627,DTASET A-Z/P/627.jpg
P,15,628,DTASET A-Z/P/628.jpg
P,15,629,DTASET A-Z/P/629.jpg
P,15,630,DTASET A-Z/P/630.jpg
P,15,631,DTASET A-Z/P/631.jpg
P,15,632,DTASET A-Z/P/632.jpg
P,15,633,DTASET A-Z/P/633.jpg
P,15,634,DTASET A-Z/P/634.jpg
P,15,635,DTASET A-Z/P/635.jpg
P,15,636,DTASET A-Z/P/636.jpg
P,15,637,DTASET A-Z/P/637.jpg
P,15,638,DTASET A-Z/P/638.jpg
P,15,639,DTASET A-Z/P/639.jpg
P,15,640,DTASET A-Z/P/640.jpg
P,15,641,DTASET A-Z/P/641.jpg
P,15,642,DTASET A-Z/P/642.jpg
P,15,643,DTASET A-Z/P/643.jpg
P,15,644,DTASET A-Z/P/644.jpg
P,15,645,DTASET A-Z/P/645.jpg
P,15,646,DTASET A-Z/P/646.jpg
P,15,647,DTASET A-Z/P/647.jpg
P,15,648,DTASET A-Z/P/648.jpg
P,15,649,DTASET A-Z/P/649.jpg
P,15,650,DTASET A-Z/P/650.jpg
P,15,651,DTASET A-Z/P/651.jpg
P,15,652,DTASET A-Z/P/652.jpg
P,15,653,DTASET A-Z/P/653.jpg
P,15,654,DTASET A-Z/P/654.jpg
P,15,655,DTASET A-Z/P/655.jpg
P,15,656,DTASET A-Z/P/656.jpg
P,15,657,DTASET A-Z/P/657.jpg
P,15,658,DTASET A-Z/P/658.jpg
P,15,659,DTASET A-Z/P/659.jpg
P,15,660,DTASET A-Z/P/660.jpg
P,15,661,DTASET A-Z/P/661.jpg
P,15,662,DTASET A-Z/P/662.jpg
P,15,663,DTASET A-Z/P/663.jpg
P,15,664,DTASET A-Z/P/664.jpg
P,15,665,DTASET A-Z/P/665.jpg
P,15,666,DTASET A-Z/P/666.jpg
P,15,667,DTASET A-Z/P/667.jpg
P,15,668,DTASET A-Z/P/668.jpg
P,15,669,DTASET A-Z/P/669.jpg
P,15,670,DTASET A-Z/P/670.jpg
P,15,671,DTASET A-Z/P/671.jpg
P,15,672,DTASET A-Z/P/672.jpg
P,15,673,DTASET A-Z/P/673.jpg
P,15,674,DTASET A-Z/P/674.jpg
P,15,675,DTASET A-Z/P/675.jpg
P,15,676,DTASET A-Z/P/676.jpg
P,15,677,DTASET A-Z/P/677.jpg
P,15,678,DTASET A-Z/P/678.jpg
P,15,679,DTASET A-Z/P/679.jpg
P,15,680,DTASET A-Z/P/680.jpg
P,15,681,DTASET A-Z/P/681.jpg
P,15,682,DTASET A-Z/P/682.jpg
P,15,683,DTASET A-Z/P/683.jpg
P,15,684,DTASET A-Z/P/684.jpg
P,15,685,DTASET A-Z/P/685.jpg
P,15,686,DTASET A-Z/P/686.jpg
P,15,687,DTASET A-Z/P/687.jpg
P,15,688,DTASET A-Z/P/688.jpg
P,15,689,DTASET A-Z/P/689.jpg
P,15,690,DTASET A-Z/P/690.jpg
P,15,691,DTASET A-Z/P/691.jpg
P,15,692,DTASET A-Z/P/692.jpg
P,15,693,DTASET A-Z/P/693.jpg
P,15,694,DTASET A-Z/P/694.jpg
P,15,695,DTASET A-Z/P/695.jpg
P,15,696,DTASET A-Z/P/696.jpg
P,15,697,DTASET A-Z/P/697.jpg
P,15,698,DTASET A-Z/P/698.jpg
P,15,699,DTASET A-Z/P/699.jpg
P,15,700,DTASET A-Z/P/700.jpg
P,15,701,DTASET A-Z/P/701.jpg
P,15,702,DTASET A-Z/P/702.jpg
P,15,703,DTASET A-Z/P/703.jpg
P,15,704,DTASET A-Z/P/704.jpg
P,15,705,DTASET A-Z/P/705.jpg
P,15,706,DTASET A-Z/P/706.jpg
P,15,707,DTASET A-Z/P/707.jpg
P,15,708,DTASET A-Z/P/708.jpg
P,15,709,DTASET A-Z/P/709.jpg
P,15,710,DTASET A-Z/P/710.jpg
P,15,711,DTASET A-Z/P/711.jpg
P,15,712,DTASET A-Z/P/712.jpg
P,15,713,DTASET A-Z/P/713.jpg
P,15,714,DTASET A-Z/P/714.jpg
P,15,715,DTASET A-Z/P/715.jpg
P,15,716,DTASET A-Z/P/716.jpg
P,15,717,DTASET A-Z/P/717.jpg
P,15,718,DTASET A-Z/P/718.jpg
P,15,719,DTASET A-Z/P/719.jpg
P,15,720,DTASET A-Z/P/720.jpg
P,15,721,DTASET A-Z/P/721.jpg
P,15,722,DTASET A-Z/P/722.jpg
P,15,723,DTASET A-Z/P/723.jpg
P,15,724,DTASET A-Z/P/724.jpg
P,15,725,DTASET A-Z/P/725.jpg
P,15,726,DTASET A-Z/P/726.jpg
P,15,727,DTASET A-Z/P/727.jpg
P,15,728,DTASET A-Z/P/728.jpg
P,15,729,DTASET A-Z/P/729.jpg
P,15,730,DTASET A-Z/P/730.jpg
P,15,731,DTASET A-Z/P/731.jpg
P,15,732,DTASET A-Z/P/732.jpg
P,15,733,DTASET A-Z/P/733.jpg
P,15,734,DTASET A-Z/P/734.jpg
P,15,735,DTASET A-Z/P/735.jpg
P,15,736,DTASET A-Z/P/736.jpg
P,15,737,DTASET A-Z/P/737.jpg
P,15,738,DTASET A-Z/P/738.jpg
P,15,739,DTASET A-Z/P/739.jpg
P,15,740,DTASET A-Z/P/740.jpg
P,15,741,DTASET A-Z/P/741.jpg
P,15,742,DTASET A-Z/P/742.jpg
P,15,743,DTASET A-Z/P/743.jpg
P,15,744,DTASET A-Z/P/744.jpg
P,15,745,DTASET A-Z/P/745.jpg
P,15,746,DTASET A-Z/P/746.jpg
P,15,747,DTASET A-Z/P/747.jpg
P,15,748,DTASET A-Z/P/748.jpg
P,15,749,DTASET A-Z/P/749.jpg
P,15,750,DTASET A-Z/P/750.jpg
P,15,751,DTASET A-Z/P/751.jpg
P,15,752,DTASET A-Z/P/752.jpg
P,15,753,DTASET A-Z/P/753.jpg
P,15,754,DTASET A-Z/P/754.jpg
P,15,755,DTASET A-Z/P/755.jpg
P,15,756,DTASET A-Z/P/756.jpg
P,15,757,DTASET A-Z/P/757.jpg
P,15,758,DTASET A-Z/P/758.jpg
P,15,759,DTASET A-Z/P/759.jpg
P,15,760,DTASET A-Z/P/760.jpg
P,15,761,DTASET A-Z/P/761.jpg
P,15,762,DTASET A-Z/P/762.jpg
P,15,763,DTASET A-Z/P/763.jpg
P,15,764,DTASET A-Z/P/764.jpg
P,15,765,DTASET A-Z/P/765.jpg
P,15,766,DTASET A-Z/P/766.jpg
P,15,767,DTASET A-Z/P/767.jpg
P,15,768,DTASET A-Z/P/768.jpg
P,15,769,DTASET A-Z/P/769.jpg
P,15,770,DTASET A-Z/P/770.jpg
P,15,771,DTASET A-Z/P/771.jpg
P,15,772,DTASET A-Z/P/772.jpg
P,15,773,DTASET A-Z/P/773.jpg
P,15,774,DTASET A-Z/P/774.jpg
P,15,775,DTASET A-Z/P/775.jpg
P,15,776,DTASET A-Z/P/776.jpg
P,15,777,DTASET A-Z/P/777.jpg
P,15,778,DTASET A-Z/P/778.jpg
P,15,779,DTASET A-Z/P/779.jpg
P,15,780,DTASET A-Z/P/780.jpg
P,15,781,DTASET A-Z/P/781.jpg
P,15,782,DTASET A-Z/P/782.jpg
P,15,783,DTASET A-Z/P/783.jpg
P,15,784,DTASET A-Z/P/784.jpg
P,15,785,DTASET A-Z/P/785.jpg
P,15,786,DTASET A-Z/P/786.jpg
P,15,787,DTASET A-Z/P/787.jpg
P,15,788,DTASET A-Z/P/788.jpg
P,15,789,DTASET A-Z/P/789.jpg
P,15,790,DTASET A-Z/P/790.jpg
P,15,791,DTASET A-Z/P/791.jpg
P,15,792,DTASET A-Z/P/792.jpg
P,15,793,DTASET A-Z/P/793.jpg
P,15,794,DTASET A-Z/P/794.jpg
P,15,795,DTASET A-Z/P/795.jpg
P,15,796,DTASET A-Z/P/796.jpg
P,15,797,DTASET A-Z/P/797.jpg
P,15,798,DTASET A-Z/P/798.jpg
P,15,799,DTASET A-Z/P/799.jpg
P,15,800,DTASET A-Z/P/800.jpg
P,15,801,DTASET A-Z/P/801.jpg
P,15,802,DTASET A-Z/P/802.jpg
P,15,803,DTASET A-Z/P/803.jpg
P,15,804,DTASET A-Z/P/804.jpg
P,15,805,DTASET A-Z/P/805.jpg
P,15,806,DTASET A-Z/P/806.jpg
P,15,807,DTASET A-Z/P/807.jpg
P,15,808,DTASET A-Z/P/808.jpg
P,15,809,DTASET A-Z/P/809.jpg
P,15,810,DTASET A-Z/P/810.jpg
P,15,811,DTASET A-Z/P/811.jpg
P,15,812,DTASET A-Z/P/812.jpg
P,15,813,DTASET A-Z/P/813.jpg
P,15,814,DTASET A-Z/P/814.jpg
P,15,815,DTASET A-Z/P/815.jpg
P,15,816,DTASET A-Z/P/816.jpg
P,15,817,DTASET A-Z/P/817.jpg
P,15,818,DTASET A-Z/P/818.jpg
P,15,819,DTASET A-Z/P/819.jpg
P,15,820,DTASET A-Z/P/820.jpg
P,15,821,DTASET A-Z/P/821.jpg
P,15,822,DTASET A-Z/P/822.jpg
P,15,823,DTASET A-Z/P/823.jpg
P,15,824,DTASET A-Z/P/824.jpg
P,15,825,DTASET A-Z/P/825.jpg
P,15,826,DTASET A-Z/P/826.jpg
P,15,827,DTASET A-Z/P/827.jpg
P,15,828,DTASET A-Z/P/828.jpg
P,15,829,DTASET A-Z/P/829.jpg
P,15,830,DTASET A-Z/P/830.jpg
P,15,831,DTASET A-Z/P/831.jpg
P,15,832,DTASET A-Z/P/832.jpg
P,15,833,DTASET A-Z/P/833.jpg
P,15,834,DTASET A-Z/P/834.jpg
P,15,835,DTASET A-Z/P/835.jpg
P,15,836,DTASET A-Z/P/836.jpg
P,15,837,DTASET A-Z/P/837.jpg
P,15,838,DTASET A-Z/P/838.jpg
P,15,839,DTASET A-Z/P/839.jpg
P,15,840,DTASET A-Z/P/840.jpg
P,15,841,DTASET A-Z/P/841.jpg
P,15,842,DTASET A-Z/P/842.jpg
P,15,843,DTASET A-Z/P/843.jpg
P,15,844,DTASET A-Z/P/844.jpg
P,15,845,DTASET A-Z/P/845.jpg
P,15,846,DTASET A-Z/P/846.jpg
P,15,847,DTASET A-Z/P/847.jpg
P,15,848,DTASET A-Z/P/848.jpg
P,15,849,DTASET A-Z/P/849.jpg
P,15,850,DTASET A-Z/P/850.jpg
P,15,851,DTASET A-Z/P/851.jpg
P,15,852,DTASET A-Z/P/852.jpg
P,15,853,DTASET A-Z/P/853.jpg
P,15,854,DTASET A-Z/P/854.jpg
P,15,855,DTASET A-Z/P/855.jpg
P,15,856,DTASET A-Z/P/856.jpg
P,15,857,DTASET A-Z/P/857.jpg
P,15,858,DTASET A-Z/P/858.jpg
P,15,859,DTASET A-Z/P/859.jpg
P,15,860,DTASET A-Z/P/860.jpg
P,15,861,DTASET A-Z/P/861.jpg
P,15,862,DTASET A-Z/P/862.jpg
P,15,863,DTASET A-Z/P/863.jpg
P,15,864,DTASET A-Z/P/864.jpg
P,15,865,DTASET A-Z/P/865.jpg
P,15,866,DTASET A-Z/P/866.jpg
P,15,867,DTASET A-Z/P/867.jpg
P,15,868,DTASET A-Z/P/868.jpg
P,15,869,DTASET A-Z/P/869.jpg
P,15,870,DTASET A-Z/P/870.jpg
P,15,871,DTASET A-Z/P/871.jpg
P,15,872,DTASET A-Z/P/872.jpg
P,15,873,DTASET A-Z/P/873.jpg
P,15,874,DTASET A-Z/P/874.jpg
P,15,875,DTASET A-Z/P/875.jpg
P,15,876,DTASET A-Z/P/876.jpg
P,15,877,DTASET A-Z/P/877.jpg
P,15,878,DTASET A-Z/P/878.jpg
P,15,879,DTASET A-Z/P/879.jpg
P,15,880,DTASET A-Z/P/880.jpg
P,15,881,DTASET A-Z/P/881.jpg
P,15,882,DTASET A-Z/P/882.jpg
P,15,883,DTASET A-Z/P/883.jpg
P,15,884,DTASET A-Z/P/884.jpg
P,15,885,DTASET A-Z/P/885.jpg
P,15,886,DTASET A-Z/P/886.jpg
P,15,887,DTASET A-Z/P/887.jpg
P,15,888,DTASET A-Z/P/888.jpg
P,15,889,DTASET A-Z/P/889.jpg
P,15,890,DTASET A-Z/P/890.jpg
P,15,891,DTASET A-Z/P/891.jpg
P,15,892,DTASET A-Z/P/892.jpg
P,15,893,DTASET A-Z/P/893.jpg
P,15,894,DTASET A-Z/P/894.jpg
P,15,895,DTASET A-Z/P/895.jpg
P,15,896,DTASET A-Z/P/896.jpg
P,15,897,DTASET A-Z/P/897.jpg
P,15,898,DTASET A-Z/P/898.jpg
P,15,899,DTASET A-Z/P/899.jpg
P,15,900,DTASET A-Z/P/900.jpg
P,15,901,DTASET A-Z/P/901.jpg
P,15,902,DTASET A-Z/P/902.jpg
P,15,903,DTASET A-Z/P/903.jpg
P,15,904,DTASET A-Z/P/904.jpg
P,15,905,DTASET A-Z/P/905.jpg
P,15,906,DTASET A-Z/P/906.jpg
P,15,907,DTASET A-Z/P/907.jpg
P,15,908,DTASET A-Z/P/908.jpg
P,15,909,DTASET A-Z/P/909.jpg
P,15,910,DTASET A-Z/P/910.jpg
P,15,911,DTASET A-Z/P/911.jpg
P,15,912,DTASET A-Z/P/912.jpg
P,15,913,DTASET A-Z/P/913.jpg
P,15,914,DTASET A-Z/P/914.jpg
P,15,915,DTASET A-Z/P/915.jpg
P,15,916,DTASET A-Z/P/916.jpg
P,15,917,DTASET A-Z/P/917.jpg
P,15,918,DTASET A-Z/P/918.jpg
P,15,919,DTASET A-Z/P/919.jpg
P,15,920,DTASET A-Z/P/920.jpg
P,15,921,DTASET A-Z/P/921.jpg
P,15,922,DTASET A-Z/P/922.jpg
P,15,923,DTASET A-Z/P/923.jpg
P,15,924,DTASET A-Z/P/924.jpg
P,15,925,DTASET A-Z/P/925.jpg
P,15,926,DTASET A-Z/P/926.jpg
P,15,927,DTASET A-Z/P/927.jpg
P,15,928,DTASET A-Z/P/928.jpg
P,15,929,DTASET A-Z/P/929.jpg
P,15,930,DTASET A-Z/P/930.jpg
P,15,931,DTASET A-Z/P/931.jpg
P,15,932,DTASET A-Z/P/932.jpg
P,15,933,DTASET A-Z/P/933.jpg
P,15,934,DTASET A-Z/P/934.jpg
P,15,935,DTASET A-Z/P/935.jpg
P,15,936,DTASET A-Z/P/936.jpg
P,15,937,DTASET A-Z/P/937.jpg
P,15,938,DTASET A-Z/P/938.jpg
P,15,939,DTASET A-Z/P/939.jpg
P,15,940,DTASET A-Z/P/940.jpg
P,15,941,DTASET A-Z/P/941.jpg
P,15,942,DTASET A-Z/P/942.jpg
P,15,943,DTASET A-Z/P/943.jpg
P,15,944,DTASET A-Z/P/944.jpg
P,15,945,DTASET A-Z/P/945.jpg
P,15,946,DTASET A-Z/P/946.jpg
P,15,947,DTASET A-Z/P/947.jpg
P,15,948,DTASET A-Z/P/948.jpg
P,15,949,DTASET A-Z/P/949.jpg
P,15,950,DTASET A-Z/P/950.jpg
P,15,951,DTASET A-Z/P/951.jpg
P,15,952,DTASET A-Z/P/952.jpg
P,15,953,DTASET A-Z/P/953.jpg
P,15,954,DTASET A-Z/P/954.jpg
P,15,955,DTASET A-Z/P/955.jpg
P,15,956,DTASET A-Z/P/956.jpg
P,15,957,DTASET A-Z/P/957.jpg
P,15,958,DTASET A-Z/P/958.jpg
P,15,959,DTASET A-Z/P/959.jpg
P,15,960,DTASET A-Z/P/960.jpg
P,15,961,DTASET A-Z/P/961.jpg
P,15,962,DTASET A-Z/P/962.jpg
P,15,963,DTASET A-Z/P/963.jpg
P,15,964,DTASET A-Z/P/964.jpg
P,15,965,DTASET A-Z/P/965.jpg
P,15,966,DTASET A-Z/P/966.jpg
P,15,967,DTASET A-Z/P/967.jpg
P,15,968,DTASET A-Z/P/968.jpg
P,15,969,DTASET A-Z/P/969.jpg
P,15,970,DTASET A-Z/P/970.jpg
P,15,971,DTASET A-Z/P/971.jpg
P,15,972,DTASET A-Z/P/972.jpg
P,15,973,DTASET A-Z/P/973.jpg
P,15,974,DTASET A-Z/P/974.jpg
P,15,975,DTASET A-Z/P/975.jpg
P,15,976,DTASET A-Z/P/976.jpg
P,15,977,DTASET A-Z/P/977.jpg
P,15,978,DTASET A-Z/P/978.jpg
P,15,979,DTASET A-Z/P/979.jpg
P,15,980,DTASET A-Z/P/980.jpg
P,15,981,DTASET A-Z/P/981.jpg
P,15,982,DTASET A-Z/P/982.jpg
P,15,983,DTASET A-Z/P/983.jpg
P,15,984,DTASET A-Z/P/984.jpg
P,15,985,DTASET A-Z/P/985.jpg
P,15,986,DTASET A-Z/P/986.jpg
P,15,987,DTASET A-Z/P/987.jpg
P,15,988,DTASET A-Z/P/988.jpg
P,15,989,DTASET A-Z/P/989.jpg
P,15,990,DTASET A-Z/P/990.jpg
P,15,991,DTASET A-Z/P/991.jpg
P,15,992,DTASET A-Z/P/992.jpg
P,15,993,DTASET A-Z/P/993.jpg
P,15,994,DTASET A-Z/P/994.jpg
P,15,995,DTASET A-Z/P/995.jpg
P,15,996,DTASET A-Z/P/996.jpg
P,15,997,DTASET A-Z/P/997.jpg
P,15,998,DTASET A-Z/P/998.jpg
P,15,999,DTASET A-Z/P/999.jpg
P,15,1000,DTASET A-Z/P/1000.jpg
P,15,1001,DTASET A-Z/P/1001.jpg
P,15,1002,DTASET A-Z/P/1002.jpg
P,15,1003,DTASET A-Z/P/1003.jpg
P,15,1004,DTASET A-Z/P/1004.jpg
P,15,1005,DTASET A-Z/P/1005.jpg
P,15,1006,DTASET A-Z/P/1006.jpg
P,15,1007,DTASET A-Z/P/1007.jpg
P,15,1008,DTASET A-Z/P/1008.jpg
P,15,1009,DTASET A-Z/P/1009.jpg
P,15,1010,DTASET A-Z/P/1010.jpg
P,15,1011,DTASET A-Z/P/1011.jpg
P,15,1012,DTASET A-Z/P/1012.jpg
P,15,1013,DTASET A-Z/P/1013.jpg
P,15,1014,DTASET A-Z/P/1014.jpg
P,15,1015,DTASET A-Z/P/1015.jpg
P,15,1016,DTASET A-Z/P/1016.jpg
P,15,1017,DTASET A-Z/P/1017.jpg
P,15,1018,DTASET A-Z/P/1018.jpg
P,15,1019,DTASET A-Z/P/1019.jpg
P,15,1020,DTASET A-Z/P/1020.jpg
P,15,1021,DTASET A-Z/P/1021.jpg
P,15,1022,DTASET A-Z/P/1022.jpg
P,15,1023,DTASET A-Z/P/1023.jpg
P,15,1024,DTASET A-Z/P/1024.jpg
P,15,1025,DTASET A-Z/P/1025.jpg
P,15,1026,DTASET A-Z/P/1026.jpg
P,15,1027,DTASET A-Z/P/1027.jpg
P,15,1028,DTASET A-Z/P/1028.jpg
P,15,1029,DTASET A-Z/P/1029.jpg
P,15,1030,DTASET A-Z/P/1030.jpg
P,15,1031,DTASET A-Z/P/1031.jpg
P,15,1032,DTASET A-Z/P/1032.jpg
P,15,1033,DTASET A-Z/P/1033.jpg
P,15,1034,DTASET A-Z/P/1034.jpg
P,15,1035,DTASET A-Z/P/1035.jpg
P,15,1036,DTASET A-Z/P/1036.jpg
P,15,1037,DTASET A-Z/P/1037.jpg
P,15,1038,DTASET A-Z/P/1038.jpg
P,15,1039,DTASET A-Z/P/1039.jpg
P,15,1040,DTASET A-Z/P/1040.jpg
P,15,1041,DTASET A-Z/P/1041.jpg
P,15,1042,DTASET A-Z/P/1042.jpg
P,15,1043,DTASET A-Z/P/1043.jpg
P,15,1044,DTASET A-Z/P/1044.jpg
P,15,1045,DTASET A-Z/P/1045.jpg
P,15,1046,DTASET A-Z/P/1046.jpg
P,15,1047,DTASET A-Z/P/1047.jpg
P,15,1048,DTASET A-Z/P/1048.jpg
P,15,1049,DTASET A-Z/P/1049.jpg
P,15,1050,DTASET A-Z/P/1050.jpg
P,15,1051,DTASET A-Z/P/1051.jpg
P,15,1052,DTASET A-Z/P/1052.jpg
P,15,1053,DTASET A-Z/P/1053.jpg
P,15,1054,DTASET A-Z/P/1054.jpg
P,15,1055,DTASET A-Z/P/1055.jpg
P,15,1056,DTASET A-Z/P/1056.jpg
P,15,1057,DTASET A-Z/P/1057.jpg
P,15,1058,DTASET A-Z/P/1058.jpg
P,15,1059,DTASET A-Z/P/1059.jpg
P,15,1060,DTASET A-Z/P/1060.jpg
P,15,1061,DTASET A-Z/P/1061.jpg
P,15,1062,DTASET A-Z/P/1062.jpg
P,15,1063,DTASET A-Z/P/1063.jpg
P,15,1064,DTASET A-Z/P/1064.jpg
P,15,1065,DTASET A-Z/P/1065.jpg
P,15,1066,DTASET A-Z/P/1066.jpg
P,15,1067,DTASET A-Z/P/1067.jpg
P,15,1068,DTASET A-Z/P/1068.jpg
P,15,1069,DTASET A-Z/P/1069.jpg
P,15,1070,DTASET A-Z/P/1070.jpg
P,15,1071,DTASET A-Z/P/1071.jpg
P,15,1072,DTASET A-Z/P/1072.jpg
P,15,1073,DTASET A-Z/P/1073.jpg
P,15,1074,DTASET A-Z/P/1074.jpg
P,15,1075,DTASET A-Z/P/1075.jpg
P,15,1076,DTASET A-Z/P/1076.jpg
P,15,1077,DTASET A-Z/P/1077.jpg
P,15,1078,DTASET A-Z/P/1078.jpg
P,15,1079,DTASET A-Z/P/1079.jpg
P,15,1080,DTASET A-Z/P/1080.jpg
P,15,1081,DTASET A-Z/P/1081.jpg
P,15,1082,DTASET A-Z/P/1082.jpg
P,15,1083,DTASET A-Z/P/1083.jpg
P,15,1084,DTASET A-Z/P/1084.jpg
P,15,1085,DTASET A-Z/P/1085.jpg
P,15,1086,DTASET A-Z/P/1086.jpg
P,15,1087,DTASET A-Z/P/1087.jpg
P,15,1088,DTASET A-Z/P/1088.jpg
P,15,1089,DTASET A-Z/P/1089.jpg
P,15,1090,DTASET A-Z/P/1090.jpg
P,15,1091,DTASET A-Z/P/1091.jpg
P,15,1092,DTASET A-Z/P/1092.jpg
P,15,1093,DTASET A-Z/P/1093.jpg
P,15,1094,DTASET A-Z/P/1094.jpg
P,15,1095,DTASET A-Z/P/1095.jpg
P,15,1096,DTASET A-Z/P/1096.jpg
P,15,1097,DTASET A-Z/P/1097.jpg
P,15,1098,DTASET A-Z/P/1098.jpg
P,15,1099,DTASET A-Z/P/1099.jpg
P,15,1100,DTASET A-Z/P/1100.jpg
P,15,1101,DTASET A-Z/P/1101.jpg
P,15,1102,DTASET A-Z/P/1102.jpg
P,15,1103,DTASET A-Z/P/1103.jpg
P,15,1104,DTASET A-Z/P/1104.jpg
P,15,1105,DTASET A-Z/P/1105.jpg
P,15,1106,DTASET A-Z/P/1106.jpg
P,15,1107,DTASET A-Z/P/1107.jpg
P,15,1108,DTASET A-Z/P/1108.jpg
P,15,1109,DTASET A-Z/P/1109.jpg
P,15,1110,DTASET A-Z/P/1110.jpg
P,15,1111,DTASET A-Z/P/1111.jpg
P,15,1112,DTASET A-Z/P/1112.jpg
P,15,1113,DTASET A-Z/P/1113.jpg
P,15,1114,DTASET A-Z/P/1114.jpg
P,15,1115,DTASET A-Z/P/1115.jpg
P,15,1116,DTASET A-Z/P/1116.jpg
P,15,1117,DTASET A-Z/P/1117.jpg
P,15,1118,DTASET A-Z/P/1118.jpg
P,15,1119,DTASET A-Z/P/1119.jpg
P,15,1120,DTASET A-Z/P/1120.jpg
P,15,1121,DTASET A-Z/P/1121.jpg
P,15,1122,DTASET A-Z/P/1122.jpg
P,15,1123,DTASET A-Z/P/1123.jpg
P,15,1124,DTASET A-Z/P/1124.jpg
P,15,1125,DTASET A-Z/P/1125.jpg
P,15,1126,DTASET A-Z/P/1126.jpg
P,15,1127,DTASET A-Z/P/1127.jpg
P,15,1128,DTASET A-Z/P/1128.jpg
P,15,1129,DTASET A-Z/P/1129.jpg
P,15,1130,DTASET A-Z/P/1130.jpg
P,15,1131,DTASET A-Z/P/1131.jpg
P,15,1132,DTASET A-Z/P/1132.jpg
P,15,1133,DTASET A-Z/P/1133.jpg
P,15,1134,DTASET A-Z/P/1134.jpg
P,15,1135,DTASET A-Z/P/1135.jpg
P,15,1136,DTASET A-Z/P/1136.jpg
P,15,1137,DTASET A-Z/P/1137.jpg
P,15,1138,DTASET A-Z/P/1138.jpg
P,15,1139,DTASET A-Z/P/1139.jpg
P,15,1140,DTASET A-Z/P/1140.jpg
P,15,1141,DTASET A-Z/P/1141.jpg
P,15,1142,DTASET A-Z/P/1142.jpg
P,15,1143,DTASET A-Z/P/1143.jpg
P,15,1144,DTASET A-Z/P/1144.jpg
P,15,1145,DTASET A-Z/P/1145.jpg
P,15,1146,DTASET A-Z/P/1146.jpg
P,15,1147,DTASET A-Z/P/1147.jpg
P,15,1148,DTASET A-Z/P/1148.jpg
P,15,1149,DTASET A-Z/P/1149.jpg
P,15,1150,DTASET A-Z/P/1150.jpg
P,15,1151,DTASET A-Z/P/1151.jpg
P,15,1152,DTASET A-Z/P/1152.jpg
P,15,1153,DTASET A-Z/P/1153.jpg
P,15,1154,DTASET A-Z/P/1154.jpg
P,15,1155,DTASET A-Z/P/1155.jpg
P,15,1156,DTASET A-Z/P/1156.jpg
P,15,1157,DTASET A-Z/P/1157.jpg
P,15,1158,DTASET A-Z/P/1158.jpg
P,15,1159,DTASET A-Z/P/1159.jpg
P,15,1160,DTASET A-Z/P/1160.jpg
P,15,1161,DTASET A-Z/P/1161.jpg
P,15,1162,DTASET A-Z/P/1162.jpg
P,15,1163,DTASET A-Z/P/1163.jpg
P,15,1164,DTASET A-Z/P/1164.jpg
P,15,1165,DTASET A-Z/P/1165.jpg
P,15,1166,DTASET A-Z/P/1166.jpg
P,15,1167,DTASET A-Z/P/1167.jpg
P,15,1168,DTASET A-Z/P/1168.jpg
P,15,1169,DTASET A-Z/P/1169.jpg
P,15,1170,DTASET A-Z/P/1170.jpg
P,15,1171,DTASET A-Z/P/1171.jpg
P,15,1172,DTASET A-Z/P/1172.jpg
P,15,1173,DTASET A-Z/P/1173.jpg
P,15,1174,DTASET A-Z/P/1174.jpg
P,15,1175,DTASET A-Z/P/1175.jpg
P,15,1176,DTASET A-Z/P/1176.jpg
P,15,1177,DTASET A-Z/P/1177.jpg
P,15,1178,DTASET A-Z/P/1178.jpg
P,15,1179,DTASET A-Z/P/1179.jpg
P,15,1180,DTASET A-Z/P/1180.jpg
P,15,1181,DTASET A-Z/P/1181.jpg
P,15,1182,DTASET A-Z/P/1182.jpg
P,15,1183,DTASET A-Z/P/1183.jpg
P,15,1184,DTASET A-Z/P/1184.jpg
P,15,1185,DTASET A-Z/P/1185.jpg
P,15,1186,DTASET A-Z/P/1186.jpg
P,15,1187,DTASET A-Z/P/1187.jpg
P,15,1188,DTASET A-Z/P/1188.jpg
P,15,1189,DTASET A-Z/P/1189.jpg
P,15,1190,DTASET A-Z/P/1190.jpg
P,15,1191,DTASET A-Z/P/1191.jpg
P,15,1192,DTASET A-Z/P/1192.jpg
P,15,1193,DTASET A-Z/P/1193.jpg
P,15,1194,DTASET A-Z/P/1194.jpg
P,15,1195,DTASET A-Z/P/1195.jpg
P,15,1196,DTASET A-Z/P/1196.jpg
P,15,1197,DTASET A-Z/P/1197.jpg
P,15,1198,DTASET A-Z/P/1198.jpg
P,15,1199,DTASET A-Z/P/1199.jpg
Q,16,0,DTASET A-Z/Q/0.jpg
Q,16,1,DTASET A-Z/Q/1.jpg
Q,16,2,DTASET A-Z/Q/2.jpg
Q,16,3,DTASET A-Z/Q/3.jpg
Q,16,4,DTASET A-Z/Q/4.jpg
Q,16,5,DTASET A-Z/Q/5.jpg
Q,16,6,DTASET A-Z/Q/6.jpg
Q,16,7,DTASET A-Z/Q/7.jpg
Q,16,8,DTASET A-Z/Q/8.jpg
Q,16,9,DTASET A-Z/Q/9.jpg
Q,16,10,DTASET A-Z/Q/10.jpg
Q,16,11,DTASET A-Z/Q/11.jpg
Q,16,12,DTASET A-Z/Q/12.jpg
Q,16,13,DTASET A-Z/Q/13.jpg
Q,16,14,DTASET A-Z/Q/14.jpg
Q,16,15,DTASET A-Z/Q/15.jpg
Q,16,16,DTASET A-Z/Q/16.jpg
Q,16,17,DTASET A-Z/Q/17.jpg
Q,16,18,DTASET A-Z/Q/18.jpg
Q,16,19,DTASET A-Z/Q/19.jpg
Q,16,20,DTASET A-Z/Q/20.jpg
Q,16,21,DTASET A-Z/Q/21.jpg
Q,16,22,DTASET A-Z/Q/22.jpg
Q,16,23,DTASET A-Z/Q/23.jpg
Q,16,24,DTASET A-Z/Q/24.jpg
Q,16,25,DTASET A-Z/Q/25.jpg
Q,16,26,DTASET A-Z/Q/26.jpg
Q,16,27,DTASET A-Z/Q/27.jpg
Q,16,28,DTASET A-Z/Q/28.jpg
Q,16,29,DTASET A-Z/Q/29.jpg
Q,16,30,DTASET A-Z/Q/30.jpg
Q,16,31,DTASET A-Z/Q/31.jpg
Q,16,32,DTASET A-Z/Q/32.jpg
Q,16,33,DTASET A-Z/Q/33.jpg
Q,16,34,DTASET A-Z/Q/34.jpg
Q,16,35,DTASET A-Z/Q/35.jpg
Q,16,36,DTASET A-Z/Q/36.jpg
Q,16,37,DTASET A-Z/Q/37.jpg
Q,16,38,DTASET A-Z/Q/38.jpg
Q,16,39,DTASET A-Z/Q/39.jpg
Q,16,40,DTASET A-Z/Q/40.jpg
Q,16,41,DTASET A-Z/Q/41.jpg
Q,16,42,DTASET A-Z/Q/42.jpg
Q,16,43,DTASET A-Z/Q/43.jpg
Q,16,44,DTASET A-Z/Q/44.jpg
Q,16,45,DTASET A-Z/Q/45.jpg
Q,16,46,DTASET A-Z/Q/46.jpg
Q,16,47,DTASET A-Z/Q/47.jpg
Q,16,48,DTASET A-Z/Q/48.jpg
Q,16,49,DTASET A-Z/Q/49.jpg
Q,16,50,DTASET A-Z/Q/50.jpg
Q,16,51,DTASET A-Z/Q/51.jpg
Q,16,52,DTASET A-Z/Q/52.jpg
Q,16,53,DTASET A-Z/Q/53.jpg
Q,16,54,DTASET A-Z/Q/54.jpg
Q,16,55,DTASET A-Z/Q/55.jpg
Q,16,56,DTASET A-Z/Q/56.jpg
Q,16,57,DTASET A-Z/Q/57.jpg
Q,16,58,DTASET A-Z/Q/58.jpg
Q,16,59,DTASET A-Z/Q/59.jpg
Q,16,60,DTASET A-Z/Q/60.jpg
Q,16,61,DTASET A-Z/Q/61.jpg
Q,16,62,DTASET A-Z/Q/62.jpg
Q,16,63,DTASET A-Z/Q/63.jpg
Q,16,64,DTASET A-Z/Q/64.jpg
Q,16,65,DTASET A-Z/Q/65.jpg
Q,16,66,DTASET A-Z/Q/66.jpg
Q,16,67,DTASET A-Z/Q/67.jpg
Q,16,68,DTASET A-Z/Q/68.jpg
Q,16,69,DTASET A-Z/Q/69.jpg
Q,16,70,DTASET A-Z/Q/70.jpg
Q,16,71,DTASET A-Z/Q/71.jpg
Q,16,72,DTASET A-Z/Q/72.jpg
Q,16,73,DTASET A-Z/Q/73.jpg
Q,16,74,DTASET A-Z/Q/74.jpg
Q,16,75,DTASET A-Z/Q/75.jpg
Q,16,76,DTASET A-Z/Q/76.jpg
Q,16,77,DTASET A-Z/Q/77.jpg
Q,16,78,DTASET A-Z/Q/78.jpg
Q,16,79,DTASET A-Z/Q/79.jpg
Q,16,80,DTASET A-Z/Q/80.jpg
Q,16,81,DTASET A-Z/Q/81.jpg
Q,16,82,DTASET A-Z/Q/82.jpg
Q,16,83,DTASET A-Z/Q/83.jpg
Q,16,84,DTASET A-Z/Q/84.jpg
Q,16,85,DTASET A-Z/Q/85.jpg
Q,16,86,DTASET A-Z/Q/86.jpg
Q,16,87,DTASET A-Z/Q/87.jpg
Q,16,88,DTASET A-Z/Q/88.jpg
Q,16,89,DTASET A-Z/Q/89.jpg
Q,16,90,DTASET A-Z/Q/90.jpg
Q,16,91,DTASET A-Z/Q/91.jpg
Q,16,92,DTASET A-Z/Q/92.jpg
Q,16,93,DTASET A-Z/Q/93.jpg
Q,16,94,DTASET A-Z/Q/94.jpg
Q,16,95,DTASET A-Z/Q/95.jpg
Q,16,96,DTASET A-Z/Q/96.jpg
Q,16,97,DTASET A-Z/Q/97.jpg
Q,16,98,DTASET A-Z/Q/98.jpg
Q,16,99,DTASET A-Z/Q/99.jpg
Q,16,100,DTASET A-Z/Q/100.jpg
Q,16,101,DTASET A-Z/Q/101.jpg
Q,16,102,DTASET A-Z/Q/102.jpg
Q,16,103,DTASET A-Z/Q/103.jpg
Q,16,104,DTASET A-Z/Q/104.jpg
Q,16,105,DTASET A-Z/Q/105.jpg
Q,16,106,DTASET A-Z/Q/106.jpg
Q,16,107,DTASET A-Z/Q/107.jpg
Q,16,108,DTASET A-Z/Q/108.jpg
Q,16,109,DTASET A-Z/Q/109.jpg
Q,16,110,DTASET A-Z/Q/110.jpg
Q,16,111,DTASET A-Z/Q/111.jpg
Q,16,112,DTASET A-Z/Q/112.jpg
Q,16,113,DTASET A-Z/Q/113.jpg
Q,16,114,DTASET A-Z/Q/114.jpg
Q,16,115,DTASET A-Z/Q/115.jpg
Q,16,116,DTASET A-Z/Q/116.jpg
Q,16,117,DTASET A-Z/Q/117.jpg
Q,16,118,DTASET A-Z/Q/118.jpg
Q,16,119,DTASET A-Z/Q/119.jpg
Q,16,120,DTASET A-Z/Q/120.jpg
Q,16,121,DTASET A-Z/Q/121.jpg
Q,16,122,DTASET A-Z/Q/122.jpg
Q,16,123,DTASET A-Z/Q/123.jpg
Q,16,124,DTASET A-Z/Q/124.jpg
Q,16,125,DTASET A-Z/Q/125.jpg
Q,16,126,DTASET A-Z/Q/126.jpg
Q,16,127,DTASET A-Z/Q/127.jpg
Q,16,128,DTASET A-Z/Q/128.jpg
Q,16,129,DTASET A-Z/Q/129.jpg
Q,16,130,DTASET A-Z/Q/130.jpg
Q,16,131,DTASET A-Z/Q/131.jpg
Q,16,132,DTASET A-Z/Q/132.jpg
Q,16,133,DTASET A-Z/Q/133.jpg
Q,16,134,DTASET A-Z/Q/134.jpg
Q,16,135,DTASET A-Z/Q/135.jpg
Q,16,136,DTASET A-Z/Q/136.jpg
Q,16,137,DTASET A-Z/Q/137.jpg
Q,16,138,DTASET A-Z/Q/138.jpg
Q,16,139,DTASET A-Z/Q/139.jpg
Q,16,140,DTASET A-Z/Q/140.jpg
Q,16,141,DTASET A-Z/Q/141.jpg
Q,16,142,DTASET A-Z/Q/142.jpg
Q,16,143,DTASET A-Z/Q/143.jpg
Q,16,144,DTASET A-Z/Q/144.jpg
Q,16,145,DTASET A-Z/Q/145.jpg
Q,16,146,DTASET A-Z/Q/146.jpg
Q,16,147,DTASET A-Z/Q/147.jpg
Q,16,148,DTASET A-Z/Q/148.jpg
Q,16,149,DTASET A-Z/Q/149.jpg
Q,16,150,DTASET A-Z/Q/150.jpg
Q,16,151,DTASET A-Z/Q/151.jpg
Q,16,152,DTASET A-Z/Q/152.jpg
Q,16,153,DTASET A-Z/Q/153.jpg
Q,16,154,DTASET A-Z/Q/154.jpg
Q,16,155,DTASET A-Z/Q/155.jpg
Q,16,156,DTASET A-Z/Q/156.jpg
Q,16,157,DTASET A-Z/Q/157.jpg
Q,16,158,DTASET A-Z/Q/158.jpg
Q,16,159,DTASET A-Z/Q/159.jpg
Q,16,160,DTASET A-Z/Q/160.jpg
Q,16,161,DTASET A-Z/Q/161.jpg
Q,16,162,DTASET A-Z/Q/162.jpg
Q,16,163,DTASET A-Z/Q/163.jpg
Q,16,164,DTASET A-Z/Q/164.jpg
Q,16,165,DTASET A-Z/Q/165.jpg
Q,16,166,DTASET A-Z/Q/166.jpg
Q,16,167,DTASET A-Z/Q/167.jpg
Q,16,168,DTASET A-Z/Q/168.jpg
Q,16,169,DTASET A-Z/Q/169.jpg
Q,16,170,DTASET A-Z/Q/170.jpg
Q,16,171,DTASET A-Z/Q/171.jpg
Q,16,172,DTASET A-Z/Q/172.jpg
Q,16,173,DTASET A-Z/Q/173.jpg
Q,16,174,DTASET A-Z/Q/174.jpg
Q,16,175,DTASET A-Z/Q/175.jpg
Q,16,176,DTASET A-Z/Q/176.jpg
Q,16,177,DTASET A-Z/Q/177.jpg
Q,16,178,DTASET A-Z/Q/178.jpg
Q,16,179,DTASET A-Z/Q/179.jpg
Q,16,180,DTASET A-Z/Q/180.jpg
Q,16,181,DTASET A-Z/Q/181.jpg
Q,16,182,DTASET A-Z/Q/182.jpg
Q,16,183,DTASET A-Z/Q/183.jpg
Q,16,184,DTASET A-Z/Q/184.jpg
Q,16,185,DTASET A-Z/Q/185.jpg
Q,16,186,DTASET A-Z/Q/186.jpg
Q,16,187,DTASET A-Z/Q/187.jpg
Q,16,188,DTASET A-Z/Q/188.jpg
Q,16,189,DTASET A-Z/Q/189.jpg
Q,16,190,DTASET A-Z/Q/190.jpg
Q,16,191,DTASET A-Z/Q/191.jpg
Q,16,192,DTASET A-Z/Q/192.jpg
Q,16,193,DTASET A-Z/Q/193.jpg
Q,16,194,DTASET A-Z/Q/194.jpg
Q,16,195,DTASET A-Z/Q/195.jpg
Q,16,196,DTASET A-Z/Q/196.jpg
Q,16,197,DTASET A-Z/Q/197.jpg
Q,16,198,DTASET A-Z/Q/198.jpg
Q,16,199,DTASET A-Z/Q/199.jpg
Q,16,200,DTASET A-Z/Q/200.jpg
Q,16,201,DTASET A-Z/Q/201.jpg
Q,16,202,DTASET A-Z/Q/202.jpg
Q,16,203,DTASET A-Z/Q/203.jpg
Q,16,204,DTASET A-Z/Q/204.jpg
Q,16,205,DTASET A-Z/Q/205.jpg
Q,16,206,DTASET A-Z/Q/206.jpg
Q,16,207,DTASET A-Z/Q/207.jpg
Q,16,208,DTASET A-Z/Q/208.jpg
Q,16,209,DTASET A-Z/Q/209.jpg
Q,16,210,DTASET A-Z/Q/210.jpg
Q,16,211,DTASET A-Z/Q/211.jpg
Q,16,212,DTASET A-Z/Q/212.jpg
Q,16,213,DTASET A-Z/Q/213.jpg
Q,16,214,DTASET A-Z/Q/214.jpg
Q,16,215,DTASET A-Z/Q/215.jpg
Q,16,216,DTASET A-Z/Q/216.jpg
Q,16,217,DTASET A-Z/Q/217.jpg
Q,16,218,DTASET A-Z/Q/218.jpg
Q,16,219,DTASET A-Z/Q/219.jpg
Q,16,220,DTASET A-Z/Q/220.jpg
Q,16,221,DTASET A-Z/Q/221.jpg
Q,16,222,DTASET A-Z/Q/222.jpg
Q,16,223,DTASET A-Z/Q/223.jpg
Q,16,224,DTASET A-Z/Q/224.jpg
Q,16,225,DTASET A-Z/Q/225.jpg
Q,16,226,DTASET A-Z/Q/226.jpg
Q,16,227,DTASET A-Z/Q/227.jpg
Q,16,228,DTASET A-Z/Q/228.jpg
Q,16,229,DTASET A-Z/Q/229.jpg
Q,16,230,DTASET A-Z/Q/230.jpg
Q,16,231,DTASET A-Z/Q/231.jpg
Q,16,232,DTASET A-Z/Q/232.jpg
Q,16,233,DTASET A-Z/Q/233.jpg
Q,16,234,DTASET A-Z/Q/234.jpg
Q,16,235,DTASET A-Z/Q/235.jpg
Q,16,236,DTASET A-Z/Q/236.jpg
Q,16,237,DTASET A-Z/Q/237.jpg
Q,16,238,DTASET A-Z/Q/238.jpg
Q,16,239,DTASET A-Z/Q/239.jpg
Q,16,240,DTASET A-Z/Q/240.jpg
Q,16,241,DTASET A-Z/Q/241.jpg
Q,16,242,DTASET A-Z/Q/242.jpg
Q,16,243,DTASET A-Z/Q/243.jpg
Q,16,244,DTASET A-Z/Q/244.jpg
Q,16,245,DTASET A-Z/Q/245.jpg
Q,16,246,DTASET A-Z/Q/246.jpg
Q,16,247,DTASET A-Z/Q/247.jpg
Q,16,248,DTASET A-Z/Q/248.jpg
Q,16,249,DTASET A-Z/Q/249.jpg
Q,16,250,DTASET A-Z/Q/250.jpg
Q,16,251,DTASET A-Z/Q/251.jpg
Q,16,252,DTASET A-Z/Q/252.jpg
Q,16,253,DTASET A-Z/Q/253.jpg
Q,16,254,DTASET A-Z/Q/254.jpg
Q,16,255,DTASET A-Z/Q/255.jpg
Q,16,256,DTASET A-Z/Q/256.jpg
Q,16,257,DTASET A-Z/Q/257.jpg
Q,16,258,DTASET A-Z/Q/258.jpg
Q,16,259,DTASET A-Z/Q/259.jpg
Q,16,260,DTASET A-Z/Q/260.jpg
Q,16,261,DTASET A-Z/Q/261.jpg
Q,16,262,DTASET A-Z/Q/262.jpg
Q,16,263,DTASET A-Z/Q/263.jpg
Q,16,264,DTASET A-Z/Q/264.jpg
Q,16,265,DTASET A-Z/Q/265.jpg
Q,16,266,DTASET A-Z/Q/266.jpg
Q,16,267,DTASET A-Z/Q/267.jpg
Q,16,268,DTASET A-Z/Q/268.jpg
Q,16,269,DTASET A-Z/Q/269.jpg
Q,16,270,DTASET A-Z/Q/270.jpg
Q,16,271,DTASET A-Z/Q/271.jpg
Q,16,272,DTASET A-Z/Q/272.jpg
Q,16,273,DTASET A-Z/Q/273.jpg
Q,16,274,DTASET A-Z/Q/274.jpg
Q,16,275,DTASET A-Z/Q/275.jpg
Q,16,276,DTASET A-Z/Q/276.jpg
Q,16,277,DTASET A-Z/Q/277.jpg
Q,16,278,DTASET A-Z/Q/278.jpg
Q,16,279,DTASET A-Z/Q/279.jpg
Q,16,280,DTASET A-Z/Q/280.jpg
Q,16,281,DTASET A-Z/Q/281.jpg
Q,16,282,DTASET A-Z/Q/282.jpg
Q,16,283,DTASET A-Z/Q/283.jpg
Q,16,284,DTASET A-Z/Q/284.jpg
Q,16,285,DTASET A-Z/Q/285.jpg
Q,16,286,DTASET A-Z/Q/286.jpg
Q,16,287,DTASET A-Z/Q/287.jpg
Q,16,288,DTASET A-Z/Q/288.jpg
Q,16,289,DTASET A-Z/Q/289.jpg
Q,16,290,DTASET A-Z/Q/290.jpg
Q,16,291,DTASET A-Z/Q/291.jpg
Q,16,292,DTASET A-Z/Q/292.jpg
Q,16,293,DTASET A-Z/Q/293.jpg
Q,16,294,DTASET A-Z/Q/294.jpg
Q,16,295,DTASET A-Z/Q/295.jpg
Q,16,296,DTASET A-Z/Q/296.jpg
Q,16,297,DTASET A-Z/Q/297.jpg
Q,16,298,DTASET A-Z/Q/298.jpg
Q,16,299,DTASET A-Z/Q/299.jpg
Q,16,300,DTASET A-Z/Q/300.jpg
Q,16,301,DTASET A-Z/Q/301.jpg
Q,16,302,DTASET A-Z/Q/302.jpg
Q,16,303,DTASET A-Z/Q/303.jpg
Q,16,304,DTASET A-Z/Q/304.jpg
Q,16,305,DTASET A-Z/Q/305.jpg
Q,16,306,DTASET A-Z/Q/306.jpg
Q,16,307,DTASET A-Z/Q/307.jpg
Q,16,308,DTASET A-Z/Q/308.jpg
Q,16,309,DTASET A-Z/Q/309.jpg
Q,16,310,DTASET A-Z/Q/310.jpg
Q,16,311,DTASET A-Z/Q/311.jpg
Q,16,312,DTASET A-Z/Q/312.jpg
Q,16,313,DTASET A-Z/Q/313.jpg
Q,16,314,DTASET A-Z/Q/314.jpg
Q,16,315,DTASET A-Z/Q/315.jpg
Q,16,316,DTASET A-Z/Q/316.jpg
Q,16,317,DTASET A-Z/Q/317.jpg
Q,16,318,DTASET A-Z/Q/318.jpg
Q,16,319,DTASET A-Z/Q/319.jpg
Q,16,320,DTASET A-Z/Q/320.jpg
Q,16,321,DTASET A-Z/Q/321.jpg
Q,16,322,DTASET A-Z/Q/322.jpg
Q,16,323,DTASET A-Z/Q/323.jpg
Q,16,324,DTASET A-Z/Q/324.jpg
Q,16,325,DTASET A-Z/Q/325.jpg
Q,16,326,DTASET A-Z/Q/326.jpg
Q,16,327,DTASET A-Z/Q/327.jpg
Q,16,328,DTASET A-Z/Q/328.jpg
Q,16,329,DTASET A-Z/Q/329.jpg
Q,16,330,DTASET A-Z/Q/330.jpg
Q,16,331,DTASET A-Z/Q/331.jpg
Q,16,332,DTASET A-Z/Q/332.jpg
Q,16,333,DTASET A-Z/Q/333.jpg
Q,16,334,DTASET A-Z/Q/334.jpg
Q,16,335,DTASET A-Z/Q/335.jpg
Q,16,336,DTASET A-Z/Q/336.jpg
Q,16,337,DTASET A-Z/Q/337.jpg
Q,16,338,DTASET A-Z/Q/338.jpg
Q,16,339,DTASET A-Z/Q/339.jpg
Q,16,340,DTASET A-Z/Q/340.jpg
Q,16,341,DTASET A-Z/Q/341.jpg
Q,16,342,DTASET A-Z/Q/342.jpg
Q,16,343,DTASET A-Z/Q/343.jpg
Q,16,344,DTASET A-Z/Q/344.jpg
Q,16,345,DTASET A-Z/Q/345.jpg
Q,16,346,DTASET A-Z/Q/346.jpg
Q,16,347,DTASET A-Z/Q/347.jpg
Q,16,348,DTASET A-Z/Q/348.jpg
Q,16,349,DTASET A-Z/Q/349.jpg
Q,16,350,DTASET A-Z/Q/350.jpg
Q,16,351,DTASET A-Z/Q/351.jpg
Q,16,352,DTASET A-Z/Q/352.jpg
Q,16,353,DTASET A-Z/Q/353.jpg
Q,16,354,DTASET A-Z/Q/354.jpg
Q,16,355,DTASET A-Z/Q/355.jpg
Q,16,356,DTASET A-Z/Q/356.jpg
Q,16,357,DTASET A-Z/Q/357.jpg
Q,16,358,DTASET A-Z/Q/358.jpg
Q,16,359,DTASET A-Z/Q/359.jpg
Q,16,360,DTASET A-Z/Q/360.jpg
Q,16,361,DTASET A-Z/Q/361.jpg
Q,16,362,DTASET A-Z/Q/362.jpg
Q,16,363,DTASET A-Z/Q/363.jpg
Q,16,364,DTASET A-Z/Q/364.jpg
Q,16,365,DTASET A-Z/Q/365.jpg
Q,16,366,DTASET A-Z/Q/366.jpg
Q,16,367,DTASET A-Z/Q/367.jpg
Q,16,368,DTASET A-Z/Q/368.jpg
Q,16,369,DTASET A-Z/Q/369.jpg
Q,16,370,DTASET A-Z/Q/370.jpg
Q,16,371,DTASET A-Z/Q/371.jpg
Q,16,372,DTASET A-Z/Q/372.jpg
Q,16,373,DTASET A-Z/Q/373.jpg
Q,16,374,DTASET A-Z/Q/374.jpg
Q,16,375,DTASET A-Z/Q/375.jpg
Q,16,376,DTASET A-Z/Q/376.jpg
Q,16,377,DTASET A-Z/Q/377.jpg
Q,16,378,DTASET A-Z/Q/378.jpg
Q,16,379,DTASET A-Z/Q/379.jpg
Q,16,380,DTASET A-Z/Q/380.jpg
Q,16,381,DTASET A-Z/Q/381.jpg
Q,16,382,DTASET A-Z/Q/382.jpg
Q,16,383,DTASET A-Z/Q/383.jpg
Q,16,384,DTASET A-Z/Q/384.jpg
Q,16,385,DTASET A-Z/Q/385.jpg
Q,16,386,DTASET A-Z/Q/386.jpg
Q,16,387,DTASET A-Z/Q/387.jpg
Q,16,388,DTASET A-Z/Q/388.jpg
Q,16,389,DTASET A-Z/Q/389.jpg
Q,16,390,DTASET A-Z/Q/390.jpg
Q,16,391,DTASET A-Z/Q/391.jpg
Q,16,392,DTASET A-Z/Q/392.jpg
Q,16,393,DTASET A-Z/Q/393.jpg
Q,16,394,DTASET A-Z/Q/394.jpg
Q,16,395,DTASET A-Z/Q/395.jpg
Q,16,396,DTASET A-Z/Q/396.jpg
Q,16,397,DTASET A-Z/Q/397.jpg
Q,16,398,DTASET A-Z/Q/398.jpg
Q,16,399,DTASET A-Z/Q/399.jpg
Q,16,400,DTASET A-Z/Q/400.jpg
Q,16,401,DTASET A-Z/Q/401.jpg
Q,16,402,DTASET A-Z/Q/402.jpg
Q,16,403,DTASET A-Z/Q/403.jpg
Q,16,404,DTASET A-Z/Q/404.jpg
Q,16,405,DTASET A-Z/Q/405.jpg
Q,16,406,DTASET A-Z/Q/406.jpg
Q,16,407,DTASET A-Z/Q/407.jpg
Q,16,408,DTASET A-Z/Q/408.jpg
Q,16,409,DTASET A-Z/Q/409.jpg
Q,16,410,DTASET A-Z/Q/410.jpg
Q,16,411,DTASET A-Z/Q/411.jpg
Q,16,412,DTASET A-Z/Q/412.jpg
Q,16,413,DTASET A-Z/Q/413.jpg
Q,16,414,DTASET A-Z/Q/414.jpg
Q,16,415,DTASET A-Z/Q/415.jpg
Q,16,416,DTASET A-Z/Q/416.jpg
Q,16,417,DTASET A-Z/Q/417.jpg
Q,16,418,DTASET A-Z/Q/418.jpg
Q,16,419,DTASET A-Z/Q/419.jpg
Q,16,420,DTASET A-Z/Q/420.jpg
Q,16,421,DTASET A-Z/Q/421.jpg
Q,16,422,DTASET A-Z/Q/422.jpg
Q,16,423,DTASET A-Z/Q/423.jpg
Q,16,424,DTASET A-Z/Q/424.jpg
Q,16,425,DTASET A-Z/Q/425.jpg
Q,16,426,DTASET A-Z/Q/426.jpg
Q,16,427,DTASET A-Z/Q/427.jpg
Q,16,428,DTASET A-Z/Q/428.jpg
Q,16,429,DTASET A-Z/Q/429.jpg
Q,16,430,DTASET A-Z/Q/430.jpg
Q,16,431,DTASET A-Z/Q/431.jpg
Q,16,432,DTASET A-Z/Q/432.jpg
Q,16,433,DTASET A-Z/Q/433.jpg
Q,16,434,DTASET A-Z/Q/434.jpg
Q,16,435,DTASET A-Z/Q/435.jpg
Q,16,436,DTASET A-Z/Q/436.jpg
Q,16,437,DTASET A-Z/Q/437.jpg
Q,16,438,DTASET A-Z/Q/438.jpg
Q,16,439,DTASET A-Z/Q/439.jpg
Q,16,440,DTASET A-Z/Q/440.jpg
Q,16,441,DTASET A-Z/Q/441.jpg
Q,16,442,DTASET A-Z/Q/442.jpg
Q,16,443,DTASET A-Z/Q/443.jpg
Q,16,444,DTASET A-Z/Q/444.jpg
Q,16,445,DTASET A-Z/Q/445.jpg
Q,16,446,DTASET A-Z/Q/446.jpg
Q,16,447,DTASET A-Z/Q/447.jpg
Q,16,448,DTASET A-Z/Q/448.jpg
Q,16,449,DTASET A-Z/Q/449.jpg
Q,16,450,DTASET A-Z/Q/450.jpg
Q,16,451,DTASET A-Z/Q/451.jpg
Q,16,452,DTASET A-Z/Q/452.jpg
Q,16,453,DTASET A-Z/Q/453.jpg
Q,16,454,DTASET A-Z/Q/454.jpg
Q,16,455,DTASET A-Z/Q/455.jpg
Q,16,456,DTASET A-Z/Q/456.jpg
Q,16,457,DTASET A-Z/Q/457.jpg
Q,16,458,DTASET A-Z/Q/458.jpg
Q,16,459,DTASET A-Z/Q/459.jpg
Q,16,460,DTASET A-Z/Q/460.jpg
Q,16,461,DTASET A-Z/Q/461.jpg
Q,16,462,DTASET A-Z/Q/462.jpg
Q,16,463,DTASET A-Z/Q/463.jpg
Q,16,464,DTASET A-Z/Q/464.jpg
Q,16,465,DTASET A-Z/Q/465.jpg
Q,16,466,DTASET A-Z/Q/466.jpg
Q,16,467,DTASET A-Z/Q/467.jpg
Q,16,468,DTASET A-Z/Q/468.jpg
Q,16,469,DTASET A-Z/Q/469.jpg
Q,16,470,DTASET A-Z/Q/470.jpg
Q,16,471,DTASET A-Z/Q/471.jpg
Q,16,472,DTASET A-Z/Q/472.jpg
Q,16,473,DTASET A-Z/Q/473.jpg
Q,16,474,DTASET A-Z/Q/474.jpg
Q,16,475,DTASET A-Z/Q/475.jpg
Q,16,476,DTASET A-Z/Q/476.jpg
Q,16,477,DTASET A-Z/Q/477.jpg
Q,16,478,DTASET A-Z/Q/478.jpg
Q,16,479,DTASET A-Z/Q/479.jpg
Q,16,480,DTASET A-Z/Q/480.jpg
Q,16,481,DTASET A-Z/Q/481.jpg
Q,16,482,DTASET A-Z/Q/482.jpg
Q,16,483,DTASET A-Z/Q/483.jpg
Q,16,484,DTASET A-Z/Q/484.jpg
Q,16,485,DTASET A-Z/Q/485.jpg
Q,16,486,DTASET A-Z/Q/486.jpg
Q,16,487,DTASET A-Z/Q/487.jpg
Q,16,488,DTASET A-Z/Q/488.jpg
Q,16,489,DTASET A-Z/Q/489.jpg
Q,16,490,DTASET A-Z/Q/490.jpg
Q,16,491,DTASET A-Z/Q/491.jpg
Q,16,492,DTASET A-Z/Q/492.jpg
Q,16,493,DTASET A-Z/Q/493.jpg
Q,16,494,DTASET A-Z/Q/494.jpg
Q,16,495,DTASET A-Z/Q/495.jpg
Q,16,496,DTASET A-Z/Q/496.jpg
Q,16,497,DTASET A-Z/Q/497.jpg
Q,16,498,DTASET A-Z/Q/498.jpg
Q,16,499,DTASET A-Z/Q/499.jpg
Q,16,500,DTASET A-Z/Q/500.jpg
Q,16,501,DTASET A-Z/Q/501.jpg
Q,16,502,DTASET A-Z/Q/502.jpg
Q,16,503,DTASET A-Z/Q/503.jpg
Q,16,504,DTASET A-Z/Q/504.jpg
Q,16,505,DTASET A-Z/Q/505.jpg
Q,16,506,DTASET A-Z/Q/506.jpg
Q,16,507,DTASET A-Z/Q/507.jpg
Q,16,508,DTASET A-Z/Q/508.jpg
Q,16,509,DTASET A-Z/Q/509.jpg
Q,16,510,DTASET A-Z/Q/510.jpg
Q,16,511,DTASET A-Z/Q/511.jpg
Q,16,512,DTASET A-Z/Q/512.jpg
Q,16,513,DTASET A-Z/Q/513.jpg
Q,16,514,DTASET A-Z/Q/514.jpg
Q,16,515,DTASET A-Z/Q/515.jpg
Q,16,516,DTASET A-Z/Q/516.jpg
Q,16,517,DTASET A-Z/Q/517.jpg
Q,16,518,DTASET A-Z/Q/518.jpg
Q,16,519,DTASET A-Z/Q/519.jpg
Q,16,520,DTASET A-Z/Q/520.jpg
Q,16,521,DTASET A-Z/Q/521.jpg
Q,16,522,DTASET A-Z/Q/522.jpg
Q,16,523,DTASET A-Z/Q/523.jpg
Q,16,524,DTASET A-Z/Q/524.jpg
Q,16,525,DTASET A-Z/Q/525.jpg
Q,16,526,DTASET A-Z/Q/526.jpg
Q,16,527,DTASET A-Z/Q/527.jpg
Q,16,528,DTASET A-Z/Q/528.jpg
Q,16,529,DTASET A-Z/Q/529.jpg
Q,16,530,DTASET A-Z/Q/530.jpg
Q,16,531,DTASET A-Z/Q/531.jpg
Q,16,532,DTASET A-Z/Q/532.jpg
Q,16,533,DTASET A-Z/Q/533.jpg
Q,16,534,DTASET A-Z/Q/534.jpg
Q,16,535,DTASET A-Z/Q/535.jpg
Q,16,536,DTASET A-Z/Q/536.jpg
Q,16,537,DTASET A-Z/Q/537.jpg
Q,16,538,DTASET A-Z/Q/538.jpg
Q,16,539,DTASET A-Z/Q/539.jpg
Q,16,540,DTASET A-Z/Q/540.jpg
Q,16,541,DTASET A-Z/Q/541.jpg
Q,16,542,DTASET A-Z/Q/542.jpg
Q,16,543,DTASET A-Z/Q/543.jpg
Q,16,544,DTASET A-Z/Q/544.jpg
Q,16,545,DTASET A-Z/Q/545.jpg
Q,16,546,DTASET A-Z/Q/546.jpg
Q,16,547,DTASET A-Z/Q/547.jpg
Q,16,548,DTASET A-Z/Q/548.jpg
Q,16,549,DTASET A-Z/Q/549.jpg
Q,16,550,DTASET A-Z/Q/550.jpg
Q,16,551,DTASET A-Z/Q/551.jpg
Q,16,552,DTASET A-Z/Q/552.jpg
Q,16,553,DTASET A-Z/Q/553.jpg
Q,16,554,DTASET A-Z/Q/554.jpg
Q,16,555,DTASET A-Z/Q/555.jpg
Q,16,556,DTASET A-Z/Q/556.jpg
Q,16,557,DTASET A-Z/Q/557.jpg
Q,16,558,DTASET A-Z/Q/558.jpg
Q,16,559,DTASET A-Z/Q/559.jpg
Q,16,560,DTASET A-Z/Q/560.jpg
Q,16,561,DTASET A-Z/Q/561.jpg
Q,16,562,DTASET A-Z/Q/562.jpg
Q,16,563,DTASET A-Z/Q/563.jpg
Q,16,564,DTASET A-Z/Q/564.jpg
Q,16,565,DTASET A-Z/Q/565.jpg
Q,16,566,DTASET A-Z/Q/566.jpg
Q,16,567,DTASET A-Z/Q/567.jpg
Q,16,568,DTASET A-Z/Q/568.jpg
Q,16,569,DTASET A-Z/Q/569.jpg
Q,16,570,DTASET A-Z/Q/570.jpg
Q,16,571,DTASET A-Z/Q/571.jpg
Q,16,572,DTASET A-Z/Q/572.jpg
Q,16,573,DTASET A-Z/Q/573.jpg
Q,16,574,DTASET A-Z/Q/574.jpg
Q,16,575,DTASET A-Z/Q/575.jpg
Q,16,576,DTASET A-Z/Q/576.jpg
Q,16,577,DTASET A-Z/Q/577.jpg
Q,16,578,DTASET A-Z/Q/578.jpg
Q,16,579,DTASET A-Z/Q/579.jpg
Q,16,580,DTASET A-Z/Q/580.jpg
Q,16,581,DTASET A-Z/Q/581.jpg
Q,16,582,DTASET A-Z/Q/582.jpg
Q,16,583,DTASET A-Z/Q/583.jpg
Q,16,584,DTASET A-Z/Q/584.jpg
Q,16,585,DTASET A-Z/Q/585.jpg
Q,16,586,DTASET A-Z/Q/586.jpg
Q,16,587,DTASET A-Z/Q/587.jpg
Q,16,588,DTASET A-Z/Q/588.jpg
Q,16,589,DTASET A-Z/Q/589.jpg
Q,16,590,DTASET A-Z/Q/590.jpg
Q,16,591,DTASET A-Z/Q/591.jpg
Q,16,592,DTASET A-Z/Q/592.jpg
Q,16,593,DTASET A-Z/Q/593.jpg
Q,16,594,DTASET A-Z/Q/594.jpg
Q,16,595,DTASET A-Z/Q/595.jpg
Q,16,596,DTASET A-Z/Q/596.jpg
Q,16,597,DTASET A-Z/Q/597.jpg
Q,16,598,DTASET A-Z/Q/598.jpg
Q,16,599,DTASET A-Z/Q/599.jpg
Q,16,600,DTASET A-Z/Q/600.jpg
Q,16,601,DTASET A-Z/Q/601.jpg
Q,16,602,DTASET A-Z/Q/602.jpg
Q,16,603,DTASET A-Z/Q/603.jpg
Q,16,604,DTASET A-Z/Q/604.jpg
Q,16,605,DTASET A-Z/Q/605.jpg
Q,16,606,DTASET A-Z/Q/606.jpg
Q,16,607,DTASET A-Z/Q/607.jpg
Q,16,608,DTASET A-Z/Q/608.jpg
Q,16,609,DTASET A-Z/Q/609.jpg
Q,16,610,DTASET A-Z/Q/610.jpg
Q,16,611,DTASET A-Z/Q/611.jpg
Q,16,612,DTASET A-Z/Q/612.jpg
Q,16,613,DTASET A-Z/Q/613.jpg
Q,16,614,DTASET A-Z/Q/614.jpg
Q,16,615,DTASET A-Z/Q/615.jpg
Q,16,616,DTASET A-Z/Q/616.jpg
Q,16,617,DTASET A-Z/Q/617.jpg
Q,16,618,DTASET A-Z/Q/618.jpg
Q,16,619,DTASET A-Z/Q/619.jpg
Q,16,620,DTASET A-Z/Q/620.jpg
Q,16,621,DTASET A-Z/Q/621.jpg
Q,16,622,DTASET A-Z/Q/622.jpg
Q,16,623,DTASET A-Z/Q/623.jpg
Q,16,624,DTASET A-Z/Q/624.jpg
Q,16,625,DTASET A-Z/Q/625.jpg
Q,16,626,DTASET A-Z/Q/626.jpg
Q,16,627,DTASET A-Z/Q/627.jpg
Q,16,628,DTASET A-Z/Q/628.jpg
Q,16,629,DTASET A-Z/Q/629.jpg
Q,16,630,DTASET A-Z/Q/630.jpg
Q,16,631,DTASET A-Z/Q/631.jpg
Q,16,632,DTASET A-Z/Q/632.jpg
Q,16,633,DTASET A-Z/Q/633.jpg
Q,16,634,DTASET A-Z/Q/634.jpg
Q,16,635,DTASET A-Z/Q/635.jpg
Q,16,636,DTASET A-Z/Q/636.jpg
Q,16,637,DTASET A-Z/Q/637.jpg
Q,16,638,DTASET A-Z/Q/638.jpg
Q,16,639,DTASET A-Z/Q/639.jpg
Q,16,640,DTASET A-Z/Q/640.jpg
Q,16,641,DTASET A-Z/Q/641.jpg
Q,16,642,DTASET A-Z/Q/642.jpg
Q,16,643,DTASET A-Z/Q/643.jpg
Q,16,644,DTASET A-Z/Q/644.jpg
Q,16,645,DTASET A-Z/Q/645.jpg
Q,16,646,DTASET A-Z/Q/646.jpg
Q,16,647,DTASET A-Z/Q/647.jpg
Q,16,648,DTASET A-Z/Q/648.jpg
Q,16,649,DTASET A-Z/Q/649.jpg
Q,16,650,DTASET A-Z/Q/650.jpg
Q,16,651,DTASET A-Z/Q/651.jpg
Q,16,652,DTASET A-Z/Q/652.jpg
Q,16,653,DTASET A-Z/Q/653.jpg
Q,16,654,DTASET A-Z/Q/654.jpg
Q,16,655,DTASET A-Z/Q/655.jpg
Q,16,656,DTASET A-Z/Q/656.jpg
Q,16,657,DTASET A-Z/Q/657.jpg
Q,16,658,DTASET A-Z/Q/658.jpg
Q,16,659,DTASET A-Z/Q/659.jpg
Q,16,660,DTASET A-Z/Q/660.jpg
Q,16,661,DTASET A-Z/Q/661.jpg
Q,16,662,DTASET A-Z/Q/662.jpg
Q,16,663,DTASET A-Z/Q/663.jpg
Q,16,664,DTASET A-Z/Q/664.jpg
Q,16,665,DTASET A-Z/Q/665.jpg
Q,16,666,DTASET A-Z/Q/666.jpg
Q,16,667,DTASET A-Z/Q/667.jpg
Q,16,668,DTASET A-Z/Q/668.jpg
Q,16,669,DTASET A-Z/Q/669.jpg
Q,16,670,DTASET A-Z/Q/670.jpg
Q,16,671,DTASET A-Z/Q/671.jpg
Q,16,672,DTASET A-Z/Q/672.jpg
Q,16,673,DTASET A-Z/Q/673.jpg
Q,16,674,DTASET A-Z/Q/674.jpg
Q,16,675,DTASET A-Z/Q/675.jpg
Q,16,676,DTASET A-Z/Q/676.jpg
Q,16,677,DTASET A-Z/Q/677.jpg
Q,16,678,DTASET A-Z/Q/678.jpg
Q,16,679,DTASET A-Z/Q/679.jpg
Q,16,680,DTASET A-Z/Q/680.jpg
Q,16,681,DTASET A-Z/Q/681.jpg
Q,16,682,DTASET A-Z/Q/682.jpg
Q,16,683,DTASET A-Z/Q/683.jpg
Q,16,684,DTASET A-Z/Q/684.jpg
Q,16,685,DTASET A-Z/Q/685.jpg
Q,16,686,DTASET A-Z/Q/686.jpg
Q,16,687,DTASET A-Z/Q/687.jpg
Q,16,688,DTASET A-Z/Q/688.jpg
Q,16,689,DTASET A-Z/Q/689.jpg
Q,16,690,DTASET A-Z/Q/690.jpg
Q,16,691,DTASET A-Z/Q/691.jpg
Q,16,692,DTASET A-Z/Q/692.jpg
Q,16,693,DTASET A-Z/Q/693.jpg
Q,16,694,DTASET A-Z/Q/694.jpg
Q,16,695,DTASET A-Z/Q/695.jpg
Q,16,696,DTASET A-Z/Q/696.jpg
Q,16,697,DTASET A-Z/Q/697.jpg
Q,16,698,DTASET A-Z/Q/698.jpg
Q,16,699,DTASET A-Z/Q/699.jpg
Q,16,700,DTASET A-Z/Q/700.jpg
Q,16,701,DTASET A-Z/Q/701.jpg
Q,16,702,DTASET A-Z/Q/702.jpg
Q,16,703,DTASET A-Z/Q/703.jpg
Q,16,704,DTASET A-Z/Q/704.jpg
Q,16,705,DTASET A-Z/Q/705.jpg
Q,16,706,DTASET A-Z/Q/706.jpg
Q,16,707,DTASET A-Z/Q/707.jpg
Q,16,708,DTASET A-Z/Q/708.jpg
Q,16,709,DTASET A-Z/Q/709.jpg
Q,16,710,DTASET A-Z/Q/710.jpg
Q,16,711,DTASET A-Z/Q/711.jpg
Q,16,712,DTASET A-Z/Q/712.jpg
Q,16,713,DTASET A-Z/Q/713.jpg
Q,16,714,DTASET A-Z/Q/714.jpg
Q,16,715,DTASET A-Z/Q/715.jpg
Q,16,716,DTASET A-Z/Q/716.jpg
Q,16,717,DTASET A-Z/Q/717.jpg
Q,16,718,DTASET A-Z/Q/718.jpg
Q,16,719,DTASET A-Z/Q/719.jpg
Q,16,720,DTASET A-Z/Q/720.jpg
Q,16,721,DTASET A-Z/Q/721.jpg
Q,16,722,DTASET A-Z/Q/722.jpg
Q,16,723,DTASET A-Z/Q/723.jpg
Q,16,724,DTASET A-Z/Q/724.jpg
Q,16,725,DTASET A-Z/Q/725.jpg
Q,16,726,DTASET A-Z/Q/726.jpg
Q,16,727,DTASET A-Z/Q/727.jpg
Q,16,728,DTASET A-Z/Q/728.jpg
Q,16,729,DTASET A-Z/Q/729.jpg
Q,16,730,DTASET A-Z/Q/730.jpg
Q,16,731,DTASET A-Z/Q/731.jpg
Q,16,732,DTASET A-Z/Q/732.jpg
Q,16,733,DTASET A-Z/Q/733.jpg
Q,16,734,DTASET A-Z/Q/734.jpg
Q,16,735,DTASET A-Z/Q/735.jpg
Q,16,736,DTASET A-Z/Q/736.jpg
Q,16,737,DTASET A-Z/Q/737.jpg
Q,16,738,DTASET A-Z/Q/738.jpg
Q,16,739,DTASET A-Z/Q/739.jpg
Q,16,740,DTASET A-Z/Q/740.jpg
Q,16,741,DTASET A-Z/Q/741.jpg
Q,16,742,DTASET A-Z/Q/742.jpg
Q,16,743,DTASET A-Z/Q/743.jpg
Q,16,744,DTASET A-Z/Q/744.jpg
Q,16,745,DTASET A-Z/Q/745.jpg
Q,16,746,DTASET A-Z/Q/746.jpg
Q,16,747,DTASET A-Z/Q/747.jpg
Q,16,748,DTASET A-Z/Q/748.jpg
Q,16,749,DTASET A-Z/Q/749.jpg
Q,16,750,DTASET A-Z/Q/750.jpg
Q,16,751,DTASET A-Z/Q/751.jpg
Q,16,752,DTASET A-Z/Q/752.jpg
Q,16,753,DTASET A-Z/Q/753.jpg
Q,16,754,DTASET A-Z/Q/754.jpg
Q,16,755,DTASET A-Z/Q/755.jpg
Q,16,756,DTASET A-Z/Q/756.jpg
Q,16,757,DTASET A-Z/Q/757.jpg
Q,16,758,DTASET A-Z/Q/758.jpg
Q,16,759,DTASET A-Z/Q/759.jpg
Q,16,760,DTASET A-Z/Q/760.jpg
Q,16,761,DTASET A-Z/Q/761.jpg
Q,16,762,DTASET A-Z/Q/762.jpg
Q,16,763,DTASET A-Z/Q/763.jpg
Q,16,764,DTASET A-Z/Q/764.jpg
Q,16,765,DTASET A-Z/Q/765.jpg
Q,16,766,DTASET A-Z/Q/766.jpg
Q,16,767,DTASET A-Z/Q/767.jpg
Q,16,768,DTASET A-Z/Q/768.jpg
Q,16,769,DTASET A-Z/Q/769.jpg
Q,16,770,DTASET A-Z/Q/770.jpg
Q,16,771,DTASET A-Z/Q/771.jpg
Q,16,772,DTASET A-Z/Q/772.jpg
Q,16,773,DTASET A-Z/Q/773.jpg
Q,16,774,DTASET A-Z/Q/774.jpg
Q,16,775,DTASET A-Z/Q/775.jpg
Q,16,776,DTASET A-Z/Q/776.jpg
Q,16,777,DTASET A-Z/Q/777.jpg
Q,16,778,DTASET A-Z/Q/778.jpg
Q,16,779,DTASET A-Z/Q/779.jpg
Q,16,780,DTASET A-Z/Q/780.jpg
Q,16,781,DTASET A-Z/Q/781.jpg
Q,16,782,DTASET A-Z/Q/782.jpg
Q,16,783,DTASET A-Z/Q/783.jpg
Q,16,784,DTASET A-Z/Q/784.jpg
Q,16,785,DTASET A-Z/Q/785.jpg
Q,16,786,DTASET A-Z/Q/786.jpg
Q,16,787,DTASET A-Z/Q/787.jpg
Q,16,788,DTASET A-Z/Q/788.jpg
Q,16,789,DTASET A-Z/Q/789.jpg
Q,16,790,DTASET A-Z/Q/790.jpg
Q,16,791,DTASET A-Z/Q/791.jpg
Q,16,792,DTASET A-Z/Q/792.jpg
Q,16,793,DTASET A-Z/Q/793.jpg
Q,16,794,DTASET A-Z/Q/794.jpg
Q,16,795,DTASET A-Z/Q/795.jpg
Q,16,796,DTASET A-Z/Q/796.jpg
Q,16,797,DTASET A-Z/Q/797.jpg
Q,16,798,DTASET A-Z/Q/798.jpg
Q,16,799,DTASET A-Z/Q/799.jpg
Q,16,800,DTASET A-Z/Q/800.jpg
Q,16,801,DTASET A-Z/Q/801.jpg
Q,16,802,DTASET A-Z/Q/802.jpg
Q,16,803,DTASET A-Z/Q/803.jpg
Q,16,804,DTASET A-Z/Q/804.jpg
Q,16,805,DTASET A-Z/Q/805.jpg
Q,16,806,DTASET A-Z/Q/806.jpg
Q,16,807,DTASET A-Z/Q/807.jpg
Q,16,808,DTASET A-Z/Q/808.jpg
Q,16,809,DTASET A-Z/Q/809.jpg
Q,16,810,DTASET A-Z/Q/810.jpg
Q,16,811,DTASET A-Z/Q/811.jpg
Q,16,812,DTASET A-Z/Q/812.jpg
Q,16,813,DTASET A-Z/Q/813.jpg
Q,16,814,DTASET A-Z/Q/814.jpg
Q,16,815,DTASET A-Z/Q/815.jpg
Q,16,816,DTASET A-Z/Q/816.jpg
Q,16,817,DTASET A-Z/Q/817.jpg
Q,16,818,DTASET A-Z/Q/818.jpg
Q,16,819,DTASET A-Z/Q/819.jpg
Q,16,820,DTASET A-Z/Q/820.jpg
Q,16,821,DTASET A-Z/Q/821.jpg
Q,16,822,DTASET A-Z/Q/822.jpg
Q,16,823,DTASET A-Z/Q/823.jpg
Q,16,824,DTASET A-Z/Q/824.jpg
Q,16,825,DTASET A-Z/Q/825.jpg
Q,16,826,DTASET A-Z/Q/826.jpg
Q,16,827,DTASET A-Z/Q/827.jpg
Q,16,828,DTASET A-Z/Q/828.jpg
Q,16,829,DTASET A-Z/Q/829.jpg
Q,16,830,DTASET A-Z/Q/830.jpg
Q,16,831,DTASET A-Z/Q/831.jpg
Q,16,832,DTASET A-Z/Q/832.jpg
Q,16,833,DTASET A-Z/Q/833.jpg
Q,16,834,DTASET A-Z/Q/834.jpg
Q,16,835,DTASET A-Z/Q/835.jpg
Q,16,836,DTASET A-Z/Q/836.jpg
Q,16,837,DTASET A-Z/Q/837.jpg
Q,16,838,DTASET A-Z/Q/838.jpg
Q,16,839,DTASET A-Z/Q/839.jpg
Q,16,840,DTASET A-Z/Q/840.jpg
Q,16,841,DTASET A-Z/Q/841.jpg
Q,16,842,DTASET A-Z/Q/842.jpg
Q,16,843,DTASET A-Z/Q/843.jpg
Q,16,844,DTASET A-Z/Q/844.jpg
Q,16,845,DTASET A-Z/Q/845.jpg
Q,16,846,DTASET A-Z/Q/846.jpg
Q,16,847,DTASET A-Z/Q/847.jpg
Q,16,848,DTASET A-Z/Q/848.jpg
Q,16,849,DTASET A-Z/Q/849.jpg
Q,16,850,DTASET A-Z/Q/850.jpg
Q,16,851,DTASET A-Z/Q/851.jpg
Q,16,852,DTASET A-Z/Q/852.jpg
Q,16,853,DTASET A-Z/Q/853.jpg
Q,16,854,DTASET A-Z/Q/854.jpg
Q,16,855,DTASET A-Z/Q/855.jpg
Q,16,856,DTASET A-Z/Q/856.jpg
Q,16,857,DTASET A-Z/Q/857.jpg
Q,16,858,DTASET A-Z/Q/858.jpg
Q,16,859,DTASET A-Z/Q/859.jpg
Q,16,860,DTASET A-Z/Q/860.jpg
Q,16,861,DTASET A-Z/Q/861.jpg
Q,16,862,DTASET A-Z/Q/862.jpg
Q,16,863,DTASET A-Z/Q/863.jpg
Q,16,864,DTASET A-Z/Q/864.jpg
Q,16,865,DTASET A-Z/Q/865.jpg
Q,16,866,DTASET A-Z/Q/866.jpg
Q,16,867,DTASET A-Z/Q/867.jpg
Q,16,868,DTASET A-Z/Q/868.jpg
Q,16,869,DTASET A-Z/Q/869.jpg
Q,16,870,DTASET A-Z/Q/870.jpg
Q,16,871,DTASET A-Z/Q/871.jpg
Q,16,872,DTASET A-Z/Q/872.jpg
Q,16,873,DTASET A-Z/Q/873.jpg
Q,16,874,DTASET A-Z/Q/874.jpg
Q,16,875,DTASET A-Z/Q/875.jpg
Q,16,876,DTASET A-Z/Q/876.jpg
Q,16,877,DTASET A-Z/Q/877.jpg
Q,16,878,DTASET A-Z/Q/878.jpg
Q,16,879,DTASET A-Z/Q/879.jpg
Q,16,880,DTASET A-Z/Q/880.jpg
Q,16,881,DTASET A-Z/Q/881.jpg
Q,16,882,DTASET A-Z/Q/882.jpg
Q,16,883,DTASET A-Z/Q/883.jpg
Q,16,884,DTASET A-Z/Q/884.jpg
Q,16,885,DTASET A-Z/Q/885.jpg
Q,16,886,DTASET A-Z/Q/886.jpg
Q,16,887,DTASET A-Z/Q/887.jpg
Q,16,888,DTASET A-Z/Q/888.jpg
Q,16,889,DTASET A-Z/Q/889.jpg
Q,16,890,DTASET A-Z/Q/890.jpg
Q,16,891,DTASET A-Z/Q/891.jpg
Q,16,892,DTASET A-Z/Q/892.jpg
Q,16,893,DTASET A-Z/Q/893.jpg
Q,16,894,DTASET A-Z/Q/894.jpg
Q,16,895,DTASET A-Z/Q/895.jpg
Q,16,896,DTASET A-Z/Q/896.jpg
Q,16,897,DTASET A-Z/Q/897.jpg
Q,16,898,DTASET A-Z/Q/898.jpg
Q,16,899,DTASET A-Z/Q/899.jpg
Q,16,900,DTASET A-Z/Q/900.jpg
Q,16,901,DTASET A-Z/Q/901.jpg
Q,16,902,DTASET A-Z/Q/902.jpg
Q,16,903,DTASET A-Z/Q/903.jpg
Q,16,904,DTASET A-Z/Q/904.jpg
Q,16,905,DTASET A-Z/Q/905.jpg
Q,16,906,DTASET A-Z/Q/906.jpg
Q,16,907,DTASET A-Z/Q/907.jpg
Q,16,908,DTASET A-Z/Q/908.jpg
Q,16,909,DTASET A-Z/Q/909.jpg
Q,16,910,DTASET A-Z/Q/910.jpg
Q,16,911,DTASET A-Z/Q/911.jpg
Q,16,912,DTASET A-Z/Q/912.jpg
Q,16,913,DTASET A-Z/Q/913.jpg
Q,16,914,DTASET A-Z/Q/914.jpg
Q,16,915,DTASET A-Z/Q/915.jpg
Q,16,916,DTASET A-Z/Q/916.jpg
Q,16,917,DTASET A-Z/Q/917.jpg
Q,16,918,DTASET A-Z/Q/918.jpg
Q,16,919,DTASET A-Z/Q/919.jpg
Q,16,920,DTASET A-Z/Q/920.jpg
Q,16,921,DTASET A-Z/Q/921.jpg
Q,16,922,DTASET A-Z/Q/922.jpg
Q,16,923,DTASET A-Z/Q/923.jpg
Q,16,924,DTASET A-Z/Q/924.jpg
Q,16,925,DTASET A-Z/Q/925.jpg
Q,16,926,DTASET A-Z/Q/926.jpg
Q,16,927,DTASET A-Z/Q/927.jpg
Q,16,928,DTASET A-Z/Q/928.jpg
Q,16,929,DTASET A-Z/Q/929.jpg
Q,16,930,DTASET A-Z/Q/930.jpg
Q,16,931,DTASET A-Z/Q/931.jpg
Q,16,932,DTASET A-Z/Q/932.jpg
Q,16,933,DTASET A-Z/Q/933.jpg
Q,16,934,DTASET A-Z/Q/934.jpg
Q,16,935,DTASET A-Z/Q/935.jpg
Q,16,936,DTASET A-Z/Q/936.jpg
Q,16,937,DTASET A-Z/Q/937.jpg
Q,16,938,DTASET A-Z/Q/938.jpg
Q,16,939,DTASET A-Z/Q/939.jpg
Q,16,940,DTASET A-Z/Q/940.jpg
Q,16,941,DTASET A-Z/Q/941.jpg
Q,16,942,DTASET A-Z/Q/942.jpg
Q,16,943,DTASET A-Z/Q/943.jpg
Q,16,944,DTASET A-Z/Q/944.jpg
Q,16,945,DTASET A-Z/Q/945.jpg
Q,16,946,DTASET A-Z/Q/946.jpg
Q,16,947,DTASET A-Z/Q/947.jpg
Q,16,948,DTASET A-Z/Q/948.jpg
Q,16,949,DTASET A-Z/Q/949.jpg
Q,16,950,DTASET A-Z/Q/950.jpg
Q,16,951,DTASET A-Z/Q/951.jpg
Q,16,952,DTASET A-Z/Q/952.jpg
Q,16,953,DTASET A-Z/Q/953.jpg
Q,16,954,DTASET A-Z/Q/954.jpg
Q,16,955,DTASET A-Z/Q/955.jpg
Q,16,956,DTASET A-Z/Q/956.jpg
Q,16,957,DTASET A-Z/Q/957.jpg
Q,16,958,DTASET A-Z/Q/958.jpg
Q,16,959,DTASET A-Z/Q/959.jpg
Q,16,960,DTASET A-Z/Q/960.jpg
Q,16,961,DTASET A-Z/Q/961.jpg
Q,16,962,DTASET A-Z/Q/962.jpg
Q,16,963,DTASET A-Z/Q/963.jpg
Q,16,964,DTASET A-Z/Q/964.jpg
Q,16,965,DTASET A-Z/Q/965.jpg
Q,16,966,DTASET A-Z/Q/966.jpg
Q,16,967,DTASET A-Z/Q/967.jpg
Q,16,968,DTASET A-Z/Q/968.jpg
Q,16,969,DTASET A-Z/Q/969.jpg
Q,16,970,DTASET A-Z/Q/970.jpg
Q,16,971,DTASET A-Z/Q/971.jpg
Q,16,972,DTASET A-Z/Q/972.jpg
Q,16,973,DTASET A-Z/Q/973.jpg
Q,16,974,DTASET A-Z/Q/974.jpg
Q,16,975,DTASET A-Z/Q/975.jpg
Q,16,976,DTASET A-Z/Q/976.jpg
Q,16,977,DTASET A-Z/Q/977.jpg
Q,16,978,DTASET A-Z/Q/978.jpg
Q,16,979,DTASET A-Z/Q/979.jpg
Q,16,980,DTASET A-Z/Q/980.jpg
Q,16,981,DTASET A-Z/Q/981.jpg
Q,16,982,DTASET A-Z/Q/982.jpg
Q,16,983,DTASET A-Z/Q/983.jpg
Q,16,984,DTASET A-Z/Q/984.jpg
Q,16,985,DTASET A-Z/Q/985.jpg
Q,16,986,DTASET A-Z/Q/986.jpg
Q,16,987,DTASET A-Z/Q/987.jpg
Q,16,988,DTASET A-Z/Q/988.jpg
Q,16,989,DTASET A-Z/Q/989.jpg
Q,16,990,DTASET A-Z/Q/990.jpg
Q,16,991,DTASET A-Z/Q/991.jpg
Q,16,992,DTASET A-Z/Q/992.jpg
Q,16,993,DTASET A-Z/Q/993.jpg
Q,16,994,DTASET A-Z/Q/994.jpg
Q,16,995,DTASET A-Z/Q/995.jpg
Q,16,996,DTASET A-Z/Q/996.jpg
Q,16,997,DTASET A-Z/Q/997.jpg
Q,16,998,DTASET A-Z/Q/998.jpg
Q,16,999,DTASET A-Z/Q/999.jpg
Q,16,1000,DTASET A-Z/Q/1000.jpg
Q,16,1001,DTASET A-Z/Q/1001.jpg
Q,16,1002,DTASET A-Z/Q/1002.jpg
Q,16,1003,DTASET A-Z/Q/1003.jpg
Q,16,1004,DTASET A-Z/Q/1004.jpg
Q,16,1005,DTASET A-Z/Q/1005.jpg
Q,16,1006,DTASET A-Z/Q/1006.jpg
Q,16,1007,DTASET A-Z/Q/1007.jpg
Q,16,1008,DTASET A-Z/Q/1008.jpg
Q,16,1009,DTASET A-Z/Q/1009.jpg
Q,16,1010,DTASET A-Z/Q/1010.jpg
Q,16,1011,DTASET A-Z/Q/1011.jpg
Q,16,1012,DTASET A-Z/Q/1012.jpg
Q,16,1013,DTASET A-Z/Q/1013.jpg
Q,16,1014,DTASET A-Z/Q/1014.jpg
Q,16,1015,DTASET A-Z/Q/1015.jpg
Q,16,1016,DTASET A-Z/Q/1016.jpg
Q,16,1017,DTASET A-Z/Q/1017.jpg
Q,16,1018,DTASET A-Z/Q/1018.jpg
Q,16,1019,DTASET A-Z/Q/1019.jpg
Q,16,1020,DTASET A-Z/Q/1020.jpg
Q,16,1021,DTASET A-Z/Q/1021.jpg
Q,16,1022,DTASET A-Z/Q/1022.jpg
Q,16,1023,DTASET A-Z/Q/1023.jpg
Q,16,1024,DTASET A-Z/Q/1024.jpg
Q,16,1025,DTASET A-Z/Q/1025.jpg
Q,16,1026,DTASET A-Z/Q/1026.jpg
Q,16,1027,DTASET A-Z/Q/1027.jpg
Q,16,1028,DTASET A-Z/Q/1028.jpg
Q,16,1029,DTASET A-Z/Q/1029.jpg
Q,16,1030,DTASET A-Z/Q/1030.jpg
Q,16,1031,DTASET A-Z/Q/1031.jpg
Q,16,1032,DTASET A-Z/Q/1032.jpg
Q,16,1033,DTASET A-Z/Q/1033.jpg
Q,16,1034,DTASET A-Z/Q/1034.jpg
Q,16,1035,DTASET A-Z/Q/1035.jpg
Q,16,1036,DTASET A-Z/Q/1036.jpg
Q,16,1037,DTASET A-Z/Q/1037.jpg
Q,16,1038,DTASET A-Z/Q/1038.jpg
Q,16,1039,DTASET A-Z/Q/1039.jpg
Q,16,1040,DTASET A-Z/Q/1040.jpg
Q,16,1041,DTASET A-Z/Q/1041.jpg
Q,16,1042,DTASET A-Z/Q/1042.jpg
Q,16,1043,DTASET A-Z/Q/1043.jpg
Q,16,1044,DTASET A-Z/Q/1044.jpg
Q,16,1045,DTASET A-Z/Q/1045.jpg
Q,16,1046,DTASET A-Z/Q/1046.jpg
Q,16,1047,DTASET A-Z/Q/1047.jpg
Q,16,1048,DTASET A-Z/Q/1048.jpg
Q,16,1049,DTASET A-Z/Q/1049.jpg
Q,16,1050,DTASET A-Z/Q/1050.jpg
Q,16,1051,DTASET A-Z/Q/1051.jpg
Q,16,1052,DTASET A-Z/Q/1052.jpg
Q,16,1053,DTASET A-Z/Q/1053.jpg
Q,16,1054,DTASET A-Z/Q/1054.jpg
Q,16,1055,DTASET A-Z/Q/1055.jpg
Q,16,1056,DTASET A-Z/Q/1056.jpg
Q,16,1057,DTASET A-Z/Q/1057.jpg
Q,16,1058,DTASET A-Z/Q/1058.jpg
Q,16,1059,DTASET A-Z/Q/1059.jpg
Q,16,1060,DTASET A-Z/Q/1060.jpg
Q,16,1061,DTASET A-Z/Q/1061.jpg
Q,16,1062,DTASET A-Z/Q/1062.jpg
Q,16,1063,DTASET A-Z/Q/1063.jpg
Q,16,1064,DTASET A-Z/Q/1064.jpg
Q,16,1065,DTASET A-Z/Q/1065.jpg
Q,16,1066,DTASET A-Z/Q/1066.jpg
Q,16,1067,DTASET A-Z/Q/1067.jpg
Q,16,1068,DTASET A-Z/Q/1068.jpg
Q,16,1069,DTASET A-Z/Q/1069.jpg
Q,16,1070,DTASET A-Z/Q/1070.jpg
Q,16,1071,DTASET A-Z/Q/1071.jpg
Q,16,1072,DTASET A-Z/Q/1072.jpg
Q,16,1073,DTASET A-Z/Q/1073.jpg
Q,16,1074,DTASET A-Z/Q/1074.jpg
Q,16,1075,DTASET A-Z/Q/1075.jpg
Q,16,1076,DTASET A-Z/Q/1076.jpg
Q,16,1077,DTASET A-Z/Q/1077.jpg
Q,16,1078,DTASET A-Z/Q/1078.jpg
Q,16,1079,DTASET A-Z/Q/1079.jpg
Q,16,1080,DTASET A-Z/Q/1080.jpg
Q,16,1081,DTASET A-Z/Q/1081.jpg
Q,16,1082,DTASET A-Z/Q/1082.jpg
Q,16,1083,DTASET A-Z/Q/1083.jpg
Q,16,1084,DTASET A-Z/Q/1084.jpg
Q,16,1085,DTASET A-Z/Q/1085.jpg
Q,16,1086,DTASET A-Z/Q/1086.jpg
Q,16,1087,DTASET A-Z/Q/1087.jpg
Q,16,1088,DTASET A-Z/Q/1088.jpg
Q,16,1089,DTASET A-Z/Q/1089.jpg
Q,16,1090,DTASET A-Z/Q/1090.jpg
Q,16,1091,DTASET A-Z/Q/1091.jpg
Q,16,1092,DTASET A-Z/Q/1092.jpg
Q,16,1093,DTASET A-Z/Q/1093.jpg
Q,16,1094,DTASET A-Z/Q/1094.jpg
Q,16,1095,DTASET A-Z/Q/1095.jpg
Q,16,1096,DTASET A-Z/Q/1096.jpg
Q,16,1097,DTASET A-Z/Q/1097.jpg
Q,16,1098,DTASET A-Z/Q/1098.jpg
Q,16,1099,DTASET A-Z/Q/1099.jpg
Q,16,1100,DTASET A-Z/Q/1100.jpg
Q,16,1101,DTASET A-Z/Q/1101.jpg
Q,16,1102,DTASET A-Z/Q/1102.jpg
Q,16,1103,DTASET A-Z/Q/1103.jpg
Q,16,1104,DTASET A-Z/Q/1104.jpg
Q,16,1105,DTASET A-Z/Q/1105.jpg
Q,16,1106,DTASET A-Z/Q/1106.jpg
Q,16,1107,DTASET A-Z/Q/1107.jpg
Q,16,1108,DTASET A-Z/Q/1108.jpg
Q,16,1109,DTASET A-Z/Q/1109.jpg
Q,16,1110,DTASET A-Z/Q/1110.jpg
Q,16,1111,DTASET A-Z/Q/1111.jpg
Q,16,1112,DTASET A-Z/Q/1112.jpg
Q,16,1113,DTASET A-Z/Q/1113.jpg
Q,16,1114,DTASET A-Z/Q/1114.jpg
Q,16,1115,DTASET A-Z/Q/1115.jpg
Q,16,1116,DTASET A-Z/Q/1116.jpg
Q,16,1117,DTASET A-Z/Q/1117.jpg
Q,16,1118,DTASET A-Z/Q/1118.jpg
Q,16,1119,DTASET A-Z/Q/1119.jpg
Q,16,1120,DTASET A-Z/Q/1120.jpg
Q,16,1121,DTASET A-Z/Q/1121.jpg
Q,16,1122,DTASET A-Z/Q/1122.jpg
Q,16,1123,DTASET A-Z/Q/1123.jpg
Q,16,1124,DTASET A-Z/Q/1124.jpg
Q,16,1125,DTASET A-Z/Q/1125.jpg
Q,16,1126,DTASET A-Z/Q/1126.jpg
Q,16,1127,DTASET A-Z/Q/1127.jpg
Q,16,1128,DTASET A-Z/Q/1128.jpg
Q,16,1129,DTASET A-Z/Q/1129.jpg
Q,16,1130,DTASET A-Z/Q/1130.jpg
Q,16,1131,DTASET A-Z/Q/1131.jpg
Q,16,1132,DTASET A-Z/Q/1132.jpg
Q,16,1133,DTASET A-Z/Q/1133.jpg
Q,16,1134,DTASET A-Z/Q/1134.jpg
Q,16,1135,DTASET A-Z/Q/1135.jpg
Q,16,1136,DTASET A-Z/Q/1136.jpg
Q,16,1137,DTASET A-Z/Q/1137.jpg
Q,16,1138,DTASET A-Z/Q/1138.jpg
Q,16,1139,DTASET A-Z/Q/1139.jpg
Q,16,1140,DTASET A-Z/Q/1140.jpg
Q,16,1141,DTASET A-Z/Q/1141.jpg
Q,16,1142,DTASET A-Z/Q/1142.jpg
Q,16,1143,DTASET A-Z/Q/1143.jpg
Q,16,1144,DTASET A-Z/Q/1144.jpg
Q,16,1145,DTASET A-Z/Q/1145.jpg
Q,16,1146,DTASET A-Z/Q/1146.jpg
Q,16,1147,DTASET A-Z/Q/1147.jpg
Q,16,1148,DTASET A-Z/Q/1148.jpg
Q,16,1149,DTASET A-Z/Q/1149.jpg
Q,16,1150,DTASET A-Z/Q/1150.jpg
Q,16,1151,DTASET A-Z/Q/1151.jpg
Q,16,1152,DTASET A-Z/Q/1152.jpg
Q,16,1153,DTASET A-Z/Q/1153.jpg
Q,16,1154,DTASET A-Z/Q/1154.jpg
Q,16,1155,DTASET A-Z/Q/1155.jpg
Q,16,1156,DTASET A-Z/Q/1156.jpg
Q,16,1157,DTASET A-Z/Q/1157.jpg
Q,16,1158,DTASET A-Z/Q/1158.jpg
Q,16,1159,DTASET A-Z/Q/1159.jpg
Q,16,1160,DTASET A-Z/Q/1160.jpg
Q,16,1161,DTASET A-Z/Q/1161.jpg
Q,16,1162,DTASET A-Z/Q/1162.jpg
Q,16,1163,DTASET A-Z/Q/1163.jpg
Q,16,1164,DTASET A-Z/Q/1164.jpg
Q,16,1165,DTASET A-Z/Q/1165.jpg
Q,16,1166,DTASET A-Z/Q/1166.jpg
Q,16,1167,DTASET A-Z/Q/1167.jpg
Q,16,1168,DTASET A-Z/Q/1168.jpg
Q,16,1169,DTASET A-Z/Q/1169.jpg
Q,16,1170,DTASET A-Z/Q/1170.jpg
Q,16,1171,DTASET A-Z/Q/1171.jpg
Q,16,1172,DTASET A-Z/Q/1172.jpg
Q,16,1173,DTASET A-Z/Q/1173.jpg
Q,16,1174,DTASET A-Z/Q/1174.jpg
Q,16,1175,DTASET A-Z/Q/1175.jpg
Q,16,1176,DTASET A-Z/Q/1176.jpg
Q,16,1177,DTASET A-Z/Q/1177.jpg
Q,16,1178,DTASET A-Z/Q/1178.jpg
Q,16,1179,DTASET A-Z/Q/1179.jpg
Q,16,1180,DTASET A-Z/Q/1180.jpg
Q,16,1181,DTASET A-Z/Q/1181.jpg
Q,16,1182,DTASET A-Z/Q/1182.jpg
Q,16,1183,DTASET A-Z/Q/1183.jpg
Q,16,1184,DTASET A-Z/Q/1184.jpg
Q,16,1185,DTASET A-Z/Q/1185.jpg
Q,16,1186,DTASET A-Z/Q/1186.jpg
Q,16,1187,DTASET A-Z/Q/1187.jpg
Q,16,1188,DTASET A-Z/Q/1188.jpg
Q,16,1189,DTASET A-Z/Q/1189.jpg
Q,16,1190,DTASET A-Z/Q/1190.jpg
Q,16,1191,DTASET A-Z/Q/1191.jpg
Q,16,1192,DTASET A-Z/Q/1192.jpg
Q,16,1193,DTASET A-Z/Q/1193.jpg
Q,16,1194,DTASET A-Z/Q/1194.jpg
Q,16,1195,DTASET A-Z/Q/1195.jpg
Q,16,1196,DTASET A-Z/Q/1196.jpg
Q,16,1197,DTASET A-Z/Q/1197.jpg
Q,16,1198,DTASET A-Z/Q/1198.jpg
Q,16,1199,DTASET A-Z/Q/1199.jpg
R,17,0,DTASET A-Z/R/0.jpg
R,17,1,DTASET A-Z/R/1.jpg
R,17,2,DTASET A-Z/R/2.jpg
R,17,3,DTASET A-Z/R/3.jpg
R,17,4,DTASET A-Z/R/4.jpg
R,17,5,DTASET A-Z/R/5.jpg
R,17,6,DTASET A-Z/R/6.jpg
R,17,7,DTASET A-Z/R/7.jpg
R,17,8,DTASET A-Z/R/8.jpg
R,17,9,DTASET A-Z/R/9.jpg
R,17,10,DTASET A-Z/R/10.jpg
R,17,11,DTASET A-Z/R/11.jpg
R,17,12,DTASET A-Z/R/12.jpg
R,17,13,DTASET A-Z/R/13.jpg
R,17,14,DTASET A-Z/R/14.jpg
R,17,15,DTASET A-Z/R/15.jpg
R,17,16,DTASET A-Z/R/16.jpg
R,17,17,DTASET A-Z/R/17.jpg
R,17,18,DTASET A-Z/R/18.jpg
R,17,19,DTASET A-Z/R/19.jpg
R,17,20,DTASET A-Z/R/20.jpg
R,17,21,DTASET A-Z/R/21.jpg
R,17,22,DTASET A-Z/R/22.jpg
R,17,23,DTASET A-Z/R/23.jpg
R,17,24,DTASET A-Z/R/24.jpg
R,17,25,DTASET A-Z/R/25.jpg
R,17,26,DTASET A-Z/R/26.jpg
R,17,27,DTASET A-Z/R/27.jpg
R,17,28,DTASET A-Z/R/28.jpg
R,17,29,DTASET A-Z/R/29.jpg
R,17,30,DTASET A-Z/R/30.jpg
R,17,31,DTASET A-Z/R/31.jpg
R,17,32,DTASET A-Z/R/32.jpg
R,17,33,DTASET A-Z/R/33.jpg
R,17,34,DTASET A-Z/R/34.jpg
R,17,35,DTASET A-Z/R/35.jpg
R,17,36,DTASET A-Z/R/36.jpg
R,17,37,DTASET A-Z/R/37.jpg
R,17,38,DTASET A-Z/R/38.jpg
R,17,39,DTASET A-Z/R/39.jpg
R,17,40,DTASET A-Z/R/40.jpg
R,17,41,DTASET A-Z/R/41.jpg
R,17,42,DTASET A-Z/R/42.jpg
R,17,43,DTASET A-Z/R/43.jpg
R,17,44,DTASET A-Z/R/44.jpg
R,17,45,DTASET A-Z/R/45.jpg
R,17,46,DTASET A-Z/R/46.jpg
R,17,47,DTASET A-Z/R/47.jpg
R,17,48,DTASET A-Z/R/48.jpg
R,17,49,DTASET A-Z/R/49.jpg
R,17,50,DTASET A-Z/R/50.jpg
R,17,51,DTASET A-Z/R/51.jpg
R,17,52,DTASET A-Z/R/52.jpg
R,17,53,DTASET A-Z/R/53.jpg
R,17,54,DTASET A-Z/R/54.jpg
R,17,55,DTASET A-Z/R/55.jpg
R,17,56,DTASET A-Z/R/56.jpg
R,17,57,DTASET A-Z/R/57.jpg
R,17,58,DTASET A-Z/R/58.jpg
R,17,59,DTASET A-Z/R/59.jpg
R,17,60,DTASET A-Z/R/60.jpg
R,17,61,DTASET A-Z/R/61.jpg
R,17,62,DTASET A-Z/R/62.jpg
R,17,63,DTASET A-Z/R/63.jpg
R,17,64,DTASET A-Z/R/64.jpg
R,17,65,DTASET A-Z/R/65.jpg
R,17,66,DTASET A-Z/R/66.jpg
R,17,67,DTASET A-Z/R/67.jpg
R,17,68,DTASET A-Z/R/68.jpg
R,17,69,DTASET A-Z/R/69.jpg
R,17,70,DTASET A-Z/R/70.jpg
R,17,71,DTASET A-Z/R/71.jpg
R,17,72,DTASET A-Z/R/72.jpg
R,17,73,DTASET A-Z/R/73.jpg
R,17,74,DTASET A-Z/R/74.jpg
R,17,75,DTASET A-Z/R/75.jpg
R,17,76,DTASET A-Z/R/76.jpg
R,17,77,DTASET A-Z/R/77.jpg
R,17,78,DTASET A-Z/R/78.jpg
R,17,79,DTASET A-Z/R/79.jpg
R,17,80,DTASET A-Z/R/80.jpg
R,17,81,DTASET A-Z/R/81.jpg
R,17,82,DTASET A-Z/R/82.jpg
R,17,83,DTASET A-Z/R/83.jpg
R,17,84,DTASET A-Z/R/84.jpg
R,17,85,DTASET A-Z/R/85.jpg
R,17,86,DTASET A-Z/R/86.jpg
R,17,87,DTASET A-Z/R/87.jpg
R,17,88,DTASET A-Z/R/88.jpg
R,17,89,DTASET A-Z/R/89.jpg
R,17,90,DTASET A-Z/R/90.jpg
R,17,91,DTASET A-Z/R/91.jpg
R,17,92,DTASET A-Z/R/92.jpg
R,17,93,DTASET A-Z/R/93.jpg
R,17,94,DTASET A-Z/R/94.jpg
R,17,95,DTASET A-Z/R/95.jpg
R,17,96,DTASET A-Z/R/96.jpg
R,17,97,DTASET A-Z/R/97.jpg
R,17,98,DTASET A-Z/R/98.jpg
R,17,99,DTASET A-Z/R/99.jpg
R,17,100,DTASET A-Z/R/100.jpg
R,17,101,DTASET A-Z/R/101.jpg
R,17,102,DTASET A-Z/R/102.jpg
R,17,103,DTASET A-Z/R/103.jpg
R,17,104,DTASET A-Z/R/104.jpg
R,17,105,DTASET A-Z/R/105.jpg
R,17,106,DTASET A-Z/R/106.jpg
R,17,107,DTASET A-Z/R/107.jpg
R,17,108,DTASET A-Z/R/108.jpg
R,17,109,DTASET A-Z/R/109.jpg
R,17,110,DTASET A-Z/R/110.jpg
R,17,111,DTASET A-Z/R/111.jpg
R,17,112,DTASET A-Z/R/112.jpg
R,17,113,DTASET A-Z/R/113.jpg
R,17,114,DTASET A-Z/R/114.jpg
R,17,115,DTASET A-Z/R/115.jpg
R,17,116,DTASET A-Z/R/116.jpg
R,17,117,DTASET A-Z/R/117.jpg
R,17,118,DTASET A-Z/R/118.jpg
R,17,119,DTASET A-Z/R/119.jpg
R,17,120,DTASET A-Z/R/120.jpg
R,17,121,DTASET A-Z/R/121.jpg
R,17,122,DTASET A-Z/R/122.jpg
R,17,123,DTASET A-Z/R/123.jpg
R,17,124,DTASET A-Z/R/124.jpg
R,17,125,DTASET A-Z/R/125.jpg
R,17,126,DTASET A-Z/R/126.jpg
R,17,127,DTASET A-Z/R/127.jpg
R,17,128,DTASET A-Z/R/128.jpg
R,17,129,DTASET A-Z/R/129.jpg
R,17,130,DTASET A-Z/R/130.jpg
R,17,131,DTASET A-Z/R/131.jpg
R,17,132,DTASET A-Z/R/132.jpg
R,17,133,DTASET A-Z/R/133.jpg
R,17,134,DTASET A-Z/R/134.jpg
R,17,135,DTASET A-Z/R/135.jpg
R,17,136,DTASET A-Z/R/136.jpg
R,17,137,DTASET A-Z/R/137.jpg
R,17,138,DTASET A-Z/R/138.jpg
R,17,139,DTASET A-Z/R/139.jpg
R,17,140,DTASET A-Z/R/140.jpg
R,17,141,DTASET A-Z/R/141.jpg
R,17,142,DTASET A-Z/R/142.jpg
R,17,143,DTASET A-Z/R/143.jpg
R,17,144,DTASET A-Z/R/144.jpg
R,17,145,DTASET A-Z/R/145.jpg
R,17,146,DTASET A-Z/R/146.jpg
R,17,147,DTASET A-Z/R/147.jpg
R,17,148,DTASET A-Z/R/148.jpg
R,17,149,DTASET A-Z/R/149.jpg
R,17,150,DTASET A-Z/R/150.jpg
R,17,151,DTASET A-Z/R/151.jpg
R,17,152,DTASET A-Z/R/152.jpg
R,17,153,DTASET A-Z/R/153.jpg
R,17,154,DTASET A-Z/R/154.jpg
R,17,155,DTASET A-Z/R/155.jpg
R,17,156,DTASET A-Z/R/156.jpg
R,17,157,DTASET A-Z/R/157.jpg
R,17,158,DTASET A-Z/R/158.jpg
R,17,159,DTASET A-Z/R/159.jpg
R,17,160,DTASET A-Z/R/160.jpg
R,17,161,DTASET A-Z/R/161.jpg
R,17,162,DTASET A-Z/R/162.jpg
R,17,163,DTASET A-Z/R/163.jpg
R,17,164,DTASET A-Z/R/164.jpg
R,17,165,DTASET A-Z/R/165.jpg
R,17,166,DTASET A-Z/R/166.jpg
R,17,167,DTASET A-Z/R/167.jpg
R,17,168,DTASET A-Z/R/168.jpg
R,17,169,DTASET A-Z/R/169.jpg
R,17,170,DTASET A-Z/R/170.jpg
R,17,171,DTASET A-Z/R/171.jpg
R,17,172,DTASET A-Z/R/172.jpg
R,17,173,DTASET A-Z/R/173.jpg
R,17,174,DTASET A-Z/R/174.jpg
R,17,175,DTASET A-Z/R/175.jpg
R,17,176,DTASET A-Z/R/176.jpg
R,17,177,DTASET A-Z/R/177.jpg
R,17,178,DTASET A-Z/R/178.jpg
R,17,179,DTASET A-Z/R/179.jpg
R,17,180,DTASET A-Z/R/180.jpg
R,17,181,DTASET A-Z/R/181.jpg
R,17,182,DTASET A-Z/R/182.jpg
R,17,183,DTASET A-Z/R/183.jpg
R,17,184,DTASET A-Z/R/184.jpg
R,17,185,DTASET A-Z/R/185.jpg
R,17,186,DTASET A-Z/R/186.jpg
R,17,187,DTASET A-Z/R/187.jpg
R,17,188,DTASET A-Z/R/188.jpg
R,17,189,DTASET A-Z/R/189.jpg
R,17,190,DTASET A-Z/R/190.jpg
R,17,191,DTASET A-Z/R/191.jpg
R,17,192,DTASET A-Z/R/192.jpg
R,17,193,DTASET A-Z/R/193.jpg
R,17,194,DTASET A-Z/R/194.jpg
R,17,195,DTASET A-Z/R/195.jpg
R,17,196,DTASET A-Z/R/196.jpg
R,17,197,DTASET A-Z/R/197.jpg
R,17,198,DTASET A-Z/R/198.jpg
R,17,199,DTASET A-Z/R/199.jpg
R,17,200,DTASET A-Z/R/200.jpg
R,17,201,DTASET A-Z/R/201.jpg
R,17,202,DTASET A-Z/R/202.jpg
R,17,203,DTASET A-Z/R/203.jpg
R,17,204,DTASET A-Z/R/204.jpg
R,17,205,DTASET A-Z/R/205.jpg
R,17,206,DTASET A-Z/R/206.jpg
R,17,207,DTASET A-Z/R/207.jpg
R,17,208,DTASET A-Z/R/208.jpg
R,17,209,DTASET A-Z/R/209.jpg
R,17,210,DTASET A-Z/R/210.jpg
R,17,211,DTASET A-Z/R/211.jpg
R,17,212,DTASET A-Z/R/212.jpg
R,17,213,DTASET A-Z/R/213.jpg
R,17,214,DTASET A-Z/R/214.jpg
R,17,215,DTASET A-Z/R/215.jpg
R,17,216,DTASET A-Z/R/216.jpg
R,17,217,DTASET A-Z/R/217.jpg
R,17,218,DTASET A-Z/R/218.jpg
R,17,219,DTASET A-Z/R/219.jpg
R,17,220,DTASET A-Z/R/220.jpg
R,17,221,DTASET A-Z/R/221.jpg
R,17,222,DTASET A-Z/R/222.jpg
R,17,223,DTASET A-Z/R/223.jpg
R,17,224,DTASET A-Z/R/224.jpg
R,17,225,DTASET A-Z/R/225.jpg
R,17,226,DTASET A-Z/R/226.jpg
R,17,227,DTASET A-Z/R/227.jpg
R,17,228,DTASET A-Z/R/228.jpg
R,17,229,DTASET A-Z/R/229.jpg
R,17,230,DTASET A-Z/R/230.jpg
R,17,231,DTASET A-Z/R/231.jpg
R,17,232,DTASET A-Z/R/232.jpg
R,17,233,DTASET A-Z/R/233.jpg
R,17,234,DTASET A-Z/R/234.jpg
R,17,235,DTASET A-Z/R/235.jpg
R,17,236,DTASET A-Z/R/236.jpg
R,17,237,DTASET A-Z/R/237.jpg
R,17,238,DTASET A-Z/R/238.jpg
R,17,239,DTASET A-Z/R/239.jpg
R,17,240,DTASET A-Z/R/240.jpg
R,17,241,DTASET A-Z/R/241.jpg
R,17,242,DTASET A-Z/R/242.jpg
R,17,243,DTASET A-Z/R/243.jpg
R,17,244,DTASET A-Z/R/244.jpg
R,17,245,DTASET A-Z/R/245.jpg
R,17,246,DTASET A-Z/R/246.jpg
R,17,247,DTASET A-Z/R/247.jpg
R,17,248,DTASET A-Z/R/248.jpg
R,17,249,DTASET A-Z/R/249.jpg
R,17,250,DTASET A-Z/R/250.jpg
R,17,251,DTASET A-Z/R/251.jpg
R,17,252,DTASET A-Z/R/252.jpg
R,17,253,DTASET A-Z/R/253.jpg
R,17,254,DTASET A-Z/R/254.jpg
R,17,255,DTASET A-Z/R/255.jpg
R,17,256,DTASET A-Z/R/256.jpg
R,17,257,DTASET A-Z/R/257.jpg
R,17,258,DTASET A-Z/R/258.jpg
R,17,259,DTASET A-Z/R/259.jpg
R,17,260,DTASET A-Z/R/260.jpg
R,17,261,DTASET A-Z/R/261.jpg
R,17,262,DTASET A-Z/R/262.jpg
R,17,263,DTASET A-Z/R/263.jpg
R,17,264,DTASET A-Z/R/264.jpg
R,17,265,DTASET A-Z/R/265.jpg
R,17,266,DTASET A-Z/R/266.jpg
R,17,267,DTASET A-Z/R/267.jpg
R,17,268,DTASET A-Z/R/268.jpg
R,17,269,DTASET A-Z/R/269.jpg
R,17,270,DTASET A-Z/R/270.jpg
R,17,271,DTASET A-Z/R/271.jpg
R,17,272,DTASET A-Z/R/272.jpg
R,17,273,DTASET A-Z/R/273.jpg
R,17,274,DTASET A-Z/R/274.jpg
R,17,275,DTASET A-Z/R/275.jpg
R,17,276,DTASET A-Z/R/276.jpg
R,17,277,DTASET A-Z/R/277.jpg
R,17,278,DTASET A-Z/R/278.jpg
R,17,279,DTASET A-Z/R/279.jpg
R,17,280,DTASET A-Z/R/280.jpg
R,17,281,DTASET A-Z/R/281.jpg
R,17,282,DTASET A-Z/R/282.jpg
R,17,283,DTASET A-Z/R/283.jpg
R,17,284,DTASET A-Z/R/284.jpg
R,17,285,DTASET A-Z/R/285.jpg
R,17,286,DTASET A-Z/R/286.jpg
R,17,287,DTASET A-Z/R/287.jpg
R,17,288,DTASET A-Z/R/288.jpg
R,17,289,DTASET A-Z/R/289.jpg
R,17,290,DTASET A-Z/R/290.jpg
R,17,291,DTASET A-Z/R/291.jpg
R,17,292,DTASET A-Z/R/292.jpg
R,17,293,DTASET A-Z/R/293.jpg
R,17,294,DTASET A-Z/R/294.jpg
R,17,295,DTASET A-Z/R/295.jpg
R,17,296,DTASET A-Z/R/296.jpg
R,17,297,DTASET A-Z/R/297.jpg
R,17,298,DTASET A-Z/R/298.jpg
R,17,299,DTASET A-Z/R/299.jpg
R,17,300,DTASET A-Z/R/300.jpg
R,17,301,DTASET A-Z/R/301.jpg
R,17,302,DTASET A-Z/R/302.jpg
R,17,303,DTASET A-Z/R/303.jpg
R,17,304,DTASET A-Z/R/304.jpg
R,17,305,DTASET A-Z/R/305.jpg
R,17,306,DTASET A-Z/R/306.jpg
R,17,307,DTASET A-Z/R/307.jpg
R,17,308,DTASET A-Z/R/308.jpg
R,17,309,DTASET A-Z/R/309.jpg
R,17,310,DTASET A-Z/R/310.jpg
R,17,311,DTASET A-Z/R/311.jpg
R,17,312,DTASET A-Z/R/312.jpg
R,17,313,DTASET A-Z/R/313.jpg
R,17,314,DTASET A-Z/R/314.jpg
R,17,315,DTASET A-Z/R/315.jpg
R,17,316,DTASET A-Z/R/316.jpg
R,17,317,DTASET A-Z/R/317.jpg
R,17,318,DTASET A-Z/R/318.jpg
R,17,319,DTASET A-Z/R/319.jpg
R,17,320,DTASET A-Z/R/320.jpg
R,17,321,DTASET A-Z/R/321.jpg
R,17,322,DTASET A-Z/R/322.jpg
R,17,323,DTASET A-Z/R/323.jpg
R,17,324,DTASET A-Z/R/324.jpg
R,17,325,DTASET A-Z/R/325.jpg
R,17,326,DTASET A-Z/R/326.jpg
R,17,327,DTASET A-Z/R/327.jpg
R,17,328,DTASET A-Z/R/328.jpg
R,17,329,DTASET A-Z/R/329.jpg
R,17,330,DTASET A-Z/R/330.jpg
R,17,331,DTASET A-Z/R/331.jpg
R,17,332,DTASET A-Z/R/332.jpg
R,17,333,DTASET A-Z/R/333.jpg
R,17,334,DTASET A-Z/R/334.jpg
R,17,335,DTASET A-Z/R/335.jpg
R,17,336,DTASET A-Z/R/336.jpg
R,17,337,DTASET A-Z/R/337.jpg
R,17,338,DTASET A-Z/R/338.jpg
R,17,339,DTASET A-Z/R/339.jpg
R,17,340,DTASET A-Z/R/340.jpg
R,17,341,DTASET A-Z/R/341.jpg
R,17,342,DTASET A-Z/R/342.jpg
R,17,343,DTASET A-Z/R/343.jpg
R,17,344,DTASET A-Z/R/344.jpg
R,17,345,DTASET A-Z/R/345.jpg
R,17,346,DTASET A-Z/R/346.jpg
R,17,347,DTASET A-Z/R/347.jpg
R,17,348,DTASET A-Z/R/348.jpg
R,17,349,DTASET A-Z/R/349.jpg
R,17,350,DTASET A-Z/R/350.jpg
R,17,351,DTASET A-Z/R/351.jpg
R,17,352,DTASET A-Z/R/352.jpg
R,17,353,DTASET A-Z/R/353.jpg
R,17,354,DTASET A-Z/R/354.jpg
R,17,355,DTASET A-Z/R/355.jpg
R,17,356,DTASET A-Z/R/356.jpg
R,17,357,DTASET A-Z/R/357.jpg
R,17,358,DTASET A-Z/R/358.jpg
R,17,359,DTASET A-Z/R/359.jpg
R,17,360,DTASET A-Z/R/360.jpg
R,17,361,DTASET A-Z/R/361.jpg
R,17,362,DTASET A-Z/R/362.jpg
R,17,363,DTASET A-Z/R/363.jpg
R,17,364,DTASET A-Z/R/364.jpg
R,17,365,DTASET A-Z/R/365.jpg
R,17,366,DTASET A-Z/R/366.jpg
R,17,367,DTASET A-Z/R/367.jpg
R,17,368,DTASET A-Z/R/368.jpg
R,17,369,DTASET A-Z/R/369.jpg
R,17,370,DTASET A-Z/R/370.jpg
R,17,371,DTASET A-Z/R/371.jpg
R,17,372,DTASET A-Z/R/372.jpg
R,17,373,DTASET A-Z/R/373.jpg
R,17,374,DTASET A-Z/R/374.jpg
R,17,375,DTASET A-Z/R/375.jpg
R,17,376,DTASET A-Z/R/376.jpg
R,17,377,DTASET A-Z/R/377.jpg
R,17,378,DTASET A-Z/R/378.jpg
R,17,379,DTASET A-Z/R/379.jpg
R,17,380,DTASET A-Z/R/380.jpg
R,17,381,DTASET A-Z/R/381.jpg
R,17,382,DTASET A-Z/R/382.jpg
R,17,383,DTASET A-Z/R/383.jpg
R,17,384,DTASET A-Z/R/384.jpg
R,17,385,DTASET A-Z/R/385.jpg
R,17,386,DTASET A-Z/R/386.jpg
R,17,387,DTASET A-Z/R/387.jpg
R,17,388,DTASET A-Z/R/388.jpg
R,17,389,DTASET A-Z/R/389.jpg
R,17,390,DTASET A-Z/R/390.jpg
R,17,391,DTASET A-Z/R/391.jpg
R,17,392,DTASET A-Z/R/392.jpg
R,17,393,DTASET A-Z/R/393.jpg
R,17,394,DTASET A-Z/R/394.jpg
R,17,395,DTASET A-Z/R/395.jpg
R,17,396,DTASET A-Z/R/396.jpg
R,17,397,DTASET A-Z/R/397.jpg
R,17,398,DTASET A-Z/R/398.jpg
R,17,399,DTASET A-Z/R/399.jpg
R,17,400,DTASET A-Z/R/400.jpg
R,17,401,DTASET A-Z/R/401.jpg
R,17,402,DTASET A-Z/R/402.jpg
R,17,403,DTASET A-Z/R/403.jpg
R,17,404,DTASET A-Z/R/404.jpg
R,17,405,DTASET A-Z/R/405.jpg
R,17,406,DTASET A-Z/R/406.jpg
R,17,407,DTASET A-Z/R/407.jpg
R,17,408,DTASET A-Z/R/408.jpg
R,17,409,DTASET A-Z/R/409.jpg
R,17,410,DTASET A-Z/R/410.jpg
R,17,411,DTASET A-Z/R/411.jpg
R,17,412,DTASET A-Z/R/412.jpg
R,17,413,DTASET A-Z/R/413.jpg
R,17,414,DTASET A-Z/R/414.jpg
R,17,415,DTASET A-Z/R/415.jpg
R,17,416,DTASET A-Z/R/416.jpg
R,17,417,DTASET A-Z/R/417.jpg
R,17,418,DTASET A-Z/R/418.jpg
R,17,419,DTASET A-Z/R/419.jpg
R,17,420,DTASET A-Z/R/420.jpg
R,17,421,DTASET A-Z/R/421.jpg
R,17,422,DTASET A-Z/R/422.jpg
R,17,423,DTASET A-Z/R/423.jpg
R,17,424,DTASET A-Z/R/424.jpg
R,17,425,DTASET A-Z/R/425.jpg
R,17,426,DTASET A-Z/R/426.jpg
R,17,427,DTASET A-Z/R/427.jpg
R,17,428,DTASET A-Z/R/428.jpg
R,17,429,DTASET A-Z/R/429.jpg
R,17,430,DTASET A-Z/R/430.jpg
R,17,431,DTASET A-Z/R/431.jpg
R,17,432,DTASET A-Z/R/432.jpg
R,17,433,DTASET A-Z/R/433.jpg
R,17,434,DTASET A-Z/R/434.jpg
R,17,435,DTASET A-Z/R/435.jpg
R,17,436,DTASET A-Z/R/436.jpg
R,17,437,DTASET A-Z/R/437.jpg
R,17,438,DTASET A-Z/R/438.jpg
R,17,439,DTASET A-Z/R/439.jpg
R,17,440,DTASET A-Z/R/440.jpg
R,17,441,DTASET A-Z/R/441.jpg
R,17,442,DTASET A-Z/R/442.jpg
R,17,443,DTASET A-Z/R/443.jpg
R,17,444,DTASET A-Z/R/444.jpg
R,17,445,DTASET A-Z/R/445.jpg
R,17,446,DTASET A-Z/R/446.jpg
R,17,447,DTASET A-Z/R/447.jpg
R,17,448,DTASET A-Z/R/448.jpg
R,17,449,DTASET A-Z/R/449.jpg
R,17,450,DTASET A-Z/R/450.jpg
R,17,451,DTASET A-Z/R/451.jpg
R,17,452,DTASET A-Z/R/452.jpg
R,17,453,DTASET A-Z/R/453.jpg
R,17,454,DTASET A-Z/R/454.jpg
R,17,455,DTASET A-Z/R/455.jpg
R,17,456,DTASET A-Z/R/456.jpg
R,17,457,DTASET A-Z/R/457.jpg
R,17,458,DTASET A-Z/R/458.jpg
R,17,459,DTASET A-Z/R/459.jpg
R,17,460,DTASET A-Z/R/460.jpg
R,17,461,DTASET A-Z/R/461.jpg
R,17,462,DTASET A-Z/R/462.jpg
R,17,463,DTASET A-Z/R/463.jpg
R,17,464,DTASET A-Z/R/464.jpg
R,17,465,DTASET A-Z/R/465.jpg
R,17,466,DTASET A-Z/R/466.jpg
R,17,467,DTASET A-Z/R/467.jpg
R,17,468,DTASET A-Z/R/468.jpg
R,17,469,DTASET A-Z/R/469.jpg
R,17,470,DTASET A-Z/R/470.jpg
R,17,471,DTASET A-Z/R/471.jpg
R,17,472,DTASET A-Z/R/472.jpg
R,17,473,DTASET A-Z/R/473.jpg
R,17,474,DTASET A-Z/R/474.jpg
R,17,475,DTASET A-Z/R/475.jpg
R,17,476,DTASET A-Z/R/476.jpg
R,17,477,DTASET A-Z/R/477.jpg
R,17,478,DTASET A-Z/R/478.jpg
R,17,479,DTASET A-Z/R/479.jpg
R,17,480,DTASET A-Z/R/480.jpg
R,17,481,DTASET A-Z/R/481.jpg
R,17,482,DTASET A-Z/R/482.jpg
R,17,483,DTASET A-Z/R/483.jpg
R,17,484,DTASET A-Z/R/484.jpg
R,17,485,DTASET A-Z/R/485.jpg
R,17,486,DTASET A-Z/R/486.jpg
R,17,487,DTASET A-Z/R/487.jpg
R,17,488,DTASET A-Z/R/488.jpg
R,17,489,DTASET A-Z/R/489.jpg
R,17,490,DTASET A-Z/R/490.jpg
R,17,491,DTASET A-Z/R/491.jpg
R,17,492,DTASET A-Z/R/492.jpg
R,17,493,DTASET A-Z/R/493.jpg
R,17,494,DTASET A-Z/R/494.jpg
R,17,495,DTASET A-Z/R/495.jpg
R,17,496,DTASET A-Z/R/496.jpg
R,17,497,DTASET A-Z/R/497.jpg
R,17,498,DTASET A-Z/R/498.jpg
R,17,499,DTASET A-Z/R/499.jpg
R,17,500,DTASET A-Z/R/500.jpg
R,17,501,DTASET A-Z/R/501.jpg
R,17,502,DTASET A-Z/R/502.jpg
R,17,503,DTASET A-Z/R/503.jpg
R,17,504,DTASET A-Z/R/504.jpg
R,17,505,DTASET A-Z/R/505.jpg
R,17,506,DTASET A-Z/R/506.jpg
R,17,507,DTASET A-Z/R/507.jpg
R,17,508,DTASET A-Z/R/508.jpg
R,17,509,DTASET A-Z/R/509.jpg
R,17,510,DTASET A-Z/R/510.jpg
R,17,511,DTASET A-Z/R/511.jpg
R,17,512,DTASET A-Z/R/512.jpg
R,17,513,DTASET A-Z/R/513.jpg
R,17,514,DTASET A-Z/R/514.jpg
R,17,515,DTASET A-Z/R/515.jpg
R,17,516,DTASET A-Z/R/516.jpg
R,17,517,DTASET A-Z/R/517.jpg
R,17,518,DTASET A-Z/R/518.jpg
R,17,519,DTASET A-Z/R/519.jpg
R,17,520,DTASET A-Z/R/520.jpg
R,17,521,DTASET A-Z/R/521.jpg
R,17,522,DTASET A-Z/R/522.jpg
R,17,523,DTASET A-Z/R/523.jpg
R,17,524,DTASET A-Z/R/524.jpg
R,17,525,DTASET A-Z/R/525.jpg
R,17,526,DTASET A-Z/R/526.jpg
R,17,527,DTASET A-Z/R/527.jpg
R,17,528,DTASET A-Z/R/528.jpg
R,17,529,DTASET A-Z/R/529.jpg
R,17,530,DTASET A-Z/R/530.jpg
R,17,531,DTASET A-Z/R/531.jpg
R,17,532,DTASET A-Z/R/532.jpg
R,17,533,DTASET A-Z/R/533.jpg
R,17,534,DTASET A-Z/R/534.jpg
R,17,535,DTASET A-Z/R/535.jpg
R,17,536,DTASET A-Z/R/536.jpg
R,17,537,DTASET A-Z/R/537.jpg
R,17,538,DTASET A-Z/R/538.jpg
R,17,539,DTASET A-Z/R/539.jpg
R,17,540,DTASET A-Z/R/540.jpg
R,17,541,DTASET A-Z/R/541.jpg
R,17,542,DTASET A-Z/R/542.jpg
R,17,543,DTASET A-Z/R/543.jpg
R,17,544,DTASET A-Z/R/544.jpg
R,17,545,DTASET A-Z/R/545.jpg
R,17,546,DTASET A-Z/R/546.jpg
R,17,547,DTASET A-Z/R/547.jpg
R,17,548,DTASET A-Z/R/548.jpg
R,17,549,DTASET A-Z/R/549.jpg
R,17,550,DTASET A-Z/R/550.jpg
R,17,551,DTASET A-Z/R/551.jpg
R,17,552,DTASET A-Z/R/552.jpg
R,17,553,DTASET A-Z/R/553.jpg
R,17,554,DTASET A-Z/R/554.jpg
R,17,555,DTASET A-Z/R/555.jpg
R,17,556,DTASET A-Z/R/556.jpg
R,17,557,DTASET A-Z/R/557.jpg
R,17,558,DTASET A-Z/R/558.jpg
R,17,559,DTASET A-Z/R/559.jpg
R,17,560,DTASET A-Z/R/560.jpg
R,17,561,DTASET A-Z/R/561.jpg
R,17,562,DTASET A-Z/R/562.jpg
R,17,563,DTASET A-Z/R/563.jpg
R,17,564,DTASET A-Z/R/564.jpg
R,17,565,DTASET A-Z/R/565.jpg
R,17,566,DTASET A-Z/R/566.jpg
R,17,567,DTASET A-Z/R/567.jpg
R,17,568,DTASET A-Z/R/568.jpg
R,17,569,DTASET A-Z/R/569.jpg
R,17,570,DTASET A-Z/R/570.jpg
R,17,571,DTASET A-Z/R/571.jpg
R,17,572,DTASET A-Z/R/572.jpg
R,17,573,DTASET A-Z/R/573.jpg
R,17,574,DTASET A-Z/R/574.jpg
R,17,575,DTASET A-Z/R/575.jpg
R,17,576,DTASET A-Z/R/576.jpg
R,17,577,DTASET A-Z/R/577.jpg
R,17,578,DTASET A-Z/R/578.jpg
R,17,579,DTASET A-Z/R/579.jpg
R,17,580,DTASET A-Z/R/580.jpg
R,17,581,DTASET A-Z/R/581.jpg
R,17,582,DTASET A-Z/R/582.jpg
R,17,583,DTASET A-Z/R/583.jpg
R,17,584,DTASET A-Z/R/584.jpg
R,17,585,DTASET A-Z/R/585.jpg
R,17,586,DTASET A-Z/R/586.jpg
R,17,587,DTASET A-Z/R/587.jpg
R,17,588,DTASET A-Z/R/588.jpg
R,17,589,DTASET A-Z/R/589.jpg
R,17,590,DTASET A-Z/R/590.jpg
R,17,591,DTASET A-Z/R/591.jpg
R,17,592,DTASET A-Z/R/592.jpg
R,17,593,DTASET A-Z/R/593.jpg
R,17,594,DTASET A-Z/R/594.jpg
R,17,595,DTASET A-Z/R/595.jpg
R,17,596,DTASET A-Z/R/596.jpg
R,17,597,DTASET A-Z/R/597.jpg
R,17,598,DTASET A-Z/R/598.jpg
R,17,599,DTASET A-Z/R/599.jpg
R,17,600,DTASET A-Z/R/600.jpg
R,17,601,DTASET A-Z/R/601.jpg
R,17,602,DTASET A-Z/R/602.jpg
R,17,603,DTASET A-Z/R/603.jpg
R,17,604,DTASET A-Z/R/604.jpg
R,17,605,DTASET A-Z/R/605.jpg
R,17,606,DTASET A-Z/R/606.jpg
R,17,607,DTASET A-Z/R/607.jpg
R,17,608,DTASET A-Z/R/608.jpg
R,17,609,DTASET A-Z/R/609.jpg
R,17,610,DTASET A-Z/R/610.jpg
R,17,611,DTASET A-Z/R/611.jpg
R,17,612,DTASET A-Z/R/612.jpg
R,17,613,DTASET A-Z/R/613.jpg
R,17,614,DTASET A-Z/R/614.jpg
R,17,615,DTASET A-Z/R/615.jpg
R,17,616,DTASET A-Z/R/616.jpg
R,17,617,DTASET A-Z/R/617.jpg
R,17,618,DTASET A-Z/R/618.jpg
R,17,619,DTASET A-Z/R/619.jpg
R,17,620,DTASET A-Z/R/620.jpg
R,17,621,DTASET A-Z/R/621.jpg
R,17,622,DTASET A-Z/R/622.jpg
R,17,623,DTASET A-Z/R/623.jpg
R,17,624,DTASET A-Z/R/624.jpg
R,17,625,DTASET A-Z/R/625.jpg
R,17,626,DTASET A-Z/R/626.jpg
R,17,627,DTASET A-Z/R/627.jpg
R,17,628,DTASET A-Z/R/628.jpg
R,17,629,DTASET A-Z/R/629.jpg
R,17,630,DTASET A-Z/R/630.jpg
R,17,631,DTASET A-Z/R/631.jpg
R,17,632,DTASET A-Z/R/632.jpg
R,17,633,DTASET A-Z/R/633.jpg
R,17,634,DTASET A-Z/R/634.jpg
R,17,635,DTASET A-Z/R/635.jpg
R,17,636,DTASET A-Z/R/636.jpg
R,17,637,DTASET A-Z/R/637.jpg
R,17,638,DTASET A-Z/R/638.jpg
R,17,639,DTASET A-Z/R/639.jpg
R,17,640,DTASET A-Z/R/640.jpg
R,17,641,DTASET A-Z/R/641.jpg
R,17,642,DTASET A-Z/R/642.jpg
R,17,643,DTASET A-Z/R/643.jpg
R,17,644,DTASET A-Z/R/644.jpg
R,17,645,DTASET A-Z/R/645.jpg
R,17,646,DTASET A-Z/R/646.jpg
R,17,647,DTASET A-Z/R/647.jpg
R,17,648,DTASET A-Z/R/648.jpg
R,17,649,DTASET A-Z/R/649.jpg
R,17,650,DTASET A-Z/R/650.jpg
R,17,651,DTASET A-Z/R/651.jpg
R,17,652,DTASET A-Z/R/652.jpg
R,17,653,DTASET A-Z/R/653.jpg
R,17,654,DTASET A-Z/R/654.jpg
R,17,655,DTASET A-Z/R/655.jpg
R,17,656,DTASET A-Z/R/656.jpg
R,17,657,DTASET A-Z/R/657.jpg
R,17,658,DTASET A-Z/R/658.jpg
R,17,659,DTASET A-Z/R/659.jpg
R,17,660,DTASET A-Z/R/660.jpg
R,17,661,DTASET A-Z/R/661.jpg
R,17,662,DTASET A-Z/R/662.jpg
R,17,663,DTASET A-Z/R/663.jpg
R,17,664,DTASET A-Z/R/664.jpg
R,17,665,DTASET A-Z/R/665.jpg
R,17,666,DTASET A-Z/R/666.jpg
R,17,667,DTASET A-Z/R/667.jpg
R,17,668,DTASET A-Z/R/668.jpg
R,17,669,DTASET A-Z/R/669.jpg
R,17,670,DTASET A-Z/R/670.jpg
R,17,671,DTASET A-Z/R/671.jpg
R,17,672,DTASET A-Z/R/672.jpg
R,17,673,DTASET A-Z/R/673.jpg
R,17,674,DTASET A-Z/R/674.jpg
R,17,675,DTASET A-Z/R/675.jpg
R,17,676,DTASET A-Z/R/676.jpg
R,17,677,DTASET A-Z/R/677.jpg
R,17,678,DTASET A-Z/R/678.jpg
R,17,679,DTASET A-Z/R/679.jpg
R,17,680,DTASET A-Z/R/680.jpg
R,17,681,DTASET A-Z/R/681.jpg
R,17,682,DTASET A-Z/R/682.jpg
R,17,683,DTASET A-Z/R/683.jpg
R,17,684,DTASET A-Z/R/684.jpg
R,17,685,DTASET A-Z/R/685.jpg
R,17,686,DTASET A-Z/R/686.jpg
R,17,687,DTASET A-Z/R/687.jpg
R,17,688,DTASET A-Z/R/688.jpg
R,17,689,DTASET A-Z/R/689.jpg
R,17,690,DTASET A-Z/R/690.jpg
R,17,691,DTASET A-Z/R/691.jpg
R,17,692,DTASET A-Z/R/692.jpg
R,17,693,DTASET A-Z/R/693.jpg
R,17,694,DTASET A-Z/R/694.jpg
R,17,695,DTASET A-Z/R/695.jpg
R,17,696,DTASET A-Z/R/696.jpg
R,17,697,DTASET A-Z/R/697.jpg
R,17,698,DTASET A-Z/R/698.jpg
R,17,699,DTASET A-Z/R/699.jpg
R,17,700,DTASET A-Z/R/700.jpg
R,17,701,DTASET A-Z/R/701.jpg
R,17,702,DTASET A-Z/R/702.jpg
R,17,703,DTASET A-Z/R/703.jpg
R,17,704,DTASET A-Z/R/704.jpg
R,17,705,DTASET A-Z/R/705.jpg
R,17,706,DTASET A-Z/R/706.jpg
R,17,707,DTASET A-Z/R/707.jpg
R,17,708,DTASET A-Z/R/708.jpg
R,17,709,DTASET A-Z/R/709.jpg
R,17,710,DTASET A-Z/R/710.jpg
R,17,711,DTASET A-Z/R/711.jpg
R,17,712,DTASET A-Z/R/712.jpg
R,17,713,DTASET A-Z/R/713.jpg
R,17,714,DTASET A-Z/R/714.jpg
R,17,715,DTASET A-Z/R/715.jpg
R,17,716,DTASET A-Z/R/716.jpg
R,17,717,DTASET A-Z/R/717.jpg
R,17,718,DTASET A-Z/R/718.jpg
R,17,719,DTASET A-Z/R/719.jpg
R,17,720,DTASET A-Z/R/720.jpg
R,17,721,DTASET A-Z/R/721.jpg
R,17,722,DTASET A-Z/R/722.jpg
R,17,723,DTASET A-Z/R/723.jpg
R,17,724,DTASET A-Z/R/724.jpg
R,17,725,DTASET A-Z/R/725.jpg
R,17,726,DTASET A-Z/R/726.jpg
R,17,727,DTASET A-Z/R/727.jpg
R,17,728,DTASET A-Z/R/728.jpg
R,17,729,DTASET A-Z/R/729.jpg
R,17,730,DTASET A-Z/R/730.jpg
R,17,731,DTASET A-Z/R/731.jpg
R,17,732,DTASET A-Z/R/732.jpg
R,17,733,DTASET A-Z/R/733.jpg
R,17,734,DTASET A-Z/R/734.jpg
R,17,735,DTASET A-Z/R/735.jpg
R,17,736,DTASET A-Z/R/736.jpg
R,17,737,DTASET A-Z/R/737.jpg
R,17,738,DTASET A-Z/R/738.jpg
R,17,739,DTASET A-Z/R/739.jpg
R,17,740,DTASET A-Z/R/740.jpg
R,17,741,DTASET A-Z/R/741.jpg
R,17,742,DTASET A-Z/R/742.jpg
R,17,743,DTASET A-Z/R/743.jpg
R,17,744,DTASET A-Z/R/744.jpg
R,17,745,DTASET A-Z/R/745.jpg
R,17,746,DTASET A-Z/R/746.jpg
R,17,747,DTASET A-Z/R/747.jpg
R,17,748,DTASET A-Z/R/748.jpg
R,17,749,DTASET A-Z/R/749.jpg
R,17,750,DTASET A-Z/R/750.jpg
R,17,751,DTASET A-Z/R/751.jpg
R,17,752,DTASET A-Z/R/752.jpg
R,17,753,DTASET A-Z/R/753.jpg
R,17,754,DTASET A-Z/R/754.jpg
R,17,755,DTASET A-Z/R/755.jpg
R,17,756,DTASET A-Z/R/756.jpg
R,17,757,DTASET A-Z/R/757.jpg
R,17,758,DTASET A-Z/R/758.jpg
R,17,759,DTASET A-Z/R/759.jpg
R,17,760,DTASET A-Z/R/760.jpg
R,17,761,DTASET A-Z/R/761.jpg
R,17,762,DTASET A-Z/R/762.jpg
R,17,763,DTASET A-Z/R/763.jpg
R,17,764,DTASET A-Z/R/764.jpg
R,17,765,DTASET A-Z/R/765.jpg
R,17,766,DTASET A-Z/R/766.jpg
R,17,767,DTASET A-Z/R/767.jpg
R,17,768,DTASET A-Z/R/768.jpg
R,17,769,DTASET A-Z/R/769.jpg
R,17,770,DTASET A-Z/R/770.jpg
R,17,771,DTASET A-Z/R/771.jpg
R,17,772,DTASET A-Z/R/772.jpg
R,17,773,DTASET A-Z/R/773.jpg
R,17,774,DTASET A-Z/R/774.jpg
R,17,775,DTASET A-Z/R/775.jpg
R,17,776,DTASET A-Z/R/776.jpg
R,17,777,DTASET A-Z/R/777.jpg
R,17,778,DTASET A-Z/R/778.jpg
R,17,779,DTASET A-Z/R/779.jpg
R,17,780,DTASET A-Z/R/780.jpg
R,17,781,DTASET A-Z/R/781.jpg
R,17,782,DTASET A-Z/R/782.jpg
R,17,783,DTASET A-Z/R/783.jpg
R,17,784,DTASET A-Z/R/784.jpg
R,17,785,DTASET A-Z/R/785.jpg
R,17,786,DTASET A-Z/R/786.jpg
R,17,787,DTASET A-Z/R/787.jpg
R,17,788,DTASET A-Z/R/788.jpg
R,17,789,DTASET A-Z/R/789.jpg
R,17,790,DTASET A-Z/R/790.jpg
R,17,791,DTASET A-Z/R/791.jpg
R,17,792,DTASET A-Z/R/792.jpg
R,17,793,DTASET A-Z/R/793.jpg
R,17,794,DTASET A-Z/R/794.jpg
R,17,795,DTASET A-Z/R/795.jpg
R,17,796,DTASET A-Z/R/796.jpg
R,17,797,DTASET A-Z/R/797.jpg
R,17,798,DTASET A-Z/R/798.jpg
R,17,799,DTASET A-Z/R/799.jpg
R,17,800,DTASET A-Z/R/800.jpg
R,17,801,DTASET A-Z/R/801.jpg
R,17,802,DTASET A-Z/R/802.jpg
R,17,803,DTASET A-Z/R/803.jpg
R,17,804,DTASET A-Z/R/804.jpg
R,17,805,DTASET A-Z/R/805.jpg
R,17,806,DTASET A-Z/R/806.jpg
R,17,807,DTASET A-Z/R/807.jpg
R,17,808,DTASET A-Z/R/808.jpg
R,17,809,DTASET A-Z/R/809.jpg
R,17,810,DTASET A-Z/R/810.jpg
R,17,811,DTASET A-Z/R/811.jpg
R,17,812,DTASET A-Z/R/812.jpg
R,17,813,DTASET A-Z/R/813.jpg
R,17,814,DTASET A-Z/R/814.jpg
R,17,815,DTASET A-Z/R/815.jpg
R,17,816,DTASET A-Z/R/816.jpg
R,17,817,DTASET A-Z/R/817.jpg
R,17,818,DTASET A-Z/R/818.jpg
R,17,819,DTASET A-Z/R/819.jpg
R,17,820,DTASET A-Z/R/820.jpg
R,17,821,DTASET A-Z/R/821.jpg
R,17,822,DTASET A-Z/R/822.jpg
R,17,823,DTASET A-Z/R/823.jpg
R,17,824,DTASET A-Z/R/824.jpg
R,17,825,DTASET A-Z/R/825.jpg
R,17,826,DTASET A-Z/R/826.jpg
R,17,827,DTASET A-Z/R/827.jpg
R,17,828,DTASET A-Z/R/828.jpg
R,17,829,DTASET A-Z/R/829.jpg
R,17,830,DTASET A-Z/R/830.jpg
R,17,831,DTASET A-Z/R/831.jpg
R,17,832,DTASET A-Z/R/832.jpg
R,17,833,DTASET A-Z/R/833.jpg
R,17,834,DTASET A-Z/R/834.jpg
R,17,835,DTASET A-Z/R/835.jpg
R,17,836,DTASET A-Z/R/836.jpg
R,17,837,DTASET A-Z/R/837.jpg
R,17,838,DTASET A-Z/R/838.jpg
R,17,839,DTASET A-Z/R/839.jpg
R,17,840,DTASET A-Z/R/840.jpg
R,17,841,DTASET A-Z/R/841.jpg
R,17,842,DTASET A-Z/R/842.jpg
R,17,843,DTASET A-Z/R/843.jpg
R,17,844,DTASET A-Z/R/844.jpg
R,17,845,DTASET A-Z/R/845.jpg
R,17,846,DTASET A-Z/R/846.jpg
R,17,847,DTASET A-Z/R/847.jpg
R,17,848,DTASET A-Z/R/848.jpg
R,17,849,DTASET A-Z/R/849.jpg
R,17,850,DTASET A-Z/R/850.jpg
R,17,851,DTASET A-Z/R/851.jpg
R,17,852,DTASET A-Z/R/852.jpg
R,17,853,DTASET A-Z/R/853.jpg
R,17,854,DTASET A-Z/R/854.jpg
R,17,855,DTASET A-Z/R/855.jpg
R,17,856,DTASET A-Z/R/856.jpg
R,17,857,DTASET A-Z/R/857.jpg
R,17,858,DTASET A-Z/R/858.jpg
R,17,859,DTASET A-Z/R/859.jpg
R,17,860,DTASET A-Z/R/860.jpg
R,17,861,DTASET A-Z/R/861.jpg
R,17,862,DTASET A-Z/R/862.jpg
R,17,863,DTASET A-Z/R/863.jpg
R,17,864,DTASET A-Z/R/864.jpg
R,17,865,DTASET A-Z/R/865.jpg
R,17,866,DTASET A-Z/R/866.jpg
R,17,867,DTASET A-Z/R/867.jpg
R,17,868,DTASET A-Z/R/868.jpg
R,17,869,DTASET A-Z/R/869.jpg
R,17,870,DTASET A-Z/R/870.jpg
R,17,871,DTASET A-Z/R/871.jpg
R,17,872,DTASET A-Z/R/872.jpg
R,17,873,DTASET A-Z/R/873.jpg
R,17,874,DTASET A-Z/R/874.jpg
R,17,875,DTASET A-Z/R/875.jpg
R,17,876,DTASET A-Z/R/876.jpg
R,17,877,DTASET A-Z/R/877.jpg
R,17,878,DTASET A-Z/R/878.jpg
R,17,879,DTASET A-Z/R/879.jpg
R,17,880,DTASET A-Z/R/880.jpg
R,17,881,DTASET A-Z/R/881.jpg
R,17,882,DTASET A-Z/R/882.jpg
R,17,883,DTASET A-Z/R/883.jpg
R,17,884,DTASET A-Z/R/884.jpg
R,17,885,DTASET A-Z/R/885.jpg
R,17,886,DTASET A-Z/R/886.jpg
R,17,887,DTASET A-Z/R/887.jpg
R,17,888,DTASET A-Z/R/888.jpg
R,17,889,DTASET A-Z/R/889.jpg
R,17,890,DTASET A-Z/R/890.jpg
R,17,891,DTASET A-Z/R/891.jpg
R,17,892,DTASET A-Z/R/892.jpg
R,17,893,DTASET A-Z/R/893.jpg
R,17,894,DTASET A-Z/R/894.jpg
R,17,895,DTASET A-Z/R/895.jpg
R,17,896,DTASET A-Z/R/896.jpg
R,17,897,DTASET A-Z/R/897.jpg
R,17,898,DTASET A-Z/R/898.jpg
R,17,899,DTASET A-Z/R/899.jpg
R,17,900,DTASET A-Z/R/900.jpg
R,17,901,DTASET A-Z/R/901.jpg
R,17,902,DTASET A-Z/R/902.jpg
R,17,903,DTASET A-Z/R/903.jpg
R,17,904,DTASET A-Z/R/904.jpg
R,17,905,DTASET A-Z/R/905.jpg
R,17,906,DTASET A-Z/R/906.jpg
R,17,907,DTASET A-Z/R/907.jpg
R,17,908,DTASET A-Z/R/908.jpg
R,17,909,DTASET A-Z/R/909.jpg
R,17,910,DTASET A-Z/R/910.jpg
R,17,911,DTASET A-Z/R/911.jpg
R,17,912,DTASET A-Z/R/912.jpg
R,17,913,DTASET A-Z/R/913.jpg
R,17,914,DTASET A-Z/R/914.jpg
R,17,915,DTASET A-Z/R/915.jpg
R,17,916,DTASET A-Z/R/916.jpg
R,17,917,DTASET A-Z/R/917.jpg
R,17,918,DTASET A-Z/R/918.jpg
R,17,919,DTASET A-Z/R/919.jpg
R,17,920,DTASET A-Z/R/920.jpg
R,17,921,DTASET A-Z/R/921.jpg
R,17,922,DTASET A-Z/R/922.jpg
R,17,923,DTASET A-Z/R/923.jpg
R,17,924,DTASET A-Z/R/924.jpg
R,17,925,DTASET A-Z/R/925.jpg
R,17,926,DTASET A-Z/R/926.jpg
R,17,927,DTASET A-Z/R/927.jpg
R,17,928,DTASET A-Z/R/928.jpg
R,17,929,DTASET A-Z/R/929.jpg
R,17,930,DTASET A-Z/R/930.jpg
R,17,931,DTASET A-Z/R/931.jpg
R,17,932,DTASET A-Z/R/932.jpg
R,17,933,DTASET A-Z/R/933.jpg
R,17,934,DTASET A-Z/R/934.jpg
R,17,935,DTASET A-Z/R/935.jpg
R,17,936,DTASET A-Z/R/936.jpg
R,17,937,DTASET A-Z/R/937.jpg
R,17,938,DTASET A-Z/R/938.jpg
R,17,939,DTASET A-Z/R/939.jpg
R,17,940,DTASET A-Z/R/940.jpg
R,17,941,DTASET A-Z/R/941.jpg
R,17,942,DTASET A-Z/R/942.jpg
R,17,943,DTASET A-Z/R/943.jpg
R,17,944,DTASET A-Z/R/944.jpg
R,17,945,DTASET A-Z/R/945.jpg
R,17,946,DTASET A-Z/R/946.jpg
R,17,947,DTASET A-Z/R/947.jpg
R,17,948,DTASET A-Z/R/948.jpg
R,17,949,DTASET A-Z/R/949.jpg
R,17,950,DTASET A-Z/R/950.jpg
R,17,951,DTASET A-Z/R/951.jpg
R,17,952,DTASET A-Z/R/952.jpg
R,17,953,DTASET A-Z/R/953.jpg
R,17,954,DTASET A-Z/R/954.jpg
R,17,955,DTASET A-Z/R/955.jpg
R,17,956,DTASET A-Z/R/956.jpg
R,17,957,DTASET A-Z/R/957.jpg
R,17,958,DTASET A-Z/R/958.jpg
R,17,959,DTASET A-Z/R/959.jpg
R,17,960,DTASET A-Z/R/960.jpg
R,17,961,DTASET A-Z/R/961.jpg
R,17,962,DTASET A-Z/R/962.jpg
R,17,963,DTASET A-Z/R/963.jpg
R,17,964,DTASET A-Z/R/964.jpg
R,17,965,DTASET A-Z/R/965.jpg
R,17,966,DTASET A-Z/R/966.jpg
R,17,967,DTASET A-Z/R/967.jpg
R,17,968,DTASET A-Z/R/968.jpg
R,17,969,DTASET A-Z/R/969.jpg
R,17,970,DTASET A-Z/R/970.jpg
R,17,971,DTASET A-Z/R/971.jpg
R,17,972,DTASET A-Z/R/972.jpg
R,17,973,DTASET A-Z/R/973.jpg
R,17,974,DTASET A-Z/R/974.jpg
R,17,975,DTASET A-Z/R/975.jpg
R,17,976,DTASET A-Z/R/976.jpg
R,17,977,DTASET A-Z/R/977.jpg
R,17,978,DTASET A-Z/R/978.jpg
R,17,979,DTASET A-Z/R/979.jpg
R,17,980,DTASET A-Z/R/980.jpg
R,17,981,DTASET A-Z/R/981.jpg
R,17,982,DTASET A-Z/R/982.jpg
R,17,983,DTASET A-Z/R/983.jpg
R,17,984,DTASET A-Z/R/984.jpg
R,17,985,DTASET A-Z/R/985.jpg
R,17,986,DTASET A-Z/R/986.jpg
R,17,987,DTASET A-Z/R/987.jpg
R,17,988,DTASET A-Z/R/988.jpg
R,17,989,DTASET A-Z/R/989.jpg
R,17,990,DTASET A-Z/R/990.jpg
R,17,991,DTASET A-Z/R/991.jpg
R,17,992,DTASET A-Z/R/992.jpg
R,17,993,DTASET A-Z/R/993.jpg
R,17,994,DTASET A-Z/R/994.jpg
R,17,995,DTASET A-Z/R/995.jpg
R,17,996,DTASET A-Z/R/996.jpg
R,17,997,DTASET A-Z/R/997.jpg
R,17,998,DTASET A-Z/R/998.jpg
R,17,999,DTASET A-Z/R/999.jpg
R,17,1000,DTASET A-Z/R/1000.jpg
R,17,1001,DTASET A-Z/R/1001.jpg
R,17,1002,DTASET A-Z/R/1002.jpg
R,17,1003,DTASET A-Z/R/1003.jpg
R,17,1004,DTASET A-Z/R/1004.jpg
R,17,1005,DTASET A-Z/R/1005.jpg
R,17,1006,DTASET A-Z/R/1006.jpg
R,17,1007,DTASET A-Z/R/1007.jpg
R,17,1008,DTASET A-Z/R/1008.jpg
R,17,1009,DTASET A-Z/R/1009.jpg
R,17,1010,DTASET A-Z/R/1010.jpg
R,17,1011,DTASET A-Z/R/1011.jpg
R,17,1012,DTASET A-Z/R/1012.jpg
R,17,1013,DTASET A-Z/R/1013.jpg
R,17,1014,DTASET A-Z/R/1014.jpg
R,17,1015,DTASET A-Z/R/1015.jpg
R,17,1016,DTASET A-Z/R/1016.jpg
R,17,1017,DTASET A-Z/R/1017.jpg
R,17,1018,DTASET A-Z/R/1018.jpg
R,17,1019,DTASET A-Z/R/1019.jpg
R,17,1020,DTASET A-Z/R/1020.jpg
R,17,1021,DTASET A-Z/R/1021.jpg
R,17,1022,DTASET A-Z/R/1022.jpg
R,17,1023,DTASET A-Z/R/1023.jpg
R,17,1024,DTASET A-Z/R/1024.jpg
R,17,1025,DTASET A-Z/R/1025.jpg
R,17,1026,DTASET A-Z/R/1026.jpg
R,17,1027,DTASET A-Z/R/1027.jpg
R,17,1028,DTASET A-Z/R/1028.jpg
R,17,1029,DTASET A-Z/R/1029.jpg
R,17,1030,DTASET A-Z/R/1030.jpg
R,17,1031,DTASET A-Z/R/1031.jpg
R,17,1032,DTASET A-Z/R/1032.jpg
R,17,1033,DTASET A-Z/R/1033.jpg
R,17,1034,DTASET A-Z/R/1034.jpg
R,17,1035,DTASET A-Z/R/1035.jpg
R,17,1036,DTASET A-Z/R/1036.jpg
R,17,1037,DTASET A-Z/R/1037.jpg
R,17,1038,DTASET A-Z/R/1038.jpg
R,17,1039,DTASET A-Z/R/1039.jpg
R,17,1040,DTASET A-Z/R/1040.jpg
R,17,1041,DTASET A-Z/R/1041.jpg
R,17,1042,DTASET A-Z/R/1042.jpg
R,17,1043,DTASET A-Z/R/1043.jpg
R,17,1044,DTASET A-Z/R/1044.jpg
R,17,1045,DTASET A-Z/R/1045.jpg
R,17,1046,DTASET A-Z/R/1046.jpg
R,17,1047,DTASET A-Z/R/1047.jpg
R,17,1048,DTASET A-Z/R/1048.jpg
R,17,1049,DTASET A-Z/R/1049.jpg
R,17,1050,DTASET A-Z/R/1050.jpg
R,17,1051,DTASET A-Z/R/1051.jpg
R,17,1052,DTASET A-Z/R/1052.jpg
R,17,1053,DTASET A-Z/R/1053.jpg
R,17,1054,DTASET A-Z/R/1054.jpg
R,17,1055,DTASET A-Z/R/1055.jpg
R,17,1056,DTASET A-Z/R/1056.jpg
R,17,1057,DTASET A-Z/R/1057.jpg
R,17,1058,DTASET A-Z/R/1058.jpg
R,17,1059,DTASET A-Z/R/1059.jpg
R,17,1060,DTASET A-Z/R/1060.jpg
R,17,1061,DTASET A-Z/R/1061.jpg
R,17,1062,DTASET A-Z/R/1062.jpg
R,17,1063,DTASET A-Z/R/1063.jpg
R,17,1064,DTASET A-Z/R/1064.jpg
R,17,1065,DTASET A-Z/R/1065.jpg
R,17,1066,DTASET A-Z/R/1066.jpg
R,17,1067,DTASET A-Z/R/1067.jpg
R,17,1068,DTASET A-Z/R/1068.jpg
R,17,1069,DTASET A-Z/R/1069.jpg
R,17,1070,DTASET A-Z/R/1070.jpg
R,17,1071,DTASET A-Z/R/1071.jpg
R,17,1072,DTASET A-Z/R/1072.jpg
R,17,1073,DTASET A-Z/R/1073.jpg
R,17,1074,DTASET A-Z/R/1074.jpg
R,17,1075,DTASET A-Z/R/1075.jpg
R,17,1076,DTASET A-Z/R/1076.jpg
R,17,1077,DTASET A-Z/R/1077.jpg
R,17,1078,DTASET A-Z/R/1078.jpg
R,17,1079,DTASET A-Z/R/1079.jpg
R,17,1080,DTASET A-Z/R/1080.jpg
R,17,1081,DTASET A-Z/R/1081.jpg
R,17,1082,DTASET A-Z/R/1082.jpg
R,17,1083,DTASET A-Z/R/1083.jpg
R,17,1084,DTASET A-Z/R/1084.jpg
R,17,1085,DTASET A-Z/R/1085.jpg
R,17,1086,DTASET A-Z/R/1086.jpg
R,17,1087,DTASET A-Z/R/1087.jpg
R,17,1088,DTASET A-Z/R/1088.jpg
R,17,1089,DTASET A-Z/R/1089.jpg
R,17,1090,DTASET A-Z/R/1090.jpg
R,17,1091,DTASET A-Z/R/1091.jpg
R,17,1092,DTASET A-Z/R/1092.jpg
R,17,1093,DTASET A-Z/R/1093.jpg
R,17,1094,DTASET A-Z/R/1094.jpg
R,17,1095,DTASET A-Z/R/1095.jpg
R,17,1096,DTASET A-Z/R/1096.jpg
R,17,1097,DTASET A-Z/R/1097.jpg
R,17,1098,DTASET A-Z/R/1098.jpg
R,17,1099,DTASET A-Z/R/1099.jpg
R,17,1100,DTASET A-Z/R/1100.jpg
R,17,1101,DTASET A-Z/R/1101.jpg
R,17,1102,DTASET A-Z/R/1102.jpg
R,17,1103,DTASET A-Z/R/1103.jpg
R,17,1104,DTASET A-Z/R/1104.jpg
R,17,1105,DTASET A-Z/R/1105.jpg
R,17,1106,DTASET A-Z/R/1106.jpg
R,17,1107,DTASET A-Z/R/1107.jpg
R,17,1108,DTASET A-Z/R/1108.jpg
R,17,1109,DTASET A-Z/R/1109.jpg
R,17,1110,DTASET A-Z/R/1110.jpg
R,17,1111,DTASET A-Z/R/1111.jpg
R,17,1112,DTASET A-Z/R/1112.jpg
R,17,1113,DTASET A-Z/R/1113.jpg
R,17,1114,DTASET A-Z/R/1114.jpg
R,17,1115,DTASET A-Z/R/1115.jpg
R,17,1116,DTASET A-Z/R/1116.jpg
R,17,1117,DTASET A-Z/R/1117.jpg
R,17,1118,DTASET A-Z/R/1118.jpg
R,17,1119,DTASET A-Z/R/1119.jpg
R,17,1120,DTASET A-Z/R/1120.jpg
R,17,1121,DTASET A-Z/R/1121.jpg
R,17,1122,DTASET A-Z/R/1122.jpg
R,17,1123,DTASET A-Z/R/1123.jpg
R,17,1124,DTASET A-Z/R/1124.jpg
R,17,1125,DTASET A-Z/R/1125.jpg
R,17,1126,DTASET A-Z/R/1126.jpg
R,17,1127,DTASET A-Z/R/1127.jpg
R,17,1128,DTASET A-Z/R/1128.jpg
R,17,1129,DTASET A-Z/R/1129.jpg
R,17,1130,DTASET A-Z/R/1130.jpg
R,17,1131,DTASET A-Z/R/1131.jpg
R,17,1132,DTASET A-Z/R/1132.jpg
R,17,1133,DTASET A-Z/R/1133.jpg
R,17,1134,DTASET A-Z/R/1134.jpg
R,17,1135,DTASET A-Z/R/1135.jpg
R,17,1136,DTASET A-Z/R/1136.jpg
R,17,1137,DTASET A-Z/R/1137.jpg
R,17,1138,DTASET A-Z/R/1138.jpg
R,17,1139,DTASET A-Z/R/1139.jpg
R,17,1140,DTASET A-Z/R/1140.jpg
R,17,1141,DTASET A-Z/R/1141.jpg
R,17,1142,DTASET A-Z/R/1142.jpg
R,17,1143,DTASET A-Z/R/1143.jpg
R,17,1144,DTASET A-Z/R/1144.jpg
R,17,1145,DTASET A-Z/R/1145.jpg
R,17,1146,DTASET A-Z/R/1146.jpg
R,17,1147,DTASET A-Z/R/1147.jpg
R,17,1148,DTASET A-Z/R/1148.jpg
R,17,1149,DTASET A-Z/R/1149.jpg
R,17,1150,DTASET A-Z/R/1150.jpg
R,17,1151,DTASET A-Z/R/1151.jpg
R,17,1152,DTASET A-Z/R/1152.jpg
R,17,1153,DTASET A-Z/R/1153.jpg
R,17,1154,DTASET A-Z/R/1154.jpg
R,17,1155,DTASET A-Z/R/1155.jpg
R,17,1156,DTASET A-Z/R/1156.jpg
R,17,1157,DTASET A-Z/R/1157.jpg
R,17,1158,DTASET A-Z/R/1158.jpg
R,17,1159,DTASET A-Z/R/1159.jpg
R,17,1160,DTASET A-Z/R/1160.jpg
R,17,1161,DTASET A-Z/R/1161.jpg
R,17,1162,DTASET A-Z/R/1162.jpg
R,17,1163,DTASET A-Z/R/1163.jpg
R,17,1164,DTASET A-Z/R/1164.jpg
R,17,1165,DTASET A-Z/R/1165.jpg
R,17,1166,DTASET A-Z/R/1166.jpg
R,17,1167,DTASET A-Z/R/1167.jpg
R,17,1168,DTASET A-Z/R/1168.jpg
R,17,1169,DTASET A-Z/R/1169.jpg
R,17,1170,DTASET A-Z/R/1170.jpg
R,17,1171,DTASET A-Z/R/1171.jpg
R,17,1172,DTASET A-Z/R/1172.jpg
R,17,1173,DTASET A-Z/R/1173.jpg
R,17,1174,DTASET A-Z/R/1174.jpg
R,17,1175,DTASET A-Z/R/1175.jpg
R,17,1176,DTASET A-Z/R/1176.jpg
R,17,1177,DTASET A-Z/R/1177.jpg
R,17,1178,DTASET A-Z/R/1178.jpg
R,17,1179,DTASET A-Z/R/1179.jpg
R,17,1180,DTASET A-Z/R/1180.jpg
R,17,1181,DTASET A-Z/R/1181.jpg
R,17,1182,DTASET A-Z/R/1182.jpg
R,17,1183,DTASET A-Z/R/1183.jpg
R,17,1184,DTASET A-Z/R/1184.jpg
R,17,1185,DTASET A-Z/R/1185.jpg
R,17,1186,DTASET A-Z/R/1186.jpg
R,17,1187,DTASET A-Z/R/1187.jpg
R,17,1188,DTASET A-Z/R/1188.jpg
R,17,1189,DTASET A-Z/R/1189.jpg
R,17,1190,DTASET A-Z/R/1190.jpg
R,17,1191,DTASET A-Z/R/1191.jpg
R,17,1192,DTASET A-Z/R/1192.jpg
R,17,1193,DTASET A-Z/R/1193.jpg
R,17,1194,DTASET A-Z/R/1194.jpg
R,17,1195,DTASET A-Z/R/1195.jpg
R,17,1196,DTASET A-Z/R/1196.jpg
R,17,1197,DTASET A-Z/R/1197.jpg
R,17,1198,DTASET A-Z/R/1198.jpg
R,17,1199,DTASET A-Z/R/1199.jpg
S,18,0,DTASET A-Z/S/0.jpg
S,18,1,DTASET A-Z/S/1.jpg
S,18,2,DTASET A-Z/S/2.jpg
S,18,3,DTASET A-Z/S/3.jpg
S,18,4,DTASET A-Z/S/4.jpg
S,18,5,DTASET A-Z/S/5.jpg
S,18,6,DTASET A-Z/S/6.jpg
S,18,7,DTASET A-Z/S/7.jpg
S,18,8,DTASET A-Z/S/8.jpg
S,18,9,DTASET A-Z/S/9.jpg
S,18,10,DTASET A-Z/S/10.jpg
S,18,11,DTASET A-Z/S/11.jpg
S,18,12,DTASET A-Z/S/12.jpg
S,18,13,DTASET A-Z/S/13.jpg
S,18,14,DTASET A-Z/S/14.jpg
S,18,15,DTASET A-Z/S/15.jpg
S,18,16,DTASET A-Z/S/16.jpg
S,18,17,DTASET A-Z/S/17.jpg
S,18,18,DTASET A-Z/S/18.jpg
S,18,19,DTASET A-Z/S/19.jpg
S,18,20,DTASET A-Z/S/20.jpg
S,18,21,DTASET A-Z/S/21.jpg
S,18,22,DTASET A-Z/S/22.jpg
S,18,23,DTASET A-Z/S/23.jpg
S,18,24,DTASET A-Z/S/24.jpg
S,18,25,DTASET A-Z/S/25.jpg
S,18,26,DTASET A-Z/S/26.jpg
S,18,27,DTASET A-Z/S/27.jpg
S,18,28,DTASET A-Z/S/28.jpg
S,18,29,DTASET A-Z/S/29.jpg
S,18,30,DTASET A-Z/S/30.jpg
S,18,31,DTASET A-Z/S/31.jpg
S,18,32,DTASET A-Z/S/32.jpg
S,18,33,DTASET A-Z/S/33.jpg
S,18,34,DTASET A-Z/S/34.jpg
S,18,35,DTASET A-Z/S/35.jpg
S,18,36,DTASET A-Z/S/36.jpg
S,18,37,DTASET A-Z/S/37.jpg
S,18,38,DTASET A-Z/S/38.jpg
S,18,39,DTASET A-Z/S/39.jpg
S,18,40,DTASET A-Z/S/40.jpg
S,18,41,DTASET A-Z/S/41.jpg
S,18,42,DTASET A-Z/S/42.jpg
S,18,43,DTASET A-Z/S/43.jpg
S,18,44,DTASET A-Z/S/44.jpg
S,18,45,DTASET A-Z/S/45.jpg
S,18,46,DTASET A-Z/S/46.jpg
S,18,47,DTASET A-Z/S/47.jpg
S,18,48,DTASET A-Z/S/48.jpg
S,18,49,DTASET A-Z/S/49.jpg
S,18,50,DTASET A-Z/S/50.jpg
S,18,51,DTASET A-Z/S/51.jpg
S,18,52,DTASET A-Z/S/52.jpg
S,18,53,DTASET A-Z/S/53.jpg
S,18,54,DTASET A-Z/S/54.jpg
S,18,55,DTASET A-Z/S/55.jpg
S,18,56,DTASET A-Z/S/56.jpg
S,18,57,DTASET A-Z/S/57.jpg
S,18,58,DTASET A-Z/S/58.jpg
S,18,59,DTASET A-Z/S/59.jpg
S,18,60,DTASET A-Z/S/60.jpg
S,18,61,DTASET A-Z/S/61.jpg
S,18,62,DTASET A-Z/S/62.jpg
S,18,63,DTASET A-Z/S/63.jpg
S,18,64,DTASET A-Z/S/64.jpg
S,18,65,DTASET A-Z/S/65.jpg
S,18,66,DTASET A-Z/S/66.jpg
S,18,67,DTASET A-Z/S/67.jpg
S,18,68,DTASET A-Z/S/68.jpg
S,18,69,DTASET A-Z/S/69.jpg
S,18,70,DTASET A-Z/S/70.jpg
S,18,71,DTASET A-Z/S/71.jpg
S,18,72,DTASET A-Z/S/72.jpg
S,18,73,DTASET A-Z/S/73.jpg
S,18,74,DTASET A-Z/S/74.jpg
S,18,75,DTASET A-Z/S/75.jpg
S,18,76,DTASET A-Z/S/76.jpg
S,18,77,DTASET A-Z/S/77.jpg
S,18,78,DTASET A-Z/S/78.jpg
S,18,79,DTASET A-Z/S/79.jpg
S,18,80,DTASET A-Z/S/80.jpg
S,18,81,DTASET A-Z/S/81.jpg
S,18,82,DTASET A-Z/S/82.jpg
S,18,83,DTASET A-Z/S/83.jpg
S,18,84,DTASET A-Z/S/84.jpg
S,18,85,DTASET A-Z/S/85.jpg
S,18,86,DTASET A-Z/S/86.jpg
S,18,87,DTASET A-Z/S/87.jpg
S,18,88,DTASET A-Z/S/88.jpg
S,18,89,DTASET A-Z/S/89.jpg
S,18,90,DTASET A-Z/S/90.jpg
S,18,91,DTASET A-Z/S/91.jpg
S,18,92,DTASET A-Z/S/92.jpg
S,18,93,DTASET A-Z/S/93.jpg
S,18,94,DTASET A-Z/S/94.jpg
S,18,95,DTASET A-Z/S/95.jpg
S,18,96,DTASET A-Z/S/96.jpg
S,18,97,DTASET A-Z/S/97.jpg
S,18,98,DTASET A-Z/S/98.jpg
S,18,99,DTASET A-Z/S/99.jpg
S,18,100,DTASET A-Z/S/100.jpg
S,18,101,DTASET A-Z/S/101.jpg
S,18,102,DTASET A-Z/S/102.jpg
S,18,103,DTASET A-Z/S/103.jpg
S,18,104,DTASET A-Z/S/104.jpg
S,18,105,DTASET A-Z/S/105.jpg
S,18,106,DTASET A-Z/S/106.jpg
S,18,107,DTASET A-Z/S/107.jpg
S,18,108,DTASET A-Z/S/108.jpg
S,18,109,DTASET A-Z/S/109.jpg
S,18,110,DTASET A-Z/S/110.jpg
S,18,111,DTASET A-Z/S/111.jpg
S,18,112,DTASET A-Z/S/112.jpg
S,18,113,DTASET A-Z/S/113.jpg
S,18,114,DTASET A-Z/S/114.jpg
S,18,115,DTASET A-Z/S/115.jpg
S,18,116,DTASET A-Z/S/116.jpg
S,18,117,DTASET A-Z/S/117.jpg
S,18,118,DTASET A-Z/S/118.jpg
S,18,119,DTASET A-Z/S/119.jpg
S,18,120,DTASET A-Z/S/120.jpg
S,18,121,DTASET A-Z/S/121.jpg
S,18,122,DTASET A-Z/S/122.jpg
S,18,123,DTASET A-Z/S/123.jpg
S,18,124,DTASET A-Z/S/124.jpg
S,18,125,DTASET A-Z/S/125.jpg
S,18,126,DTASET A-Z/S/126.jpg
S,18,127,DTASET A-Z/S/127.jpg
S,18,128,DTASET A-Z/S/128.jpg
S,18,129,DTASET A-Z/S/129.jpg
S,18,130,DTASET A-Z/S/130.jpg
S,18,131,DTASET A-Z/S/131.jpg
S,18,132,DTASET A-Z/S/132.jpg
S,18,133,DTASET A-Z/S/133.jpg
S,18,134,DTASET A-Z/S/134.jpg
S,18,135,DTASET A-Z/S/135.jpg
S,18,136,DTASET A-Z/S/136.jpg
S,18,137,DTASET A-Z/S/137.jpg
S,18,138,DTASET A-Z/S/138.jpg
S,18,139,DTASET A-Z/S/139.jpg
S,18,140,DTASET A-Z/S/140.jpg
S,18,141,DTASET A-Z/S/141.jpg
S,18,142,DTASET A-Z/S/142.jpg
S,18,143,DTASET A-Z/S/143.jpg
S,18,144,DTASET A-Z/S/144.jpg
S,18,145,DTASET A-Z/S/145.jpg
S,18,146,DTASET A-Z/S/146.jpg
S,18,147,DTASET A-Z/S/147.jpg
S,18,148,DTASET A-Z/S/148.jpg
S,18,149,DTASET A-Z/S/149.jpg
S,18,150,DTASET A-Z/S/150.jpg
S,18,151,DTASET A-Z/S/151.jpg
S,18,152,DTASET A-Z/S/152.jpg
S,18,153,DTASET A-Z/S/153.jpg
S,18,154,DTASET A-Z/S/154.jpg
S,18,155,DTASET A-Z/S/155.jpg
S,18,156,DTASET A-Z/S/156.jpg
S,18,157,DTASET A-Z/S/157.jpg
S,18,158,DTASET A-Z/S/158.jpg
S,18,159,DTASET A-Z/S/159.jpg
S,18,160,DTASET A-Z/S/160.jpg
S,18,161,DTASET A-Z/S/161.jpg
S,18,162,DTASET A-Z/S/162.jpg
S,18,163,DTASET A-Z/S/163.jpg
S,18,164,DTASET A-Z/S/164.jpg
S,18,165,DTASET A-Z/S/165.jpg
S,18,166,DTASET A-Z/S/166.jpg
S,18,167,DTASET A-Z/S/167.jpg
S,18,168,DTASET A-Z/S/168.jpg
S,18,169,DTASET A-Z/S/169.jpg
S,18,170,DTASET A-Z/S/170.jpg
S,18,171,DTASET A-Z/S/171.jpg
S,18,172,DTASET A-Z/S/172.jpg
S,18,173,DTASET A-Z/S/173.jpg
S,18,174,DTASET A-Z/S/174.jpg
S,18,175,DTASET A-Z/S/175.jpg
S,18,176,DTASET A-Z/S/176.jpg
S,18,177,DTASET A-Z/S/177.jpg
S,18,178,DTASET A-Z/S/178.jpg
S,18,179,DTASET A-Z/S/179.jpg
S,18,180,DTASET A-Z/S/180.jpg
S,18,181,DTASET A-Z/S/181.jpg
S,18,182,DTASET A-Z/S/182.jpg
S,18,183,DTASET A-Z/S/183.jpg
S,18,184,DTASET A-Z/S/184.jpg
S,18,185,DTASET A-Z/S/185.jpg
S,18,186,DTASET A-Z/S/186.jpg
S,18,187,DTASET A-Z/S/187.jpg
S,18,188,DTASET A-Z/S/188.jpg
S,18,189,DTASET A-Z/S/189.jpg
S,18,190,DTASET A-Z/S/190.jpg
S,18,191,DTASET A-Z/S/191.jpg
S,18,192,DTASET A-Z/S/192.jpg
S,18,193,DTASET A-Z/S/193.jpg
S,18,194,DTASET A-Z/S/194.jpg
S,18,195,DTASET A-Z/S/195.jpg
S,18,196,DTASET A-Z/S/196.jpg
S,18,197,DTASET A-Z/S/197.jpg
S,18,198,DTASET A-Z/S/198.jpg
S,18,199,DTASET A-Z/S/199.jpg
S,18,200,DTASET A-Z/S/200.jpg
S,18,201,DTASET A-Z/S/201.jpg
S,18,202,DTASET A-Z/S/202.jpg
S,18,203,DTASET A-Z/S/203.jpg
S,18,204,DTASET A-Z/S/204.jpg
S,18,205,DTASET A-Z/S/205.jpg
S,18,206,DTASET A-Z/S/206.jpg
S,18,207,DTASET A-Z/S/207.jpg
S,18,208,DTASET A-Z/S/208.jpg
S,18,209,DTASET A-Z/S/209.jpg
S,18,210,DTASET A-Z/S/210.jpg
S,18,211,DTASET A-Z/S/211.jpg
S,18,212,DTASET A-Z/S/212.jpg
S,18,213,DTASET A-Z/S/213.jpg
S,18,214,DTASET A-Z/S/214.jpg
S,18,215,DTASET A-Z/S/215.jpg
S,18,216,DTASET A-Z/S/216.jpg
S,18,217,DTASET A-Z/S/217.jpg
S,18,218,DTASET A-Z/S/218.jpg
S,18,219,DTASET A-Z/S/219.jpg
S,18,220,DTASET A-Z/S/220.jpg
S,18,221,DTASET A-Z/S/221.jpg
S,18,222,DTASET A-Z/S/222.jpg
S,18,223,DTASET A-Z/S/223.jpg
S,18,224,DTASET A-Z/S/224.jpg
S,18,225,DTASET A-Z/S/225.jpg
S,18,226,DTASET A-Z/S/226.jpg
S,18,227,DTASET A-Z/S/227.jpg
S,18,228,DTASET A-Z/S/228.jpg
S,18,229,DTASET A-Z/S/229.jpg
S,18,230,DTASET A-Z/S/230.jpg
S,18,231,DTASET A-Z/S/231.jpg
S,18,232,DTASET A-Z/S/232.jpg
S,18,233,DTASET A-Z/S/233.jpg
S,18,234,DTASET A-Z/S/234.jpg
S,18,235,DTASET A-Z/S/235.jpg
S,18,236,DTASET A-Z/S/236.jpg
S,18,237,DTASET A-Z/S/237.jpg
S,18,238,DTASET A-Z/S/238.jpg
S,18,239,DTASET A-Z/S/239.jpg
S,18,240,DTASET A-Z/S/240.jpg
S,18,241,DTASET A-Z/S/241.jpg
S,18,242,DTASET A-Z/S/242.jpg
S,18,243,DTASET A-Z/S/243.jpg
S,18,244,DTASET A-Z/S/244.jpg
S,18,245,DTASET A-Z/S/245.jpg
S,18,246,DTASET A-Z/S/246.jpg
S,18,247,DTASET A-Z/S/247.jpg
S,18,248,DTASET A-Z/S/248.jpg
S,18,249,DTASET A-Z/S/249.jpg
S,18,250,DTASET A-Z/S/250.jpg
S,18,251,DTASET A-Z/S/251.jpg
S,18,252,DTASET A-Z/S/252.jpg
S,18,253,DTASET A-Z/S/253.jpg
S,18,254,DTASET A-Z/S/254.jpg
S,18,255,DTASET A-Z/S/255.jpg
S,18,256,DTASET A-Z/S/256.jpg
S,18,257,DTASET A-Z/S/257.jpg
S,18,258,DTASET A-Z/S/258.jpg
S,18,259,DTASET A-Z/S/259.jpg
S,18,260,DTASET A-Z/S/260.jpg
S,18,261,DTASET A-Z/S/261.jpg
S,18,262,DTASET A-Z/S/262.jpg
S,18,263,DTASET A-Z/S/263.jpg
S,18,264,DTASET A-Z/S/264.jpg
S,18,265,DTASET A-Z/S/265.jpg
S,18,266,DTASET A-Z/S/266.jpg
S,18,267,DTASET A-Z/S/267.jpg
S,18,268,DTASET A-Z/S/268.jpg
S,18,269,DTASET A-Z/S/269.jpg
S,18,270,DTASET A-Z/S/270.jpg
S,18,271,DTASET A-Z/S/271.jpg
S,18,272,DTASET A-Z/S/272.jpg
S,18,273,DTASET A-Z/S/273.jpg
S,18,274,DTASET A-Z/S/274.jpg
S,18,275,DTASET A-Z/S/275.jpg
S,18,276,DTASET A-Z/S/276.jpg
S,18,277,DTASET A-Z/S/277.jpg
S,18,278,DTASET A-Z/S/278.jpg
S,18,279,DTASET A-Z/S/279.jpg
S,18,280,DTASET A-Z/S/280.jpg
S,18,281,DTASET A-Z/S/281.jpg
S,18,282,DTASET A-Z/S/282.jpg
S,18,283,DTASET A-Z/S/283.jpg
S,18,284,DTASET A-Z/S/284.jpg
S,18,285,DTASET A-Z/S/285.jpg
S,18,286,DTASET A-Z/S/286.jpg
S,18,287,DTASET A-Z/S/287.jpg
S,18,288,DTASET A-Z/S/288.jpg
S,18,289,DTASET A-Z/S/289.jpg
S,18,290,DTASET A-Z/S/290.jpg
S,18,291,DTASET A-Z/S/291.jpg
S,18,292,DTASET A-Z/S/292.jpg
S,18,293,DTASET A-Z/S/293.jpg
S,18,294,DTASET A-Z/S/294.jpg
S,18,295,DTASET A-Z/S/295.jpg
S,18,296,DTASET A-Z/S/296.jpg
S,18,297,DTASET A-Z/S/297.jpg
S,18,298,DTASET A-Z/S/298.jpg
S,18,299,DTASET A-Z/S/299.jpg
S,18,300,DTASET A-Z/S/300.jpg
S,18,301,DTASET A-Z/S/301.jpg
S,18,302,DTASET A-Z/S/302.jpg
S,18,303,DTASET A-Z/S/303.jpg
S,18,304,DTASET A-Z/S/304.jpg
S,18,305,DTASET A-Z/S/305.jpg
S,18,306,DTASET A-Z/S/306.jpg
S,18,307,DTASET A-Z/S/307.jpg
S,18,308,DTASET A-Z/S/308.jpg
S,18,309,DTASET A-Z/S/309.jpg
S,18,310,DTASET A-Z/S/310.jpg
S,18,311,DTASET A-Z/S/311.jpg
S,18,312,DTASET A-Z/S/312.jpg
S,18,313,DTASET A-Z/S/313.jpg
S,18,314,DTASET A-Z/S/314.jpg
S,18,315,DTASET A-Z/S/315.jpg
S,18,316,DTASET A-Z/S/316.jpg
S,18,317,DTASET A-Z/S/317.jpg
S,18,318,DTASET A-Z/S/318.jpg
S,18,319,DTASET A-Z/S/319.jpg
S,18,320,DTASET A-Z/S/320.jpg
S,18,321,DTASET A-Z/S/321.jpg
S,18,322,DTASET A-Z/S/322.jpg
S,18,323,DTASET A-Z/S/323.jpg
S,18,324,DTASET A-Z/S/324.jpg
S,18,325,DTASET A-Z/S/325.jpg
S,18,326,DTASET A-Z/S/326.jpg
S,18,327,DTASET A-Z/S/327.jpg
S,18,328,DTASET A-Z/S/328.jpg
S,18,329,DTASET A-Z/S/329.jpg
S,18,330,DTASET A-Z/S/330.jpg
S,18,331,DTASET A-Z/S/331.jpg
S,18,332,DTASET A-Z/S/332.jpg
S,18,333,DTASET A-Z/S/333.jpg
S,18,334,DTASET A-Z/S/334.jpg
S,18,335,DTASET A-Z/S/335.jpg
S,18,336,DTASET A-Z/S/336.jpg
S,18,337,DTASET A-Z/S/337.jpg
S,18,338,DTASET A-Z/S/338.jpg
S,18,339,DTASET A-Z/S/339.jpg
S,18,340,DTASET A-Z/S/340.jpg
S,18,341,DTASET A-Z/S/341.jpg
S,18,342,DTASET A-Z/S/342.jpg
S,18,343,DTASET A-Z/S/343.jpg
S,18,344,DTASET A-Z/S/344.jpg
S,18,345,DTASET A-Z/S/345.jpg
S,18,346,DTASET A-Z/S/346.jpg
S,18,347,DTASET A-Z/S/347.jpg
S,18,348,DTASET A-Z/S/348.jpg
S,18,349,DTASET A-Z/S/349.jpg
S,18,350,DTASET A-Z/S/350.jpg
S,18,351,DTASET A-Z/S/351.jpg
S,18,352,DTASET A-Z/S/352.jpg
S,18,353,DTASET A-Z/S/353.jpg
S,18,354,DTASET A-Z/S/354.jpg
S,18,355,DTASET A-Z/S/355.jpg
S,18,356,DTASET A-Z/S/356.jpg
S,18,357,DTASET A-Z/S/357.jpg
S,18,358,DTASET A-Z/S/358.jpg
S,18,359,DTASET A-Z/S/359.jpg
S,18,360,DTASET A-Z/S/360.jpg
S,18,361,DTASET A-Z/S/361.jpg
S,18,362,DTASET A-Z/S/362.jpg
S,18,363,DTASET A-Z/S/363.jpg
S,18,364,DTASET A-Z/S/364.jpg
S,18,365,DTASET A-Z/S/365.jpg
S,18,366,DTASET A-Z/S/366.jpg
S,18,367,DTASET A-Z/S/367.jpg
S,18,368,DTASET A-Z/S/368.jpg
S,18,369,DTASET A-Z/S/369.jpg
S,18,370,DTASET A-Z/S/370.jpg
S,18,371,DTASET A-Z/S/371.jpg
S,18,372,DTASET A-Z/S/372.jpg
S,18,373,DTASET A-Z/S/373.jpg
S,18,374,DTASET A-Z/S/374.jpg
S,18,375,DTASET A-Z/S/375.jpg
S,18,376,DTASET A-Z/S/376.jpg
S,18,377,DTASET A-Z/S/377.jpg
S,18,378,DTASET A-Z/S/378.jpg
S,18,379,DTASET A-Z/S/379.jpg
S,18,380,DTASET A-Z/S/380.jpg
S,18,381,DTASET A-Z/S/381.jpg
S,18,382,DTASET A-Z/S/382.jpg
S,18,383,DTASET A-Z/S/383.jpg
S,18,384,DTASET A-Z/S/384.jpg
S,18,385,DTASET A-Z/S/385.jpg
S,18,386,DTASET A-Z/S/386.jpg
S,18,387,DTASET A-Z/S/387.jpg
S,18,388,DTASET A-Z/S/388.jpg
S,18,389,DTASET A-Z/S/389.jpg
S,18,390,DTASET A-Z/S/390.jpg
S,18,391,DTASET A-Z/S/391.jpg
S,18,392,DTASET A-Z/S/392.jpg
S,18,393,DTASET A-Z/S/393.jpg
S,18,394,DTASET A-Z/S/394.jpg
S,18,395,DTASET A-Z/S/395.jpg
S,18,396,DTASET A-Z/S/396.jpg
S,18,397,DTASET A-Z/S/397.jpg
S,18,398,DTASET A-Z/S/398.jpg
S,18,399,DTASET A-Z/S/399.jpg
S,18,400,DTASET A-Z/S/400.jpg
S,18,401,DTASET A-Z/S/401.jpg
S,18,402,DTASET A-Z/S/402.jpg
S,18,403,DTASET A-Z/S/403.jpg
S,18,404,DTASET A-Z/S/404.jpg
S,18,405,DTASET A-Z/S/405.jpg
S,18,406,DTASET A-Z/S/406.jpg
S,18,407,DTASET A-Z/S/407.jpg
S,18,408,DTASET A-Z/S/408.jpg
S,18,409,DTASET A-Z/S/409.jpg
S,18,410,DTASET A-Z/S/410.jpg
S,18,411,DTASET A-Z/S/411.jpg
S,18,412,DTASET A-Z/S/412.jpg
S,18,413,DTASET A-Z/S/413.jpg
S,18,414,DTASET A-Z/S/414.jpg
S,18,415,DTASET A-Z/S/415.jpg
S,18,416,DTASET A-Z/S/416.jpg
S,18,417,DTASET A-Z/S/417.jpg
S,18,418,DTASET A-Z/S/418.jpg
S,18,419,DTASET A-Z/S/419.jpg
S,18,420,DTASET A-Z/S/420.jpg
S,18,421,DTASET A-Z/S/421.jpg
S,18,422,DTASET A-Z/S/422.jpg
S,18,423,DTASET A-Z/S/423.jpg
S,18,424,DTASET A-Z/S/424.jpg
S,18,425,DTASET A-Z/S/425.jpg
S,18,426,DTASET A-Z/S/426.jpg
S,18,427,DTASET A-Z/S/427.jpg
S,18,428,DTASET A-Z/S/428.jpg
S,18,429,DTASET A-Z/S/429.jpg
S,18,430,DTASET A-Z/S/430.jpg
S,18,431,DTASET A-Z/S/431.jpg
S,18,432,DTASET A-Z/S/432.jpg
S,18,433,DTASET A-Z/S/433.jpg
S,18,434,DTASET A-Z/S/434.jpg
S,18,435,DTASET A-Z/S/435.jpg
S,18,436,DTASET A-Z/S/436.jpg
S,18,437,DTASET A-Z/S/437.jpg
S,18,438,DTASET A-Z/S/438.jpg
S,18,439,DTASET A-Z/S/439.jpg
S,18,440,DTASET A-Z/S/440.jpg
S,18,441,DTASET A-Z/S/441.jpg
S,18,442,DTASET A-Z/S/442.jpg
S,18,443,DTASET A-Z/S/443.jpg
S,18,444,DTASET A-Z/S/444.jpg
S,18,445,DTASET A-Z/S/445.jpg
S,18,446,DTASET A-Z/S/446.jpg
S,18,447,DTASET A-Z/S/447.jpg
S,18,448,DTASET A-Z/S/448.jpg
S,18,449,DTASET A-Z/S/449.jpg
S,18,450,DTASET A-Z/S/450.jpg
S,18,451,DTASET A-Z/S/451.jpg
S,18,452,DTASET A-Z/S/452.jpg
S,18,453,DTASET A-Z/S/453.jpg
S,18,454,DTASET A-Z/S/454.jpg
S,18,455,DTASET A-Z/S/455.jpg
S,18,456,DTASET A-Z/S/456.jpg
S,18,457,DTASET A-Z/S/457.jpg
S,18,458,DTASET A-Z/S/458.jpg
S,18,459,DTASET A-Z/S/459.jpg
S,18,460,DTASET A-Z/S/460.jpg
S,18,461,DTASET A-Z/S/461.jpg
S,18,462,DTASET A-Z/S/462.jpg
S,18,463,DTASET A-Z/S/463.jpg
S,18,464,DTASET A-Z/S/464.jpg
S,18,465,DTASET A-Z/S/465.jpg
S,18,466,DTASET A-Z/S/466.jpg
S,18,467,DTASET A-Z/S/467.jpg
S,18,468,DTASET A-Z/S/468.jpg
S,18,469,DTASET A-Z/S/469.jpg
S,18,470,DTASET A-Z/S/470.jpg
S,18,471,DTASET A-Z/S/471.jpg
S,18,472,DTASET A-Z/S/472.jpg
S,18,473,DTASET A-Z/S/473.jpg
S,18,474,DTASET A-Z/S/474.jpg
S,18,475,DTASET A-Z/S/475.jpg
S,18,476,DTASET A-Z/S/476.jpg
S,18,477,DTASET A-Z/S/477.jpg
S,18,478,DTASET A-Z/S/478.jpg
S,18,479,DTASET A-Z/S/479.jpg
S,18,480,DTASET A-Z/S/480.jpg
S,18,481,DTASET A-Z/S/481.jpg
S,18,482,DTASET A-Z/S/482.jpg
S,18,483,DTASET A-Z/S/483.jpg
S,18,484,DTASET A-Z/S/484.jpg
S,18,485,DTASET A-Z/S/485.jpg
S,18,486,DTASET A-Z/S/486.jpg
S,18,487,DTASET A-Z/S/487.jpg
S,18,488,DTASET A-Z/S/488.jpg
S,18,489,DTASET A-Z/S/489.jpg
S,18,490,DTASET A-Z/S/490.jpg
S,18,491,DTASET A-Z/S/491.jpg
S,18,492,DTASET A-Z/S/492.jpg
S,18,493,DTASET A-Z/S/493.jpg
S,18,494,DTASET A-Z/S/494.jpg
S,18,495,DTASET A-Z/S/495.jpg
S,18,496,DTASET A-Z/S/496.jpg
S,18,497,DTASET A-Z/S/497.jpg
S,18,498,DTASET A-Z/S/498.jpg
S,18,499,DTASET A-Z/S/499.jpg
S,18,500,DTASET A-Z/S/500.jpg
S,18,501,DTASET A-Z/S/501.jpg
S,18,502,DTASET A-Z/S/502.jpg
S,18,503,DTASET A-Z/S/503.jpg
S,18,504,DTASET A-Z/S/504.jpg
S,18,505,DTASET A-Z/S/505.jpg
S,18,506,DTASET A-Z/S/506.jpg
S,18,507,DTASET A-Z/S/507.jpg
S,18,508,DTASET A-Z/S/508.jpg
S,18,509,DTASET A-Z/S/509.jpg
S,18,510,DTASET A-Z/S/510.jpg
S,18,511,DTASET A-Z/S/511.jpg
S,18,512,DTASET A-Z/S/512.jpg
S,18,513,DTASET A-Z/S/513.jpg
S,18,514,DTASET A-Z/S/514.jpg
S,18,515,DTASET A-Z/S/515.jpg
S,18,516,DTASET A-Z/S/516.jpg
S,18,517,DTASET A-Z/S/517.jpg
S,18,518,DTASET A-Z/S/518.jpg
S,18,519,DTASET A-Z/S/519.jpg
S,18,520,DTASET A-Z/S/520.jpg
S,18,521,DTASET A-Z/S/521.jpg
S,18,522,DTASET A-Z/S/522.jpg
S,18,523,DTASET A-Z/S/523.jpg
S,18,524,DTASET A-Z/S/524.jpg
S,18,525,DTASET A-Z/S/525.jpg
S,18,526,DTASET A-Z/S/526.jpg
S,18,527,DTASET A-Z/S/527.jpg
S,18,528,DTASET A-Z/S/528.jpg
S,18,529,DTASET A-Z/S/529.jpg
S,18,530,DTASET A-Z/S/530.jpg
S,18,531,DTASET A-Z/S/531.jpg
S,18,532,DTASET A-Z/S/532.jpg
S,18,533,DTASET A-Z/S/533.jpg
S,18,534,DTASET A-Z/S/534.jpg
S,18,535,DTASET A-Z/S/535.jpg
S,18,536,DTASET A-Z/S/536.jpg
S,18,537,DTASET A-Z/S/537.jpg
S,18,538,DTASET A-Z/S/538.jpg
S,18,539,DTASET A-Z/S/539.jpg
S,18,540,DTASET A-Z/S/540.jpg
S,18,541,DTASET A-Z/S/541.jpg
S,18,542,DTASET A-Z/S/542.jpg
S,18,543,DTASET A-Z/S/543.jpg
S,18,544,DTASET A-Z/S/544.jpg
S,18,545,DTASET A-Z/S/545.jpg
S,18,546,DTASET A-Z/S/546.jpg
S,18,547,DTASET A-Z/S/547.jpg
S,18,548,DTASET A-Z/S/548.jpg
S,18,549,DTASET A-Z/S/549.jpg
S,18,550,DTASET A-Z/S/550.jpg
S,18,551,DTASET A-Z/S/551.jpg
S,18,552,DTASET A-Z/S/552.jpg
S,18,553,DTASET A-Z/S/553.jpg
S,18,554,DTASET A-Z/S/554.jpg
S,18,555,DTASET A-Z/S/555.jpg
S,18,556,DTASET A-Z/S/556.jpg
S,18,557,DTASET A-Z/S/557.jpg
S,18,558,DTASET A-Z/S/558.jpg
S,18,559,DTASET A-Z/S/559.jpg
S,18,560,DTASET A-Z/S/560.jpg
S,18,561,DTASET A-Z/S/561.jpg
S,18,562,DTASET A-Z/S/562.jpg
S,18,563,DTASET A-Z/S/563.jpg
S,18,564,DTASET A-Z/S/564.jpg
S,18,565,DTASET A-Z/S/565.jpg
S,18,566,DTASET A-Z/S/566.jpg
S,18,567,DTASET A-Z/S/567.jpg
S,18,568,DTASET A-Z/S/568.jpg
S,18,569,DTASET A-Z/S/569.jpg
S,18,570,DTASET A-Z/S/570.jpg
S,18,571,DTASET A-Z/S/571.jpg
S,18,572,DTASET A-Z/S/572.jpg
S,18,573,DTASET A-Z/S/573.jpg
S,18,574,DTASET A-Z/S/574.jpg
S,18,575,DTASET A-Z/S/575.jpg
S,18,576,DTASET A-Z/S/576.jpg
S,18,577,DTASET A-Z/S/577.jpg
S,18,578,DTASET A-Z/S/578.jpg
S,18,579,DTASET A-Z/S/579.jpg
S,18,580,DTASET A-Z/S/580.jpg
S,18,581,DTASET A-Z/S/581.jpg
S,18,582,DTASET A-Z/S/582.jpg
S,18,583,DTASET A-Z/S/583.jpg
S,18,584,DTASET A-Z/S/584.jpg
S,18,585,DTASET A-Z/S/585.jpg
S,18,586,DTASET A-Z/S/586.jpg
S,18,587,DTASET A-Z/S/587.jpg
S,18,588,DTASET A-Z/S/588.jpg
S,18,589,DTASET A-Z/S/589.jpg
S,18,590,DTASET A-Z/S/590.jpg
S,18,591,DTASET A-Z/S/591.jpg
S,18,592,DTASET A-Z/S/592.jpg
S,18,593,DTASET A-Z/S/593.jpg
S,18,594,DTASET A-Z/S/594.jpg
S,18,595,DTASET A-Z/S/595.jpg
S,18,596,DTASET A-Z/S/596.jpg
S,18,597,DTASET A-Z/S/597.jpg
S,18,598,DTASET A-Z/S/598.jpg
S,18,599,DTASET A-Z/S/599.jpg
S,18,600,DTASET A-Z/S/600.jpg
S,18,601,DTASET A-Z/S/601.jpg
S,18,602,DTASET A-Z/S/602.jpg
S,18,603,DTASET A-Z/S/603.jpg
S,18,604,DTASET A-Z/S/604.jpg
S,18,605,DTASET A-Z/S/605.jpg
S,18,606,DTASET A-Z/S/606.jpg
S,18,607,DTASET A-Z/S/607.jpg
S,18,608,DTASET A-Z/S/608.jpg
S,18,609,DTASET A-Z/S/609.jpg
S,18,610,DTASET A-Z/S/610.jpg
S,18,611,DTASET A-Z/S/611.jpg
S,18,612,DTASET A-Z/S/612.jpg
S,18,613,DTASET A-Z/S/613.jpg
S,18,614,DTASET A-Z/S/614.jpg
S,18,615,DTASET A-Z/S/615.jpg
S,18,616,DTASET A-Z/S/616.jpg
S,18,617,DTASET A-Z/S/617.jpg
S,18,618,DTASET A-Z/S/618.jpg
S,18,619,DTASET A-Z/S/619.jpg
S,18,620,DTASET A-Z/S/620.jpg
S,18,621,DTASET A-Z/S/621.jpg
S,18,622,DTASET A-Z/S/622.jpg
S,18,623,DTASET A-Z/S/623.jpg
S,18,624,DTASET A-Z/S/624.jpg
S,18,625,DTASET A-Z/S/625.jpg
S,18,626,DTASET A-Z/S/626.jpg
S,18,627,DTASET A-Z/S/627.jpg
S,18,628,DTASET A-Z/S/628.jpg
S,18,629,DTASET A-Z/S/629.jpg
S,18,630,DTASET A-Z/S/630.jpg
S,18,631,DTASET A-Z/S/631.jpg
S,18,632,DTASET A-Z/S/632.jpg
S,18,633,DTASET A-Z/S/633.jpg
S,18,634,DTASET A-Z/S/634.jpg
S,18,635,DTASET A-Z/S/635.jpg
S,18,636,DTASET A-Z/S/636.jpg
S,18,637,DTASET A-Z/S/637.jpg
S,18,638,DTASET A-Z/S/638.jpg
S,18,639,DTASET A-Z/S/639.jpg
S,18,640,DTASET A-Z/S/640.jpg
S,18,641,DTASET A-Z/S/641.jpg
S,18,642,DTASET A-Z/S/642.jpg
S,18,643,DTASET A-Z/S/643.jpg
S,18,644,DTASET A-Z/S/644.jpg
S,18,645,DTASET A-Z/S/645.jpg
S,18,646,DTASET A-Z/S/646.jpg
S,18,647,DTASET A-Z/S/647.jpg
S,18,648,DTASET A-Z/S/648.jpg
S,18,649,DTASET A-Z/S/649.jpg
S,18,650,DTASET A-Z/S/650.jpg
S,18,651,DTASET A-Z/S/651.jpg
S,18,652,DTASET A-Z/S/652.jpg
S,18,653,DTASET A-Z/S/653.jpg
S,18,654,DTASET A-Z/S/654.jpg
S,18,655,DTASET A-Z/S/655.jpg
S,18,656,DTASET A-Z/S/656.jpg
S,18,657,DTASET A-Z/S/657.jpg
S,18,658,DTASET A-Z/S/658.jpg
S,18,659,DTASET A-Z/S/659.jpg
S,18,660,DTASET A-Z/S/660.jpg
S,18,661,DTASET A-Z/S/661.jpg
S,18,662,DTASET A-Z/S/662.jpg
S,18,663,DTASET A-Z/S/663.jpg
S,18,664,DTASET A-Z/S/664.jpg
S,18,665,DTASET A-Z/S/665.jpg
S,18,666,DTASET A-Z/S/666.jpg
S,18,667,DTASET A-Z/S/667.jpg
S,18,668,DTASET A-Z/S/668.jpg
S,18,669,DTASET A-Z/S/669.jpg
S,18,670,DTASET A-Z/S/670.jpg
S,18,671,DTASET A-Z/S/671.jpg
S,18,672,DTASET A-Z/S/672.jpg
S,18,673,DTASET A-Z/S/673.jpg
S,18,674,DTASET A-Z/S/674.jpg
S,18,675,DTASET A-Z/S/675.jpg
S,18,676,DTASET A-Z/S/676.jpg
S,18,677,DTASET A-Z/S/677.jpg
S,18,678,DTASET A-Z/S/678.jpg
S,18,679,DTASET A-Z/S/679.jpg
S,18,680,DTASET A-Z/S/680.jpg
S,18,681,DTASET A-Z/S/681.jpg
S,18,682,DTASET A-Z/S/682.jpg
S,18,683,DTASET A-Z/S/683.jpg
S,18,684,DTASET A-Z/S/684.jpg
S,18,685,DTASET A-Z/S/685.jpg
S,18,686,DTASET A-Z/S/686.jpg
S,18,687,DTASET A-Z/S/687.jpg
S,18,688,DTASET A-Z/S/688.jpg
S,18,689,DTASET A-Z/S/689.jpg
S,18,690,DTASET A-Z/S/690.jpg
S,18,691,DTASET A-Z/S/691.jpg
S,18,692,DTASET A-Z/S/692.jpg
S,18,693,DTASET A-Z/S/693.jpg
S,18,694,DTASET A-Z/S/694.jpg
S,18,695,DTASET A-Z/S/695.jpg
S,18,696,DTASET A-Z/S/696.jpg
S,18,697,DTASET A-Z/S/697.jpg
S,18,698,DTASET A-Z/S/698.jpg
S,18,699,DTASET A-Z/S/699.jpg
S,18,700,DTASET A-Z/S/700.jpg
S,18,701,DTASET A-Z/S/701.jpg
S,18,702,DTASET A-Z/S/702.jpg
S,18,703,DTASET A-Z/S/703.jpg
S,18,704,DTASET A-Z/S/704.jpg
S,18,705,DTASET A-Z/S/705.jpg
S,18,706,DTASET A-Z/S/706.jpg
S,18,707,DTASET A-Z/S/707.jpg
S,18,708,DTASET A-Z/S/708.jpg
S,18,709,DTASET A-Z/S/709.jpg
S,18,710,DTASET A-Z/S/710.jpg
S,18,711,DTASET A-Z/S/711.jpg
S,18,712,DTASET A-Z/S/712.jpg
S,18,713,DTASET A-Z/S/713.jpg
S,18,714,DTASET A-Z/S/714.jpg
S,18,715,DTASET A-Z/S/715.jpg
S,18,716,DTASET A-Z/S/716.jpg
S,18,717,DTASET A-Z/S/717.jpg
S,18,718,DTASET A-Z/S/718.jpg
S,18,719,DTASET A-Z/S/719.jpg
S,18,720,DTASET A-Z/S/720.jpg
S,18,721,DTASET A-Z/S/721.jpg
S,18,722,DTASET A-Z/S/722.jpg
S,18,723,DTASET A-Z/S/723.jpg
S,18,724,DTASET A-Z/S/724.jpg
S,18,725,DTASET A-Z/S/725.jpg
S,18,726,DTASET A-Z/S/726.jpg
S,18,727,DTASET A-Z/S/727.jpg
S,18,728,DTASET A-Z/S/728.jpg
S,18,729,DTASET A-Z/S/729.jpg
S,18,730,DTASET A-Z/S/730.jpg
S,18,731,DTASET A-Z/S/731.jpg
S,18,732,DTASET A-Z/S/732.jpg
S,18,733,DTASET A-Z/S/733.jpg
S,18,734,DTASET A-Z/S/734.jpg
S,18,735,DTASET A-Z/S/735.jpg
S,18,736,DTASET A-Z/S/736.jpg
S,18,737,DTASET A-Z/S/737.jpg
S,18,738,DTASET A-Z/S/738.jpg
S,18,739,DTASET A-Z/S/739.jpg
S,18,740,DTASET A-Z/S/740.jpg
S,18,741,DTASET A-Z/S/741.jpg
S,18,742,DTASET A-Z/S/742.jpg
S,18,743,DTASET A-Z/S/743.jpg
S,18,744,DTASET A-Z/S/744.jpg
S,18,745,DTASET A-Z/S/745.jpg
S,18,746,DTASET A-Z/S/746.jpg
S,18,747,DTASET A-Z/S/747.jpg
S,18,748,DTASET A-Z/S/748.jpg
S,18,749,DTASET A-Z/S/749.jpg
S,18,750,DTASET A-Z/S/750.jpg
S,18,751,DTASET A-Z/S/751.jpg
S,18,752,DTASET A-Z/S/752.jpg
S,18,753,DTASET A-Z/S/753.jpg
S,18,754,DTASET A-Z/S/754.jpg
S,18,755,DTASET A-Z/S/755.jpg
S,18,756,DTASET A-Z/S/756.jpg
S,18,757,DTASET A-Z/S/757.jpg
S,18,758,DTASET A-Z/S/758.jpg
S,18,759,DTASET A-Z/S/759.jpg
S,18,760,DTASET A-Z/S/760.jpg
S,18,761,DTASET A-Z/S/761.jpg
S,18,762,DTASET A-Z/S/762.jpg
S,18,763,DTASET A-Z/S/763.jpg
S,18,764,DTASET A-Z/S/764.jpg
S,18,765,DTASET A-Z/S/765.jpg
S,18,766,DTASET A-Z/S/766.jpg
S,18,767,DTASET A-Z/S/767.jpg
S,18,768,DTASET A-Z/S/768.jpg
S,18,769,DTASET A-Z/S/769.jpg
S,18,770,DTASET A-Z/S/770.jpg
S,18,771,DTASET A-Z/S/771.jpg
S,18,772,DTASET A-Z/S/772.jpg
S,18,773,DTASET A-Z/S/773.jpg
S,18,774,DTASET A-Z/S/774.jpg
S,18,775,DTASET A-Z/S/775.jpg
S,18,776,DTASET A-Z/S/776.jpg
S,18,777,DTASET A-Z/S/777.jpg
S,18,778,DTASET A-Z/S/778.jpg
S,18,779,DTASET A-Z/S/779.jpg
S,18,780,DTASET A-Z/S/780.jpg
S,18,781,DTASET A-Z/S/781.jpg
S,18,782,DTASET A-Z/S/782.jpg
S,18,783,DTASET A-Z/S/783.jpg
S,18,784,DTASET A-Z/S/784.jpg
S,18,785,DTASET A-Z/S/785.jpg
S,18,786,DTASET A-Z/S/786.jpg
S,18,787,DTASET A-Z/S/787.jpg
S,18,788,DTASET A-Z/S/788.jpg
S,18,789,DTASET A-Z/S/789.jpg
S,18,790,DTASET A-Z/S/790.jpg
S,18,791,DTASET A-Z/S/791.jpg
S,18,792,DTASET A-Z/S/792.jpg
S,18,793,DTASET A-Z/S/793.jpg
S,18,794,DTASET A-Z/S/794.jpg
S,18,795,DTASET A-Z/S/795.jpg
S,18,796,DTASET A-Z/S/796.jpg
S,18,797,DTASET A-Z/S/797.jpg
S,18,798,DTASET A-Z/S/798.jpg
S,18,799,DTASET A-Z/S/799.jpg
S,18,800,DTASET A-Z/S/800.jpg
S,18,801,DTASET A-Z/S/801.jpg
S,18,802,DTASET A-Z/S/802.jpg
S,18,803,DTASET A-Z/S/803.jpg
S,18,804,DTASET A-Z/S/804.jpg
S,18,805,DTASET A-Z/S/805.jpg
S,18,806,DTASET A-Z/S/806.jpg
S,18,807,DTASET A-Z/S/807.jpg
S,18,808,DTASET A-Z/S/808.jpg
S,18,809,DTASET A-Z/S/809.jpg
S,18,810,DTASET A-Z/S/810.jpg
S,18,811,DTASET A-Z/S/811.jpg
S,18,812,DTASET A-Z/S/812.jpg
S,18,813,DTASET A-Z/S/813.jpg
S,18,814,DTASET A-Z/S/814.jpg
S,18,815,DTASET A-Z/S/815.jpg
S,18,816,DTASET A-Z/S/816.jpg
S,18,817,DTASET A-Z/S/817.jpg
S,18,818,DTASET A-Z/S/818.jpg
S,18,819,DTASET A-Z/S/819.jpg
S,18,820,DTASET A-Z/S/820.jpg
S,18,821,DTASET A-Z/S/821.jpg
S,18,822,DTASET A-Z/S/822.jpg
S,18,823,DTASET A-Z/S/823.jpg
S,18,824,DTASET A-Z/S/824.jpg
S,18,825,DTASET A-Z/S/825.jpg
S,18,826,DTASET A-Z/S/826.jpg
S,18,827,DTASET A-Z/S/827.jpg
S,18,828,DTASET A-Z/S/828.jpg
S,18,829,DTASET A-Z/S/829.jpg
S,18,830,DTASET A-Z/S/830.jpg
S,18,831,DTASET A-Z/S/831.jpg
S,18,832,DTASET A-Z/S/832.jpg
S,18,833,DTASET A-Z/S/833.jpg
S,18,834,DTASET A-Z/S/834.jpg
S,18,835,DTASET A-Z/S/835.jpg
S,18,836,DTASET A-Z/S/836.jpg
S,18,837,DTASET A-Z/S/837.jpg
S,18,838,DTASET A-Z/S/838.jpg
S,18,839,DTASET A-Z/S/839.jpg
S,18,840,DTASET A-Z/S/840.jpg
S,18,841,DTASET A-Z/S/841.jpg
S,18,842,DTASET A-Z/S/842.jpg
S,18,843,DTASET A-Z/S/843.jpg
S,18,844,DTASET A-Z/S/844.jpg
S,18,845,DTASET A-Z/S/845.jpg
S,18,846,DTASET A-Z/S/846.jpg
S,18,847,DTASET A-Z/S/847.jpg
S,18,848,DTASET A-Z/S/848.jpg
S,18,849,DTASET A-Z/S/849.jpg
S,18,850,DTASET A-Z/S/850.jpg
S,18,851,DTASET A-Z/S/851.jpg
S,18,852,DTASET A-Z/S/852.jpg
S,18,853,DTASET A-Z/S/853.jpg
S,18,854,DTASET A-Z/S/854.jpg
S,18,855,DTASET A-Z/S/855.jpg
S,18,856,DTASET A-Z/S/856.jpg
S,18,857,DTASET A-Z/S/857.jpg
S,18,858,DTASET A-Z/S/858.jpg
S,18,859,DTASET A-Z/S/859.jpg
S,18,860,DTASET A-Z/S/860.jpg
S,18,861,DTASET A-Z/S/861.jpg
S,18,862,DTASET A-Z/S/862.jpg
S,18,863,DTASET A-Z/S/863.jpg
S,18,864,DTASET A-Z/S/864.jpg
S,18,865,DTASET A-Z/S/865.jpg
S,18,866,DTASET A-Z/S/866.jpg
S,18,867,DTASET A-Z/S/867.jpg
S,18,868,DTASET A-Z/S/868.jpg
S,18,869,DTASET A-Z/S/869.jpg
S,18,870,DTASET A-Z/S/870.jpg
S,18,871,DTASET A-Z/S/871.jpg
S,18,872,DTASET A-Z/S/872.jpg
S,18,873,DTASET A-Z/S/873.jpg
S,18,874,DTASET A-Z/S/874.jpg
S,18,875,DTASET A-Z/S/875.jpg
S,18,876,DTASET A-Z/S/876.jpg
S,18,877,DTASET A-Z/S/877.jpg
S,18,878,DTASET A-Z/S/878.jpg
S,18,879,DTASET A-Z/S/879.jpg
S,18,880,DTASET A-Z/S/880.jpg
S,18,881,DTASET A-Z/S/881.jpg
S,18,882,DTASET A-Z/S/882.jpg
S,18,883,DTASET A-Z/S/883.jpg
S,18,884,DTASET A-Z/S/884.jpg
S,18,885,DTASET A-Z/S/885.jpg
S,18,886,DTASET A-Z/S/886.jpg
S,18,887,DTASET A-Z/S/887.jpg
S,18,888,DTASET A-Z/S/888.jpg
S,18,889,DTASET A-Z/S/889.jpg
S,18,890,DTASET A-Z/S/890.jpg
S,18,891,DTASET A-Z/S/891.jpg
S,18,892,DTASET A-Z/S/892.jpg
S,18,893,DTASET A-Z/S/893.jpg
S,18,894,DTASET A-Z/S/894.jpg
S,18,895,DTASET A-Z/S/895.jpg
S,18,896,DTASET A-Z/S/896.jpg
S,18,897,DTASET A-Z/S/897.jpg
S,18,898,DTASET A-Z/S/898.jpg
S,18,899,DTASET A-Z/S/899.jpg
S,18,900,DTASET A-Z/S/900.jpg
S,18,901,DTASET A-Z/S/901.jpg
S,18,902,DTASET A-Z/S/902.jpg
S,18,903,DTASET A-Z/S/903.jpg
S,18,904,DTASET A-Z/S/904.jpg
S,18,905,DTASET A-Z/S/905.jpg
S,18,906,DTASET A-Z/S/906.jpg
S,18,907,DTASET A-Z/S/907.jpg
S,18,908,DTASET A-Z/S/908.jpg
S,18,909,DTASET A-Z/S/909.jpg
S,18,910,DTASET A-Z/S/910.jpg
S,18,911,DTASET A-Z/S/911.jpg
S,18,912,DTASET A-Z/S/912.jpg
S,18,913,DTASET A-Z/S/913.jpg
S,18,914,DTASET A-Z/S/914.jpg
S,18,915,DTASET A-Z/S/915.jpg
S,18,916,DTASET A-Z/S/916.jpg
S,18,917,DTASET A-Z/S/917.jpg
S,18,918,DTASET A-Z/S/918.jpg
S,18,919,DTASET A-Z/S/919.jpg
S,18,920,DTASET A-Z/S/920.jpg
S,18,921,DTASET A-Z/S/921.jpg
S,18,922,DTASET A-Z/S/922.jpg
S,18,923,DTASET A-Z/S/923.jpg
S,18,924,DTASET A-Z/S/924.jpg
S,18,925,DTASET A-Z/S/925.jpg
S,18,926,DTASET A-Z/S/926.jpg
S,18,927,DTASET A-Z/S/927.jpg
S,18,928,DTASET A-Z/S/928.jpg
S,18,929,DTASET A-Z/S/929.jpg
S,18,930,DTASET A-Z/S/930.jpg
S,18,931,DTASET A-Z/S/931.jpg
S,18,932,DTASET A-Z/S/932.jpg
S,18,933,DTASET A-Z/S/933.jpg
S,18,934,DTASET A-Z/S/934.jpg
S,18,935,DTASET A-Z/S/935.jpg
S,18,936,DTASET A-Z/S/936.jpg
S,18,937,DTASET A-Z/S/937.jpg
S,18,938,DTASET A-Z/S/938.jpg
S,18,939,DTASET A-Z/S/939.jpg
S,18,940,DTASET A-Z/S/940.jpg
S,18,941,DTASET A-Z/S/941.jpg
S,18,942,DTASET A-Z/S/942.jpg
S,18,943,DTASET A-Z/S/943.jpg
S,18,944,DTASET A-Z/S/944.jpg
S,18,945,DTASET A-Z/S/945.jpg
S,18,946,DTASET A-Z/S/946.jpg
S,18,947,DTASET A-Z/S/947.jpg
S,18,948,DTASET A-Z/S/948.jpg
S,18,949,DTASET A-Z/S/949.jpg
S,18,950,DTASET A-Z/S/950.jpg
S,18,951,DTASET A-Z/S/951.jpg
S,18,952,DTASET A-Z/S/952.jpg
S,18,953,DTASET A-Z/S/953.jpg
S,18,954,DTASET A-Z/S/954.jpg
S,18,955,DTASET A-Z/S/955.jpg
S,18,956,DTASET A-Z/S/956.jpg
S,18,957,DTASET A-Z/S/957.jpg
S,18,958,DTASET A-Z/S/958.jpg
S,18,959,DTASET A-Z/S/959.jpg
S,18,960,DTASET A-Z/S/960.jpg
S,18,961,DTASET A-Z/S/961.jpg
S,18,962,DTASET A-Z/S/962.jpg
S,18,963,DTASET A-Z/S/963.jpg
S,18,964,DTASET A-Z/S/964.jpg
S,18,965,DTASET A-Z/S/965.jpg
S,18,966,DTASET A-Z/S/966.jpg
S,18,967,DTASET A-Z/S/967.jpg
S,18,968,DTASET A-Z/S/968.jpg
S,18,969,DTASET A-Z/S/969.jpg
S,18,970,DTASET A-Z/S/970.jpg
S,18,971,DTASET A-Z/S/971.jpg
S,18,972,DTASET A-Z/S/972.jpg
S,18,973,DTASET A-Z/S/973.jpg
S,18,974,DTASET A-Z/S/974.jpg
S,18,975,DTASET A-Z/S/975.jpg
S,18,976,DTASET A-Z/S/976.jpg
S,18,977,DTASET A-Z/S/977.jpg
S,18,978,DTASET A-Z/S/978.jpg
S,18,979,DTASET A-Z/S/979.jpg
S,18,980,DTASET A-Z/S/980.jpg
S,18,981,DTASET A-Z/S/981.jpg
S,18,982,DTASET A-Z/S/982.jpg
S,18,983,DTASET A-Z/S/983.jpg
S,18,984,DTASET A-Z/S/984.jpg
S,18,985,DTASET A-Z/S/985.jpg
S,18,986,DTASET A-Z/S/986.jpg
S,18,987,DTASET A-Z/S/987.jpg
S,18,988,DTASET A-Z/S/988.jpg
S,18,989,DTASET A-Z/S/989.jpg
S,18,990,DTASET A-Z/S/990.jpg
S,18,991,DTASET A-Z/S/991.jpg
S,18,992,DTASET A-Z/S/992.jpg
S,18,993,DTASET A-Z/S/993.jpg
S,18,994,DTASET A-Z/S/994.jpg
S,18,995,DTASET A-Z/S/995.jpg
S,18,996,DTASET A-Z/S/996.jpg
S,18,997,DTASET A-Z/S/997.jpg
S,18,998,DTASET A-Z/S/998.jpg
S,18,999,DTASET A-Z/S/999.jpg
S,18,1000,DTASET A-Z/S/1000.jpg
S,18,1001,DTASET A-Z/S/1001.jpg
S,18,1002,DTASET A-Z/S/1002.jpg
S,18,1003,DTASET A-Z/S/1003.jpg
S,18,1004,DTASET A-Z/S/1004.jpg
S,18,1005,DTASET A-Z/S/1005.jpg
S,18,1006,DTASET A-Z/S/1006.jpg
S,18,1007,DTASET A-Z/S/1007.jpg
S,18,1008,DTASET A-Z/S/1008.jpg
S,18,1009,DTASET A-Z/S/1009.jpg
S,18,1010,DTASET A-Z/S/1010.jpg
S,18,1011,DTASET A-Z/S/1011.jpg
S,18,1012,DTASET A-Z/S/1012.jpg
S,18,1013,DTASET A-Z/S/1013.jpg
S,18,1014,DTASET A-Z/S/1014.jpg
S,18,1015,DTASET A-Z/S/1015.jpg
S,18,1016,DTASET A-Z/S/1016.jpg
S,18,1017,DTASET A-Z/S/1017.jpg
S,18,1018,DTASET A-Z/S/1018.jpg
S,18,1019,DTASET A-Z/S/1019.jpg
S,18,1020,DTASET A-Z/S/1020.jpg
S,18,1021,DTASET A-Z/S/1021.jpg
S,18,1022,DTASET A-Z/S/1022.jpg
S,18,1023,DTASET A-Z/S/1023.jpg
S,18,1024,DTASET A-Z/S/1024.jpg
S,18,1025,DTASET A-Z/S/1025.jpg
S,18,1026,DTASET A-Z/S/1026.jpg
S,18,1027,DTASET A-Z/S/1027.jpg
S,18,1028,DTASET A-Z/S/1028.jpg
S,18,1029,DTASET A-Z/S/1029.jpg
S,18,1030,DTASET A-Z/S/1030.jpg
S,18,1031,DTASET A-Z/S/1031.jpg
S,18,1032,DTASET A-Z/S/1032.jpg
S,18,1033,DTASET A-Z/S/1033.jpg
S,18,1034,DTASET A-Z/S/1034.jpg
S,18,1035,DTASET A-Z/S/1035.jpg
S,18,1036,DTASET A-Z/S/1036.jpg
S,18,1037,DTASET A-Z/S/1037.jpg
S,18,1038,DTASET A-Z/S/1038.jpg
S,18,1039,DTASET A-Z/S/1039.jpg
S,18,1040,DTASET A-Z/S/1040.jpg
S,18,1041,DTASET A-Z/S/1041.jpg
S,18,1042,DTASET A-Z/S/1042.jpg
S,18,1043,DTASET A-Z/S/1043.jpg
S,18,1044,DTASET A-Z/S/1044.jpg
S,18,1045,DTASET A-Z/S/1045.jpg
S,18,1046,DTASET A-Z/S/1046.jpg
S,18,1047,DTASET A-Z/S/1047.jpg
S,18,1048,DTASET A-Z/S/1048.jpg
S,18,1049,DTASET A-Z/S/1049.jpg
S,18,1050,DTASET A-Z/S/1050.jpg
S,18,1051,DTASET A-Z/S/1051.jpg
S,18,1052,DTASET A-Z/S/1052.jpg
S,18,1053,DTASET A-Z/S/1053.jpg
S,18,1054,DTASET A-Z/S/1054.jpg
S,18,1055,DTASET A-Z/S/1055.jpg
S,18,1056,DTASET A-Z/S/1056.jpg
S,18,1057,DTASET A-Z/S/1057.jpg
S,18,1058,DTASET A-Z/S/1058.jpg
S,18,1059,DTASET A-Z/S/1059.jpg
S,18,1060,DTASET A-Z/S/1060.jpg
S,18,1061,DTASET A-Z/S/1061.jpg
S,18,1062,DTASET A-Z/S/1062.jpg
S,18,1063,DTASET A-Z/S/1063.jpg
S,18,1064,DTASET A-Z/S/1064.jpg
S,18,1065,DTASET A-Z/S/1065.jpg
S,18,1066,DTASET A-Z/S/1066.jpg
S,18,1067,DTASET A-Z/S/1067.jpg
S,18,1068,DTASET A-Z/S/1068.jpg
S,18,1069,DTASET A-Z/S/1069.jpg
S,18,1070,DTASET A-Z/S/1070.jpg
S,18,1071,DTASET A-Z/S/1071.jpg
S,18,1072,DTASET A-Z/S/1072.jpg
S,18,1073,DTASET A-Z/S/1073.jpg
S,18,1074,DTASET A-Z/S/1074.jpg
S,18,1075,DTASET A-Z/S/1075.jpg
S,18,1076,DTASET A-Z/S/1076.jpg
S,18,1077,DTASET A-Z/S/1077.jpg
S,18,1078,DTASET A-Z/S/1078.jpg
S,18,1079,DTASET A-Z/S/1079.jpg
S,18,1080,DTASET A-Z/S/1080.jpg
S,18,1081,DTASET A-Z/S/1081.jpg
S,18,1082,DTASET A-Z/S/1082.jpg
S,18,1083,DTASET A-Z/S/1083.jpg
S,18,1084,DTASET A-Z/S/1084.jpg
S,18,1085,DTASET A-Z/S/1085.jpg
S,18,1086,DTASET A-Z/S/1086.jpg
S,18,1087,DTASET A-Z/S/1087.jpg
S,18,1088,DTASET A-Z/S/1088.jpg
S,18,1089,DTASET A-Z/S/1089.jpg
S,18,1090,DTASET A-Z/S/1090.jpg
S,18,1091,DTASET A-Z/S/1091.jpg
S,18,1092,DTASET A-Z/S/1092.jpg
S,18,1093,DTASET A-Z/S/1093.jpg
S,18,1094,DTASET A-Z/S/1094.jpg
S,18,1095,DTASET A-Z/S/1095.jpg
S,18,1096,DTASET A-Z/S/1096.jpg
S,18,1097,DTASET A-Z/S/1097.jpg
S,18,1098,DTASET A-Z/S/1098.jpg
S,18,1099,DTASET A-Z/S/1099.jpg
S,18,1100,DTASET A-Z/S/1100.jpg
S,18,1101,DTASET A-Z/S/1101.jpg
S,18,1102,DTASET A-Z/S/1102.jpg
S,18,1103,DTASET A-Z/S/1103.jpg
S,18,1104,DTASET A-Z/S/1104.jpg
S,18,1105,DTASET A-Z/S/1105.jpg
S,18,1106,DTASET A-Z/S/1106.jpg
S,18,1107,DTASET A-Z/S/1107.jpg
S,18,1108,DTASET A-Z/S/1108.jpg
S,18,1109,DTASET A-Z/S/1109.jpg
S,18,1110,DTASET A-Z/S/1110.jpg
S,18,1111,DTASET A-Z/S/1111.jpg
S,18,1112,DTASET A-Z/S/1112.jpg
S,18,1113,DTASET A-Z/S/1113.jpg
S,18,1114,DTASET A-Z/S/1114.jpg
S,18,1115,DTASET A-Z/S/1115.jpg
S,18,1116,DTASET A-Z/S/1116.jpg
S,18,1117,DTASET A-Z/S/1117.jpg
S,18,1118,DTASET A-Z/S/1118.jpg
S,18,1119,DTASET A-Z/S/1119.jpg
S,18,1120,DTASET A-Z/S/1120.jpg
S,18,1121,DTASET A-Z/S/1121.jpg
S,18,1122,DTASET A-Z/S/1122.jpg
S,18,1123,DTASET A-Z/S/1123.jpg
S,18,1124,DTASET A-Z/S/1124.jpg
S,18,1125,DTASET A-Z/S/1125.jpg
S,18,1126,DTASET A-Z/S/1126.jpg
S,18,1127,DTASET A-Z/S/1127.jpg
S,18,1128,DTASET A-Z/S/1128.jpg
S,18,1129,DTASET A-Z/S/1129.jpg
S,18,1130,DTASET A-Z/S/1130.jpg
S,18,1131,DTASET A-Z/S/1131.jpg
S,18,1132,DTASET A-Z/S/1132.jpg
S,18,1133,DTASET A-Z/S/1133.jpg
S,18,1134,DTASET A-Z/S/1134.jpg
S,18,1135,DTASET A-Z/S/1135.jpg
S,18,1136,DTASET A-Z/S/1136.jpg
S,18,1137,DTASET A-Z/S/1137.jpg
S,18,1138,DTASET A-Z/S/1138.jpg
S,18,1139,DTASET A-Z/S/1139.jpg
S,18,1140,DTASET A-Z/S/1140.jpg
S,18,1141,DTASET A-Z/S/1141.jpg
S,18,1142,DTASET A-Z/S/1142.jpg
S,18,1143,DTASET A-Z/S/1143.jpg
S,18,1144,DTASET A-Z/S/1144.jpg
S,18,1145,DTASET A-Z/S/1145.jpg
S,18,1146,DTASET A-Z/S/1146.jpg
S,18,1147,DTASET A-Z/S/1147.jpg
S,18,1148,DTASET A-Z/S/1148.jpg
S,18,1149,DTASET A-Z/S/1149.jpg
S,18,1150,DTASET A-Z/S/1150.jpg
S,18,1151,DTASET A-Z/S/1151.jpg
S,18,1152,DTASET A-Z/S/1152.jpg
S,18,1153,DTASET A-Z/S/1153.jpg
S,18,1154,DTASET A-Z/S/1154.jpg
S,18,1155,DTASET A-Z/S/1155.jpg
S,18,1156,DTASET A-Z/S/1156.jpg
S,18,1157,DTASET A-Z/S/1157.jpg
S,18,1158,DTASET A-Z/S/1158.jpg
S,18,1159,DTASET A-Z/S/1159.jpg
S,18,1160,DTASET A-Z/S/1160.jpg
S,18,1161,DTASET A-Z/S/1161.jpg
S,18,1162,DTASET A-Z/S/1162.jpg
S,18,1163,DTASET A-Z/S/1163.jpg
S,18,1164,DTASET A-Z/S/1164.jpg
S,18,1165,DTASET A-Z/S/1165.jpg
S,18,1166,DTASET A-Z/S/1166.jpg
S,18,1167,DTASET A-Z/S/1167.jpg
S,18,1168,DTASET A-Z/S/1168.jpg
S,18,1169,DTASET A-Z/S/1169.jpg
S,18,1170,DTASET A-Z/S/1170.jpg
S,18,1171,DTASET A-Z/S/1171.jpg
S,18,1172,DTASET A-Z/S/1172.jpg
S,18,1173,DTASET A-Z/S/1173.jpg
S,18,1174,DTASET A-Z/S/1174.jpg
S,18,1175,DTASET A-Z/S/1175.jpg
S,18,1176,DTASET A-Z/S/1176.jpg
S,18,1177,DTASET A-Z/S/1177.jpg
S,18,1178,DTASET A-Z/S/1178.jpg
S,18,1179,DTASET A-Z/S/1179.jpg
S,18,1180,DTASET A-Z/S/1180.jpg
S,18,1181,DTASET A-Z/S/1181.jpg
S,18,1182,DTASET A-Z/S/1182.jpg
S,18,1183,DTASET A-Z/S/1183.jpg
S,18,1184,DTASET A-Z/S/1184.jpg
S,18,1185,DTASET A-Z/S/1185.jpg
S,18,1186,DTASET A-Z/S/1186.jpg
S,18,1187,DTASET A-Z/S/1187.jpg
S,18,1188,DTASET A-Z/S/1188.jpg
S,18,1189,DTASET A-Z/S/1189.jpg
S,18,1190,DTASET A-Z/S/1190.jpg
S,18,1191,DTASET A-Z/S/1191.jpg
S,18,1192,DTASET A-Z/S/1192.jpg
S,18,1193,DTASET A-Z/S/1193.jpg
S,18,1194,DTASET A-Z/S/1194.jpg
S,18,1195,DTASET A-Z/S/1195.jpg
S,18,1196,DTASET A-Z/S/1196.jpg
S,18,1197,DTASET A-Z/S/1197.jpg
S,18,1198,DTASET A-Z/S/1198.jpg
S,18,1199,DTASET A-Z/S/1199.jpg
T,19,0,DTASET A-Z/T/0.jpg
T,19,1,DTASET A-Z/T/1.jpg
T,19,2,DTASET A-Z/T/2.jpg
T,19,3,DTASET A-Z/T/3.jpg
T,19,4,DTASET A-Z/T/4.jpg
T,19,5,DTASET A-Z/T/5.jpg
T,19,6,DTASET A-Z/T/6.jpg
T,19,7,DTASET A-Z/T/7.jpg
T,19,8,DTASET A-Z/T/8.jpg
T,19,9,DTASET A-Z/T/9.jpg
T,19,10,DTASET A-Z/T/10.jpg
T,19,11,DTASET A-Z/T/11.jpg
T,19,12,DTASET A-Z/T/12.jpg
T,19,13,DTASET A-Z/T/13.jpg
T,19,14,DTASET A-Z/T/14.jpg
T,19,15,DTASET A-Z/T/15.jpg
T,19,16,DTASET A-Z/T/16.jpg
T,19,17,DTASET A-Z/T/17.jpg
T,19,18,DTASET A-Z/T/18.jpg
T,19,19,DTASET A-Z/T/19.jpg
T,19,20,DTASET A-Z/T/20.jpg
T,19,21,DTASET A-Z/T/21.jpg
T,19,22,DTASET A-Z/T/22.jpg
T,19,23,DTASET A-Z/T/23.jpg
T,19,24,DTASET A-Z/T/24.jpg
T,19,25,DTASET A-Z/T/25.jpg
T,19,26,DTASET A-Z/T/26.jpg
T,19,27,DTASET A-Z/T/27.jpg
T,19,28,DTASET A-Z/T/28.jpg
T,19,29,DTASET A-Z/T/29.jpg
T,19,30,DTASET A-Z/T/30.jpg
T,19,31,DTASET A-Z/T/31.jpg
T,19,32,DTASET A-Z/T/32.jpg
T,19,33,DTASET A-Z/T/33.jpg
T,19,34,DTASET A-Z/T/34.jpg
T,19,35,DTASET A-Z/T/35.jpg
T,19,36,DTASET A-Z/T/36.jpg
T,19,37,DTASET A-Z/T/37.jpg
T,19,38,DTASET A-Z/T/38.jpg
T,19,39,DTASET A-Z/T/39.jpg
T,19,40,DTASET A-Z/T/40.jpg
T,19,41,DTASET A-Z/T/41.jpg
T,19,42,DTASET A-Z/T/42.jpg
T,19,43,DTASET A-Z/T/43.jpg
T,19,44,DTASET A-Z/T/44.jpg
T,19,45,DTASET A-Z/T/45.jpg
T,19,46,DTASET A-Z/T/46.jpg
T,19,47,DTASET A-Z/T/47.jpg
T,19,48,DTASET A-Z/T/48.jpg
T,19,49,DTASET A-Z/T/49.jpg
T,19,50,DTASET A-Z/T/50.jpg
T,19,51,DTASET A-Z/T/51.jpg
T,19,52,DTASET A-Z/T/52.jpg
T,19,53,DTASET A-Z/T/53.jpg
T,19,54,DTASET A-Z/T/54.jpg
T,19,55,DTASET A-Z/T/55.jpg
T,19,56,DTASET A-Z/T/56.jpg
T,19,57,DTASET A-Z/T/57.jpg
T,19,58,DTASET A-Z/T/58.jpg
T,19,59,DTASET A-Z/T/59.jpg
T,19,60,DTASET A-Z/T/60.jpg
T,19,61,DTASET A-Z/T/61.jpg
T,19,62,DTASET A-Z/T/62.jpg
T,19,63,DTASET A-Z/T/63.jpg
T,19,64,DTASET A-Z/T/64.jpg
T,19,65,DTASET A-Z/T/65.jpg
T,19,66,DTASET A-Z/T/66.jpg
T,19,67,DTASET A-Z/T/67.jpg
T,19,68,DTASET A-Z/T/68.jpg
T,19,69,DTASET A-Z/T/69.jpg
T,19,70,DTASET A-Z/T/70.jpg
T,19,71,DTASET A-Z/T/71.jpg
T,19,72,DTASET A-Z/T/72.jpg
T,19,73,DTASET A-Z/T/73.jpg
T,19,74,DTASET A-Z/T/74.jpg
T,19,75,DTASET A-Z/T/75.jpg
T,19,76,DTASET A-Z/T/76.jpg
T,19,77,DTASET A-Z/T/77.jpg
T,19,78,DTASET A-Z/T/78.jpg
T,19,79,DTASET A-Z/T/79.jpg
T,19,80,DTASET A-Z/T/80.jpg
T,19,81,DTASET A-Z/T/81.jpg
T,19,82,DTASET A-Z/T/82.jpg
T,19,83,DTASET A-Z/T/83.jpg
T,19,84,DTASET A-Z/T/84.jpg
T,19,85,DTASET A-Z/T/85.jpg
T,19,86,DTASET A-Z/T/86.jpg
T,19,87,DTASET A-Z/T/87.jpg
T,19,88,DTASET A-Z/T/88.jpg
T,19,89,DTASET A-Z/T/89.jpg
T,19,90,DTASET A-Z/T/90.jpg
T,19,91,DTASET A-Z/T/91.jpg
T,19,92,DTASET A-Z/T/92.jpg
T,19,93,DTASET A-Z/T/93.jpg
T,19,94,DTASET A-Z/T/94.jpg
T,19,95,DTASET A-Z/T/95.jpg
T,19,96,DTASET A-Z/T/96.jpg
T,19,97,DTASET A-Z/T/97.jpg
T,19,98,DTASET A-Z/T/98.jpg
T,19,99,DTASET A-Z/T/99.jpg
T,19,100,DTASET A-Z/T/100.jpg
T,19,101,DTASET A-Z/T/101.jpg
T,19,102,DTASET A-Z/T/102.jpg
T,19,103,DTASET A-Z/T/103.jpg
T,19,104,DTASET A-Z/T/104.jpg
T,19,105,DTASET A-Z/T/105.jpg
T,19,106,DTASET A-Z/T/106.jpg
T,19,107,DTASET A-Z/T/107.jpg
T,19,108,DTASET A-Z/T/108.jpg
T,19,109,DTASET A-Z/T/109.jpg
T,19,110,DTASET A-Z/T/110.jpg
T,19,111,DTASET A-Z/T/111.jpg
T,19,112,DTASET A-Z/T/112.jpg
T,19,113,DTASET A-Z/T/113.jpg
T,19,114,DTASET A-Z/T/114.jpg
T,19,115,DTASET A-Z/T/115.jpg
T,19,116,DTASET A-Z/T/116.jpg
T,19,117,DTASET A-Z/T/117.jpg
T,19,118,DTASET A-Z/T/118.jpg
T,19,119,DTASET A-Z/T/119.jpg
T,19,120,DTASET A-Z/T/120.jpg
T,19,121,DTASET A-Z/T/121.jpg
T,19,122,DTASET A-Z/T/122.jpg
T,19,123,DTASET A-Z/T/123.jpg
T,19,124,DTASET A-Z/T/124.jpg
T,19,125,DTASET A-Z/T/125.jpg
T,19,126,DTASET A-Z/T/126.jpg
T,19,127,DTASET A-Z/T/127.jpg
T,19,128,DTASET A-Z/T/128.jpg
T,19,129,DTASET A-Z/T/129.jpg
T,19,130,DTASET A-Z/T/130.jpg
T,19,131,DTASET A-Z/T/131.jpg
T,19,132,DTASET A-Z/T/132.jpg
T,19,133,DTASET A-Z/T/133.jpg
T,19,134,DTASET A-Z/T/134.jpg
T,19,135,DTASET A-Z/T/135.jpg
T,19,136,DTASET A-Z/T/136.jpg
T,19,137,DTASET A-Z/T/137.jpg
T,19,138,DTASET A-Z/T/138.jpg
T,19,139,DTASET A-Z/T/139.jpg
T,19,140,DTASET A-Z/T/140.jpg
T,19,141,DTASET A-Z/T/141.jpg
T,19,142,DTASET A-Z/T/142.jpg
T,19,143,DTASET A-Z/T/143.jpg
T,19,144,DTASET A-Z/T/144.jpg
T,19,145,DTASET A-Z/T/145.jpg
T,19,146,DTASET A-Z/T/146.jpg
T,19,147,DTASET A-Z/T/147.jpg
T,19,148,DTASET A-Z/T/148.jpg
T,19,149,DTASET A-Z/T/149.jpg
T,19,150,DTASET A-Z/T/150.jpg
T,19,151,DTASET A-Z/T/151.jpg
T,19,152,DTASET A-Z/T/152.jpg
T,19,153,DTASET A-Z/T/153.jpg
T,19,154,DTASET A-Z/T/154.jpg
T,19,155,DTASET A-Z/T/155.jpg
T,19,156,DTASET A-Z/T/156.jpg
T,19,157,DTASET A-Z/T/157.jpg
T,19,158,DTASET A-Z/T/158.jpg
T,19,159,DTASET A-Z/T/159.jpg
T,19,160,DTASET A-Z/T/160.jpg
T,19,161,DTASET A-Z/T/161.jpg
T,19,162,DTASET A-Z/T/162.jpg
T,19,163,DTASET A-Z/T/163.jpg
T,19,164,DTASET A-Z/T/164.jpg
T,19,165,DTASET A-Z/T/165.jpg
T,19,166,DTASET A-Z/T/166.jpg
T,19,167,DTASET A-Z/T/167.jpg
T,19,168,DTASET A-Z/T/168.jpg
T,19,169,DTASET A-Z/T/169.jpg
T,19,170,DTASET A-Z/T/170.jpg
T,19,171,DTASET A-Z/T/171.jpg
T,19,172,DTASET A-Z/T/172.jpg
T,19,173,DTASET A-Z/T/173.jpg
T,19,174,DTASET A-Z/T/174.jpg
T,19,175,DTASET A-Z/T/175.jpg
T,19,176,DTASET A-Z/T/176.jpg
T,19,177,DTASET A-Z/T/177.jpg
T,19,178,DTASET A-Z/T/178.jpg
T,19,179,DTASET A-Z/T/179.jpg
T,19,180,DTASET A-Z/T/180.jpg
T,19,181,DTASET A-Z/T/181.jpg
T,19,182,DTASET A-Z/T/182.jpg
T,19,183,DTASET A-Z/T/183.jpg
T,19,184,DTASET A-Z/T/184.jpg
T,19,185,DTASET A-Z/T/185.jpg
T,19,186,DTASET A-Z/T/186.jpg
T,19,187,DTASET A-Z/T/187.jpg
T,19,188,DTASET A-Z/T/188.jpg
T,19,189,DTASET A-Z/T/189.jpg
T,19,190,DTASET A-Z/T/190.jpg
T,19,191,DTASET A-Z/T/191.jpg
T,19,192,DTASET A-Z/T/192.jpg
T,19,193,DTASET A-Z/T/193.jpg
T,19,194,DTASET A-Z/T/194.jpg
T,19,195,DTASET A-Z/T/195.jpg
T,19,196,DTASET A-Z/T/196.jpg
T,19,197,DTASET A-Z/T/197.jpg
T,19,198,DTASET A-Z/T/198.jpg
T,19,199,DTASET A-Z/T/199.jpg
T,19,200,DTASET A-Z/T/200.jpg
T,19,201,DTASET A-Z/T/201.jpg
T,19,202,DTASET A-Z/T/202.jpg
T,19,203,DTASET A-Z/T/203.jpg
T,19,204,DTASET A-Z/T/204.jpg
T,19,205,DTASET A-Z/T/205.jpg
T,19,206,DTASET A-Z/T/206.jpg
T,19,207,DTASET A-Z/T/207.jpg
T,19,208,DTASET A-Z/T/208.jpg
T,19,209,DTASET A-Z/T/209.jpg
T,19,210,DTASET A-Z/T/210.jpg
T,19,211,DTASET A-Z/T/211.jpg
T,19,212,DTASET A-Z/T/212.jpg
T,19,213,DTASET A-Z/T/213.jpg
T,19,214,DTASET A-Z/T/214.jpg
T,19,215,DTASET A-Z/T/215.jpg
T,19,216,DTASET A-Z/T/216.jpg
T,19,217,DTASET A-Z/T/217.jpg
T,19,218,DTASET A-Z/T/218.jpg
T,19,219,DTASET A-Z/T/219.jpg
T,19,220,DTASET A-Z/T/220.jpg
T,19,221,DTASET A-Z/T/221.jpg
T,19,222,DTASET A-Z/T/222.jpg
T,19,223,DTASET A-Z/T/223.jpg
T,19,224,DTASET A-Z/T/224.jpg
T,19,225,DTASET A-Z/T/225.jpg
T,19,226,DTASET A-Z/T/226.jpg
T,19,227,DTASET A-Z/T/227.jpg
T,19,228,DTASET A-Z/T/228.jpg
T,19,229,DTASET A-Z/T/229.jpg
T,19,230,DTASET A-Z/T/230.jpg
T,19,231,DTASET A-Z/T/231.jpg
T,19,232,DTASET A-Z/T/232.jpg
T,19,233,DTASET A-Z/T/233.jpg
T,19,234,DTASET A-Z/T/234.jpg
T,19,235,DTASET A-Z/T/235.jpg
T,19,236,DTASET A-Z/T/236.jpg
T,19,237,DTASET A-Z/T/237.jpg
T,19,238,DTASET A-Z/T/238.jpg
T,19,239,DTASET A-Z/T/239.jpg
T,19,240,DTASET A-Z/T/240.jpg
T,19,241,DTASET A-Z/T/241.jpg
T,19,242,DTASET A-Z/T/242.jpg
T,19,243,DTASET A-Z/T/243.jpg
T,19,244,DTASET A-Z/T/244.jpg
T,19,245,DTASET A-Z/T/245.jpg
T,19,246,DTASET A-Z/T/246.jpg
T,19,247,DTASET A-Z/T/247.jpg
T,19,248,DTASET A-Z/T/248.jpg
T,19,249,DTASET A-Z/T/249.jpg
T,19,250,DTASET A-Z/T/250.jpg
T,19,251,DTASET A-Z/T/251.jpg
T,19,252,DTASET A-Z/T/252.jpg
T,19,253,DTASET A-Z/T/253.jpg
T,19,254,DTASET A-Z/T/254.jpg
T,19,255,DTASET A-Z/T/255.jpg
T,19,256,DTASET A-Z/T/256.jpg
T,19,257,DTASET A-Z/T/257.jpg
T,19,258,DTASET A-Z/T/258.jpg
T,19,259,DTASET A-Z/T/259.jpg
T,19,260,DTASET A-Z/T/260.jpg
T,19,261,DTASET A-Z/T/261.jpg
T,19,262,DTASET A-Z/T/262.jpg
T,19,263,DTASET A-Z/T/263.jpg
T,19,264,DTASET A-Z/T/264.jpg
T,19,265,DTASET A-Z/T/265.jpg
T,19,266,DTASET A-Z/T/266.jpg
T,19,267,DTASET A-Z/T/267.jpg
T,19,268,DTASET A-Z/T/268.jpg
T,19,269,DTASET A-Z/T/269.jpg
T,19,270,DTASET A-Z/T/270.jpg
T,19,271,DTASET A-Z/T/271.jpg
T,19,272,DTASET A-Z/T/272.jpg
T,19,273,DTASET A-Z/T/273.jpg
T,19,274,DTASET A-Z/T/274.jpg
T,19,275,DTASET A-Z/T/275.jpg
T,19,276,DTASET A-Z/T/276.jpg
T,19,277,DTASET A-Z/T/277.jpg
T,19,278,DTASET A-Z/T/278.jpg
T,19,279,DTASET A-Z/T/279.jpg
T,19,280,DTASET A-Z/T/280.jpg
T,19,281,DTASET A-Z/T/281.jpg
T,19,282,DTASET A-Z/T/282.jpg
T,19,283,DTASET A-Z/T/283.jpg
T,19,284,DTASET A-Z/T/284.jpg
T,19,285,DTASET A-Z/T/285.jpg
T,19,286,DTASET A-Z/T/286.jpg
T,19,287,DTASET A-Z/T/287.jpg
T,19,288,DTASET A-Z/T/288.jpg
T,19,289,DTASET A-Z/T/289.jpg
T,19,290,DTASET A-Z/T/290.jpg
T,19,291,DTASET A-Z/T/291.jpg
T,19,292,DTASET A-Z/T/292.jpg
T,19,293,DTASET A-Z/T/293.jpg
T,19,294,DTASET A-Z/T/294.jpg
T,19,295,DTASET A-Z/T/295.jpg
T,19,296,DTASET A-Z/T/296.jpg
T,19,297,DTASET A-Z/T/297.jpg
T,19,298,DTASET A-Z/T/298.jpg
T,19,299,DTASET A-Z/T/299.jpg
T,19,300,DTASET A-Z/T/300.jpg
T,19,301,DTASET A-Z/T/301.jpg
T,19,302,DTASET A-Z/T/302.jpg
T,19,303,DTASET A-Z/T/303.jpg
T,19,304,DTASET A-Z/T/304.jpg
T,19,305,DTASET A-Z/T/305.jpg
T,19,306,DTASET A-Z/T/306.jpg
T,19,307,DTASET A-Z/T/307.jpg
T,19,308,DTASET A-Z/T/308.jpg
T,19,309,DTASET A-Z/T/309.jpg
T,19,310,DTASET A-Z/T/310.jpg
T,19,311,DTASET A-Z/T/311.jpg
T,19,312,DTASET A-Z/T/312.jpg
T,19,313,DTASET A-Z/T/313.jpg
T,19,314,DTASET A-Z/T/314.jpg
T,19,315,DTASET A-Z/T/315.jpg
T,19,316,DTASET A-Z/T/316.jpg
T,19,317,DTASET A-Z/T/317.jpg
T,19,318,DTASET A-Z/T/318.jpg
T,19,319,DTASET A-Z/T/319.jpg
T,19,320,DTASET A-Z/T/320.jpg
T,19,321,DTASET A-Z/T/321.jpg
T,19,322,DTASET A-Z/T/322.jpg
T,19,323,DTASET A-Z/T/323.jpg
T,19,324,DTASET A-Z/T/324.jpg
T,19,325,DTASET A-Z/T/325.jpg
T,19,326,DTASET A-Z/T/326.jpg
T,19,327,DTASET A-Z/T/327.jpg
T,19,328,DTASET A-Z/T/328.jpg
T,19,329,DTASET A-Z/T/329.jpg
T,19,330,DTASET A-Z/T/330.jpg
T,19,331,DTASET A-Z/T/331.jpg
T,19,332,DTASET A-Z/T/332.jpg
T,19,333,DTASET A-Z/T/333.jpg
T,19,334,DTASET A-Z/T/334.jpg
T,19,335,DTASET A-Z/T/335.jpg
T,19,336,DTASET A-Z/T/336.jpg
T,19,337,DTASET A-Z/T/337.jpg
T,19,338,DTASET A-Z/T/338.jpg
T,19,339,DTASET A-Z/T/339.jpg
T,19,340,DTASET A-Z/T/340.jpg
T,19,341,DTASET A-Z/T/341.jpg
T,19,342,DTASET A-Z/T/342.jpg
T,19,343,DTASET A-Z/T/343.jpg
T,19,344,DTASET A-Z/T/344.jpg
T,19,345,DTASET A-Z/T/345.jpg
T,19,346,DTASET A-Z/T/346.jpg
T,19,347,DTASET A-Z/T/347.jpg
T,19,348,DTASET A-Z/T/348.jpg
T,19,349,DTASET A-Z/T/349.jpg
T,19,350,DTASET A-Z/T/350.jpg
T,19,351,DTASET A-Z/T/351.jpg
T,19,352,DTASET A-Z/T/352.jpg
T,19,353,DTASET A-Z/T/353.jpg
T,19,354,DTASET A-Z/T/354.jpg
T,19,355,DTASET A-Z/T/355.jpg
T,19,356,DTASET A-Z/T/356.jpg
T,19,357,DTASET A-Z/T/357.jpg
T,19,358,DTASET A-Z/T/358.jpg
T,19,359,DTASET A-Z/T/359.jpg
T,19,360,DTASET A-Z/T/360.jpg
T,19,361,DTASET A-Z/T/361.jpg
T,19,362,DTASET A-Z/T/362.jpg
T,19,363,DTASET A-Z/T/363.jpg
T,19,364,DTASET A-Z/T/364.jpg
T,19,365,DTASET A-Z/T/365.jpg
T,19,366,DTASET A-Z/T/366.jpg
T,19,367,DTASET A-Z/T/367.jpg
T,19,368,DTASET A-Z/T/368.jpg
T,19,369,DTASET A-Z/T/369.jpg
T,19,370,DTASET A-Z/T/370.jpg
T,19,371,DTASET A-Z/T/371.jpg
T,19,372,DTASET A-Z/T/372.jpg
T,19,373,DTASET A-Z/T/373.jpg
T,19,374,DTASET A-Z/T/374.jpg
T,19,375,DTASET A-Z/T/375.jpg
T,19,376,DTASET A-Z/T/376.jpg
T,19,377,DTASET A-Z/T/377.jpg
T,19,378,DTASET A-Z/T/378.jpg
T,19,379,DTASET A-Z/T/379.jpg
T,19,380,DTASET A-Z/T/380.jpg
T,19,381,DTASET A-Z/T/381.jpg
T,19,382,DTASET A-Z/T/382.jpg
T,19,383,DTASET A-Z/T/383.jpg
T,19,384,DTASET A-Z/T/384.jpg
T,19,385,DTASET A-Z/T/385.jpg
T,19,386,DTASET A-Z/T/386.jpg
T,19,387,DTASET A-Z/T/387.jpg
T,19,388,DTASET A-Z/T/388.jpg
T,19,389,DTASET A-Z/T/389.jpg
T,19,390,DTASET A-Z/T/390.jpg
T,19,391,DTASET A-Z/T/391.jpg
T,19,392,DTASET A-Z/T/392.jpg
T,19,393,DTASET A-Z/T/393.jpg
T,19,394,DTASET A-Z/T/394.jpg
T,19,395,DTASET A-Z/T/395.jpg
T,19,396,DTASET A-Z/T/396.jpg
T,19,397,DTASET A-Z/T/397.jpg
T,19,398,DTASET A-Z/T/398.jpg
T,19,399,DTASET A-Z/T/399.jpg
T,19,400,DTASET A-Z/T/400.jpg
T,19,401,DTASET A-Z/T/401.jpg
T,19,402,DTASET A-Z/T/402.jpg
T,19,403,DTASET A-Z/T/403.jpg
T,19,404,DTASET A-Z/T/404.jpg
T,19,405,DTASET A-Z/T/405.jpg
T,19,406,DTASET A-Z/T/406.jpg
T,19,407,DTASET A-Z/T/407.jpg
T,19,408,DTASET A-Z/T/408.jpg
T,19,409,DTASET A-Z/T/409.jpg
T,19,410,DTASET A-Z/T/410.jpg
T,19,411,DTASET A-Z/T/411.jpg
T,19,412,DTASET A-Z/T/412.jpg
T,19,413,DTASET A-Z/T/413.jpg
T,19,414,DTASET A-Z/T/414.jpg
T,19,415,DTASET A-Z/T/415.jpg
T,19,416,DTASET A-Z/T/416.jpg
T,19,417,DTASET A-Z/T/417.jpg
T,19,418,DTASET A-Z/T/418.jpg
T,19,419,DTASET A-Z/T/419.jpg
T,19,420,DTASET A-Z/T/420.jpg
T,19,421,DTASET A-Z/T/421.jpg
T,19,422,DTASET A-Z/T/422.jpg
T,19,423,DTASET A-Z/T/423.jpg
T,19,424,DTASET A-Z/T/424.jpg
T,19,425,DTASET A-Z/T/425.jpg
T,19,426,DTASET A-Z/T/426.jpg
T,19,427,DTASET A-Z/T/427.jpg
T,19,428,DTASET A-Z/T/428.jpg
T,19,429,DTASET A-Z/T/429.jpg
T,19,430,DTASET A-Z/T/430.jpg
T,19,431,DTASET A-Z/T/431.jpg
T,19,432,DTASET A-Z/T/432.jpg
T,19,433,DTASET A-Z/T/433.jpg
T,19,434,DTASET A-Z/T/434.jpg
T,19,435,DTASET A-Z/T/435.jpg
T,19,436,DTASET A-Z/T/436.jpg
T,19,437,DTASET A-Z/T/437.jpg
T,19,438,DTASET A-Z/T/438.jpg
T,19,439,DTASET A-Z/T/439.jpg
T,19,440,DTASET A-Z/T/440.jpg
T,19,441,DTASET A-Z/T/441.jpg
T,19,442,DTASET A-Z/T/442.jpg
T,19,443,DTASET A-Z/T/443.jpg
T,19,444,DTASET A-Z/T/444.jpg
T,19,445,DTASET A-Z/T/445.jpg
T,19,446,DTASET A-Z/T/446.jpg
T,19,447,DTASET A-Z/T/447.jpg
T,19,448,DTASET A-Z/T/448.jpg
T,19,449,DTASET A-Z/T/449.jpg
T,19,450,DTASET A-Z/T/450.jpg
T,19,451,DTASET A-Z/T/451.jpg
T,19,452,DTASET A-Z/T/452.jpg
T,19,453,DTASET A-Z/T/453.jpg
T,19,454,DTASET A-Z/T/454.jpg
T,19,455,DTASET A-Z/T/455.jpg
T,19,456,DTASET A-Z/T/456.jpg
T,19,457,DTASET A-Z/T/457.jpg
T,19,458,DTASET A-Z/T/458.jpg
T,19,459,DTASET A-Z/T/459.jpg
T,19,460,DTASET A-Z/T/460.jpg
T,19,461,DTASET A-Z/T/461.jpg
T,19,462,DTASET A-Z/T/462.jpg
T,19,463,DTASET A-Z/T/463.jpg
T,19,464,DTASET A-Z/T/464.jpg
T,19,465,DTASET A-Z/T/465.jpg
T,19,466,DTASET A-Z/T/466.jpg
T,19,467,DTASET A-Z/T/467.jpg
T,19,468,DTASET A-Z/T/468.jpg
T,19,469,DTASET A-Z/T/469.jpg
T,19,470,DTASET A-Z/T/470.jpg
T,19,471,DTASET A-Z/T/471.jpg
T,19,472,DTASET A-Z/T/472.jpg
T,19,473,DTASET A-Z/T/473.jpg
T,19,474,DTASET A-Z/T/474.jpg
T,19,475,DTASET A-Z/T/475.jpg
T,19,476,DTASET A-Z/T/476.jpg
T,19,477,DTASET A-Z/T/477.jpg
T,19,478,DTASET A-Z/T/478.jpg
T,19,479,DTASET A-Z/T/479.jpg
T,19,480,DTASET A-Z/T/480.jpg
T,19,481,DTASET A-Z/T/481.jpg
T,19,482,DTASET A-Z/T/482.jpg
T,19,483,DTASET A-Z/T/483.jpg
T,19,484,DTASET A-Z/T/484.jpg
T,19,485,DTASET A-Z/T/485.jpg
T,19,486,DTASET A-Z/T/486.jpg
T,19,487,DTASET A-Z/T/487.jpg
T,19,488,DTASET A-Z/T/488.jpg
T,19,489,DTASET A-Z/T/489.jpg
T,19,490,DTASET A-Z/T/490.jpg
T,19,491,DTASET A-Z/T/491.jpg
T,19,492,DTASET A-Z/T/492.jpg
T,19,493,DTASET A-Z/T/493.jpg
T,19,494,DTASET A-Z/T/494.jpg
T,19,495,DTASET A-Z/T/495.jpg
T,19,496,DTASET A-Z/T/496.jpg
T,19,497,DTASET A-Z/T/497.jpg
T,19,498,DTASET A-Z/T/498.jpg
T,19,499,DTASET A-Z/T/499.jpg
T,19,500,DTASET A-Z/T/500.jpg
T,19,501,DTASET A-Z/T/501.jpg
T,19,502,DTASET A-Z/T/502.jpg
T,19,503,DTASET A-Z/T/503.jpg
T,19,504,DTASET A-Z/T/504.jpg
T,19,505,DTASET A-Z/T/505.jpg
T,19,506,DTASET A-Z/T/506.jpg
T,19,507,DTASET A-Z/T/507.jpg
T,19,508,DTASET A-Z/T/508.jpg
T,19,509,DTASET A-Z/T/509.jpg
T,19,510,DTASET A-Z/T/510.jpg
T,19,511,DTASET A-Z/T/511.jpg
T,19,512,DTASET A-Z/T/512.jpg
T,19,513,DTASET A-Z/T/513.jpg
T,19,514,DTASET A-Z/T/514.jpg
T,19,515,DTASET A-Z/T/515.jpg
T,19,516,DTASET A-Z/T/516.jpg
T,19,517,DTASET A-Z/T/517.jpg
T,19,518,DTASET A-Z/T/518.jpg
T,19,519,DTASET A-Z/T/519.jpg
T,19,520,DTASET A-Z/T/520.jpg
T,19,521,DTASET A-Z/T/521.jpg
T,19,522,DTASET A-Z/T/522.jpg
T,19,523,DTASET A-Z/T/523.jpg
T,19,524,DTASET A-Z/T/524.jpg
T,19,525,DTASET A-Z/T/525.jpg
T,19,526,DTASET A-Z/T/526.jpg
T,19,527,DTASET A-Z/T/527.jpg
T,19,528,DTASET A-Z/T/528.jpg
T,19,529,DTASET A-Z/T/529.jpg
T,19,530,DTASET A-Z/T/530.jpg
T,19,531,DTASET A-Z/T/531.jpg
T,19,532,DTASET A-Z/T/532.jpg
T,19,533,DTASET A-Z/T/533.jpg
T,19,534,DTASET A-Z/T/534.jpg
T,19,535,DTASET A-Z/T/535.jpg
T,19,536,DTASET A-Z/T/536.jpg
T,19,537,DTASET A-Z/T/537.jpg
T,19,538,DTASET A-Z/T/538.jpg
T,19,539,DTASET A-Z/T/539.jpg
T,19,540,DTASET A-Z/T/540.jpg
T,19,541,DTASET A-Z/T/541.jpg
T,19,542,DTASET A-Z/T/542.jpg
T,19,543,DTASET A-Z/T/543.jpg
T,19,544,DTASET A-Z/T/544.jpg
T,19,545,DTASET A-Z/T/545.jpg
T,19,546,DTASET A-Z/T/546.jpg
T,19,547,DTASET A-Z/T/547.jpg
T,19,548,DTASET A-Z/T/548.jpg
T,19,549,DTASET A-Z/T/549.jpg
T,19,550,DTASET A-Z/T/550.jpg
T,19,551,DTASET A-Z/T/551.jpg
T,19,552,DTASET A-Z/T/552.jpg
T,19,553,DTASET A-Z/T/553.jpg
T,19,554,DTASET A-Z/T/554.jpg
T,19,555,DTASET A-Z/T/555.jpg
T,19,556,DTASET A-Z/T/556.jpg
T,19,557,DTASET A-Z/T/557.jpg
T,19,558,DTASET A-Z/T/558.jpg
T,19,559,DTASET A-Z/T/559.jpg
T,19,560,DTASET A-Z/T/560.jpg
T,19,561,DTASET A-Z/T/561.jpg
T,19,562,DTASET A-Z/T/562.jpg
T,19,563,DTASET A-Z/T/563.jpg
T,19,564,DTASET A-Z/T/564.jpg
T,19,565,DTASET A-Z/T/565.jpg
T,19,566,DTASET A-Z/T/566.jpg
T,19,567,DTASET A-Z/T/567.jpg
T,19,568,DTASET A-Z/T/568.jpg
T,19,569,DTASET A-Z/T/569.jpg
T,19,570,DTASET A-Z/T/570.jpg
T,19,571,DTASET A-Z/T/571.jpg
T,19,572,DTASET A-Z/T/572.jpg
T,19,573,DTASET A-Z/T/573.jpg
T,19,574,DTASET A-Z/T/574.jpg
T,19,575,DTASET A-Z/T/575.jpg
T,19,576,DTASET A-Z/T/576.jpg
T,19,577,DTASET A-Z/T/577.jpg
T,19,578,DTASET A-Z/T/578.jpg
T,19,579,DTASET A-Z/T/579.jpg
T,19,580,DTASET A-Z/T/580.jpg
T,19,581,DTASET A-Z/T/581.jpg
T,19,582,DTASET A-Z/T/582.jpg
T,19,583,DTASET A-Z/T/583.jpg
T,19,584,DTASET A-Z/T/584.jpg
T,19,585,DTASET A-Z/T/585.jpg
T,19,586,DTASET A-Z/T/586.jpg
T,19,587,DTASET A-Z/T/587.jpg
T,19,588,DTASET A-Z/T/588.jpg
T,19,589,DTASET A-Z/T/589.jpg
T,19,590,DTASET A-Z/T/590.jpg
T,19,591,DTASET A-Z/T/591.jpg
T,19,592,DTASET A-Z/T/592.jpg
T,19,593,DTASET A-Z/T/593.jpg
T,19,594,DTASET A-Z/T/594.jpg
T,19,595,DTASET A-Z/T/595.jpg
T,19,596,DTASET A-Z/T/596.jpg
T,19,597,DTASET A-Z/T/597.jpg
T,19,598,DTASET A-Z/T/598.jpg
T,19,599,DTASET A-Z/T/599.jpg
T,19,600,DTASET A-Z/T/600.jpg
T,19,601,DTASET A-Z/T/601.jpg
T,19,602,DTASET A-Z/T/602.jpg
T,19,603,DTASET A-Z/T/603.jpg
T,19,604,DTASET A-Z/T/604.jpg
T,19,605,DTASET A-Z/T/605.jpg
T,19,606,DTASET A-Z/T/606.jpg
T,19,607,DTASET A-Z/T/607.jpg
T,19,608,DTASET A-Z/T/608.jpg
T,19,609,DTASET A-Z/T/609.jpg
T,19,610,DTASET A-Z/T/610.jpg
T,19,611,DTASET A-Z/T/611.jpg
T,19,612,DTASET A-Z/T/612.jpg
T,19,613,DTASET A-Z/T/613.jpg
T,19,614,DTASET A-Z/T/614.jpg
T,19,615,DTASET A-Z/T/615.jpg
T,19,616,DTASET A-Z/T/616.jpg
T,19,617,DTASET A-Z/T/617.jpg
T,19,618,DTASET A-Z/T/618.jpg
T,19,619,DTASET A-Z/T/619.jpg
T,19,620,DTASET A-Z/T/620.jpg
T,19,621,DTASET A-Z/T/621.jpg
T,19,622,DTASET A-Z/T/622.jpg
T,19,623,DTASET A-Z/T/623.jpg
T,19,624,DTASET A-Z/T/624.jpg
T,19,625,DTASET A-Z/T/625.jpg
T,19,626,DTASET A-Z/T/626.jpg
T,19,627,DTASET A-Z/T/627.jpg
T,19,628,DTASET A-Z/T/628.jpg
T,19,629,DTASET A-Z/T/629.jpg
T,19,630,DTASET A-Z/T/630.jpg
T,19,631,DTASET A-Z/T/631.jpg
T,19,632,DTASET A-Z/T/632.jpg
T,19,633,DTASET A-Z/T/633.jpg
T,19,634,DTASET A-Z/T/634.jpg
T,19,635,DTASET A-Z/T/635.jpg
T,19,636,DTASET A-Z/T/636.jpg
T,19,637,DTASET A-Z/T/637.jpg
T,19,638,DTASET A-Z/T/638.jpg
T,19,639,DTASET A-Z/T/639.jpg
T,19,640,DTASET A-Z/T/640.jpg
T,19,641,DTASET A-Z/T/641.jpg
T,19,642,DTASET A-Z/T/642.jpg
T,19,643,DTASET A-Z/T/643.jpg
T,19,644,DTASET A-Z/T/644.jpg
T,19,645,DTASET A-Z/T/645.jpg
T,19,646,DTASET A-Z/T/646.jpg
T,19,647,DTASET A-Z/T/647.jpg
T,19,648,DTASET A-Z/T/648.jpg
T,19,649,DTASET A-Z/T/649.jpg
T,19,650,DTASET A-Z/T/650.jpg
T,19,651,DTASET A-Z/T/651.jpg
T,19,652,DTASET A-Z/T/652.jpg
T,19,653,DTASET A-Z/T/653.jpg
T,19,654,DTASET A-Z/T/654.jpg
T,19,655,DTASET A-Z/T/655.jpg
T,19,656,DTASET A-Z/T/656.jpg
T,19,657,DTASET A-Z/T/657.jpg
T,19,658,DTASET A-Z/T/658.jpg
T,19,659,DTASET A-Z/T/659.jpg
T,19,660,DTASET A-Z/T/660.jpg
T,19,661,DTASET A-Z/T/661.jpg
T,19,662,DTASET A-Z/T/662.jpg
T,19,663,DTASET A-Z/T/663.jpg
T,19,664,DTASET A-Z/T/664.jpg
T,19,665,DTASET A-Z/T/665.jpg
T,19,666,DTASET A-Z/T/666.jpg
T,19,667,DTASET A-Z/T/667.jpg
T,19,668,DTASET A-Z/T/668.jpg
T,19,669,DTASET A-Z/T/669.jpg
T,19,670,DTASET A-Z/T/670.jpg
T,19,671,DTASET A-Z/T/671.jpg
T,19,672,DTASET A-Z/T/672.jpg
T,19,673,DTASET A-Z/T/673.jpg
T,19,674,DTASET A-Z/T/674.jpg
T,19,675,DTASET A-Z/T/675.jpg
T,19,676,DTASET A-Z/T/676.jpg
T,19,677,DTASET A-Z/T/677.jpg
T,19,678,DTASET A-Z/T/678.jpg
T,19,679,DTASET A-Z/T/679.jpg
T,19,680,DTASET A-Z/T/680.jpg
T,19,681,DTASET A-Z/T/681.jpg
T,19,682,DTASET A-Z/T/682.jpg
T,19,683,DTASET A-Z/T/683.jpg
T,19,684,DTASET A-Z/T/684.jpg
T,19,685,DTASET A-Z/T/685.jpg
T,19,686,DTASET A-Z/T/686.jpg
T,19,687,DTASET A-Z/T/687.jpg
T,19,688,DTASET A-Z/T/688.jpg
T,19,689,DTASET A-Z/T/689.jpg
T,19,690,DTASET A-Z/T/690.jpg
T,19,691,DTASET A-Z/T/691.jpg
T,19,692,DTASET A-Z/T/692.jpg
T,19,693,DTASET A-Z/T/693.jpg
T,19,694,DTASET A-Z/T/694.jpg
T,19,695,DTASET A-Z/T/695.jpg
T,19,696,DTASET A-Z/T/696.jpg
T,19,697,DTASET A-Z/T/697.jpg
T,19,698,DTASET A-Z/T/698.jpg
T,19,699,DTASET A-Z/T/699.jpg
T,19,700,DTASET A-Z/T/700.jpg
T,19,701,DTASET A-Z/T/701.jpg
T,19,702,DTASET A-Z/T/702.jpg
T,19,703,DTASET A-Z/T/703.jpg
T,19,704,DTASET A-Z/T/704.jpg
T,19,705,DTASET A-Z/T/705.jpg
T,19,706,DTASET A-Z/T/706.jpg
T,19,707,DTASET A-Z/T/707.jpg
T,19,708,DTASET A-Z/T/708.jpg
T,19,709,DTASET A-Z/T/709.jpg
T,19,710,DTASET A-Z/T/710.jpg
T,19,711,DTASET A-Z/T/711.jpg
T,19,712,DTASET A-Z/T/712.jpg
T,19,713,DTASET A-Z/T/713.jpg
T,19,714,DTASET A-Z/T/714.jpg
T,19,715,DTASET A-Z/T/715.jpg
T,19,716,DTASET A-Z/T/716.jpg
T,19,717,DTASET A-Z/T/717.jpg
T,19,718,DTASET A-Z/T/718.jpg
T,19,719,DTASET A-Z/T/719.jpg
T,19,720,DTASET A-Z/T/720.jpg
T,19,721,DTASET A-Z/T/721.jpg
T,19,722,DTASET A-Z/T/722.jpg
T,19,723,DTASET A-Z/T/723.jpg
T,19,724,DTASET A-Z/T/724.jpg
T,19,725,DTASET A-Z/T/725.jpg
T,19,726,DTASET A-Z/T/726.jpg
T,19,727,DTASET A-Z/T/727.jpg
T,19,728,DTASET A-Z/T/728.jpg
T,19,729,DTASET A-Z/T/729.jpg
T,19,730,DTASET A-Z/T/730.jpg
T,19,731,DTASET A-Z/T/731.jpg
T,19,732,DTASET A-Z/T/732.jpg
T,19,733,DTASET A-Z/T/733.jpg
T,19,734,DTASET A-Z/T/734.jpg
T,19,735,DTASET A-Z/T/735.jpg
T,19,736,DTASET A-Z/T/736.jpg
T,19,737,DTASET A-Z/T/737.jpg
T,19,738,DTASET A-Z/T/738.jpg
T,19,739,DTASET A-Z/T/739.jpg
T,19,740,DTASET A-Z/T/740.jpg
T,19,741,DTASET A-Z/T/741.jpg
T,19,742,DTASET A-Z/T/742.jpg
T,19,743,DTASET A-Z/T/743.jpg
T,19,744,DTASET A-Z/T/744.jpg
T,19,745,DTASET A-Z/T/745.jpg
T,19,746,DTASET A-Z/T/746.jpg
T,19,747,DTASET A-Z/T/747.jpg
T,19,748,DTASET A-Z/T/748.jpg
T,19,749,DTASET A-Z/T/749.jpg
T,19,750,DTASET A-Z/T/750.jpg
T,19,751,DTASET A-Z/T/751.jpg
T,19,752,DTASET A-Z/T/752.jpg
T,19,753,DTASET A-Z/T/753.jpg
T,19,754,DTASET A-Z/T/754.jpg
T,19,755,DTASET A-Z/T/755.jpg
T,19,756,DTASET A-Z/T/756.jpg
T,19,757,DTASET A-Z/T/757.jpg
T,19,758,DTASET A-Z/T/758.jpg
T,19,759,DTASET A-Z/T/759.jpg
T,19,760,DTASET A-Z/T/760.jpg
T,19,761,DTASET A-Z/T/761.jpg
T,19,762,DTASET A-Z/T/762.jpg
T,19,763,DTASET A-Z/T/763.jpg
T,19,764,DTASET A-Z/T/764.jpg
T,19,765,DTASET A-Z/T/765.jpg
T,19,766,DTASET A-Z/T/766.jpg
T,19,767,DTASET A-Z/T/767.jpg
T,19,768,DTASET A-Z/T/768.jpg
T,19,769,DTASET A-Z/T/769.jpg
T,19,770,DTASET A-Z/T/770.jpg
T,19,771,DTASET A-Z/T/771.jpg
T,19,772,DTASET A-Z/T/772.jpg
T,19,773,DTASET A-Z/T/773.jpg
T,19,774,DTASET A-Z/T/774.jpg
T,19,775,DTASET A-Z/T/775.jpg
T,19,776,DTASET A-Z/T/776.jpg
T,19,777,DTASET A-Z/T/777.jpg
T,19,778,DTASET A-Z/T/778.jpg
T,19,779,DTASET A-Z/T/779.jpg
T,19,780,DTASET A-Z/T/780.jpg
T,19,781,DTASET A-Z/T/781.jpg
T,19,782,DTASET A-Z/T/782.jpg
T,19,783,DTASET A-Z/T/783.jpg
T,19,784,DTASET A-Z/T/784.jpg
T,19,785,DTASET A-Z/T/785.jpg
T,19,786,DTASET A-Z/T/786.jpg
T,19,787,DTASET A-Z/T/787.jpg
T,19,788,DTASET A-Z/T/788.jpg
T,19,789,DTASET A-Z/T/789.jpg
T,19,790,DTASET A-Z/T/790.jpg
T,19,791,DTASET A-Z/T/791.jpg
T,19,792,DTASET A-Z/T/792.jpg
T,19,793,DTASET A-Z/T/793.jpg
T,19,794,DTASET A-Z/T/794.jpg
T,19,795,DTASET A-Z/T/795.jpg
T,19,796,DTASET A-Z/T/796.jpg
T,19,797,DTASET A-Z/T/797.jpg
T,19,798,DTASET A-Z/T/798.jpg
T,19,799,DTASET A-Z/T/799.jpg
T,19,800,DTASET A-Z/T/800.jpg
T,19,801,DTASET A-Z/T/801.jpg
T,19,802,DTASET A-Z/T/802.jpg
T,19,803,DTASET A-Z/T/803.jpg
T,19,804,DTASET A-Z/T/804.jpg
T,19,805,DTASET A-Z/T/805.jpg
T,19,806,DTASET A-Z/T/806.jpg
T,19,807,DTASET A-Z/T/807.jpg
T,19,808,DTASET A-Z/T/808.jpg
T,19,809,DTASET A-Z/T/809.jpg
T,19,810,DTASET A-Z/T/810.jpg
T,19,811,DTASET A-Z/T/811.jpg
T,19,812,DTASET A-Z/T/812.jpg
T,19,813,DTASET A-Z/T/813.jpg
T,19,814,DTASET A-Z/T/814.jpg
T,19,815,DTASET A-Z/T/815.jpg
T,19,816,DTASET A-Z/T/816.jpg
T,19,817,DTASET A-Z/T/817.jpg
T,19,818,DTASET A-Z/T/818.jpg
T,19,819,DTASET A-Z/T/819.jpg
T,19,820,DTASET A-Z/T/820.jpg
T,19,821,DTASET A-Z/T/821.jpg
T,19,822,DTASET A-Z/T/822.jpg
T,19,823,DTASET A-Z/T/823.jpg
T,19,824,DTASET A-Z/T/824.jpg
T,19,825,DTASET A-Z/T/825.jpg
T,19,826,DTASET A-Z/T/826.jpg
T,19,827,DTASET A-Z/T/827.jpg
T,19,828,DTASET A-Z/T/828.jpg
T,19,829,DTASET A-Z/T/829.jpg
T,19,830,DTASET A-Z/T/830.jpg
T,19,831,DTASET A-Z/T/831.jpg
T,19,832,DTASET A-Z/T/832.jpg
T,19,833,DTASET A-Z/T/833.jpg
T,19,834,DTASET A-Z/T/834.jpg
T,19,835,DTASET A-Z/T/835.jpg
T,19,836,DTASET A-Z/T/836.jpg
T,19,837,DTASET A-Z/T/837.jpg
T,19,838,DTASET A-Z/T/838.jpg
T,19,839,DTASET A-Z/T/839.jpg
T,19,840,DTASET A-Z/T/840.jpg
T,19,841,DTASET A-Z/T/841.jpg
T,19,842,DTASET A-Z/T/842.jpg
T,19,843,DTASET A-Z/T/843.jpg
T,19,844,DTASET A-Z/T/844.jpg
T,19,845,DTASET A-Z/T/845.jpg
T,19,846,DTASET A-Z/T/846.jpg
T,19,847,DTASET A-Z/T/847.jpg
T,19,848,DTASET A-Z/T/848.jpg
T,19,849,DTASET A-Z/T/849.jpg
T,19,850,DTASET A-Z/T/850.jpg
T,19,851,DTASET A-Z/T/851.jpg
T,19,852,DTASET A-Z/T/852.jpg
T,19,853,DTASET A-Z/T/853.jpg
T,19,854,DTASET A-Z/T/854.jpg
T,19,855,DTASET A-Z/T/855.jpg
T,19,856,DTASET A-Z/T/856.jpg
T,19,857,DTASET A-Z/T/857.jpg
T,19,858,DTASET A-Z/T/858.jpg
T,19,859,DTASET A-Z/T/859.jpg
T,19,860,DTASET A-Z/T/860.jpg
T,19,861,DTASET A-Z/T/861.jpg
T,19,862,DTASET A-Z/T/862.jpg
T,19,863,DTASET A-Z/T/863.jpg
T,19,864,DTASET A-Z/T/864.jpg
T,19,865,DTASET A-Z/T/865.jpg
T,19,866,DTASET A-Z/T/866.jpg
T,19,867,DTASET A-Z/T/867.jpg
T,19,868,DTASET A-Z/T/868.jpg
T,19,869,DTASET A-Z/T/869.jpg
T,19,870,DTASET A-Z/T/870.jpg
T,19,871,DTASET A-Z/T/871.jpg
T,19,872,DTASET A-Z/T/872.jpg
T,19,873,DTASET A-Z/T/873.jpg
T,19,874,DTASET A-Z/T/874.jpg
T,19,875,DTASET A-Z/T/875.jpg
T,19,876,DTASET A-Z/T/876.jpg
T,19,877,DTASET A-Z/T/877.jpg
T,19,878,DTASET A-Z/T/878.jpg
T,19,879,DTASET A-Z/T/879.jpg
T,19,880,DTASET A-Z/T/880.jpg
T,19,881,DTASET A-Z/T/881.jpg
T,19,882,DTASET A-Z/T/882.jpg
T,19,883,DTASET A-Z/T/883.jpg
T,19,884,DTASET A-Z/T/884.jpg
T,19,885,DTASET A-Z/T/885.jpg
T,19,886,DTASET A-Z/T/886.jpg
T,19,887,DTASET A-Z/T/887.jpg
T,19,888,DTASET A-Z/T/888.jpg
T,19,889,DTASET A-Z/T/889.jpg
T,19,890,DTASET A-Z/T/890.jpg
T,19,891,DTASET A-Z/T/891.jpg
T,19,892,DTASET A-Z/T/892.jpg
T,19,893,DTASET A-Z/T/893.jpg
T,19,894,DTASET A-Z/T/894.jpg
T,19,895,DTASET A-Z/T/895.jpg
T,19,896,DTASET A-Z/T/896.jpg
T,19,897,DTASET A-Z/T/897.jpg
T,19,898,DTASET A-Z/T/898.jpg
T,19,899,DTASET A-Z/T/899.jpg
T,19,900,DTASET A-Z/T/900.jpg
T,19,901,DTASET A-Z/T/901.jpg
T,19,902,DTASET A-Z/T/902.jpg
T,19,903,DTASET A-Z/T/903.jpg
T,19,904,DTASET A-Z/T/904.jpg
T,19,905,DTASET A-Z/T/905.jpg
T,19,906,DTASET A-Z/T/906.jpg
T,19,907,DTASET A-Z/T/907.jpg
T,19,908,DTASET A-Z/T/908.jpg
T,19,909,DTASET A-Z/T/909.jpg
T,19,910,DTASET A-Z/T/910.jpg
T,19,911,DTASET A-Z/T/911.jpg
T,19,912,DTASET A-Z/T/912.jpg
T,19,913,DTASET A-Z/T/913.jpg
T,19,914,DTASET A-Z/T/914.jpg
T,19,915,DTASET A-Z/T/915.jpg
T,19,916,DTASET A-Z/T/916.jpg
T,19,917,DTASET A-Z/T/917.jpg
T,19,918,DTASET A-Z/T/918.jpg
T,19,919,DTASET A-Z/T/919.jpg
T,19,920,DTASET A-Z/T/920.jpg
T,19,921,DTASET A-Z/T/921.jpg
T,19,922,DTASET A-Z/T/922.jpg
T,19,923,DTASET A-Z/T/923.jpg
T,19,924,DTASET A-Z/T/924.jpg
T,19,925,DTASET A-Z/T/925.jpg
T,19,926,DTASET A-Z/T/926.jpg
T,19,927,DTASET A-Z/T/927.jpg
T,19,928,DTASET A-Z/T/928.jpg
T,19,929,DTASET A-Z/T/929.jpg
T,19,930,DTASET A-Z/T/930.jpg
T,19,931,DTASET A-Z/T/931.jpg
T,19,932,DTASET A-Z/T/932.jpg
T,19,933,DTASET A-Z/T/933.jpg
T,19,934,DTASET A-Z/T/934.jpg
T,19,935,DTASET A-Z/T/935.jpg
T,19,936,DTASET A-Z/T/936.jpg
T,19,937,DTASET A-Z/T/937.jpg
T,19,938,DTASET A-Z/T/938.jpg
T,19,939,DTASET A-Z/T/939.jpg
T,19,940,DTASET A-Z/T/940.jpg
T,19,941,DTASET A-Z/T/941.jpg
T,19,942,DTASET A-Z/T/942.jpg
T,19,943,DTASET A-Z/T/943.jpg
T,19,944,DTASET A-Z/T/944.jpg
T,19,945,DTASET A-Z/T/945.jpg
T,19,946,DTASET A-Z/T/946.jpg
T,19,947,DTASET A-Z/T/947.jpg
T,19,948,DTASET A-Z/T/948.jpg
T,19,949,DTASET A-Z/T/949.jpg
T,19,950,DTASET A-Z/T/950.jpg
T,19,951,DTASET A-Z/T/951.jpg
T,19,952,DTASET A-Z/T/952.jpg
T,19,953,DTASET A-Z/T/953.jpg
T,19,954,DTASET A-Z/T/954.jpg
T,19,955,DTASET A-Z/T/955.jpg
T,19,956,DTASET A-Z/T/956.jpg
T,19,957,DTASET A-Z/T/957.jpg
T,19,958,DTASET A-Z/T/958.jpg
T,19,959,DTASET A-Z/T/959.jpg
T,19,960,DTASET A-Z/T/960.jpg
T,19,961,DTASET A-Z/T/961.jpg
T,19,962,DTASET A-Z/T/962.jpg
T,19,963,DTASET A-Z/T/963.jpg
T,19,964,DTASET A-Z/T/964.jpg
T,19,965,DTASET A-Z/T/965.jpg
T,19,966,DTASET A-Z/T/966.jpg
T,19,967,DTASET A-Z/T/967.jpg
T,19,968,DTASET A-Z/T/968.jpg
T,19,969,DTASET A-Z/T/969.jpg
T,19,970,DTASET A-Z/T/970.jpg
T,19,971,DTASET A-Z/T/971.jpg
T,19,972,DTASET A-Z/T/972.jpg
T,19,973,DTASET A-Z/T/973.jpg
T,19,974,DTASET A-Z/T/974.jpg
T,19,975,DTASET A-Z/T/975.jpg
T,19,976,DTASET A-Z/T/976.jpg
T,19,977,DTASET A-Z/T/977.jpg
T,19,978,DTASET A-Z/T/978.jpg
T,19,979,DTASET A-Z/T/979.jpg
T,19,980,DTASET A-Z/T/980.jpg
T,19,981,DTASET A-Z/T/981.jpg
T,19,982,DTASET A-Z/T/982.jpg
T,19,983,DTASET A-Z/T/983.jpg
T,19,984,DTASET A-Z/T/984.jpg
T,19,985,DTASET A-Z/T/985.jpg
T,19,986,DTASET A-Z/T/986.jpg
T,19,987,DTASET A-Z/T/987.jpg
T,19,988,DTASET A-Z/T/988.jpg
T,19,989,DTASET A-Z/T/989.jpg
T,19,990,DTASET A-Z/T/990.jpg
T,19,991,DTASET A-Z/T/991.jpg
T,19,992,DTASET A-Z/T/992.jpg
T,19,993,DTASET A-Z/T/993.jpg
T,19,994,DTASET A-Z/T/994.jpg
T,19,995,DTASET A-Z/T/995.jpg
T,19,996,DTASET A-Z/T/996.jpg
T,19,997,DTASET A-Z/T/997.jpg
T,19,998,DTASET A-Z/T/998.jpg
T,19,999,DTASET A-Z/T/999.jpg
T,19,1000,DTASET A-Z/T/1000.jpg
T,19,1001,DTASET A-Z/T/1001.jpg
T,19,1002,DTASET A-Z/T/1002.jpg
T,19,1003,DTASET A-Z/T/1003.jpg
T,19,1004,DTASET A-Z/T/1004.jpg
T,19,1005,DTASET A-Z/T/1005.jpg
T,19,1006,DTASET A-Z/T/1006.jpg
T,19,1007,DTASET A-Z/T/1007.jpg
T,19,1008,DTASET A-Z/T/1008.jpg
T,19,1009,DTASET A-Z/T/1009.jpg
T,19,1010,DTASET A-Z/T/1010.jpg
T,19,1011,DTASET A-Z/T/1011.jpg
T,19,1012,DTASET A-Z/T/1012.jpg
T,19,1013,DTASET A-Z/T/1013.jpg
T,19,1014,DTASET A-Z/T/1014.jpg
T,19,1015,DTASET A-Z/T/1015.jpg
T,19,1016,DTASET A-Z/T/1016.jpg
T,19,1017,DTASET A-Z/T/1017.jpg
T,19,1018,DTASET A-Z/T/1018.jpg
T,19,1019,DTASET A-Z/T/1019.jpg
T,19,1020,DTASET A-Z/T/1020.jpg
T,19,1021,DTASET A-Z/T/1021.jpg
T,19,1022,DTASET A-Z/T/1022.jpg
T,19,1023,DTASET A-Z/T/1023.jpg
T,19,1024,DTASET A-Z/T/1024.jpg
T,19,1025,DTASET A-Z/T/1025.jpg
T,19,1026,DTASET A-Z/T/1026.jpg
T,19,1027,DTASET A-Z/T/1027.jpg
T,19,1028,DTASET A-Z/T/1028.jpg
T,19,1029,DTASET A-Z/T/1029.jpg
T,19,1030,DTASET A-Z/T/1030.jpg
T,19,1031,DTASET A-Z/T/1031.jpg
T,19,1032,DTASET A-Z/T/1032.jpg
T,19,1033,DTASET A-Z/T/1033.jpg
T,19,1034,DTASET A-Z/T/1034.jpg
T,19,1035,DTASET A-Z/T/1035.jpg
T,19,1036,DTASET A-Z/T/1036.jpg
T,19,1037,DTASET A-Z/T/1037.jpg
T,19,1038,DTASET A-Z/T/1038.jpg
T,19,1039,DTASET A-Z/T/1039.jpg
T,19,1040,DTASET A-Z/T/1040.jpg
T,19,1041,DTASET A-Z/T/1041.jpg
T,19,1042,DTASET A-Z/T/1042.jpg
T,19,1043,DTASET A-Z/T/1043.jpg
T,19,1044,DTASET A-Z/T/1044.jpg
T,19,1045,DTASET A-Z/T/1045.jpg
T,19,1046,DTASET A-Z/T/1046.jpg
T,19,1047,DTASET A-Z/T/1047.jpg
T,19,1048,DTASET A-Z/T/1048.jpg
T,19,1049,DTASET A-Z/T/1049.jpg
T,19,1050,DTASET A-Z/T/1050.jpg
T,19,1051,DTASET A-Z/T/1051.jpg
T,19,1052,DTASET A-Z/T/1052.jpg
T,19,1053,DTASET A-Z/T/1053.jpg
T,19,1054,DTASET A-Z/T/1054.jpg
T,19,1055,DTASET A-Z/T/1055.jpg
T,19,1056,DTASET A-Z/T/1056.jpg
T,19,1057,DTASET A-Z/T/1057.jpg
T,19,1058,DTASET A-Z/T/1058.jpg
T,19,1059,DTASET A-Z/T/1059.jpg
T,19,1060,DTASET A-Z/T/1060.jpg
T,19,1061,DTASET A-Z/T/1061.jpg
T,19,1062,DTASET A-Z/T/1062.jpg
T,19,1063,DTASET A-Z/T/1063.jpg
T,19,1064,DTASET A-Z/T/1064.jpg
T,19,1065,DTASET A-Z/T/1065.jpg
T,19,1066,DTASET A-Z/T/1066.jpg
T,19,1067,DTASET A-Z/T/1067.jpg
T,19,1068,DTASET A-Z/T/1068.jpg
T,19,1069,DTASET A-Z/T/1069.jpg
T,19,1070,DTASET A-Z/T/1070.jpg
T,19,1071,DTASET A-Z/T/1071.jpg
T,19,1072,DTASET A-Z/T/1072.jpg
T,19,1073,DTASET A-Z/T/1073.jpg
T,19,1074,DTASET A-Z/T/1074.jpg
T,19,1075,DTASET A-Z/T/1075.jpg
T,19,1076,DTASET A-Z/T/1076.jpg
T,19,1077,DTASET A-Z/T/1077.jpg
T,19,1078,DTASET A-Z/T/1078.jpg
T,19,1079,DTASET A-Z/T/1079.jpg
T,19,1080,DTASET A-Z/T/1080.jpg
T,19,1081,DTASET A-Z/T/1081.jpg
T,19,1082,DTASET A-Z/T/1082.jpg
T,19,1083,DTASET A-Z/T/1083.jpg
T,19,1084,DTASET A-Z/T/1084.jpg
T,19,1085,DTASET A-Z/T/1085.jpg
T,19,1086,DTASET A-Z/T/1086.jpg
T,19,1087,DTASET A-Z/T/1087.jpg
T,19,1088,DTASET A-Z/T/1088.jpg
T,19,1089,DTASET A-Z/T/1089.jpg
T,19,1090,DTASET A-Z/T/1090.jpg
T,19,1091,DTASET A-Z/T/1091.jpg
T,19,1092,DTASET A-Z/T/1092.jpg
T,19,1093,DTASET A-Z/T/1093.jpg
T,19,1094,DTASET A-Z/T/1094.jpg
T,19,1095,DTASET A-Z/T/1095.jpg
T,19,1096,DTASET A-Z/T/1096.jpg
T,19,1097,DTASET A-Z/T/1097.jpg
T,19,1098,DTASET A-Z/T/1098.jpg
T,19,1099,DTASET A-Z/T/1099.jpg
T,19,1100,DTASET A-Z/T/1100.jpg
T,19,1101,DTASET A-Z/T/1101.jpg
T,19,1102,DTASET A-Z/T/1102.jpg
T,19,1103,DTASET A-Z/T/1103.jpg
T,19,1104,DTASET A-Z/T/1104.jpg
T,19,1105,DTASET A-Z/T/1105.jpg
T,19,1106,DTASET A-Z/T/1106.jpg
T,19,1107,DTASET A-Z/T/1107.jpg
T,19,1108,DTASET A-Z/T/1108.jpg
T,19,1109,DTASET A-Z/T/1109.jpg
T,19,1110,DTASET A-Z/T/1110.jpg
T,19,1111,DTASET A-Z/T/1111.jpg
T,19,1112,DTASET A-Z/T/1112.jpg
T,19,1113,DTASET A-Z/T/1113.jpg
T,19,1114,DTASET A-Z/T/1114.jpg
T,19,1115,DTASET A-Z/T/1115.jpg
T,19,1116,DTASET A-Z/T/1116.jpg
T,19,1117,DTASET A-Z/T/1117.jpg
T,19,1118,DTASET A-Z/T/1118.jpg
T,19,1119,DTASET A-Z/T/1119.jpg
T,19,1120,DTASET A-Z/T/1120.jpg
T,19,1121,DTASET A-Z/T/1121.jpg
T,19,1122,DTASET A-Z/T/1122.jpg
T,19,1123,DTASET A-Z/T/1123.jpg
T,19,1124,DTASET A-Z/T/1124.jpg
T,19,1125,DTASET A-Z/T/1125.jpg
T,19,1126,DTASET A-Z/T/1126.jpg
T,19,1127,DTASET A-Z/T/1127.jpg
T,19,1128,DTASET A-Z/T/1128.jpg
T,19,1129,DTASET A-Z/T/1129.jpg
T,19,1130,DTASET A-Z/T/1130.jpg
T,19,1131,DTASET A-Z/T/1131.jpg
T,19,1132,DTASET A-Z/T/1132.jpg
T,19,1133,DTASET A-Z/T/1133.jpg
T,19,1134,DTASET A-Z/T/1134.jpg
T,19,1135,DTASET A-Z/T/1135.jpg
T,19,1136,DTASET A-Z/T/1136.jpg
T,19,1137,DTASET A-Z/T/1137.jpg
T,19,1138,DTASET A-Z/T/1138.jpg
T,19,1139,DTASET A-Z/T/1139.jpg
T,19,1140,DTASET A-Z/T/1140.jpg
T,19,1141,DTASET A-Z/T/1141.jpg
T,19,1142,DTASET A-Z/T/1142.jpg
T,19,1143,DTASET A-Z/T/1143.jpg
T,19,1144,DTASET A-Z/T/1144.jpg
T,19,1145,DTASET A-Z/T/1145.jpg
T,19,1146,DTASET A-Z/T/1146.jpg
T,19,1147,DTASET A-Z/T/1147.jpg
T,19,1148,DTASET A-Z/T/1148.jpg
T,19,1149,DTASET A-Z/T/1149.jpg
T,19,1150,DTASET A-Z/T/1150.jpg
T,19,1151,DTASET A-Z/T/1151.jpg
T,19,1152,DTASET A-Z/T/1152.jpg
T,19,1153,DTASET A-Z/T/1153.jpg
T,19,1154,DTASET A-Z/T/1154.jpg
T,19,1155,DTASET A-Z/T/1155.jpg
T,19,1156,DTASET A-Z/T/1156.jpg
T,19,1157,DTASET A-Z/T/1157.jpg
T,19,1158,DTASET A-Z/T/1158.jpg
T,19,1159,DTASET A-Z/T/1159.jpg
T,19,1160,DTASET A-Z/T/1160.jpg
T,19,1161,DTASET A-Z/T/1161.jpg
T,19,1162,DTASET A-Z/T/1162.jpg
T,19,1163,DTASET A-Z/T/1163.jpg
T,19,1164,DTASET A-Z/T/1164.jpg
T,19,1165,DTASET A-Z/T/1165.jpg
T,19,1166,DTASET A-Z/T/1166.jpg
T,19,1167,DTASET A-Z/T/1167.jpg
T,19,1168,DTASET A-Z/T/1168.jpg
T,19,1169,DTASET A-Z/T/1169.jpg
T,19,1170,DTASET A-Z/T/1170.jpg
T,19,1171,DTASET A-Z/T/1171.jpg
T,19,1172,DTASET A-Z/T/1172.jpg
T,19,1173,DTASET A-Z/T/1173.jpg
T,19,1174,DTASET A-Z/T/1174.jpg
T,19,1175,DTASET A-Z/T/1175.jpg
T,19,1176,DTASET A-Z/T/1176.jpg
T,19,1177,DTASET A-Z/T/1177.jpg
T,19,1178,DTASET A-Z/T/1178.jpg
T,19,1179,DTASET A-Z/T/1179.jpg
T,19,1180,DTASET A-Z/T/1180.jpg
T,19,1181,DTASET A-Z/T/1181.jpg
T,19,1182,DTASET A-Z/T/1182.jpg
T,19,1183,DTASET A-Z/T/1183.jpg
T,19,1184,DTASET A-Z/T/1184.jpg
T,19,1185,DTASET A-Z/T/1185.jpg
T,19,1186,DTASET A-Z/T/1186.jpg
T,19,1187,DTASET A-Z/T/1187.jpg
T,19,1188,DTASET A-Z/T/1188.jpg
T,19,1189,DTASET A-Z/T/1189.jpg
T,19,1190,DTASET A-Z/T/1190.jpg
T,19,1191,DTASET A-Z/T/1191.jpg
T,19,1192,DTASET A-Z/T/1192.jpg
T,19,1193,DTASET A-Z/T/1193.jpg
T,19,1194,DTASET A-Z/T/1194.jpg
T,19,1195,DTASET A-Z/T/1195.jpg
T,19,1196,DTASET A-Z/T/1196.jpg
T,19,1197,DTASET A-Z/T/1197.jpg
T,19,1198,DTASET A-Z/T/1198.jpg
T,19,1199,DTASET A-Z/T/1199.jpg
U,20,0,DTASET A-Z/U/0.jpg
U,20,1,DTASET A-Z/U/1.jpg
U,20,2,DTASET A-Z/U/2.jpg
U,20,3,DTASET A-Z/U/3.jpg
U,20,4,DTASET A-Z/U/4.jpg
U,20,5,DTASET A-Z/U/5.jpg
U,20,6,DTASET A-Z/U/6.jpg
U,20,7,DTASET A-Z/U/7.jpg
U,20,8,DTASET A-Z/U/8.jpg
U,20,9,DTASET A-Z/U/9.jpg
U,20,10,DTASET A-Z/U/10.jpg
U,20,11,DTASET A-Z/U/11.jpg
U,20,12,DTASET A-Z/U/12.jpg
U,20,13,DTASET A-Z/U/13.jpg
U,20,14,DTASET A-Z/U/14.jpg
U,20,15,DTASET A-Z/U/15.jpg
U,20,16,DTASET A-Z/U/16.jpg
U,20,17,DTASET A-Z/U/17.jpg
U,20,18,DTASET A-Z/U/18.jpg
U,20,19,DTASET A-Z/U/19.jpg
U,20,20,DTASET A-Z/U/20.jpg
U,20,21,DTASET A-Z/U/21.jpg
U,20,22,DTASET A-Z/U/22.jpg
U,20,23,DTASET A-Z/U/23.jpg
U,20,24,DTASET A-Z/U/24.jpg
U,20,25,DTASET A-Z/U/25.jpg
U,20,26,DTASET A-Z/U/26.jpg
U,20,27,DTASET A-Z/U/27.jpg
U,20,28,DTASET A-Z/U/28.jpg
U,20,29,DTASET A-Z/U/29.jpg
U,20,30,DTASET A-Z/U/30.jpg
U,20,31,DTASET A-Z/U/31.jpg
U,20,32,DTASET A-Z/U/32.jpg
U,20,33,DTASET A-Z/U/33.jpg
U,20,34,DTASET A-Z/U/34.jpg
U,20,35,DTASET A-Z/U/35.jpg
U,20,36,DTASET A-Z/U/36.jpg
U,20,37,DTASET A-Z/U/37.jpg
U,20,38,DTASET A-Z/U/38.jpg
U,20,39,DTASET A-Z/U/39.jpg
U,20,40,DTASET A-Z/U/40.jpg
U,20,41,DTASET A-Z/U/41.jpg
U,20,42,DTASET A-Z/U/42.jpg
U,20,43,DTASET A-Z/U/43.jpg
U,20,44,DTASET A-Z/U/44.jpg
U,20,45,DTASET A-Z/U/45.jpg
U,20,46,DTASET A-Z/U/46.jpg
U,20,47,DTASET A-Z/U/47.jpg
U,20,48,DTASET A-Z/U/48.jpg
U,20,49,DTASET A-Z/U/49.jpg
U,20,50,DTASET A-Z/U/50.jpg
U,20,51,DTASET A-Z/U/51.jpg
U,20,52,DTASET A-Z/U/52.jpg
U,20,53,DTASET A-Z/U/53.jpg
U,20,54,DTASET A-Z/U/54.jpg
U,20,55,DTASET A-Z/U/55.jpg
U,20,56,DTASET A-Z/U/56.jpg
U,20,57,DTASET A-Z/U/57.jpg
U,20,58,DTASET A-Z/U/58.jpg
U,20,59,DTASET A-Z/U/59.jpg
U,20,60,DTASET A-Z/U/60.jpg
U,20,61,DTASET A-Z/U/61.jpg
U,20,62,DTASET A-Z/U/62.jpg
U,20,63,DTASET A-Z/U/63.jpg
U,20,64,DTASET A-Z/U/64.jpg
U,20,65,DTASET A-Z/U/65.jpg
U,20,66,DTASET A-Z/U/66.jpg
U,20,67,DTASET A-Z/U/67.jpg
U,20,68,DTASET A-Z/U/68.jpg
U,20,69,DTASET A-Z/U/69.jpg
U,20,70,DTASET A-Z/U/70.jpg
U,20,71,DTASET A-Z/U/71.jpg
U,20,72,DTASET A-Z/U/72.jpg
U,20,73,DTASET A-Z/U/73.jpg
U,20,74,DTASET A-Z/U/74.jpg
U,20,75,DTASET A-Z/U/75.jpg
U,20,76,DTASET A-Z/U/76.jpg
U,20,77,DTASET A-Z/U/77.jpg
U,20,78,DTASET A-Z/U/78.jpg
U,20,79,DTASET A-Z/U/79.jpg
U,20,80,DTASET A-Z/U/80.jpg
U,20,81,DTASET A-Z/U/81.jpg
U,20,82,DTASET A-Z/U/82.jpg
U,20,83,DTASET A-Z/U/83.jpg
U,20,84,DTASET A-Z/U/84.jpg
U,20,85,DTASET A-Z/U/85.jpg
U,20,86,DTASET A-Z/U/86.jpg
U,20,87,DTASET A-Z/U/87.jpg
U,20,88,DTASET A-Z/U/88.jpg
U,20,89,DTASET A-Z/U/89.jpg
U,20,90,DTASET A-Z/U/90.jpg
U,20,91,DTASET A-Z/U/91.jpg
U,20,92,DTASET A-Z/U/92.jpg
U,20,93,DTASET A-Z/U/93.jpg
U,20,94,DTASET A-Z/U/94.jpg
U,20,95,DTASET A-Z/U/95.jpg
U,20,96,DTASET A-Z/U/96.jpg
U,20,97,DTASET A-Z/U/97.jpg
U,20,98,DTASET A-Z/U/98.jpg
U,20,99,DTASET A-Z/U/99.jpg
U,20,100,DTASET A-Z/U/100.jpg
U,20,101,DTASET A-Z/U/101.jpg
U,20,102,DTASET A-Z/U/102.jpg
U,20,103,DTASET A-Z/U/103.jpg
U,20,104,DTASET A-Z/U/104.jpg
U,20,105,DTASET A-Z/U/105.jpg
U,20,106,DTASET A-Z/U/106.jpg
U,20,107,DTASET A-Z/U/107.jpg
U,20,108,DTASET A-Z/U/108.jpg
U,20,109,DTASET A-Z/U/109.jpg
U,20,110,DTASET A-Z/U/110.jpg
U,20,111,DTASET A-Z/U/111.jpg
U,20,112,DTASET A-Z/U/112.jpg
U,20,113,DTASET A-Z/U/113.jpg
U,20,114,DTASET A-Z/U/114.jpg
U,20,115,DTASET A-Z/U/115.jpg
U,20,116,DTASET A-Z/U/116.jpg
U,20,117,DTASET A-Z/U/117.jpg
U,20,118,DTASET A-Z/U/118.jpg
U,20,119,DTASET A-Z/U/119.jpg
U,20,120,DTASET A-Z/U/120.jpg
U,20,121,DTASET A-Z/U/121.jpg
U,20,122,DTASET A-Z/U/122.jpg
U,20,123,DTASET A-Z/U/123.jpg
U,20,124,DTASET A-Z/U/124.jpg
U,20,125,DTASET A-Z/U/125.jpg
U,20,126,DTASET A-Z/U/126.jpg
U,20,127,DTASET A-Z/U/127.jpg
U,20,128,DTASET A-Z/U/128.jpg
U,20,129,DTASET A-Z/U/129.jpg
U,20,130,DTASET A-Z/U/130.jpg
U,20,131,DTASET A-Z/U/131.jpg
U,20,132,DTASET A-Z/U/132.jpg
U,20,133,DTASET A-Z/U/133.jpg
U,20,134,DTASET A-Z/U/134.jpg
U,20,135,DTASET A-Z/U/135.jpg
U,20,136,DTASET A-Z/U/136.jpg
U,20,137,DTASET A-Z/U/137.jpg
U,20,138,DTASET A-Z/U/138.jpg
U,20,139,DTASET A-Z/U/139.jpg
U,20,140,DTASET A-Z/U/140.jpg
U,20,141,DTASET A-Z/U/141.jpg
U,20,142,DTASET A-Z/U/142.jpg
U,20,143,DTASET A-Z/U/143.jpg
U,20,144,DTASET A-Z/U/144.jpg
U,20,145,DTASET A-Z/U/145.jpg
U,20,146,DTASET A-Z/U/146.jpg
U,20,147,DTASET A-Z/U/147.jpg
U,20,148,DTASET A-Z/U/148.jpg
U,20,149,DTASET A-Z/U/149.jpg
U,20,150,DTASET A-Z/U/150.jpg
U,20,151,DTASET A-Z/U/151.jpg
U,20,152,DTASET A-Z/U/152.jpg
U,20,153,DTASET A-Z/U/153.jpg
U,20,154,DTASET A-Z/U/154.jpg
U,20,155,DTASET A-Z/U/155.jpg
U,20,156,DTASET A-Z/U/156.jpg
U,20,157,DTASET A-Z/U/157.jpg
U,20,158,DTASET A-Z/U/158.jpg
U,20,159,DTASET A-Z/U/159.jpg
U,20,160,DTASET A-Z/U/160.jpg
U,20,161,DTASET A-Z/U/161.jpg
U,20,162,DTASET A-Z/U/162.jpg
U,20,163,DTASET A-Z/U/163.jpg
U,20,164,DTASET A-Z/U/164.jpg
U,20,165,DTASET A-Z/U/165.jpg
U,20,166,DTASET A-Z/U/166.jpg
U,20,167,DTASET A-Z/U/167.jpg
U,20,168,DTASET A-Z/U/168.jpg
U,20,169,DTASET A-Z/U/169.jpg
U,20,170,DTASET A-Z/U/170.jpg
U,20,171,DTASET A-Z/U/171.jpg
U,20,172,DTASET A-Z/U/172.jpg
U,20,173,DTASET A-Z/U/173.jpg
U,20,174,DTASET A-Z/U/174.jpg
U,20,175,DTASET A-Z/U/175.jpg
U,20,176,DTASET A-Z/U/176.jpg
U,20,177,DTASET A-Z/U/177.jpg
U,20,178,DTASET A-Z/U/178.jpg
U,20,179,DTASET A-Z/U/179.jpg
U,20,180,DTASET A-Z/U/180.jpg
U,20,181,DTASET A-Z/U/181.jpg
U,20,182,DTASET A-Z/U/182.jpg
U,20,183,DTASET A-Z/U/183.jpg
U,20,184,DTASET A-Z/U/184.jpg
U,20,185,DTASET A-Z/U/185.jpg
U,20,186,DTASET A-Z/U/186.jpg
U,20,187,DTASET A-Z/U/187.jpg
U,20,188,DTASET A-Z/U/188.jpg
U,20,189,DTASET A-Z/U/189.jpg
U,20,190,DTASET A-Z/U/190.jpg
U,20,191,DTASET A-Z/U/191.jpg
U,20,192,DTASET A-Z/U/192.jpg
U,20,193,DTASET A-Z/U/193.jpg
U,20,194,DTASET A-Z/U/194.jpg
U,20,195,DTASET A-Z/U/195.jpg
U,20,196,DTASET A-Z/U/196.jpg
U,20,197,DTASET A-Z/U/197.jpg
U,20,198,DTASET A-Z/U/198.jpg
U,20,199,DTASET A-Z/U/199.jpg
U,20,200,DTASET A-Z/U/200.jpg
U,20,201,DTASET A-Z/U/201.jpg
U,20,202,DTASET A-Z/U/202.jpg
U,20,203,DTASET A-Z/U/203.jpg
U,20,204,DTASET A-Z/U/204.jpg
U,20,205,DTASET A-Z/U/205.jpg
U,20,206,DTASET A-Z/U/206.jpg
U,20,207,DTASET A-Z/U/207.jpg
U,20,208,DTASET A-Z/U/208.jpg
U,20,209,DTASET A-Z/U/209.jpg
U,20,210,DTASET A-Z/U/210.jpg
U,20,211,DTASET A-Z/U/211.jpg
U,20,212,DTASET A-Z/U/212.jpg
U,20,213,DTASET A-Z/U/213.jpg
U,20,214,DTASET A-Z/U/214.jpg
U,20,215,DTASET A-Z/U/215.jpg
U,20,216,DTASET A-Z/U/216.jpg
U,20,217,DTASET A-Z/U/217.jpg
U,20,218,DTASET A-Z/U/218.jpg
U,20,219,DTASET A-Z/U/219.jpg
U,20,220,DTASET A-Z/U/220.jpg
U,20,221,DTASET A-Z/U/221.jpg
U,20,222,DTASET A-Z/U/222.jpg
U,20,223,DTASET A-Z/U/223.jpg
U,20,224,DTASET A-Z/U/224.jpg
U,20,225,DTASET A-Z/U/225.jpg
U,20,226,DTASET A-Z/U/226.jpg
U,20,227,DTASET A-Z/U/227.jpg
U,20,228,DTASET A-Z/U/228.jpg
U,20,229,DTASET A-Z/U/229.jpg
U,20,230,DTASET A-Z/U/230.jpg
U,20,231,DTASET A-Z/U/231.jpg
U,20,232,DTASET A-Z/U/232.jpg
U,20,233,DTASET A-Z/U/233.jpg
U,20,234,DTASET A-Z/U/234.jpg
U,20,235,DTASET A-Z/U/235.jpg
U,20,236,DTASET A-Z/U/236.jpg
U,20,237,DTASET A-Z/U/237.jpg
U,20,238,DTASET A-Z/U/238.jpg
U,20,239,DTASET A-Z/U/239.jpg
U,20,240,DTASET A-Z/U/240.jpg
U,20,241,DTASET A-Z/U/241.jpg
U,20,242,DTASET A-Z/U/242.jpg
U,20,243,DTASET A-Z/U/243.jpg
U,20,244,DTASET A-Z/U/244.jpg
U,20,245,DTASET A-Z/U/245.jpg
U,20,246,DTASET A-Z/U/246.jpg
U,20,247,DTASET A-Z/U/247.jpg
U,20,248,DTASET A-Z/U/248.jpg
U,20,249,DTASET A-Z/U/249.jpg
U,20,250,DTASET A-Z/U/250.jpg
U,20,251,DTASET A-Z/U/251.jpg
U,20,252,DTASET A-Z/U/252.jpg
U,20,253,DTASET A-Z/U/253.jpg
U,20,254,DTASET A-Z/U/254.jpg
U,20,255,DTASET A-Z/U/255.jpg
U,20,256,DTASET A-Z/U/256.jpg
U,20,257,DTASET A-Z/U/257.jpg
U,20,258,DTASET A-Z/U/258.jpg
U,20,259,DTASET A-Z/U/259.jpg
U,20,260,DTASET A-Z/U/260.jpg
U,20,261,DTASET A-Z/U/261.jpg
U,20,262,DTASET A-Z/U/262.jpg
U,20,263,DTASET A-Z/U/263.jpg
U,20,264,DTASET A-Z/U/264.jpg
U,20,265,DTASET A-Z/U/265.jpg
U,20,266,DTASET A-Z/U/266.jpg
U,20,267,DTASET A-Z/U/267.jpg
U,20,268,DTASET A-Z/U/268.jpg
U,20,269,DTASET A-Z/U/269.jpg
U,20,270,DTASET A-Z/U/270.jpg
U,20,271,DTASET A-Z/U/271.jpg
U,20,272,DTASET A-Z/U/272.jpg
U,20,273,DTASET A-Z/U/273.jpg
U,20,274,DTASET A-Z/U/274.jpg
U,20,275,DTASET A-Z/U/275.jpg
U,20,276,DTASET A-Z/U/276.jpg
U,20,277,DTASET A-Z/U/277.jpg
U,20,278,DTASET A-Z/U/278.jpg
U,20,279,DTASET A-Z/U/279.jpg
U,20,280,DTASET A-Z/U/280.jpg
U,20,281,DTASET A-Z/U/281.jpg
U,20,282,DTASET A-Z/U/282.jpg
U,20,283,DTASET A-Z/U/283.jpg
U,20,284,DTASET A-Z/U/284.jpg
U,20,285,DTASET A-Z/U/285.jpg
U,20,286,DTASET A-Z/U/286.jpg
U,20,287,DTASET A-Z/U/287.jpg
U,20,288,DTASET A-Z/U/288.jpg
U,20,289,DTASET A-Z/U/289.jpg
U,20,290,DTASET A-Z/U/290.jpg
U,20,291,DTASET A-Z/U/291.jpg
U,20,292,DTASET A-Z/U/292.jpg
U,20,293,DTASET A-Z/U/293.jpg
U,20,294,DTASET A-Z/U/294.jpg
U,20,295,DTASET A-Z/U/295.jpg
U,20,296,DTASET A-Z/U/296.jpg
U,20,297,DTASET A-Z/U/297.jpg
U,20,298,DTASET A-Z/U/298.jpg
U,20,299,DTASET A-Z/U/299.jpg
U,20,300,DTASET A-Z/U/300.jpg
U,20,301,DTASET A-Z/U/301.jpg
U,20,302,DTASET A-Z/U/302.jpg
U,20,303,DTASET A-Z/U/303.jpg
U,20,304,DTASET A-Z/U/304.jpg
U,20,305,DTASET A-Z/U/305.jpg
U,20,306,DTASET A-Z/U/306.jpg
U,20,307,DTASET A-Z/U/307.jpg
U,20,308,DTASET A-Z/U/308.jpg
U,20,309,DTASET A-Z/U/309.jpg
U,20,310,DTASET A-Z/U/310.jpg
U,20,311,DTASET A-Z/U/311.jpg
U,20,312,DTASET A-Z/U/312.jpg
U,20,313,DTASET A-Z/U/313.jpg
U,20,314,DTASET A-Z/U/314.jpg
U,20,315,DTASET A-Z/U/315.jpg
U,20,316,DTASET A-Z/U/316.jpg
U,20,317,DTASET A-Z/U/317.jpg
U,20,318,DTASET A-Z/U/318.jpg
U,20,319,DTASET A-Z/U/319.jpg
U,20,320,DTASET A-Z/U/320.jpg
U,20,321,DTASET A-Z/U/321.jpg
U,20,322,DTASET A-Z/U/322.jpg
U,20,323,DTASET A-Z/U/323.jpg
U,20,324,DTASET A-Z/U/324.jpg
U,20,325,DTASET A-Z/U/325.jpg
U,20,326,DTASET A-Z/U/326.jpg
U,20,327,DTASET A-Z/U/327.jpg
U,20,328,DTASET A-Z/U/328.jpg
U,20,329,DTASET A-Z/U/329.jpg
U,20,330,DTASET A-Z/U/330.jpg
U,20,331,DTASET A-Z/U/331.jpg
U,20,332,DTASET A-Z/U/332.jpg
U,20,333,DTASET A-Z/U/333.jpg
U,20,334,DTASET A-Z/U/334.jpg
U,20,335,DTASET A-Z/U/335.jpg
U,20,336,DTASET A-Z/U/336.jpg
U,20,337,DTASET A-Z/U/337.jpg
U,20,338,DTASET A-Z/U/338.jpg
U,20,339,DTASET A-Z/U/339.jpg
U,20,340,DTASET A-Z/U/340.jpg
U,20,341,DTASET A-Z/U/341.jpg
U,20,342,DTASET A-Z/U/342.jpg
U,20,343,DTASET A-Z/U/343.jpg
U,20,344,DTASET A-Z/U/344.jpg
U,20,345,DTASET A-Z/U/345.jpg
U,20,346,DTASET A-Z/U/346.jpg
U,20,347,DTASET A-Z/U/347.jpg
U,20,348,DTASET A-Z/U/348.jpg
U,20,349,DTASET A-Z/U/349.jpg
U,20,350,DTASET A-Z/U/350.jpg
U,20,351,DTASET A-Z/U/351.jpg
U,20,352,DTASET A-Z/U/352.jpg
U,20,353,DTASET A-Z/U/353.jpg
U,20,354,DTASET A-Z/U/354.jpg
U,20,355,DTASET A-Z/U/355.jpg
U,20,356,DTASET A-Z/U/356.jpg
U,20,357,DTASET A-Z/U/357.jpg
U,20,358,DTASET A-Z/U/358.jpg
U,20,359,DTASET A-Z/U/359.jpg
U,20,360,DTASET A-Z/U/360.jpg
U,20,361,DTASET A-Z/U/361.jpg
U,20,362,DTASET A-Z/U/362.jpg
U,20,363,DTASET A-Z/U/363.jpg
U,20,364,DTASET A-Z/U/364.jpg
U,20,365,DTASET A-Z/U/365.jpg
U,20,366,DTASET A-Z/U/366.jpg
U,20,367,DTASET A-Z/U/367.jpg
U,20,368,DTASET A-Z/U/368.jpg
U,20,369,DTASET A-Z/U/369.jpg
U,20,370,DTASET A-Z/U/370.jpg
U,20,371,DTASET A-Z/U/371.jpg
U,20,372,DTASET A-Z/U/372.jpg
U,20,373,DTASET A-Z/U/373.jpg
U,20,374,DTASET A-Z/U/374.jpg
U,20,375,DTASET A-Z/U/375.jpg
U,20,376,DTASET A-Z/U/376.jpg
U,20,377,DTASET A-Z/U/377.jpg
U,20,378,DTASET A-Z/U/378.jpg
U,20,379,DTASET A-Z/U/379.jpg
U,20,380,DTASET A-Z/U/380.jpg
U,20,381,DTASET A-Z/U/381.jpg
U,20,382,DTASET A-Z/U/382.jpg
U,20,383,DTASET A-Z/U/383.jpg
U,20,384,DTASET A-Z/U/384.jpg
U,20,385,DTASET A-Z/U/385.jpg
U,20,386,DTASET A-Z/U/386.jpg
U,20,387,DTASET A-Z/U/387.jpg
U,20,388,DTASET A-Z/U/388.jpg
U,20,389,DTASET A-Z/U/389.jpg
U,20,390,DTASET A-Z/U/390.jpg
U,20,391,DTASET A-Z/U/391.jpg
U,20,392,DTASET A-Z/U/392.jpg
U,20,393,DTASET A-Z/U/393.jpg
U,20,394,DTASET A-Z/U/394.jpg
U,20,395,DTASET A-Z/U/395.jpg
U,20,396,DTASET A-Z/U/396.jpg
U,20,397,DTASET A-Z/U/397.jpg
U,20,398,DTASET A-Z/U/398.jpg
U,20,399,DTASET A-Z/U/399.jpg
U,20,400,DTASET A-Z/U/400.jpg
U,20,401,DTASET A-Z/U/401.jpg
U,20,402,DTASET A-Z/U/402.jpg
U,20,403,DTASET A-Z/U/403.jpg
U,20,404,DTASET A-Z/U/404.jpg
U,20,405,DTASET A-Z/U/405.jpg
U,20,406,DTASET A-Z/U/406.jpg
U,20,407,DTASET A-Z/U/407.jpg
U,20,408,DTASET A-Z/U/408.jpg
U,20,409,DTASET A-Z/U/409.jpg
U,20,410,DTASET A-Z/U/410.jpg
U,20,411,DTASET A-Z/U/411.jpg
U,20,412,DTASET A-Z/U/412.jpg
U,20,413,DTASET A-Z/U/413.jpg
U,20,414,DTASET A-Z/U/414.jpg
U,20,415,DTASET A-Z/U/415.jpg
U,20,416,DTASET A-Z/U/416.jpg
U,20,417,DTASET A-Z/U/417.jpg
U,20,418,DTASET A-Z/U/418.jpg
U,20,419,DTASET A-Z/U/419.jpg
U,20,420,DTASET A-Z/U/420.jpg
U,20,421,DTASET A-Z/U/421.jpg
U,20,422,DTASET A-Z/U/422.jpg
U,20,423,DTASET A-Z/U/423.jpg
U,20,424,DTASET A-Z/U/424.jpg
U,20,425,DTASET A-Z/U/425.jpg
U,20,426,DTASET A-Z/U/426.jpg
U,20,427,DTASET A-Z/U/427.jpg
U,20,428,DTASET A-Z/U/428.jpg
U,20,429,DTASET A-Z/U/429.jpg
U,20,430,DTASET A-Z/U/430.jpg
U,20,431,DTASET A-Z/U/431.jpg
U,20,432,DTASET A-Z/U/432.jpg
U,20,433,DTASET A-Z/U/433.jpg
U,20,434,DTASET A-Z/U/434.jpg
U,20,435,DTASET A-Z/U/435.jpg
U,20,436,DTASET A-Z/U/436.jpg
U,20,437,DTASET A-Z/U/437.jpg
U,20,438,DTASET A-Z/U/438.jpg
U,20,439,DTASET A-Z/U/439.jpg
U,20,440,DTASET A-Z/U/440.jpg
U,20,441,DTASET A-Z/U/441.jpg
U,20,442,DTASET A-Z/U/442.jpg
U,20,443,DTASET A-Z/U/443.jpg
U,20,444,DTASET A-Z/U/444.jpg
U,20,445,DTASET A-Z/U/445.jpg
U,20,446,DTASET A-Z/U/446.jpg
U,20,447,DTASET A-Z/U/447.jpg
U,20,448,DTASET A-Z/U/448.jpg
U,20,449,DTASET A-Z/U/449.jpg
U,20,450,DTASET A-Z/U/450.jpg
U,20,451,DTASET A-Z/U/451.jpg
U,20,452,DTASET A-Z/U/452.jpg
U,20,453,DTASET A-Z/U/453.jpg
U,20,454,DTASET A-Z/U/454.jpg
U,20,455,DTASET A-Z/U/455.jpg
U,20,456,DTASET A-Z/U/456.jpg
U,20,457,DTASET A-Z/U/457.jpg
U,20,458,DTASET A-Z/U/458.jpg
U,20,459,DTASET A-Z/U/459.jpg
U,20,460,DTASET A-Z/U/460.jpg
U,20,461,DTASET A-Z/U/461.jpg
U,20,462,DTASET A-Z/U/462.jpg
U,20,463,DTASET A-Z/U/463.jpg
U,20,464,DTASET A-Z/U/464.jpg
U,20,465,DTASET A-Z/U/465.jpg
U,20,466,DTASET A-Z/U/466.jpg
U,20,467,DTASET A-Z/U/467.jpg
U,20,468,DTASET A-Z/U/468.jpg
U,20,469,DTASET A-Z/U/469.jpg
U,20,470,DTASET A-Z/U/470.jpg
U,20,471,DTASET A-Z/U/471.jpg
U,20,472,DTASET A-Z/U/472.jpg
U,20,473,DTASET A-Z/U/473.jpg
U,20,474,DTASET A-Z/U/474.jpg
U,20,475,DTASET A-Z/U/475.jpg
U,20,476,DTASET A-Z/U/476.jpg
U,20,477,DTASET A-Z/U/477.jpg
U,20,478,DTASET A-Z/U/478.jpg
U,20,479,DTASET A-Z/U/479.jpg
U,20,480,DTASET A-Z/U/480.jpg
U,20,481,DTASET A-Z/U/481.jpg
U,20,482,DTASET A-Z/U/482.jpg
U,20,483,DTASET A-Z/U/483.jpg
U,20,484,DTASET A-Z/U/484.jpg
U,20,485,DTASET A-Z/U/485.jpg
U,20,486,DTASET A-Z/U/486.jpg
U,20,487,DTASET A-Z/U/487.jpg
U,20,488,DTASET A-Z/U/488.jpg
U,20,489,DTASET A-Z/U/489.jpg
U,20,490,DTASET A-Z/U/490.jpg
U,20,491,DTASET A-Z/U/491.jpg
U,20,492,DTASET A-Z/U/492.jpg
U,20,493,DTASET A-Z/U/493.jpg
U,20,494,DTASET A-Z/U/494.jpg
U,20,495,DTASET A-Z/U/495.jpg
U,20,496,DTASET A-Z/U/496.jpg
U,20,497,DTASET A-Z/U/497.jpg
U,20,498,DTASET A-Z/U/498.jpg
U,20,499,DTASET A-Z/U/499.jpg
U,20,500,DTASET A-Z/U/500.jpg
U,20,501,DTASET A-Z/U/501.jpg
U,20,502,DTASET A-Z/U/502.jpg
U,20,503,DTASET A-Z/U/503.jpg
U,20,504,DTASET A-Z/U/504.jpg
U,20,505,DTASET A-Z/U/505.jpg
U,20,506,DTASET A-Z/U/506.jpg
U,20,507,DTASET A-Z/U/507.jpg
U,20,508,DTASET A-Z/U/508.jpg
U,20,509,DTASET A-Z/U/509.jpg
U,20,510,DTASET A-Z/U/510.jpg
U,20,511,DTASET A-Z/U/511.jpg
U,20,512,DTASET A-Z/U/512.jpg
U,20,513,DTASET A-Z/U/513.jpg
U,20,514,DTASET A-Z/U/514.jpg
U,20,515,DTASET A-Z/U/515.jpg
U,20,516,DTASET A-Z/U/516.jpg
U,20,517,DTASET A-Z/U/517.jpg
U,20,518,DTASET A-Z/U/518.jpg
U,20,519,DTASET A-Z/U/519.jpg
U,20,520,DTASET A-Z/U/520.jpg
U,20,521,DTASET A-Z/U/521.jpg
U,20,522,DTASET A-Z/U/522.jpg
U,20,523,DTASET A-Z/U/523.jpg
U,20,524,DTASET A-Z/U/524.jpg
U,20,525,DTASET A-Z/U/525.jpg
U,20,526,DTASET A-Z/U/526.jpg
U,20,527,DTASET A-Z/U/527.jpg
U,20,528,DTASET A-Z/U/528.jpg
U,20,529,DTASET A-Z/U/529.jpg
U,20,530,DTASET A-Z/U/530.jpg
U,20,531,DTASET A-Z/U/531.jpg
U,20,532,DTASET A-Z/U/532.jpg
U,20,533,DTASET A-Z/U/533.jpg
U,20,534,DTASET A-Z/U/534.jpg
U,20,535,DTASET A-Z/U/535.jpg
U,20,536,DTASET A-Z/U/536.jpg
U,20,537,DTASET A-Z/U/537.jpg
U,20,538,DTASET A-Z/U/538.jpg
U,20,539,DTASET A-Z/U/539.jpg
U,20,540,DTASET A-Z/U/540.jpg
U,20,541,DTASET A-Z/U/541.jpg
U,20,542,DTASET A-Z/U/542.jpg
U,20,543,DTASET A-Z/U/543.jpg
U,20,544,DTASET A-Z/U/544.jpg
U,20,545,DTASET A-Z/U/545.jpg
U,20,546,DTASET A-Z/U/546.jpg
U,20,547,DTASET A-Z/U/547.jpg
U,20,548,DTASET A-Z/U/548.jpg
U,20,549,DTASET A-Z/U/549.jpg
U,20,550,DTASET A-Z/U/550.jpg
U,20,551,DTASET A-Z/U/551.jpg
U,20,552,DTASET A-Z/U/552.jpg
U,20,553,DTASET A-Z/U/553.jpg
U,20,554,DTASET A-Z/U/554.jpg
U,20,555,DTASET A-Z/U/555.jpg
U,20,556,DTASET A-Z/U/556.jpg
U,20,557,DTASET A-Z/U/557.jpg
U,20,558,DTASET A-Z/U/558.jpg
U,20,559,DTASET A-Z/U/559.jpg
U,20,560,DTASET A-Z/U/560.jpg
U,20,561,DTASET A-Z/U/561.jpg
U,20,562,DTASET A-Z/U/562.jpg
U,20,563,DTASET A-Z/U/563.jpg
U,20,564,DTASET A-Z/U/564.jpg
U,20,565,DTASET A-Z/U/565.jpg
U,20,566,DTASET A-Z/U/566.jpg
U,20,567,DTASET A-Z/U/567.jpg
U,20,568,DTASET A-Z/U/568.jpg
U,20,569,DTASET A-Z/U/569.jpg
U,20,570,DTASET A-Z/U/570.jpg
U,20,571,DTASET A-Z/U/571.jpg
U,20,572,DTASET A-Z/U/572.jpg
U,20,573,DTASET A-Z/U/573.jpg
U,20,574,DTASET A-Z/U/574.jpg
U,20,575,DTASET A-Z/U/575.jpg
U,20,576,DTASET A-Z/U/576.jpg
U,20,577,DTASET A-Z/U/577.jpg
U,20,578,DTASET A-Z/U/578.jpg
U,20,579,DTASET A-Z/U/579.jpg
U,20,580,DTASET A-Z/U/580.jpg
U,20,581,DTASET A-Z/U/581.jpg
U,20,582,DTASET A-Z/U/582.jpg
U,20,583,DTASET A-Z/U/583.jpg
U,20,584,DTASET A-Z/U/584.jpg
U,20,585,DTASET A-Z/U/585.jpg
U,20,586,DTASET A-Z/U/586.jpg
U,20,587,DTASET A-Z/U/587.jpg
U,20,588,DTASET A-Z/U/588.jpg
U,20,589,DTASET A-Z/U/589.jpg
U,20,590,DTASET A-Z/U/590.jpg
U,20,591,DTASET A-Z/U/591.jpg
U,20,592,DTASET A-Z/U/592.jpg
U,20,593,DTASET A-Z/U/593.jpg
U,20,594,DTASET A-Z/U/594.jpg
U,20,595,DTASET A-Z/U/595.jpg
U,20,596,DTASET A-Z/U/596.jpg
U,20,597,DTASET A-Z/U/597.jpg
U,20,598,DTASET A-Z/U/598.jpg
U,20,599,DTASET A-Z/U/599.jpg
U,20,600,DTASET A-Z/U/600.jpg
U,20,601,DTASET A-Z/U/601.jpg
U,20,602,DTASET A-Z/U/602.jpg
U,20,603,DTASET A-Z/U/603.jpg
U,20,604,DTASET A-Z/U/604.jpg
U,20,605,DTASET A-Z/U/605.jpg
U,20,606,DTASET A-Z/U/606.jpg
U,20,607,DTASET A-Z/U/607.jpg
U,20,608,DTASET A-Z/U/608.jpg
U,20,609,DTASET A-Z/U/609.jpg
U,20,610,DTASET A-Z/U/610.jpg
U,20,611,DTASET A-Z/U/611.jpg
U,20,612,DTASET A-Z/U/612.jpg
U,20,613,DTASET A-Z/U/613.jpg
U,20,614,DTASET A-Z/U/614.jpg
U,20,615,DTASET A-Z/U/615.jpg
U,20,616,DTASET A-Z/U/616.jpg
U,20,617,DTASET A-Z/U/617.jpg
U,20,618,DTASET A-Z/U/618.jpg
U,20,619,DTASET A-Z/U/619.jpg
U,20,620,DTASET A-Z/U/620.jpg
U,20,621,DTASET A-Z/U/621.jpg
U,20,622,DTASET A-Z/U/622.jpg
U,20,623,DTASET A-Z/U/623.jpg
U,20,624,DTASET A-Z/U/624.jpg
U,20,625,DTASET A-Z/U/625.jpg
U,20,626,DTASET A-Z/U/626.jpg
U,20,627,DTASET A-Z/U/627.jpg
U,20,628,DTASET A-Z/U/628.jpg
U,20,629,DTASET A-Z/U/629.jpg
U,20,630,DTASET A-Z/U/630.jpg
U,20,631,DTASET A-Z/U/631.jpg
U,20,632,DTASET A-Z/U/632.jpg
U,20,633,DTASET A-Z/U/633.jpg
U,20,634,DTASET A-Z/U/634.jpg
U,20,635,DTASET A-Z/U/635.jpg
U,20,636,DTASET A-Z/U/636.jpg
U,20,637,DTASET A-Z/U/637.jpg
U,20,638,DTASET A-Z/U/638.jpg
U,20,639,DTASET A-Z/U/639.jpg
U,20,640,DTASET A-Z/U/640.jpg
U,20,641,DTASET A-Z/U/641.jpg
U,20,642,DTASET A-Z/U/642.jpg
U,20,643,DTASET A-Z/U/643.jpg
U,20,644,DTASET A-Z/U/644.jpg
U,20,645,DTASET A-Z/U/645.jpg
U,20,646,DTASET A-Z/U/646.jpg
U,20,647,DTASET A-Z/U/647.jpg
U,20,648,DTASET A-Z/U/648.jpg
U,20,649,DTASET A-Z/U/649.jpg
U,20,650,DTASET A-Z/U/650.jpg
U,20,651,DTASET A-Z/U/651.jpg
U,20,652,DTASET A-Z/U/652.jpg
U,20,653,DTASET A-Z/U/653.jpg
U,20,654,DTASET A-Z/U/654.jpg
U,20,655,DTASET A-Z/U/655.jpg
U,20,656,DTASET A-Z/U/656.jpg
U,20,657,DTASET A-Z/U/657.jpg
U,20,658,DTASET A-Z/U/658.jpg
U,20,659,DTASET A-Z/U/659.jpg
U,20,660,DTASET A-Z/U/660.jpg
U,20,661,DTASET A-Z/U/661.jpg
U,20,662,DTASET A-Z/U/662.jpg
U,20,663,DTASET A-Z/U/663.jpg
U,20,664,DTASET A-Z/U/664.jpg
U,20,665,DTASET A-Z/U/665.jpg
U,20,666,DTASET A-Z/U/666.jpg
U,20,667,DTASET A-Z/U/667.jpg
U,20,668,DTASET A-Z/U/668.jpg
U,20,669,DTASET A-Z/U/669.jpg
U,20,670,DTASET A-Z/U/670.jpg
U,20,671,DTASET A-Z/U/671.jpg
U,20,672,DTASET A-Z/U/672.jpg
U,20,673,DTASET A-Z/U/673.jpg
U,20,674,DTASET A-Z/U/674.jpg
U,20,675,DTASET A-Z/U/675.jpg
U,20,676,DTASET A-Z/U/676.jpg
U,20,677,DTASET A-Z/U/677.jpg
U,20,678,DTASET A-Z/U/678.jpg
U,20,679,DTASET A-Z/U/679.jpg
U,20,680,DTASET A-Z/U/680.jpg
U,20,681,DTASET A-Z/U/681.jpg
U,20,682,DTASET A-Z/U/682.jpg
U,20,683,DTASET A-Z/U/683.jpg
U,20,684,DTASET A-Z/U/684.jpg
U,20,685,DTASET A-Z/U/685.jpg
U,20,686,DTASET A-Z/U/686.jpg
U,20,687,DTASET A-Z/U/687.jpg
U,20,688,DTASET A-Z/U/688.jpg
U,20,689,DTASET A-Z/U/689.jpg
U,20,690,DTASET A-Z/U/690.jpg
U,20,691,DTASET A-Z/U/691.jpg
U,20,692,DTASET A-Z/U/692.jpg
U,20,693,DTASET A-Z/U/693.jpg
U,20,694,DTASET A-Z/U/694.jpg
U,20,695,DTASET A-Z/U/695.jpg
U,20,696,DTASET A-Z/U/696.jpg
U,20,697,DTASET A-Z/U/697.jpg
U,20,698,DTASET A-Z/U/698.jpg
U,20,699,DTASET A-Z/U/699.jpg
U,20,700,DTASET A-Z/U/700.jpg
U,20,701,DTASET A-Z/U/701.jpg
U,20,702,DTASET A-Z/U/702.jpg
U,20,703,DTASET A-Z/U/703.jpg
U,20,704,DTASET A-Z/U/704.jpg
U,20,705,DTASET A-Z/U/705.jpg
U,20,706,DTASET A-Z/U/706.jpg
U,20,707,DTASET A-Z/U/707.jpg
U,20,708,DTASET A-Z/U/708.jpg
U,20,709,DTASET A-Z/U/709.jpg
U,20,710,DTASET A-Z/U/710.jpg
U,20,711,DTASET A-Z/U/711.jpg
U,20,712,DTASET A-Z/U/712.jpg
U,20,713,DTASET A-Z/U/713.jpg
U,20,714,DTASET A-Z/U/714.jpg
U,20,715,DTASET A-Z/U/715.jpg
U,20,716,DTASET A-Z/U/716.jpg
U,20,717,DTASET A-Z/U/717.jpg
U,20,718,DTASET A-Z/U/718.jpg
U,20,719,DTASET A-Z/U/719.jpg
U,20,720,DTASET A-Z/U/720.jpg
U,20,721,DTASET A-Z/U/721.jpg
U,20,722,DTASET A-Z/U/722.jpg
U,20,723,DTASET A-Z/U/723.jpg
U,20,724,DTASET A-Z/U/724.jpg
U,20,725,DTASET A-Z/U/725.jpg
U,20,726,DTASET A-Z/U/726.jpg
U,20,727,DTASET A-Z/U/727.jpg
U,20,728,DTASET A-Z/U/728.jpg
U,20,729,DTASET A-Z/U/729.jpg
U,20,730,DTASET A-Z/U/730.jpg
U,20,731,DTASET A-Z/U/731.jpg
U,20,732,DTASET A-Z/U/732.jpg
U,20,733,DTASET A-Z/U/733.jpg
U,20,734,DTASET A-Z/U/734.jpg
U,20,735,DTASET A-Z/U/735.jpg
U,20,736,DTASET A-Z/U/736.jpg
U,20,737,DTASET A-Z/U/737.jpg
U,20,738,DTASET A-Z/U/738.jpg
U,20,739,DTASET A-Z/U/739.jpg
U,20,740,DTASET A-Z/U/740.jpg
U,20,741,DTASET A-Z/U/741.jpg
U,20,742,DTASET A-Z/U/742.jpg
U,20,743,DTASET A-Z/U/743.jpg
U,20,744,DTASET A-Z/U/744.jpg
U,20,745,DTASET A-Z/U/745.jpg
U,20,746,DTASET A-Z/U/746.jpg
U,20,747,DTASET A-Z/U/747.jpg
U,20,748,DTASET A-Z/U/748.jpg
U,20,749,DTASET A-Z/U/749.jpg
U,20,750,DTASET A-Z/U/750.jpg
U,20,751,DTASET A-Z/U/751.jpg
U,20,752,DTASET A-Z/U/752.jpg
U,20,753,DTASET A-Z/U/753.jpg
U,20,754,DTASET A-Z/U/754.jpg
U,20,755,DTASET A-Z/U/755.jpg
U,20,756,DTASET A-Z/U/756.jpg
U,20,757,DTASET A-Z/U/757.jpg
U,20,758,DTASET A-Z/U/758.jpg
U,20,759,DTASET A-Z/U/759.jpg
U,20,760,DTASET A-Z/U/760.jpg
U,20,761,DTASET A-Z/U/761.jpg
U,20,762,DTASET A-Z/U/762.jpg
U,20,763,DTASET A-Z/U/763.jpg
U,20,764,DTASET A-Z/U/764.jpg
U,20,765,DTASET A-Z/U/765.jpg
U,20,766,DTASET A-Z/U/766.jpg
U,20,767,DTASET A-Z/U/767.jpg
U,20,768,DTASET A-Z/U/768.jpg
U,20,769,DTASET A-Z/U/769.jpg
U,20,770,DTASET A-Z/U/770.jpg
U,20,771,DTASET A-Z/U/771.jpg
U,20,772,DTASET A-Z/U/772.jpg
U,20,773,DTASET A-Z/U/773.jpg
U,20,774,DTASET A-Z/U/774.jpg
U,20,775,DTASET A-Z/U/775.jpg
U,20,776,DTASET A-Z/U/776.jpg
U,20,777,DTASET A-Z/U/777.jpg
U,20,778,DTASET A-Z/U/778.jpg
U,20,779,DTASET A-Z/U/779.jpg
U,20,780,DTASET A-Z/U/780.jpg
U,20,781,DTASET A-Z/U/781.jpg
U,20,782,DTASET A-Z/U/782.jpg
U,20,783,DTASET A-Z/U/783.jpg
U,20,784,DTASET A-Z/U/784.jpg
U,20,785,DTASET A-Z/U/785.jpg
U,20,786,DTASET A-Z/U/786.jpg
U,20,787,DTASET A-Z/U/787.jpg
U,20,788,DTASET A-Z/U/788.jpg
U,20,789,DTASET A-Z/U/789.jpg
U,20,790,DTASET A-Z/U/790.jpg
U,20,791,DTASET A-Z/U/791.jpg
U,20,792,DTASET A-Z/U/792.jpg
U,20,793,DTASET A-Z/U/793.jpg
U,20,794,DTASET A-Z/U/794.jpg
U,20,795,DTASET A-Z/U/795.jpg
U,20,796,DTASET A-Z/U/796.jpg
U,20,797,DTASET A-Z/U/797.jpg
U,20,798,DTASET A-Z/U/798.jpg
U,20,799,DTASET A-Z/U/799.jpg
U,20,800,DTASET A-Z/U/800.jpg
U,20,801,DTASET A-Z/U/801.jpg
U,20,802,DTASET A-Z/U/802.jpg
U,20,803,DTASET A-Z/U/803.jpg
U,20,804,DTASET A-Z/U/804.jpg
U,20,805,DTASET A-Z/U/805.jpg
U,20,806,DTASET A-Z/U/806.jpg
U,20,807,DTASET A-Z/U/807.jpg
U,20,808,DTASET A-Z/U/808.jpg
U,20,809,DTASET A-Z/U/809.jpg
U,20,810,DTASET A-Z/U/810.jpg
U,20,811,DTASET A-Z/U/811.jpg
U,20,812,DTASET A-Z/U/812.jpg
U,20,813,DTASET A-Z/U/813.jpg
U,20,814,DTASET A-Z/U/814.jpg
U,20,815,DTASET A-Z/U/815.jpg
U,20,816,DTASET A-Z/U/816.jpg
U,20,817,DTASET A-Z/U/817.jpg
U,20,818,DTASET A-Z/U/818.jpg
U,20,819,DTASET A-Z/U/819.jpg
U,20,820,DTASET A-Z/U/820.jpg
U,20,821,DTASET A-Z/U/821.jpg
U,20,822,DTASET A-Z/U/822.jpg
U,20,823,DTASET A-Z/U/823.jpg
U,20,824,DTASET A-Z/U/824.jpg
U,20,825,DTASET A-Z/U/825.jpg
U,20,826,DTASET A-Z/U/826.jpg
U,20,827,DTASET A-Z/U/827.jpg
U,20,828,DTASET A-Z/U/828.jpg
U,20,829,DTASET A-Z/U/829.jpg
U,20,830,DTASET A-Z/U/830.jpg
U,20,831,DTASET A-Z/U/831.jpg
U,20,832,DTASET A-Z/U/832.jpg
U,20,833,DTASET A-Z/U/833.jpg
U,20,834,DTASET A-Z/U/834.jpg
U,20,835,DTASET A-Z/U/835.jpg
U,20,836,DTASET A-Z/U/836.jpg
U,20,837,DTASET A-Z/U/837.jpg
U,20,838,DTASET A-Z/U/838.jpg
U,20,839,DTASET A-Z/U/839.jpg
U,20,840,DTASET A-Z/U/840.jpg
U,20,841,DTASET A-Z/U/841.jpg
U,20,842,DTASET A-Z/U/842.jpg
U,20,843,DTASET A-Z/U/843.jpg
U,20,844,DTASET A-Z/U/844.jpg
U,20,845,DTASET A-Z/U/845.jpg
U,20,846,DTASET A-Z/U/846.jpg
U,20,847,DTASET A-Z/U/847.jpg
U,20,848,DTASET A-Z/U/848.jpg
U,20,849,DTASET A-Z/U/849.jpg
U,20,850,DTASET A-Z/U/850.jpg
U,20,851,DTASET A-Z/U/851.jpg
U,20,852,DTASET A-Z/U/852.jpg
U,20,853,DTASET A-Z/U/853.jpg
U,20,854,DTASET A-Z/U/854.jpg
U,20,855,DTASET A-Z/U/855.jpg
U,20,856,DTASET A-Z/U/856.jpg
U,20,857,DTASET A-Z/U/857.jpg
U,20,858,DTASET A-Z/U/858.jpg
U,20,859,DTASET A-Z/U/859.jpg
U,20,860,DTASET A-Z/U/860.jpg
U,20,861,DTASET A-Z/U/861.jpg
U,20,862,DTASET A-Z/U/862.jpg
U,20,863,DTASET A-Z/U/863.jpg
U,20,864,DTASET A-Z/U/864.jpg
U,20,865,DTASET A-Z/U/865.jpg
U,20,866,DTASET A-Z/U/866.jpg
U,20,867,DTASET A-Z/U/867.jpg
U,20,868,DTASET A-Z/U/868.jpg
U,20,869,DTASET A-Z/U/869.jpg
U,20,870,DTASET A-Z/U/870.jpg
U,20,871,DTASET A-Z/U/871.jpg
U,20,872,DTASET A-Z/U/872.jpg
U,20,873,DTASET A-Z/U/873.jpg
U,20,874,DTASET A-Z/U/874.jpg
U,20,875,DTASET A-Z/U/875.jpg
U,20,876,DTASET A-Z/U/876.jpg
U,20,877,DTASET A-Z/U/877.jpg
U,20,878,DTASET A-Z/U/878.jpg
U,20,879,DTASET A-Z/U/879.jpg
U,20,880,DTASET A-Z/U/880.jpg
U,20,881,DTASET A-Z/U/881.jpg
U,20,882,DTASET A-Z/U/882.jpg
U,20,883,DTASET A-Z/U/883.jpg
U,20,884,DTASET A-Z/U/884.jpg
U,20,885,DTASET A-Z/U/885.jpg
U,20,886,DTASET A-Z/U/886.jpg
U,20,887,DTASET A-Z/U/887.jpg
U,20,888,DTASET A-Z/U/888.jpg
U,20,889,DTASET A-Z/U/889.jpg
U,20,890,DTASET A-Z/U/890.jpg
U,20,891,DTASET A-Z/U/891.jpg
U,20,892,DTASET A-Z/U/892.jpg
U,20,893,DTASET A-Z/U/893.jpg
U,20,894,DTASET A-Z/U/894.jpg
U,20,895,DTASET A-Z/U/895.jpg
U,20,896,DTASET A-Z/U/896.jpg
U,20,897,DTASET A-Z/U/897.jpg
U,20,898,DTASET A-Z/U/898.jpg
U,20,899,DTASET A-Z/U/899.jpg
U,20,900,DTASET A-Z/U/900.jpg
U,20,901,DTASET A-Z/U/901.jpg
U,20,902,DTASET A-Z/U/902.jpg
U,20,903,DTASET A-Z/U/903.jpg
U,20,904,DTASET A-Z/U/904.jpg
U,20,905,DTASET A-Z/U/905.jpg
U,20,906,DTASET A-Z/U/906.jpg
U,20,907,DTASET A-Z/U/907.jpg
U,20,908,DTASET A-Z/U/908.jpg
U,20,909,DTASET A-Z/U/909.jpg
U,20,910,DTASET A-Z/U/910.jpg
U,20,911,DTASET A-Z/U/911.jpg
U,20,912,DTASET A-Z/U/912.jpg
U,20,913,DTASET A-Z/U/913.jpg
U,20,914,DTASET A-Z/U/914.jpg
U,20,915,DTASET A-Z/U/915.jpg
U,20,916,DTASET A-Z/U/916.jpg
U,20,917,DTASET A-Z/U/917.jpg
U,20,918,DTASET A-Z/U/918.jpg
U,20,919,DTASET A-Z/U/919.jpg
U,20,920,DTASET A-Z/U/920.jpg
U,20,921,DTASET A-Z/U/921.jpg
U,20,922,DTASET A-Z/U/922.jpg
U,20,923,DTASET A-Z/U/923.jpg
U,20,924,DTASET A-Z/U/924.jpg
U,20,925,DTASET A-Z/U/925.jpg
U,20,926,DTASET A-Z/U/926.jpg
U,20,927,DTASET A-Z/U/927.jpg
U,20,928,DTASET A-Z/U/928.jpg
U,20,929,DTASET A-Z/U/929.jpg
U,20,930,DTASET A-Z/U/930.jpg
U,20,931,DTASET A-Z/U/931.jpg
U,20,932,DTASET A-Z/U/932.jpg
U,20,933,DTASET A-Z/U/933.jpg
U,20,934,DTASET A-Z/U/934.jpg
U,20,935,DTASET A-Z/U/935.jpg
U,20,936,DTASET A-Z/U/936.jpg
U,20,937,DTASET A-Z/U/937.jpg
U,20,938,DTASET A-Z/U/938.jpg
U,20,939,DTASET A-Z/U/939.jpg
U,20,940,DTASET A-Z/U/940.jpg
U,20,941,DTASET A-Z/U/941.jpg
U,20,942,DTASET A-Z/U/942.jpg
U,20,943,DTASET A-Z/U/943.jpg
U,20,944,DTASET A-Z/U/944.jpg
U,20,945,DTASET A-Z/U/945.jpg
U,20,946,DTASET A-Z/U/946.jpg
U,20,947,DTASET A-Z/U/947.jpg
U,20,948,DTASET A-Z/U/948.jpg
U,20,949,DTASET A-Z/U/949.jpg
U,20,950,DTASET A-Z/U/950.jpg
U,20,951,DTASET A-Z/U/951.jpg
U,20,952,DTASET A-Z/U/952.jpg
U,20,953,DTASET A-Z/U/953.jpg
U,20,954,DTASET A-Z/U/954.jpg
U,20,955,DTASET A-Z/U/955.jpg
U,20,956,DTASET A-Z/U/956.jpg
U,20,957,DTASET A-Z/U/957.jpg
U,20,958,DTASET A-Z/U/958.jpg
U,20,959,DTASET A-Z/U/959.jpg
U,20,960,DTASET A-Z/U/960.jpg
U,20,961,DTASET A-Z/U/961.jpg
U,20,962,DTASET A-Z/U/962.jpg
U,20,963,DTASET A-Z/U/963.jpg
U,20,964,DTASET A-Z/U/964.jpg
U,20,965,DTASET A-Z/U/965.jpg
U,20,966,DTASET A-Z/U/966.jpg
U,20,967,DTASET A-Z/U/967.jpg
U,20,968,DTASET A-Z/U/968.jpg
U,20,969,DTASET A-Z/U/969.jpg
U,20,970,DTASET A-Z/U/970.jpg
U,20,971,DTASET A-Z/U/971.jpg
U,20,972,DTASET A-Z/U/972.jpg
U,20,973,DTASET A-Z/U/973.jpg
U,20,974,DTASET A-Z/U/974.jpg
U,20,975,DTASET A-Z/U/975.jpg
U,20,976,DTASET A-Z/U/976.jpg
U,20,977,DTASET A-Z/U/977.jpg
U,20,978,DTASET A-Z/U/978.jpg
U,20,979,DTASET A-Z/U/979.jpg
U,20,980,DTASET A-Z/U/980.jpg
U,20,981,DTASET A-Z/U/981.jpg
U,20,982,DTASET A-Z/U/982.jpg
U,20,983,DTASET A-Z/U/983.jpg
U,20,984,DTASET A-Z/U/984.jpg
U,20,985,DTASET A-Z/U/985.jpg
U,20,986,DTASET A-Z/U/986.jpg
U,20,987,DTASET A-Z/U/987.jpg
U,20,988,DTASET A-Z/U/988.jpg
U,20,989,DTASET A-Z/U/989.jpg
U,20,990,DTASET A-Z/U/990.jpg
U,20,991,DTASET A-Z/U/991.jpg
U,20,992,DTASET A-Z/U/992.jpg
U,20,993,DTASET A-Z/U/993.jpg
U,20,994,DTASET A-Z/U/994.jpg
U,20,995,DTASET A-Z/U/995.jpg
U,20,996,DTASET A-Z/U/996.jpg
U,20,997,DTASET A-Z/U/997.jpg
U,20,998,DTASET A-Z/U/998.jpg
U,20,999,DTASET A-Z/U/999.jpg
U,20,1000,DTASET A-Z/U/1000.jpg
U,20,1001,DTASET A-Z/U/1001.jpg
U,20,1002,DTASET A-Z/U/1002.jpg
U,20,1003,DTASET A-Z/U/1003.jpg
U,20,1004,DTASET A-Z/U/1004.jpg
U,20,1005,DTASET A-Z/U/1005.jpg
U,20,1006,DTASET A-Z/U/1006.jpg
U,20,1007,DTASET A-Z/U/1007.jpg
U,20,1008,DTASET A-Z/U/1008.jpg
U,20,1009,DTASET A-Z/U/1009.jpg
U,20,1010,DTASET A-Z/U/1010.jpg
U,20,1011,DTASET A-Z/U/1011.jpg
U,20,1012,DTASET A-Z/U/1012.jpg
U,20,1013,DTASET A-Z/U/1013.jpg
U,20,1014,DTASET A-Z/U/1014.jpg
U,20,1015,DTASET A-Z/U/1015.jpg
U,20,1016,DTASET A-Z/U/1016.jpg
U,20,1017,DTASET A-Z/U/1017.jpg
U,20,1018,DTASET A-Z/U/1018.jpg
U,20,1019,DTASET A-Z/U/1019.jpg
U,20,1020,DTASET A-Z/U/1020.jpg
U,20,1021,DTASET A-Z/U/1021.jpg
U,20,1022,DTASET A-Z/U/1022.jpg
U,20,1023,DTASET A-Z/U/1023.jpg
U,20,1024,DTASET A-Z/U/1024.jpg
U,20,1025,DTASET A-Z/U/1025.jpg
U,20,1026,DTASET A-Z/U/1026.jpg
U,20,1027,DTASET A-Z/U/1027.jpg
U,20,1028,DTASET A-Z/U/1028.jpg
U,20,1029,DTASET A-Z/U/1029.jpg
U,20,1030,DTASET A-Z/U/1030.jpg
U,20,1031,DTASET A-Z/U/1031.jpg
U,20,1032,DTASET A-Z/U/1032.jpg
U,20,1033,DTASET A-Z/U/1033.jpg
U,20,1034,DTASET A-Z/U/1034.jpg
U,20,1035,DTASET A-Z/U/1035.jpg
U,20,1036,DTASET A-Z/U/1036.jpg
U,20,1037,DTASET A-Z/U/1037.jpg
U,20,1038,DTASET A-Z/U/1038.jpg
U,20,1039,DTASET A-Z/U/1039.jpg
U,20,1040,DTASET A-Z/U/1040.jpg
U,20,1041,DTASET A-Z/U/1041.jpg
U,20,1042,DTASET A-Z/U/1042.jpg
U,20,1043,DTASET A-Z/U/1043.jpg
U,20,1044,DTASET A-Z/U/1044.jpg
U,20,1045,DTASET A-Z/U/1045.jpg
U,20,1046,DTASET A-Z/U/1046.jpg
U,20,1047,DTASET A-Z/U/1047.jpg
U,20,1048,DTASET A-Z/U/1048.jpg
U,20,1049,DTASET A-Z/U/1049.jpg
U,20,1050,DTASET A-Z/U/1050.jpg
U,20,1051,DTASET A-Z/U/1051.jpg
U,20,1052,DTASET A-Z/U/1052.jpg
U,20,1053,DTASET A-Z/U/1053.jpg
U,20,1054,DTASET A-Z/U/1054.jpg
U,20,1055,DTASET A-Z/U/1055.jpg
U,20,1056,DTASET A-Z/U/1056.jpg
U,20,1057,DTASET A-Z/U/1057.jpg
U,20,1058,DTASET A-Z/U/1058.jpg
U,20,1059,DTASET A-Z/U/1059.jpg
U,20,1060,DTASET A-Z/U/1060.jpg
U,20,1061,DTASET A-Z/U/1061.jpg
U,20,1062,DTASET A-Z/U/1062.jpg
U,20,1063,DTASET A-Z/U/1063.jpg
U,20,1064,DTASET A-Z/U/1064.jpg
U,20,1065,DTASET A-Z/U/1065.jpg
U,20,1066,DTASET A-Z/U/1066.jpg
U,20,1067,DTASET A-Z/U/1067.jpg
U,20,1068,DTASET A-Z/U/1068.jpg
U,20,1069,DTASET A-Z/U/1069.jpg
U,20,1070,DTASET A-Z/U/1070.jpg
U,20,1071,DTASET A-Z/U/1071.jpg
U,20,1072,DTASET A-Z/U/1072.jpg
U,20,1073,DTASET A-Z/U/1073.jpg
U,20,1074,DTASET A-Z/U/1074.jpg
U,20,1075,DTASET A-Z/U/1075.jpg
U,20,1076,DTASET A-Z/U/1076.jpg
U,20,1077,DTASET A-Z/U/1077.jpg
U,20,1078,DTASET A-Z/U/1078.jpg
U,20,1079,DTASET A-Z/U/1079.jpg
U,20,1080,DTASET A-Z/U/1080.jpg
U,20,1081,DTASET A-Z/U/1081.jpg
U,20,1082,DTASET A-Z/U/1082.jpg
U,20,1083,DTASET A-Z/U/1083.jpg
U,20,1084,DTASET A-Z/U/1084.jpg
U,20,1085,DTASET A-Z/U/1085.jpg
U,20,1086,DTASET A-Z/U/1086.jpg
U,20,1087,DTASET A-Z/U/1087.jpg
U,20,1088,DTASET A-Z/U/1088.jpg
U,20,1089,DTASET A-Z/U/1089.jpg
U,20,1090,DTASET A-Z/U/1090.jpg
U,20,1091,DTASET A-Z/U/1091.jpg
U,20,1092,DTASET A-Z/U/1092.jpg
U,20,1093,DTASET A-Z/U/1093.jpg
U,20,1094,DTASET A-Z/U/1094.jpg
U,20,1095,DTASET A-Z/U/1095.jpg
U,20,1096,DTASET A-Z/U/1096.jpg
U,20,1097,DTASET A-Z/U/1097.jpg
U,20,1098,DTASET A-Z/U/1098.jpg
U,20,1099,DTASET A-Z/U/1099.jpg
U,20,1100,DTASET A-Z/U/1100.jpg
U,20,1101,DTASET A-Z/U/1101.jpg
U,20,1102,DTASET A-Z/U/1102.jpg
U,20,1103,DTASET A-Z/U/1103.jpg
U,20,1104,DTASET A-Z/U/1104.jpg
U,20,1105,DTASET A-Z/U/1105.jpg
U,20,1106,DTASET A-Z/U/1106.jpg
U,20,1107,DTASET A-Z/U/1107.jpg
U,20,1108,DTASET A-Z/U/1108.jpg
U,20,1109,DTASET A-Z/U/1109.jpg
U,20,1110,DTASET A-Z/U/1110.jpg
U,20,1111,DTASET A-Z/U/1111.jpg
U,20,1112,DTASET A-Z/U/1112.jpg
U,20,1113,DTASET A-Z/U/1113.jpg
U,20,1114,DTASET A-Z/U/1114.jpg
U,20,1115,DTASET A-Z/U/1115.jpg
U,20,1116,DTASET A-Z/U/1116.jpg
U,20,1117,DTASET A-Z/U/1117.jpg
U,20,1118,DTASET A-Z/U/1118.jpg
U,20,1119,DTASET A-Z/U/1119.jpg
U,20,1120,DTASET A-Z/U/1120.jpg
U,20,1121,DTASET A-Z/U/1121.jpg
U,20,1122,DTASET A-Z/U/1122.jpg
U,20,1123,DTASET A-Z/U/1123.jpg
U,20,1124,DTASET A-Z/U/1124.jpg
U,20,1125,DTASET A-Z/U/1125.jpg
U,20,1126,DTASET A-Z/U/1126.jpg
U,20,1127,DTASET A-Z/U/1127.jpg
U,20,1128,DTASET A-Z/U/1128.jpg
U,20,1129,DTASET A-Z/U/1129.jpg
U,20,1130,DTASET A-Z/U/1130.jpg
U,20,1131,DTASET A-Z/U/1131.jpg
U,20,1132,DTASET A-Z/U/1132.jpg
U,20,1133,DTASET A-Z/U/1133.jpg
U,20,1134,DTASET A-Z/U/1134.jpg
U,20,1135,DTASET A-Z/U/1135.jpg
U,20,1136,DTASET A-Z/U/1136.jpg
U,20,1137,DTASET A-Z/U/1137.jpg
U,20,1138,DTASET A-Z/U/1138.jpg
U,20,1139,DTASET A-Z/U/1139.jpg
U,20,1140,DTASET A-Z/U/1140.jpg
U,20,1141,DTASET A-Z/U/1141.jpg
U,20,1142,DTASET A-Z/U/1142.jpg
U,20,1143,DTASET A-Z/U/1143.jpg
U,20,1144,DTASET A-Z/U/1144.jpg
U,20,1145,DTASET A-Z/U/1145.jpg
U,20,1146,DTASET A-Z/U/1146.jpg
U,20,1147,DTASET A-Z/U/1147.jpg
U,20,1148,DTASET A-Z/U/1148.jpg
U,20,1149,DTASET A-Z/U/1149.jpg
U,20,1150,DTASET A-Z/U/1150.jpg
U,20,1151,DTASET A-Z/U/1151.jpg
U,20,1152,DTASET A-Z/U/1152.jpg
U,20,1153,DTASET A-Z/U/1153.jpg
U,20,1154,DTASET A-Z/U/1154.jpg
U,20,1155,DTASET A-Z/U/1155.jpg
U,20,1156,DTASET A-Z/U/1156.jpg
U,20,1157,DTASET A-Z/U/1157.jpg
U,20,1158,DTASET A-Z/U/1158.jpg
U,20,1159,DTASET A-Z/U/1159.jpg
U,20,1160,DTASET A-Z/U/1160.jpg
U,20,1161,DTASET A-Z/U/1161.jpg
U,20,1162,DTASET A-Z/U/1162.jpg
U,20,1163,DTASET A-Z/U/1163.jpg
U,20,1164,DTASET A-Z/U/1164.jpg
U,20,1165,DTASET A-Z/U/1165.jpg
U,20,1166,DTASET A-Z/U/1166.jpg
U,20,1167,DTASET A-Z/U/1167.jpg
U,20,1168,DTASET A-Z/U/1168.jpg
U,20,1169,DTASET A-Z/U/1169.jpg
U,20,1170,DTASET A-Z/U/1170.jpg
U,20,1171,DTASET A-Z/U/1171.jpg
U,20,1172,DTASET A-Z/U/1172.jpg
U,20,1173,DTASET A-Z/U/1173.jpg
U,20,1174,DTASET A-Z/U/1174.jpg
U,20,1175,DTASET A-Z/U/1175.jpg
U,20,1176,DTASET A-Z/U/1176.jpg
U,20,1177,DTASET A-Z/U/1177.jpg
U,20,1178,DTASET A-Z/U/1178.jpg
U,20,1179,DTASET A-Z/U/1179.jpg
U,20,1180,DTASET A-Z/U/1180.jpg
U,20,1181,DTASET A-Z/U/1181.jpg
U,20,1182,DTASET A-Z/U/1182.jpg
U,20,1183,DTASET A-Z/U/1183.jpg
U,20,1184,DTASET A-Z/U/1184.jpg
U,20,1185,DTASET A-Z/U/1185.jpg
U,20,1186,DTASET A-Z/U/1186.jpg
U,20,1187,DTASET A-Z/U/1187.jpg
U,20,1188,DTASET A-Z/U/1188.jpg
U,20,1189,DTASET A-Z/U/1189.jpg
U,20,1190,DTASET A-Z/U/1190.jpg
U,20,1191,DTASET A-Z/U/1191.jpg
U,20,1192,DTASET A-Z/U/1192.jpg
U,20,1193,DTASET A-Z/U/1193.jpg
U,20,1194,DTASET A-Z/U/1194.jpg
U,20,1195,DTASET A-Z/U/1195.jpg
U,20,1196,DTASET A-Z/U/1196.jpg
U,20,1197,DTASET A-Z/U/1197.jpg
U,20,1198,DTASET A-Z/U/1198.jpg
U,20,1199,DTASET A-Z/U/1199.jpg
V,21,0,DTASET A-Z/V/0.jpg
V,21,1,DTASET A-Z/V/1.jpg
V,21,2,DTASET A-Z/V/2.jpg
V,21,3,DTASET A-Z/V/3.jpg
V,21,4,DTASET A-Z/V/4.jpg
V,21,5,DTASET A-Z/V/5.jpg
V,21,6,DTASET A-Z/V/6.jpg
V,21,7,DTASET A-Z/V/7.jpg
V,21,8,DTASET A-Z/V/8.jpg
V,21,9,DTASET A-Z/V/9.jpg
V,21,10,DTASET A-Z/V/10.jpg
V,21,11,DTASET A-Z/V/11.jpg
V,21,12,DTASET A-Z/V/12.jpg
V,21,13,DTASET A-Z/V/13.jpg
V,21,14,DTASET A-Z/V/14.jpg
V,21,15,DTASET A-Z/V/15.jpg
V,21,16,DTASET A-Z/V/16.jpg
V,21,17,DTASET A-Z/V/17.jpg
V,21,18,DTASET A-Z/V/18.jpg
V,21,19,DTASET A-Z/V/19.jpg
V,21,20,DTASET A-Z/V/20.jpg
V,21,21,DTASET A-Z/V/21.jpg
V,21,22,DTASET A-Z/V/22.jpg
V,21,23,DTASET A-Z/V/23.jpg
V,21,24,DTASET A-Z/V/24.jpg
V,21,25,DTASET A-Z/V/25.jpg
V,21,26,DTASET A-Z/V/26.jpg
V,21,27,DTASET A-Z/V/27.jpg
V,21,28,DTASET A-Z/V/28.jpg
V,21,29,DTASET A-Z/V/29.jpg
V,21,30,DTASET A-Z/V/30.jpg
V,21,31,DTASET A-Z/V/31.jpg
V,21,32,DTASET A-Z/V/32.jpg
V,21,33,DTASET A-Z/V/33.jpg
V,21,34,DTASET A-Z/V/34.jpg
V,21,35,DTASET A-Z/V/35.jpg
V,21,36,DTASET A-Z/V/36.jpg
V,21,37,DTASET A-Z/V/37.jpg
V,21,38,DTASET A-Z/V/38.jpg
V,21,39,DTASET A-Z/V/39.jpg
V,21,40,DTASET A-Z/V/40.jpg
V,21,41,DTASET A-Z/V/41.jpg
V,21,42,DTASET A-Z/V/42.jpg
V,21,43,DTASET A-Z/V/43.jpg
V,21,44,DTASET A-Z/V/44.jpg
V,21,45,DTASET A-Z/V/45.jpg
V,21,46,DTASET A-Z/V/46.jpg
V,21,47,DTASET A-Z/V/47.jpg
V,21,48,DTASET A-Z/V/48.jpg
V,21,49,DTASET A-Z/V/49.jpg
V,21,50,DTASET A-Z/V/50.jpg
V,21,51,DTASET A-Z/V/51.jpg
V,21,52,DTASET A-Z/V/52.jpg
V,21,53,DTASET A-Z/V/53.jpg
V,21,54,DTASET A-Z/V/54.jpg
V,21,55,DTASET A-Z/V/55.jpg
V,21,56,DTASET A-Z/V/56.jpg
V,21,57,DTASET A-Z/V/57.jpg
V,21,58,DTASET A-Z/V/58.jpg
V,21,59,DTASET A-Z/V/59.jpg
V,21,60,DTASET A-Z/V/60.jpg
V,21,61,DTASET A-Z/V/61.jpg
V,21,62,DTASET A-Z/V/62.jpg
V,21,63,DTASET A-Z/V/63.jpg
V,21,64,DTASET A-Z/V/64.jpg
V,21,65,DTASET A-Z/V/65.jpg
V,21,66,DTASET A-Z/V/66.jpg
V,21,67,DTASET A-Z/V/67.jpg
V,21,68,DTASET A-Z/V/68.jpg
V,21,69,DTASET A-Z/V/69.jpg
V,21,70,DTASET A-Z/V/70.jpg
V,21,71,DTASET A-Z/V/71.jpg
V,21,72,DTASET A-Z/V/72.jpg
V,21,73,DTASET A-Z/V/73.jpg
V,21,74,DTASET A-Z/V/74.jpg
V,21,75,DTASET A-Z/V/75.jpg
V,21,76,DTASET A-Z/V/76.jpg
V,21,77,DTASET A-Z/V/77.jpg
V,21,78,DTASET A-Z/V/78.jpg
V,21,79,DTASET A-Z/V/79.jpg
V,21,80,DTASET A-Z/V/80.jpg
V,21,81,DTASET A-Z/V/81.jpg
V,21,82,DTASET A-Z/V/82.jpg
V,21,83,DTASET A-Z/V/83.jpg
V,21,84,DTASET A-Z/V/84.jpg
V,21,85,DTASET A-Z/V/85.jpg
V,21,86,DTASET A-Z/V/86.jpg
V,21,87,DTASET A-Z/V/87.jpg
V,21,88,DTASET A-Z/V/88.jpg
V,21,89,DTASET A-Z/V/89.jpg
V,21,90,DTASET A-Z/V/90.jpg
V,21,91,DTASET A-Z/V/91.jpg
V,21,92,DTASET A-Z/V/92.jpg
V,21,93,DTASET A-Z/V/93.jpg
V,21,94,DTASET A-Z/V/94.jpg
V,21,95,DTASET A-Z/V/95.jpg
V,21,96,DTASET A-Z/V/96.jpg
V,21,97,DTASET A-Z/V/97.jpg
V,21,98,DTASET A-Z/V/98.jpg
V,21,99,DTASET A-Z/V/99.jpg
V,21,100,DTASET A-Z/V/100.jpg
V,21,101,DTASET A-Z/V/101.jpg
V,21,102,DTASET A-Z/V/102.jpg
V,21,103,DTASET A-Z/V/103.jpg
V,21,104,DTASET A-Z/V/104.jpg
V,21,105,DTASET A-Z/V/105.jpg
V,21,106,DTASET A-Z/V/106.jpg
V,21,107,DTASET A-Z/V/107.jpg
V,21,108,DTASET A-Z/V/108.jpg
V,21,109,DTASET A-Z/V/109.jpg
V,21,110,DTASET A-Z/V/110.jpg
V,21,111,DTASET A-Z/V/111.jpg
V,21,112,DTASET A-Z/V/112.jpg
V,21,113,DTASET A-Z/V/113.jpg
V,21,114,DTASET A-Z/V/114.jpg
V,21,115,DTASET A-Z/V/115.jpg
V,21,116,DTASET A-Z/V/116.jpg
V,21,117,DTASET A-Z/V/117.jpg
V,21,118,DTASET A-Z/V/118.jpg
V,21,119,DTASET A-Z/V/119.jpg
V,21,120,DTASET A-Z/V/120.jpg
V,21,121,DTASET A-Z/V/121.jpg
V,21,122,DTASET A-Z/V/122.jpg
V,21,123,DTASET A-Z/V/123.jpg
V,21,124,DTASET A-Z/V/124.jpg
V,21,125,DTASET A-Z/V/125.jpg
V,21,126,DTASET A-Z/V/126.jpg
V,21,127,DTASET A-Z/V/127.jpg
V,21,128,DTASET A-Z/V/128.jpg
V,21,129,DTASET A-Z/V/129.jpg
V,21,130,DTASET A-Z/V/130.jpg
V,21,131,DTASET A-Z/V/131.jpg
V,21,132,DTASET A-Z/V/132.jpg
V,21,133,DTASET A-Z/V/133.jpg
V,21,134,DTASET A-Z/V/134.jpg
V,21,135,DTASET A-Z/V/135.jpg
V,21,136,DTASET A-Z/V/136.jpg
V,21,137,DTASET A-Z/V/137.jpg
V,21,138,DTASET A-Z/V/138.jpg
V,21,139,DTASET A-Z/V/139.jpg
V,21,140,DTASET A-Z/V/140.jpg
V,21,141,DTASET A-Z/V/141.jpg
V,21,142,DTASET A-Z/V/142.jpg
V,21,143,DTASET A-Z/V/143.jpg
V,21,144,DTASET A-Z/V/144.jpg
V,21,145,DTASET A-Z/V/145.jpg
V,21,146,DTASET A-Z/V/146.jpg
V,21,147,DTASET A-Z/V/147.jpg
V,21,148,DTASET A-Z/V/148.jpg
V,21,149,DTASET A-Z/V/149.jpg
V,21,150,DTASET A-Z/V/150.jpg
V,21,151,DTASET A-Z/V/151.jpg
V,21,152,DTASET A-Z/V/152.jpg
V,21,153,DTASET A-Z/V/153.jpg
V,21,154,DTASET A-Z/V/154.jpg
V,21,155,DTASET A-Z/V/155.jpg
V,21,156,DTASET A-Z/V/156.jpg
V,21,157,DTASET A-Z/V/157.jpg
V,21,158,DTASET A-Z/V/158.jpg
V,21,159,DTASET A-Z/V/159.jpg
V,21,160,DTASET A-Z/V/160.jpg
V,21,161,DTASET A-Z/V/161.jpg
V,21,162,DTASET A-Z/V/162.jpg
V,21,163,DTASET A-Z/V/163.jpg
V,21,164,DTASET A-Z/V/164.jpg
V,21,165,DTASET A-Z/V/165.jpg
V,21,166,DTASET A-Z/V/166.jpg
V,21,167,DTASET A-Z/V/167.jpg
V,21,168,DTASET A-Z/V/168.jpg
V,21,169,DTASET A-Z/V/169.jpg
V,21,170,DTASET A-Z/V/170.jpg
V,21,171,DTASET A-Z/V/171.jpg
V,21,172,DTASET A-Z/V/172.jpg
V,21,173,DTASET A-Z/V/173.jpg
V,21,174,DTASET A-Z/V/174.jpg
V,21,175,DTASET A-Z/V/175.jpg
V,21,176,DTASET A-Z/V/176.jpg
V,21,177,DTASET A-Z/V/177.jpg
V,21,178,DTASET A-Z/V/178.jpg
V,21,179,DTASET A-Z/V/179.jpg
V,21,180,DTASET A-Z/V/180.jpg
V,21,181,DTASET A-Z/V/181.jpg
V,21,182,DTASET A-Z/V/182.jpg
V,21,183,DTASET A-Z/V/183.jpg
V,21,184,DTASET A-Z/V/184.jpg
V,21,185,DTASET A-Z/V/185.jpg
V,21,186,DTASET A-Z/V/186.jpg
V,21,187,DTASET A-Z/V/187.jpg
V,21,188,DTASET A-Z/V/188.jpg
V,21,189,DTASET A-Z/V/189.jpg
V,21,190,DTASET A-Z/V/190.jpg
V,21,191,DTASET A-Z/V/191.jpg
V,21,192,DTASET A-Z/V/192.jpg
V,21,193,DTASET A-Z/V/193.jpg
V,21,194,DTASET A-Z/V/194.jpg
V,21,195,DTASET A-Z/V/195.jpg
V,21,196,DTASET A-Z/V/196.jpg
V,21,197,DTASET A-Z/V/197.jpg
V,21,198,DTASET A-Z/V/198.jpg
V,21,199,DTASET A-Z/V/199.jpg
V,21,200,DTASET A-Z/V/200.jpg
V,21,201,DTASET A-Z/V/201.jpg
V,21,202,DTASET A-Z/V/202.jpg
V,21,203,DTASET A-Z/V/203.jpg
V,21,204,DTASET A-Z/V/204.jpg
V,21,205,DTASET A-Z/V/205.jpg
V,21,206,DTASET A-Z/V/206.jpg
V,21,207,DTASET A-Z/V/207.jpg
V,21,208,DTASET A-Z/V/208.jpg
V,21,209,DTASET A-Z/V/209.jpg
V,21,210,DTASET A-Z/V/210.jpg
V,21,211,DTASET A-Z/V/211.jpg
V,21,212,DTASET A-Z/V/212.jpg
V,21,213,DTASET A-Z/V/213.jpg
V,21,214,DTASET A-Z/V/214.jpg
V,21,215,DTASET A-Z/V/215.jpg
V,21,216,DTASET A-Z/V/216.jpg
V,21,217,DTASET A-Z/V/217.jpg
V,21,218,DTASET A-Z/V/218.jpg
V,21,219,DTASET A-Z/V/219.jpg
V,21,220,DTASET A-Z/V/220.jpg
V,21,221,DTASET A-Z/V/221.jpg
V,21,222,DTASET A-Z/V/222.jpg
V,21,223,DTASET A-Z/V/223.jpg
V,21,224,DTASET A-Z/V/224.jpg
V,21,225,DTASET A-Z/V/225.jpg
V,21,226,DTASET A-Z/V/226.jpg
V,21,227,DTASET A-Z/V/227.jpg
V,21,228,DTASET A-Z/V/228.jpg
V,21,229,DTASET A-Z/V/229.jpg
V,21,230,DTASET A-Z/V/230.jpg
V,21,231,DTASET A-Z/V/231.jpg
V,21,232,DTASET A-Z/V/232.jpg
V,21,233,DTASET A-Z/V/233.jpg
V,21,234,DTASET A-Z/V/234.jpg
V,21,235,DTASET A-Z/V/235.jpg
V,21,236,DTASET A-Z/V/236.jpg
V,21,237,DTASET A-Z/V/237.jpg
V,21,238,DTASET A-Z/V/238.jpg
V,21,239,DTASET A-Z/V/239.jpg
V,21,240,DTASET A-Z/V/240.jpg
V,21,241,DTASET A-Z/V/241.jpg
V,21,242,DTASET A-Z/V/242.jpg
V,21,243,DTASET A-Z/V/243.jpg
V,21,244,DTASET A-Z/V/244.jpg
V,21,245,DTASET A-Z/V/245.jpg
V,21,246,DTASET A-Z/V/246.jpg
V,21,247,DTASET A-Z/V/247.jpg
V,21,248,DTASET A-Z/V/248.jpg
V,21,249,DTASET A-Z/V/249.jpg
V,21,250,DTASET A-Z/V/250.jpg
V,21,251,DTASET A-Z/V/251.jpg
V,21,252,DTASET A-Z/V/252.jpg
V,21,253,DTASET A-Z/V/253.jpg
V,21,254,DTASET A-Z/V/254.jpg
V,21,255,DTASET A-Z/V/255.jpg
V,21,256,DTASET A-Z/V/256.jpg
V,21,257,DTASET A-Z/V/257.jpg
V,21,258,DTASET A-Z/V/258.jpg
V,21,259,DTASET A-Z/V/259.jpg
V,21,260,DTASET A-Z/V/260.jpg
V,21,261,DTASET A-Z/V/261.jpg
V,21,262,DTASET A-Z/V/262.jpg
V,21,263,DTASET A-Z/V/263.jpg
V,21,264,DTASET A-Z/V/264.jpg
V,21,265,DTASET A-Z/V/265.jpg
V,21,266,DTASET A-Z/V/266.jpg
V,21,267,DTASET A-Z/V/267.jpg
V,21,268,DTASET A-Z/V/268.jpg
V,21,269,DTASET A-Z/V/269.jpg
V,21,270,DTASET A-Z/V/270.jpg
V,21,271,DTASET A-Z/V/271.jpg
V,21,272,DTASET A-Z/V/272.jpg
V,21,273,DTASET A-Z/V/273.jpg
V,21,274,DTASET A-Z/V/274.jpg
V,21,275,DTASET A-Z/V/275.jpg
V,21,276,DTASET A-Z/V/276.jpg
V,21,277,DTASET A-Z/V/277.jpg
V,21,278,DTASET A-Z/V/278.jpg
V,21,279,DTASET A-Z/V/279.jpg
V,21,280,DTASET A-Z/V/280.jpg
V,21,281,DTASET A-Z/V/281.jpg
V,21,282,DTASET A-Z/V/282.jpg
V,21,283,DTASET A-Z/V/283.jpg
V,21,284,DTASET A-Z/V/284.jpg
V,21,285,DTASET A-Z/V/285.jpg
V,21,286,DTASET A-Z/V/286.jpg
V,21,287,DTASET A-Z/V/287.jpg
V,21,288,DTASET A-Z/V/288.jpg
V,21,289,DTASET A-Z/V/289.jpg
V,21,290,DTASET A-Z/V/290.jpg
V,21,291,DTASET A-Z/V/291.jpg
V,21,292,DTASET A-Z/V/292.jpg
V,21,293,DTASET A-Z/V/293.jpg
V,21,294,DTASET A-Z/V/294.jpg
V,21,295,DTASET A-Z/V/295.jpg
V,21,296,DTASET A-Z/V/296.jpg
V,21,297,DTASET A-Z/V/297.jpg
V,21,298,DTASET A-Z/V/298.jpg
V,21,299,DTASET A-Z/V/299.jpg
V,21,300,DTASET A-Z/V/300.jpg
V,21,301,DTASET A-Z/V/301.jpg
V,21,302,DTASET A-Z/V/302.jpg
V,21,303,DTASET A-Z/V/303.jpg
V,21,304,DTASET A-Z/V/304.jpg
V,21,305,DTASET A-Z/V/305.jpg
V,21,306,DTASET A-Z/V/306.jpg
V,21,307,DTASET A-Z/V/307.jpg
V,21,308,DTASET A-Z/V/308.jpg
V,21,309,DTASET A-Z/V/309.jpg
V,21,310,DTASET A-Z/V/310.jpg
V,21,311,DTASET A-Z/V/311.jpg
V,21,312,DTASET A-Z/V/312.jpg
V,21,313,DTASET A-Z/V/313.jpg
V,21,314,DTASET A-Z/V/314.jpg
V,21,315,DTASET A-Z/V/315.jpg
V,21,316,DTASET A-Z/V/316.jpg
V,21,317,DTASET A-Z/V/317.jpg
V,21,318,DTASET A-Z/V/318.jpg
V,21,319,DTASET A-Z/V/319.jpg
V,21,320,DTASET A-Z/V/320.jpg
V,21,321,DTASET A-Z/V/321.jpg
V,21,322,DTASET A-Z/V/322.jpg
V,21,323,DTASET A-Z/V/323.jpg
V,21,324,DTASET A-Z/V/324.jpg
V,21,325,DTASET A-Z/V/325.jpg
V,21,326,DTASET A-Z/V/326.jpg
V,21,327,DTASET A-Z/V/327.jpg
V,21,328,DTASET A-Z/V/328.jpg
V,21,329,DTASET A-Z/V/329.jpg
V,21,330,DTASET A-Z/V/330.jpg
V,21,331,DTASET A-Z/V/331.jpg
V,21,332,DTASET A-Z/V/332.jpg
V,21,333,DTASET A-Z/V/333.jpg
V,21,334,DTASET A-Z/V/334.jpg
V,21,335,DTASET A-Z/V/335.jpg
V,21,336,DTASET A-Z/V/336.jpg
V,21,337,DTASET A-Z/V/337.jpg
V,21,338,DTASET A-Z/V/338.jpg
V,21,339,DTASET A-Z/V/339.jpg
V,21,340,DTASET A-Z/V/340.jpg
V,21,341,DTASET A-Z/V/341.jpg
V,21,342,DTASET A-Z/V/342.jpg
V,21,343,DTASET A-Z/V/343.jpg
V,21,344,DTASET A-Z/V/344.jpg
V,21,345,DTASET A-Z/V/345.jpg
V,21,346,DTASET A-Z/V/346.jpg
V,21,347,DTASET A-Z/V/347.jpg
V,21,348,DTASET A-Z/V/348.jpg
V,21,349,DTASET A-Z/V/349.jpg
V,21,350,DTASET A-Z/V/350.jpg
V,21,351,DTASET A-Z/V/351.jpg
V,21,352,DTASET A-Z/V/352.jpg
V,21,353,DTASET A-Z/V/353.jpg
V,21,354,DTASET A-Z/V/354.jpg
V,21,355,DTASET A-Z/V/355.jpg
V,21,356,DTASET A-Z/V/356.jpg
V,21,357,DTASET A-Z/V/357.jpg
V,21,358,DTASET A-Z/V/358.jpg
V,21,359,DTASET A-Z/V/359.jpg
V,21,360,DTASET A-Z/V/360.jpg
V,21,361,DTASET A-Z/V/361.jpg
V,21,362,DTASET A-Z/V/362.jpg
V,21,363,DTASET A-Z/V/363.jpg
V,21,364,DTASET A-Z/V/364.jpg
V,21,365,DTASET A-Z/V/365.jpg
V,21,366,DTASET A-Z/V/366.jpg
V,21,367,DTASET A-Z/V/367.jpg
V,21,368,DTASET A-Z/V/368.jpg
V,21,369,DTASET A-Z/V/369.jpg
V,21,370,DTASET A-Z/V/370.jpg
V,21,371,DTASET A-Z/V/371.jpg
V,21,372,DTASET A-Z/V/372.jpg
V,21,373,DTASET A-Z/V/373.jpg
V,21,374,DTASET A-Z/V/374.jpg
V,21,375,DTASET A-Z/V/375.jpg
V,21,376,DTASET A-Z/V/376.jpg
V,21,377,DTASET A-Z/V/377.jpg
V,21,378,DTASET A-Z/V/378.jpg
V,21,379,DTASET A-Z/V/379.jpg
V,21,380,DTASET A-Z/V/380.jpg
V,21,381,DTASET A-Z/V/381.jpg
V,21,382,DTASET A-Z/V/382.jpg
V,21,383,DTASET A-Z/V/383.jpg
V,21,384,DTASET A-Z/V/384.jpg
V,21,385,DTASET A-Z/V/385.jpg
V,21,386,DTASET A-Z/V/386.jpg
V,21,387,DTASET A-Z/V/387.jpg
V,21,388,DTASET A-Z/V/388.jpg
V,21,389,DTASET A-Z/V/389.jpg
V,21,390,DTASET A-Z/V/390.jpg
V,21,391,DTASET A-Z/V/391.jpg
V,21,392,DTASET A-Z/V/392.jpg
V,21,393,DTASET A-Z/V/393.jpg
V,21,394,DTASET A-Z/V/394.jpg
V,21,395,DTASET A-Z/V/395.jpg
V,21,396,DTASET A-Z/V/396.jpg
V,21,397,DTASET A-Z/V/397.jpg
V,21,398,DTASET A-Z/V/398.jpg
V,21,399,DTASET A-Z/V/399.jpg
V,21,400,DTASET A-Z/V/400.jpg
V,21,401,DTASET A-Z/V/401.jpg
V,21,402,DTASET A-Z/V/402.jpg
V,21,403,DTASET A-Z/V/403.jpg
V,21,404,DTASET A-Z/V/404.jpg
V,21,405,DTASET A-Z/V/405.jpg
V,21,406,DTASET A-Z/V/406.jpg
V,21,407,DTASET A-Z/V/407.jpg
V,21,408,DTASET A-Z/V/408.jpg
V,21,409,DTASET A-Z/V/409.jpg
V,21,410,DTASET A-Z/V/410.jpg
V,21,411,DTASET A-Z/V/411.jpg
V,21,412,DTASET A-Z/V/412.jpg
V,21,413,DTASET A-Z/V/413.jpg
V,21,414,DTASET A-Z/V/414.jpg
V,21,415,DTASET A-Z/V/415.jpg
V,21,416,DTASET A-Z/V/416.jpg
V,21,417,DTASET A-Z/V/417.jpg
V,21,418,DTASET A-Z/V/418.jpg
V,21,419,DTASET A-Z/V/419.jpg
V,21,420,DTASET A-Z/V/420.jpg
V,21,421,DTASET A-Z/V/421.jpg
V,21,422,DTASET A-Z/V/422.jpg
V,21,423,DTASET A-Z/V/423.jpg
V,21,424,DTASET A-Z/V/424.jpg
V,21,425,DTASET A-Z/V/425.jpg
V,21,426,DTASET A-Z/V/426.jpg
V,21,427,DTASET A-Z/V/427.jpg
V,21,428,DTASET A-Z/V/428.jpg
V,21,429,DTASET A-Z/V/429.jpg
V,21,430,DTASET A-Z/V/430.jpg
V,21,431,DTASET A-Z/V/431.jpg
V,21,432,DTASET A-Z/V/432.jpg
V,21,433,DTASET A-Z/V/433.jpg
V,21,434,DTASET A-Z/V/434.jpg
V,21,435,DTASET A-Z/V/435.jpg
V,21,436,DTASET A-Z/V/436.jpg
V,21,437,DTASET A-Z/V/437.jpg
V,21,438,DTASET A-Z/V/438.jpg
V,21,439,DTASET A-Z/V/439.jpg
V,21,440,DTASET A-Z/V/440.jpg
V,21,441,DTASET A-Z/V/441.jpg
V,21,442,DTASET A-Z/V/442.jpg
V,21,443,DTASET A-Z/V/443.jpg
V,21,444,DTASET A-Z/V/444.jpg
V,21,445,DTASET A-Z/V/445.jpg
V,21,446,DTASET A-Z/V/446.jpg
V,21,447,DTASET A-Z/V/447.jpg
V,21,448,DTASET A-Z/V/448.jpg
V,21,449,DTASET A-Z/V/449.jpg
V,21,450,DTASET A-Z/V/450.jpg
V,21,451,DTASET A-Z/V/451.jpg
V,21,452,DTASET A-Z/V/452.jpg
V,21,453,DTASET A-Z/V/453.jpg
V,21,454,DTASET A-Z/V/454.jpg
V,21,455,DTASET A-Z/V/455.jpg
V,21,456,DTASET A-Z/V/456.jpg
V,21,457,DTASET A-Z/V/457.jpg
V,21,458,DTASET A-Z/V/458.jpg
V,21,459,DTASET A-Z/V/459.jpg
V,21,460,DTASET A-Z/V/460.jpg
V,21,461,DTASET A-Z/V/461.jpg
V,21,462,DTASET A-Z/V/462.jpg
V,21,463,DTASET A-Z/V/463.jpg
V,21,464,DTASET A-Z/V/464.jpg
V,21,465,DTASET A-Z/V/465.jpg
V,21,466,DTASET A-Z/V/466.jpg
V,21,467,DTASET A-Z/V/467.jpg
V,21,468,DTASET A-Z/V/468.jpg
V,21,469,DTASET A-Z/V/469.jpg
V,21,470,DTASET A-Z/V/470.jpg
V,21,471,DTASET A-Z/V/471.jpg
V,21,472,DTASET A-Z/V/472.jpg
V,21,473,DTASET A-Z/V/473.jpg
V,21,474,DTASET A-Z/V/474.jpg
V,21,475,DTASET A-Z/V/475.jpg
V,21,476,DTASET A-Z/V/476.jpg
V,21,477,DTASET A-Z/V/477.jpg
V,21,478,DTASET A-Z/V/478.jpg
V,21,479,DTASET A-Z/V/479.jpg
V,21,480,DTASET A-Z/V/480.jpg
V,21,481,DTASET A-Z/V/481.jpg
V,21,482,DTASET A-Z/V/482.jpg
V,21,483,DTASET A-Z/V/483.jpg
V,21,484,DTASET A-Z/V/484.jpg
V,21,485,DTASET A-Z/V/485.jpg
V,21,486,DTASET A-Z/V/486.jpg
V,21,487,DTASET A-Z/V/487.jpg
V,21,488,DTASET A-Z/V/488.jpg
V,21,489,DTASET A-Z/V/489.jpg
V,21,490,DTASET A-Z/V/490.jpg
V,21,491,DTASET A-Z/V/491.jpg
V,21,492,DTASET A-Z/V/492.jpg
V,21,493,DTASET A-Z/V/493.jpg
V,21,494,DTASET A-Z/V/494.jpg
V,21,495,DTASET A-Z/V/495.jpg
V,21,496,DTASET A-Z/V/496.jpg
V,21,497,DTASET A-Z/V/497.jpg
V,21,498,DTASET A-Z/V/498.jpg
V,21,499,DTASET A-Z/V/499.jpg
V,21,500,DTASET A-Z/V/500.jpg
V,21,501,DTASET A-Z/V/501.jpg
V,21,502,DTASET A-Z/V/502.jpg
V,21,503,DTASET A-Z/V/503.jpg
V,21,504,DTASET A-Z/V/504.jpg
V,21,505,DTASET A-Z/V/505.jpg
V,21,506,DTASET A-Z/V/506.jpg
V,21,507,DTASET A-Z/V/507.jpg
V,21,508,DTASET A-Z/V/508.jpg
V,21,509,DTASET A-Z/V/509.jpg
V,21,510,DTASET A-Z/V/510.jpg
V,21,511,DTASET A-Z/V/511.jpg
V,21,512,DTASET A-Z/V/512.jpg
V,21,513,DTASET A-Z/V/513.jpg
V,21,514,DTASET A-Z/V/514.jpg
V,21,515,DTASET A-Z/V/515.jpg
V,21,516,DTASET A-Z/V/516.jpg
V,21,517,DTASET A-Z/V/517.jpg
V,21,518,DTASET A-Z/V/518.jpg
V,21,519,DTASET A-Z/V/519.jpg
V,21,520,DTASET A-Z/V/520.jpg
V,21,521,DTASET A-Z/V/521.jpg
V,21,522,DTASET A-Z/V/522.jpg
V,21,523,DTASET A-Z/V/523.jpg
V,21,524,DTASET A-Z/V/524.jpg
V,21,525,DTASET A-Z/V/525.jpg
V,21,526,DTASET A-Z/V/526.jpg
V,21,527,DTASET A-Z/V/527.jpg
V,21,528,DTASET A-Z/V/528.jpg
V,21,529,DTASET A-Z/V/529.jpg
V,21,530,DTASET A-Z/V/530.jpg
V,21,531,DTASET A-Z/V/531.jpg
V,21,532,DTASET A-Z/V/532.jpg
V,21,533,DTASET A-Z/V/533.jpg
V,21,534,DTASET A-Z/V/534.jpg
V,21,535,DTASET A-Z/V/535.jpg
V,21,536,DTASET A-Z/V/536.jpg
V,21,537,DTASET A-Z/V/537.jpg
V,21,538,DTASET A-Z/V/538.jpg
V,21,539,DTASET A-Z/V/539.jpg
V,21,540,DTASET A-Z/V/540.jpg
V,21,541,DTASET A-Z/V/541.jpg
V,21,542,DTASET A-Z/V/542.jpg
V,21,543,DTASET A-Z/V/543.jpg
V,21,544,DTASET A-Z/V/544.jpg
V,21,545,DTASET A-Z/V/545.jpg
V,21,546,DTASET A-Z/V/546.jpg
V,21,547,DTASET A-Z/V/547.jpg
V,21,548,DTASET A-Z/V/548.jpg
V,21,549,DTASET A-Z/V/549.jpg
V,21,550,DTASET A-Z/V/550.jpg
V,21,551,DTASET A-Z/V/551.jpg
V,21,552,DTASET A-Z/V/552.jpg
V,21,553,DTASET A-Z/V/553.jpg
V,21,554,DTASET A-Z/V/554.jpg
V,21,555,DTASET A-Z/V/555.jpg
V,21,556,DTASET A-Z/V/556.jpg
V,21,557,DTASET A-Z/V/557.jpg
V,21,558,DTASET A-Z/V/558.jpg
V,21,559,DTASET A-Z/V/559.jpg
V,21,560,DTASET A-Z/V/560.jpg
V,21,561,DTASET A-Z/V/561.jpg
V,21,562,DTASET A-Z/V/562.jpg
V,21,563,DTASET A-Z/V/563.jpg
V,21,564,DTASET A-Z/V/564.jpg
V,21,565,DTASET A-Z/V/565.jpg
V,21,566,DTASET A-Z/V/566.jpg
V,21,567,DTASET A-Z/V/567.jpg
V,21,568,DTASET A-Z/V/568.jpg
V,21,569,DTASET A-Z/V/569.jpg
V,21,570,DTASET A-Z/V/570.jpg
V,21,571,DTASET A-Z/V/571.jpg
V,21,572,DTASET A-Z/V/572.jpg
V,21,573,DTASET A-Z/V/573.jpg
V,21,574,DTASET A-Z/V/574.jpg
V,21,575,DTASET A-Z/V/575.jpg
V,21,576,DTASET A-Z/V/576.jpg
V,21,577,DTASET A-Z/V/577.jpg
V,21,578,DTASET A-Z/V/578.jpg
V,21,579,DTASET A-Z/V/579.jpg
V,21,580,DTASET A-Z/V/580.jpg
V,21,581,DTASET A-Z/V/581.jpg
V,21,582,DTASET A-Z/V/582.jpg
V,21,583,DTASET A-Z/V/583.jpg
V,21,584,DTASET A-Z/V/584.jpg
V,21,585,DTASET A-Z/V/585.jpg
V,21,586,DTASET A-Z/V/586.jpg
V,21,587,DTASET A-Z/V/587.jpg
V,21,588,DTASET A-Z/V/588.jpg
V,21,589,DTASET A-Z/V/589.jpg
V,21,590,DTASET A-Z/V/590.jpg
V,21,591,DTASET A-Z/V/591.jpg
V,21,592,DTASET A-Z/V/592.jpg
V,21,593,DTASET A-Z/V/593.jpg
V,21,594,DTASET A-Z/V/594.jpg
V,21,595,DTASET A-Z/V/595.jpg
V,21,596,DTASET A-Z/V/596.jpg
V,21,597,DTASET A-Z/V/597.jpg
V,21,598,DTASET A-Z/V/598.jpg
V,21,599,DTASET A-Z/V/599.jpg
V,21,600,DTASET A-Z/V/600.jpg
V,21,601,DTASET A-Z/V/601.jpg
V,21,602,DTASET A-Z/V/602.jpg
V,21,603,DTASET A-Z/V/603.jpg
V,21,604,DTASET A-Z/V/604.jpg
V,21,605,DTASET A-Z/V/605.jpg
V,21,606,DTASET A-Z/V/606.jpg
V,21,607,DTASET A-Z/V/607.jpg
V,21,608,DTASET A-Z/V/608.jpg
V,21,609,DTASET A-Z/V/609.jpg
V,21,610,DTASET A-Z/V/610.jpg
V,21,611,DTASET A-Z/V/611.jpg
V,21,612,DTASET A-Z/V/612.jpg
V,21,613,DTASET A-Z/V/613.jpg
V,21,614,DTASET A-Z/V/614.jpg
V,21,615,DTASET A-Z/V/615.jpg
V,21,616,DTASET A-Z/V/616.jpg
V,21,617,DTASET A-Z/V/617.jpg
V,21,618,DTASET A-Z/V/618.jpg
V,21,619,DTASET A-Z/V/619.jpg
V,21,620,DTASET A-Z/V/620.jpg
V,21,621,DTASET A-Z/V/621.jpg
V,21,622,DTASET A-Z/V/622.jpg
V,21,623,DTASET A-Z/V/623.jpg
V,21,624,DTASET A-Z/V/624.jpg
V,21,625,DTASET A-Z/V/625.jpg
V,21,626,DTASET A-Z/V/626.jpg
V,21,627,DTASET A-Z/V/627.jpg
V,21,628,DTASET A-Z/V/628.jpg
V,21,629,DTASET A-Z/V/629.jpg
V,21,630,DTASET A-Z/V/630.jpg
V,21,631,DTASET A-Z/V/631.jpg
V,21,632,DTASET A-Z/V/632.jpg
V,21,633,DTASET A-Z/V/633.jpg
V,21,634,DTASET A-Z/V/634.jpg
V,21,635,DTASET A-Z/V/635.jpg
V,21,636,DTASET A-Z/V/636.jpg
V,21,637,DTASET A-Z/V/637.jpg
V,21,638,DTASET A-Z/V/638.jpg
V,21,639,DTASET A-Z/V/639.jpg
V,21,640,DTASET A-Z/V/640.jpg
V,21,641,DTASET A-Z/V/641.jpg
V,21,642,DTASET A-Z/V/642.jpg
V,21,643,DTASET A-Z/V/643.jpg
V,21,644,DTASET A-Z/V/644.jpg
V,21,645,DTASET A-Z/V/645.jpg
V,21,646,DTASET A-Z/V/646.jpg
V,21,647,DTASET A-Z/V/647.jpg
V,21,648,DTASET A-Z/V/648.jpg
V,21,649,DTASET A-Z/V/649.jpg
V,21,650,DTASET A-Z/V/650.jpg
V,21,651,DTASET A-Z/V/651.jpg
V,21,652,DTASET A-Z/V/652.jpg
V,21,653,DTASET A-Z/V/653.jpg
V,21,654,DTASET A-Z/V/654.jpg
V,21,655,DTASET A-Z/V/655.jpg
V,21,656,DTASET A-Z/V/656.jpg
V,21,657,DTASET A-Z/V/657.jpg
V,21,658,DTASET A-Z/V/658.jpg
V,21,659,DTASET A-Z/V/659.jpg
V,21,660,DTASET A-Z/V/660.jpg
V,21,661,DTASET A-Z/V/661.jpg
V,21,662,DTASET A-Z/V/662.jpg
V,21,663,DTASET A-Z/V/663.jpg
V,21,664,DTASET A-Z/V/664.jpg
V,21,665,DTASET A-Z/V/665.jpg
V,21,666,DTASET A-Z/V/666.jpg
V,21,667,DTASET A-Z/V/667.jpg
V,21,668,DTASET A-Z/V/668.jpg
V,21,669,DTASET A-Z/V/669.jpg
V,21,670,DTASET A-Z/V/670.jpg
V,21,671,DTASET A-Z/V/671.jpg
V,21,672,DTASET A-Z/V/672.jpg
V,21,673,DTASET A-Z/V/673.jpg
V,21,674,DTASET A-Z/V/674.jpg
V,21,675,DTASET A-Z/V/675.jpg
V,21,676,DTASET A-Z/V/676.jpg
V,21,677,DTASET A-Z/V/677.jpg
V,21,678,DTASET A-Z/V/678.jpg
V,21,679,DTASET A-Z/V/679.jpg
V,21,680,DTASET A-Z/V/680.jpg
V,21,681,DTASET A-Z/V/681.jpg
V,21,682,DTASET A-Z/V/682.jpg
V,21,683,DTASET A-Z/V/683.jpg
V,21,684,DTASET A-Z/V/684.jpg
V,21,685,DTASET A-Z/V/685.jpg
V,21,686,DTASET A-Z/V/686.jpg
V,21,687,DTASET A-Z/V/687.jpg
V,21,688,DTASET A-Z/V/688.jpg
V,21,689,DTASET A-Z/V/689.jpg
V,21,690,DTASET A-Z/V/690.jpg
V,21,691,DTASET A-Z/V/691.jpg
V,21,692,DTASET A-Z/V/692.jpg
V,21,693,DTASET A-Z/V/693.jpg
V,21,694,DTASET A-Z/V/694.jpg
V,21,695,DTASET A-Z/V/695.jpg
V,21,696,DTASET A-Z/V/696.jpg
V,21,697,DTASET A-Z/V/697.jpg
V,21,698,DTASET A-Z/V/698.jpg
V,21,699,DTASET A-Z/V/699.jpg
V,21,700,DTASET A-Z/V/700.jpg
V,21,701,DTASET A-Z/V/701.jpg
V,21,702,DTASET A-Z/V/702.jpg
V,21,703,DTASET A-Z/V/703.jpg
V,21,704,DTASET A-Z/V/704.jpg
V,21,705,DTASET A-Z/V/705.jpg
V,21,706,DTASET A-Z/V/706.jpg
V,21,707,DTASET A-Z/V/707.jpg
V,21,708,DTASET A-Z/V/708.jpg
V,21,709,DTASET A-Z/V/709.jpg
V,21,710,DTASET A-Z/V/710.jpg
V,21,711,DTASET A-Z/V/711.jpg
V,21,712,DTASET A-Z/V/712.jpg
V,21,713,DTASET A-Z/V/713.jpg
V,21,714,DTASET A-Z/V/714.jpg
V,21,715,DTASET A-Z/V/715.jpg
V,21,716,DTASET A-Z/V/716.jpg
V,21,717,DTASET A-Z/V/717.jpg
V,21,718,DTASET A-Z/V/718.jpg
V,21,719,DTASET A-Z/V/719.jpg
V,21,720,DTASET A-Z/V/720.jpg
V,21,721,DTASET A-Z/V/721.jpg
V,21,722,DTASET A-Z/V/722.jpg
V,21,723,DTASET A-Z/V/723.jpg
V,21,724,DTASET A-Z/V/724.jpg
V,21,725,DTASET A-Z/V/725.jpg
V,21,726,DTASET A-Z/V/726.jpg
V,21,727,DTASET A-Z/V/727.jpg
V,21,728,DTASET A-Z/V/728.jpg
V,21,729,DTASET A-Z/V/729.jpg
V,21,730,DTASET A-Z/V/730.jpg
V,21,731,DTASET A-Z/V/731.jpg
V,21,732,DTASET A-Z/V/732.jpg
V,21,733,DTASET A-Z/V/733.jpg
V,21,734,DTASET A-Z/V/734.jpg
V,21,735,DTASET A-Z/V/735.jpg
V,21,736,DTASET A-Z/V/736.jpg
V,21,737,DTASET A-Z/V/737.jpg
V,21,738,DTASET A-Z/V/738.jpg
V,21,739,DTASET A-Z/V/739.jpg
V,21,740,DTASET A-Z/V/740.jpg
V,21,741,DTASET A-Z/V/741.jpg
V,21,742,DTASET A-Z/V/742.jpg
V,21,743,DTASET A-Z/V/743.jpg
V,21,744,DTASET A-Z/V/744.jpg
V,21,745,DTASET A-Z/V/745.jpg
V,21,746,DTASET A-Z/V/746.jpg
V,21,747,DTASET A-Z/V/747.jpg
V,21,748,DTASET A-Z/V/748.jpg
V,21,749,DTASET A-Z/V/749.jpg
V,21,750,DTASET A-Z/V/750.jpg
V,21,751,DTASET A-Z/V/751.jpg
V,21,752,DTASET A-Z/V/752.jpg
V,21,753,DTASET A-Z/V/753.jpg
V,21,754,DTASET A-Z/V/754.jpg
V,21,755,DTASET A-Z/V/755.jpg
V,21,756,DTASET A-Z/V/756.jpg
V,21,757,DTASET A-Z/V/757.jpg
V,21,758,DTASET A-Z/V/758.jpg
V,21,759,DTASET A-Z/V/759.jpg
V,21,760,DTASET A-Z/V/760.jpg
V,21,761,DTASET A-Z/V/761.jpg
V,21,762,DTASET A-Z/V/762.jpg
V,21,763,DTASET A-Z/V/763.jpg
V,21,764,DTASET A-Z/V/764.jpg
V,21,765,DTASET A-Z/V/765.jpg
V,21,766,DTASET A-Z/V/766.jpg
V,21,767,DTASET A-Z/V/767.jpg
V,21,768,DTASET A-Z/V/768.jpg
V,21,769,DTASET A-Z/V/769.jpg
V,21,770,DTASET A-Z/V/770.jpg
V,21,771,DTASET A-Z/V/771.jpg
V,21,772,DTASET A-Z/V/772.jpg
V,21,773,DTASET A-Z/V/773.jpg
V,21,774,DTASET A-Z/V/774.jpg
V,21,775,DTASET A-Z/V/775.jpg
V,21,776,DTASET A-Z/V/776.jpg
V,21,777,DTASET A-Z/V/777.jpg
V,21,778,DTASET A-Z/V/778.jpg
V,21,779,DTASET A-Z/V/779.jpg
V,21,780,DTASET A-Z/V/780.jpg
V,21,781,DTASET A-Z/V/781.jpg
V,21,782,DTASET A-Z/V/782.jpg
V,21,783,DTASET A-Z/V/783.jpg
V,21,784,DTASET A-Z/V/784.jpg
V,21,785,DTASET A-Z/V/785.jpg
V,21,786,DTASET A-Z/V/786.jpg
V,21,787,DTASET A-Z/V/787.jpg
V,21,788,DTASET A-Z/V/788.jpg
V,21,789,DTASET A-Z/V/789.jpg
V,21,790,DTASET A-Z/V/790.jpg
V,21,791,DTASET A-Z/V/791.jpg
V,21,792,DTASET A-Z/V/792.jpg
V,21,793,DTASET A-Z/V/793.jpg
V,21,794,DTASET A-Z/V/794.jpg
V,21,795,DTASET A-Z/V/795.jpg
V,21,796,DTASET A-Z/V/796.jpg
V,21,797,DTASET A-Z/V/797.jpg
V,21,798,DTASET A-Z/V/798.jpg
V,21,799,DTASET A-Z/V/799.jpg
V,21,800,DTASET A-Z/V/800.jpg
V,21,801,DTASET A-Z/V/801.jpg
V,21,802,DTASET A-Z/V/802.jpg
V,21,803,DTASET A-Z/V/803.jpg
V,21,804,DTASET A-Z/V/804.jpg
V,21,805,DTASET A-Z/V/805.jpg
V,21,806,DTASET A-Z/V/806.jpg
V,21,807,DTASET A-Z/V/807.jpg
V,21,808,DTASET A-Z/V/808.jpg
V,21,809,DTASET A-Z/V/809.jpg
V,21,810,DTASET A-Z/V/810.jpg
V,21,811,DTASET A-Z/V/811.jpg
V,21,812,DTASET A-Z/V/812.jpg
V,21,813,DTASET A-Z/V/813.jpg
V,21,814,DTASET A-Z/V/814.jpg
V,21,815,DTASET A-Z/V/815.jpg
V,21,816,DTASET A-Z/V/816.jpg
V,21,817,DTASET A-Z/V/817.jpg
V,21,818,DTASET A-Z/V/818.jpg
V,21,819,DTASET A-Z/V/819.jpg
V,21,820,DTASET A-Z/V/820.jpg
V,21,821,DTASET A-Z/V/821.jpg
V,21,822,DTASET A-Z/V/822.jpg
V,21,823,DTASET A-Z/V/823.jpg
V,21,824,DTASET A-Z/V/824.jpg
V,21,825,DTASET A-Z/V/825.jpg
V,21,826,DTASET A-Z/V/826.jpg
V,21,827,DTASET A-Z/V/827.jpg
V,21,828,DTASET A-Z/V/828.jpg
V,21,829,DTASET A-Z/V/829.jpg
V,21,830,DTASET A-Z/V/830.jpg
V,21,831,DTASET A-Z/V/831.jpg
V,21,832,DTASET A-Z/V/832.jpg
V,21,833,DTASET A-Z/V/833.jpg
V,21,834,DTASET A-Z/V/834.jpg
V,21,835,DTASET A-Z/V/835.jpg
V,21,836,DTASET A-Z/V/836.jpg
V,21,837,DTASET A-Z/V/837.jpg
V,21,838,DTASET A-Z/V/838.jpg
V,21,839,DTASET A-Z/V/839.jpg
V,21,840,DTASET A-Z/V/840.jpg
V,21,841,DTASET A-Z/V/841.jpg
V,21,842,DTASET A-Z/V/842.jpg
V,21,843,DTASET A-Z/V/843.jpg
V,21,844,DTASET A-Z/V/844.jpg
V,21,845,DTASET A-Z/V/845.jpg
V,21,846,DTASET A-Z/V/846.jpg
V,21,847,DTASET A-Z/V/847.jpg
V,21,848,DTASET A-Z/V/848.jpg
V,21,849,DTASET A-Z/V/849.jpg
V,21,850,DTASET A-Z/V/850.jpg
V,21,851,DTASET A-Z/V/851.jpg
V,21,852,DTASET A-Z/V/852.jpg
V,21,853,DTASET A-Z/V/853.jpg
V,21,854,DTASET A-Z/V/854.jpg
V,21,855,DTASET A-Z/V/855.jpg
V,21,856,DTASET A-Z/V/856.jpg
V,21,857,DTASET A-Z/V/857.jpg
V,21,858,DTASET A-Z/V/858.jpg
V,21,859,DTASET A-Z/V/859.jpg
V,21,860,DTASET A-Z/V/860.jpg
V,21,861,DTASET A-Z/V/861.jpg
V,21,862,DTASET A-Z/V/862.jpg
V,21,863,DTASET A-Z/V/863.jpg
V,21,864,DTASET A-Z/V/864.jpg
V,21,865,DTASET A-Z/V/865.jpg
V,21,866,DTASET A-Z/V/866.jpg
V,21,867,DTASET A-Z/V/867.jpg
V,21,868,DTASET A-Z/V/868.jpg
V,21,869,DTASET A-Z/V/869.jpg
V,21,870,DTASET A-Z/V/870.jpg
V,21,871,DTASET A-Z/V/871.jpg
V,21,872,DTASET A-Z/V/872.jpg
V,21,873,DTASET A-Z/V/873.jpg
V,21,874,DTASET A-Z/V/874.jpg
V,21,875,DTASET A-Z/V/875.jpg
V,21,876,DTASET A-Z/V/876.jpg
V,21,877,DTASET A-Z/V/877.jpg
V,21,878,DTASET A-Z/V/878.jpg
V,21,879,DTASET A-Z/V/879.jpg
V,21,880,DTASET A-Z/V/880.jpg
V,21,881,DTASET A-Z/V/881.jpg
V,21,882,DTASET A-Z/V/882.jpg
V,21,883,DTASET A-Z/V/883.jpg
V,21,884,DTASET A-Z/V/884.jpg
V,21,885,DTASET A-Z/V/885.jpg
V,21,886,DTASET A-Z/V/886.jpg
V,21,887,DTASET A-Z/V/887.jpg
V,21,888,DTASET A-Z/V/888.jpg
V,21,889,DTASET A-Z/V/889.jpg
V,21,890,DTASET A-Z/V/890.jpg
V,21,891,DTASET A-Z/V/891.jpg
V,21,892,DTASET A-Z/V/892.jpg
V,21,893,DTASET A-Z/V/893.jpg
V,21,894,DTASET A-Z/V/894.jpg
V,21,895,DTASET A-Z/V/895.jpg
V,21,896,DTASET A-Z/V/896.jpg
V,21,897,DTASET A-Z/V/897.jpg
V,21,898,DTASET A-Z/V/898.jpg
V,21,899,DTASET A-Z/V/899.jpg
V,21,900,DTASET A-Z/V/900.jpg
V,21,901,DTASET A-Z/V/901.jpg
V,21,902,DTASET A-Z/V/902.jpg
V,21,903,DTASET A-Z/V/903.jpg
V,21,904,DTASET A-Z/V/904.jpg
V,21,905,DTASET A-Z/V/905.jpg
V,21,906,DTASET A-Z/V/906.jpg
V,21,907,DTASET A-Z/V/907.jpg
V,21,908,DTASET A-Z/V/908.jpg
V,21,909,DTASET A-Z/V/909.jpg
V,21,910,DTASET A-Z/V/910.jpg
V,21,911,DTASET A-Z/V/911.jpg
V,21,912,DTASET A-Z/V/912.jpg
V,21,913,DTASET A-Z/V/913.jpg
V,21,914,DTASET A-Z/V/914.jpg
V,21,915,DTASET A-Z/V/915.jpg
V,21,916,DTASET A-Z/V/916.jpg
V,21,917,DTASET A-Z/V/917.jpg
V,21,918,DTASET A-Z/V/918.jpg
V,21,919,DTASET A-Z/V/919.jpg
V,21,920,DTASET A-Z/V/920.jpg
V,21,921,DTASET A-Z/V/921.jpg
V,21,922,DTASET A-Z/V/922.jpg
V,21,923,DTASET A-Z/V/923.jpg
V,21,924,DTASET A-Z/V/924.jpg
V,21,925,DTASET A-Z/V/925.jpg
V,21,926,DTASET A-Z/V/926.jpg
V,21,927,DTASET A-Z/V/927.jpg
V,21,928,DTASET A-Z/V/928.jpg
V,21,929,DTASET A-Z/V/929.jpg
V,21,930,DTASET A-Z/V/930.jpg
V,21,931,DTASET A-Z/V/931.jpg
V,21,932,DTASET A-Z/V/932.jpg
V,21,933,DTASET A-Z/V/933.jpg
V,21,934,DTASET A-Z/V/934.jpg
V,21,935,DTASET A-Z/V/935.jpg
V,21,936,DTASET A-Z/V/936.jpg
V,21,937,DTASET A-Z/V/937.jpg
V,21,938,DTASET A-Z/V/938.jpg
V,21,939,DTASET A-Z/V/939.jpg
V,21,940,DTASET A-Z/V/940.jpg
V,21,941,DTASET A-Z/V/941.jpg
V,21,942,DTASET A-Z/V/942.jpg
V,21,943,DTASET A-Z/V/943.jpg
V,21,944,DTASET A-Z/V/944.jpg
V,21,945,DTASET A-Z/V/945.jpg
V,21,946,DTASET A-Z/V/946.jpg
V,21,947,DTASET A-Z/V/947.jpg
V,21,948,DTASET A-Z/V/948.jpg
V,21,949,DTASET A-Z/V/949.jpg
V,21,950,DTASET A-Z/V/950.jpg
V,21,951,DTASET A-Z/V/951.jpg
V,21,952,DTASET A-Z/V/952.jpg
V,21,953,DTASET A-Z/V/953.jpg
V,21,954,DTASET A-Z/V/954.jpg
V,21,955,DTASET A-Z/V/955.jpg
V,21,956,DTASET A-Z/V/956.jpg
V,21,957,DTASET A-Z/V/957.jpg
V,21,958,DTASET A-Z/V/958.jpg
V,21,959,DTASET A-Z/V/959.jpg
V,21,960,DTASET A-Z/V/960.jpg
V,21,961,DTASET A-Z/V/961.jpg
V,21,962,DTASET A-Z/V/962.jpg
V,21,963,DTASET A-Z/V/963.jpg
V,21,964,DTASET A-Z/V/964.jpg
V,21,965,DTASET A-Z/V/965.jpg
V,21,966,DTASET A-Z/V/966.jpg
V,21,967,DTASET A-Z/V/967.jpg
V,21,968,DTASET A-Z/V/968.jpg
V,21,969,DTASET A-Z/V/969.jpg
V,21,970,DTASET A-Z/V/970.jpg
V,21,971,DTASET A-Z/V/971.jpg
V,21,972,DTASET A-Z/V/972.jpg
V,21,973,DTASET A-Z/V/973.jpg
V,21,974,DTASET A-Z/V/974.jpg
V,21,975,DTASET A-Z/V/975.jpg
V,21,976,DTASET A-Z/V/976.jpg
V,21,977,DTASET A-Z/V/977.jpg
V,21,978,DTASET A-Z/V/978.jpg
V,21,979,DTASET A-Z/V/979.jpg
V,21,980,DTASET A-Z/V/980.jpg
V,21,981,DTASET A-Z/V/981.jpg
V,21,982,DTASET A-Z/V/982.jpg
V,21,983,DTASET A-Z/V/983.jpg
V,21,984,DTASET A-Z/V/984.jpg
V,21,985,DTASET A-Z/V/985.jpg
V,21,986,DTASET A-Z/V/986.jpg
V,21,987,DTASET A-Z/V/987.jpg
V,21,988,DTASET A-Z/V/988.jpg
V,21,989,DTASET A-Z/V/989.jpg
V,21,990,DTASET A-Z/V/990.jpg
V,21,991,DTASET A-Z/V/991.jpg
V,21,992,DTASET A-Z/V/992.jpg
V,21,993,DTASET A-Z/V/993.jpg
V,21,994,DTASET A-Z/V/994.jpg
V,21,995,DTASET A-Z/V/995.jpg
V,21,996,DTASET A-Z/V/996.jpg
V,21,997,DTASET A-Z/V/997.jpg
V,21,998,DTASET A-Z/V/998.jpg
V,21,999,DTASET A-Z/V/999.jpg
V,21,1000,DTASET A-Z/V/1000.jpg
V,21,1001,DTASET A-Z/V/1001.jpg
V,21,1002,DTASET A-Z/V/1002.jpg
V,21,1003,DTASET A-Z/V/1003.jpg
V,21,1004,DTASET A-Z/V/1004.jpg
V,21,1005,DTASET A-Z/V/1005.jpg
V,21,1006,DTASET A-Z/V/1006.jpg
V,21,1007,DTASET A-Z/V/1007.jpg
V,21,1008,DTASET A-Z/V/1008.jpg
V,21,1009,DTASET A-Z/V/1009.jpg
V,21,1010,DTASET A-Z/V/1010.jpg
V,21,1011,DTASET A-Z/V/1011.jpg
V,21,1012,DTASET A-Z/V/1012.jpg
V,21,1013,DTASET A-Z/V/1013.jpg
V,21,1014,DTASET A-Z/V/1014.jpg
V,21,1015,DTASET A-Z/V/1015.jpg
V,21,1016,DTASET A-Z/V/1016.jpg
V,21,1017,DTASET A-Z/V/1017.jpg
V,21,1018,DTASET A-Z/V/1018.jpg
V,21,1019,DTASET A-Z/V/1019.jpg
V,21,1020,DTASET A-Z/V/1020.jpg
V,21,1021,DTASET A-Z/V/1021.jpg
V,21,1022,DTASET A-Z/V/1022.jpg
V,21,1023,DTASET A-Z/V/1023.jpg
V,21,1024,DTASET A-Z/V/1024.jpg
V,21,1025,DTASET A-Z/V/1025.jpg
V,21,1026,DTASET A-Z/V/1026.jpg
V,21,1027,DTASET A-Z/V/1027.jpg
V,21,1028,DTASET A-Z/V/1028.jpg
V,21,1029,DTASET A-Z/V/1029.jpg
V,21,1030,DTASET A-Z/V/1030.jpg
V,21,1031,DTASET A-Z/V/1031.jpg
V,21,1032,DTASET A-Z/V/1032.jpg
V,21,1033,DTASET A-Z/V/1033.jpg
V,21,1034,DTASET A-Z/V/1034.jpg
V,21,1035,DTASET A-Z/V/1035.jpg
V,21,1036,DTASET A-Z/V/1036.jpg
V,21,1037,DTASET A-Z/V/1037.jpg
V,21,1038,DTASET A-Z/V/1038.jpg
V,21,1039,DTASET A-Z/V/1039.jpg
V,21,1040,DTASET A-Z/V/1040.jpg
V,21,1041,DTASET A-Z/V/1041.jpg
V,21,1042,DTASET A-Z/V/1042.jpg
V,21,1043,DTASET A-Z/V/1043.jpg
V,21,1044,DTASET A-Z/V/1044.jpg
V,21,1045,DTASET A-Z/V/1045.jpg
V,21,1046,DTASET A-Z/V/1046.jpg
V,21,1047,DTASET A-Z/V/1047.jpg
V,21,1048,DTASET A-Z/V/1048.jpg
V,21,1049,DTASET A-Z/V/1049.jpg
V,21,1050,DTASET A-Z/V/1050.jpg
V,21,1051,DTASET A-Z/V/1051.jpg
V,21,1052,DTASET A-Z/V/1052.jpg
V,21,1053,DTASET A-Z/V/1053.jpg
V,21,1054,DTASET A-Z/V/1054.jpg
V,21,1055,DTASET A-Z/V/1055.jpg
V,21,1056,DTASET A-Z/V/1056.jpg
V,21,1057,DTASET A-Z/V/1057.jpg
V,21,1058,DTASET A-Z/V/1058.jpg
V,21,1059,DTASET A-Z/V/1059.jpg
V,21,1060,DTASET A-Z/V/1060.jpg
V,21,1061,DTASET A-Z/V/1061.jpg
V,21,1062,DTASET A-Z/V/1062.jpg
V,21,1063,DTASET A-Z/V/1063.jpg
V,21,1064,DTASET A-Z/V/1064.jpg
V,21,1065,DTASET A-Z/V/1065.jpg
V,21,1066,DTASET A-Z/V/1066.jpg
V,21,1067,DTASET A-Z/V/1067.jpg
V,21,1068,DTASET A-Z/V/1068.jpg
V,21,1069,DTASET A-Z/V/1069.jpg
V,21,1070,DTASET A-Z/V/1070.jpg
V,21,1071,DTASET A-Z/V/1071.jpg
V,21,1072,DTASET A-Z/V/1072.jpg
V,21,1073,DTASET A-Z/V/1073.jpg
V,21,1074,DTASET A-Z/V/1074.jpg
V,21,1075,DTASET A-Z/V/1075.jpg
V,21,1076,DTASET A-Z/V/1076.jpg
V,21,1077,DTASET A-Z/V/1077.jpg
V,21,1078,DTASET A-Z/V/1078.jpg
V,21,1079,DTASET A-Z/V/1079.jpg
V,21,1080,DTASET A-Z/V/1080.jpg
V,21,1081,DTASET A-Z/V/1081.jpg
V,21,1082,DTASET A-Z/V/1082.jpg
V,21,1083,DTASET A-Z/V/1083.jpg
V,21,1084,DTASET A-Z/V/1084.jpg
V,21,1085,DTASET A-Z/V/1085.jpg
V,21,1086,DTASET A-Z/V/1086.jpg
V,21,1087,DTASET A-Z/V/1087.jpg
V,21,1088,DTASET A-Z/V/1088.jpg
V,21,1089,DTASET A-Z/V/1089.jpg
V,21,1090,DTASET A-Z/V/1090.jpg
V,21,1091,DTASET A-Z/V/1091.jpg
V,21,1092,DTASET A-Z/V/1092.jpg
V,21,1093,DTASET A-Z/V/1093.jpg
V,21,1094,DTASET A-Z/V/1094.jpg
V,21,1095,DTASET A-Z/V/1095.jpg
V,21,1096,DTASET A-Z/V/1096.jpg
V,21,1097,DTASET A-Z/V/1097.jpg
V,21,1098,DTASET A-Z/V/1098.jpg
V,21,1099,DTASET A-Z/V/1099.jpg
V,21,1100,DTASET A-Z/V/1100.jpg
V,21,1101,DTASET A-Z/V/1101.jpg
V,21,1102,DTASET A-Z/V/1102.jpg
V,21,1103,DTASET A-Z/V/1103.jpg
V,21,1104,DTASET A-Z/V/1104.jpg
V,21,1105,DTASET A-Z/V/1105.jpg
V,21,1106,DTASET A-Z/V/1106.jpg
V,21,1107,DTASET A-Z/V/1107.jpg
V,21,1108,DTASET A-Z/V/1108.jpg
V,21,1109,DTASET A-Z/V/1109.jpg
V,21,1110,DTASET A-Z/V/1110.jpg
V,21,1111,DTASET A-Z/V/1111.jpg
V,21,1112,DTASET A-Z/V/1112.jpg
V,21,1113,DTASET A-Z/V/1113.jpg
V,21,1114,DTASET A-Z/V/1114.jpg
V,21,1115,DTASET A-Z/V/1115.jpg
V,21,1116,DTASET A-Z/V/1116.jpg
V,21,1117,DTASET A-Z/V/1117.jpg
V,21,1118,DTASET A-Z/V/1118.jpg
V,21,1119,DTASET A-Z/V/1119.jpg
V,21,1120,DTASET A-Z/V/1120.jpg
V,21,1121,DTASET A-Z/V/1121.jpg
V,21,1122,DTASET A-Z/V/1122.jpg
V,21,1123,DTASET A-Z/V/1123.jpg
V,21,1124,DTASET A-Z/V/1124.jpg
V,21,1125,DTASET A-Z/V/1125.jpg
V,21,1126,DTASET A-Z/V/1126.jpg
V,21,1127,DTASET A-Z/V/1127.jpg
V,21,1128,DTASET A-Z/V/1128.jpg
V,21,1129,DTASET A-Z/V/1129.jpg
V,21,1130,DTASET A-Z/V/1130.jpg
V,21,1131,DTASET A-Z/V/1131.jpg
V,21,1132,DTASET A-Z/V/1132.jpg
V,21,1133,DTASET A-Z/V/1133.jpg
V,21,1134,DTASET A-Z/V/1134.jpg
V,21,1135,DTASET A-Z/V/1135.jpg
V,21,1136,DTASET A-Z/V/1136.jpg
V,21,1137,DTASET A-Z/V/1137.jpg
V,21,1138,DTASET A-Z/V/1138.jpg
V,21,1139,DTASET A-Z/V/1139.jpg
V,21,1140,DTASET A-Z/V/1140.jpg
V,21,1141,DTASET A-Z/V/1141.jpg
V,21,1142,DTASET A-Z/V/1142.jpg
V,21,1143,DTASET A-Z/V/1143.jpg
V,21,1144,DTASET A-Z/V/1144.jpg
V,21,1145,DTASET A-Z/V/1145.jpg
V,21,1146,DTASET A-Z/V/1146.jpg
V,21,1147,DTASET A-Z/V/1147.jpg
V,21,1148,DTASET A-Z/V/1148.jpg
V,21,1149,DTASET A-Z/V/1149.jpg
V,21,1150,DTASET A-Z/V/1150.jpg
V,21,1151,DTASET A-Z/V/1151.jpg
V,21,1152,DTASET A-Z/V/1152.jpg
V,21,1153,DTASET A-Z/V/1153.jpg
V,21,1154,DTASET A-Z/V/1154.jpg
V,21,1155,DTASET A-Z/V/1155.jpg
V,21,1156,DTASET A-Z/V/1156.jpg
V,21,1157,DTASET A-Z/V/1157.jpg
V,21,1158,DTASET A-Z/V/1158.jpg
V,21,1159,DTASET A-Z/V/1159.jpg
V,21,1160,DTASET A-Z/V/1160.jpg
V,21,1161,DTASET A-Z/V/1161.jpg
V,21,1162,DTASET A-Z/V/1162.jpg
V,21,1163,DTASET A-Z/V/1163.jpg
V,21,1164,DTASET A-Z/V/1164.jpg
V,21,1165,DTASET A-Z/V/1165.jpg
V,21,1166,DTASET A-Z/V/1166.jpg
V,21,1167,DTASET A-Z/V/1167.jpg
V,21,1168,DTASET A-Z/V/1168.jpg
V,21,1169,DTASET A-Z/V/1169.jpg
V,21,1170,DTASET A-Z/V/1170.jpg
V,21,1171,DTASET A-Z/V/1171.jpg
V,21,1172,DTASET A-Z/V/1172.jpg
V,21,1173,DTASET A-Z/V/1173.jpg
V,21,1174,DTASET A-Z/V/1174.jpg
V,21,1175,DTASET A-Z/V/1175.jpg
V,21,1176,DTASET A-Z/V/1176.jpg
V,21,1177,DTASET A-Z/V/1177.jpg
V,21,1178,DTASET A-Z/V/1178.jpg
V,21,1179,DTASET A-Z/V/1179.jpg
V,21,1180,DTASET A-Z/V/1180.jpg
V,21,1181,DTASET A-Z/V/1181.jpg
V,21,1182,DTASET A-Z/V/1182.jpg
V,21,1183,DTASET A-Z/V/1183.jpg
V,21,1184,DTASET A-Z/V/1184.jpg
V,21,1185,DTASET A-Z/V/1185.jpg
V,21,1186,DTASET A-Z/V/1186.jpg
V,21,1187,DTASET A-Z/V/1187.jpg
V,21,1188,DTASET A-Z/V/1188.jpg
V,21,1189,DTASET A-Z/V/1189.jpg
V,21,1190,DTASET A-Z/V/1190.jpg
V,21,1191,DTASET A-Z/V/1191.jpg
V,21,1192,DTASET A-Z/V/1192.jpg
V,21,1193,DTASET A-Z/V/1193.jpg
V,21,1194,DTASET A-Z/V/1194.jpg
V,21,1195,DTASET A-Z/V/1195.jpg
V,21,1196,DTASET A-Z/V/1196.jpg
V,21,1197,DTASET A-Z/V/1197.jpg
V,21,1198,DTASET A-Z/V/1198.jpg
V,21,1199,DTASET A-Z/V/1199.jpg
W,22,0,DTASET A-Z/W/0.jpg
W,22,1,DTASET A-Z/W/1.jpg
W,22,2,DTASET A-Z/W/2.jpg
W,22,3,DTASET A-Z/W/3.jpg
W,22,4,DTASET A-Z/W/4.jpg
W,22,5,DTASET A-Z/W/5.jpg
W,22,6,DTASET A-Z/W/6.jpg
W,22,7,DTASET A-Z/W/7.jpg
W,22,8,DTASET A-Z/W/8.jpg
W,22,9,DTASET A-Z/W/9.jpg
W,22,10,DTASET A-Z/W/10.jpg
W,22,11,DTASET A-Z/W/11.jpg
W,22,12,DTASET A-Z/W/12.jpg
W,22,13,DTASET A-Z/W/13.jpg
W,22,14,DTASET A-Z/W/14.jpg
W,22,15,DTASET A-Z/W/15.jpg
W,22,16,DTASET A-Z/W/16.jpg
W,22,17,DTASET A-Z/W/17.jpg
W,22,18,DTASET A-Z/W/18.jpg
W,22,19,DTASET A-Z/W/19.jpg
W,22,20,DTASET A-Z/W/20.jpg
W,22,21,DTASET A-Z/W/21.jpg
W,22,22,DTASET A-Z/W/22.jpg
W,22,23,DTASET A-Z/W/23.jpg
W,22,24,DTASET A-Z/W/24.jpg
W,22,25,DTASET A-Z/W/25.jpg
W,22,26,DTASET A-Z/W/26.jpg
W,22,27,DTASET A-Z/W/27.jpg
W,22,28,DTASET A-Z/W/28.jpg
W,22,29,DTASET A-Z/W/29.jpg
W,22,30,DTASET A-Z/W/30.jpg
W,22,31,DTASET A-Z/W/31.jpg
W,22,32,DTASET A-Z/W/32.jpg
W,22,33,DTASET A-Z/W/33.jpg
W,22,34,DTASET A-Z/W/34.jpg
W,22,35,DTASET A-Z/W/35.jpg
W,22,36,DTASET A-Z/W/36.jpg
W,22,37,DTASET A-Z/W/37.jpg
W,22,38,DTASET A-Z/W/38.jpg
W,22,39,DTASET A-Z/W/39.jpg
W,22,40,DTASET A-Z/W/40.jpg
W,22,41,DTASET A-Z/W/41.jpg
W,22,42,DTASET A-Z/W/42.jpg
W,22,43,DTASET A-Z/W/43.jpg
W,22,44,DTASET A-Z/W/44.jpg
W,22,45,DTASET A-Z/W/45.jpg
W,22,46,DTASET A-Z/W/46.jpg
W,22,47,DTASET A-Z/W/47.jpg
W,22,48,DTASET A-Z/W/48.jpg
W,22,49,DTASET A-Z/W/49.jpg
W,22,50,DTASET A-Z/W/50.jpg
W,22,51,DTASET A-Z/W/51.jpg
W,22,52,DTASET A-Z/W/52.jpg
W,22,53,DTASET A-Z/W/53.jpg
W,22,54,DTASET A-Z/W/54.jpg
W,22,55,DTASET A-Z/W/55.jpg
W,22,56,DTASET A-Z/W/56.jpg
W,22,57,DTASET A-Z/W/57.jpg
W,22,58,DTASET A-Z/W/58.jpg
W,22,59,DTASET A-Z/W/59.jpg
W,22,60,DTASET A-Z/W/60.jpg
W,22,61,DTASET A-Z/W/61.jpg
W,22,62,DTASET A-Z/W/62.jpg
W,22,63,DTASET A-Z/W/63.jpg
W,22,64,DTASET A-Z/W/64.jpg
W,22,65,DTASET A-Z/W/65.jpg
W,22,66,DTASET A-Z/W/66.jpg
W,22,67,DTASET A-Z/W/67.jpg
W,22,68,DTASET A-Z/W/68.jpg
W,22,69,DTASET A-Z/W/69.jpg
W,22,70,DTASET A-Z/W/70.jpg
W,22,71,DTASET A-Z/W/71.jpg
W,22,72,DTASET A-Z/W/72.jpg
W,22,73,DTASET A-Z/W/73.jpg
W,22,74,DTASET A-Z/W/74.jpg
W,22,75,DTASET A-Z/W/75.jpg
W,22,76,DTASET A-Z/W/76.jpg
W,22,77,DTASET A-Z/W/77.jpg
W,22,78,DTASET A-Z/W/78.jpg
W,22,79,DTASET A-Z/W/79.jpg
W,22,80,DTASET A-Z/W/80.jpg
W,22,81,DTASET A-Z/W/81.jpg
W,22,82,DTASET A-Z/W/82.jpg
W,22,83,DTASET A-Z/W/83.jpg
W,22,84,DTASET A-Z/W/84.jpg
W,22,85,DTASET A-Z/W/85.jpg
W,22,86,DTASET A-Z/W/86.jpg
W,22,87,DTASET A-Z/W/87.jpg
W,22,88,DTASET A-Z/W/88.jpg
W,22,89,DTASET A-Z/W/89.jpg
W,22,90,DTASET A-Z/W/90.jpg
W,22,91,DTASET A-Z/W/91.jpg
W,22,92,DTASET A-Z/W/92.jpg
W,22,93,DTASET A-Z/W/93.jpg
W,22,94,DTASET A-Z/W/94.jpg
W,22,95,DTASET A-Z/W/95.jpg
W,22,96,DTASET A-Z/W/96.jpg
W,22,97,DTASET A-Z/W/97.jpg
W,22,98,DTASET A-Z/W/98.jpg
W,22,99,DTASET A-Z/W/99.jpg
W,22,100,DTASET A-Z/W/100.jpg
W,22,101,DTASET A-Z/W/101.jpg
W,22,102,DTASET A-Z/W/102.jpg
W,22,103,DTASET A-Z/W/103.jpg
W,22,104,DTASET A-Z/W/104.jpg
W,22,105,DTASET A-Z/W/105.jpg
W,22,106,DTASET A-Z/W/106.jpg
W,22,107,DTASET A-Z/W/107.jpg
W,22,108,DTASET A-Z/W/108.jpg
W,22,109,DTASET A-Z/W/109.jpg
W,22,110,DTASET A-Z/W/110.jpg
W,22,111,DTASET A-Z/W/111.jpg
W,22,112,DTASET A-Z/W/112.jpg
W,22,113,DTASET A-Z/W/113.jpg
W,22,114,DTASET A-Z/W/114.jpg
W,22,115,DTASET A-Z/W/115.jpg
W,22,116,DTASET A-Z/W/116.jpg
W,22,117,DTASET A-Z/W/117.jpg
W,22,118,DTASET A-Z/W/118.jpg
W,22,119,DTASET A-Z/W/119.jpg
W,22,120,DTASET A-Z/W/120.jpg
W,22,121,DTASET A-Z/W/121.jpg
W,22,122,DTASET A-Z/W/122.jpg
W,22,123,DTASET A-Z/W/123.jpg
W,22,124,DTASET A-Z/W/124.jpg
W,22,125,DTASET A-Z/W/125.jpg
W,22,126,DTASET A-Z/W/126.jpg
W,22,127,DTASET A-Z/W/127.jpg
W,22,128,DTASET A-Z/W/128.jpg
W,22,129,DTASET A-Z/W/129.jpg
W,22,130,DTASET A-Z/W/130.jpg
W,22,131,DTASET A-Z/W/131.jpg
W,22,132,DTASET A-Z/W/132.jpg
W,22,133,DTASET A-Z/W/133.jpg
W,22,134,DTASET A-Z/W/134.jpg
W,22,135,DTASET A-Z/W/135.jpg
W,22,136,DTASET A-Z/W/136.jpg
W,22,137,DTASET A-Z/W/137.jpg
W,22,138,DTASET A-Z/W/138.jpg
W,22,139,DTASET A-Z/W/139.jpg
W,22,140,DTASET A-Z/W/140.jpg
W,22,141,DTASET A-Z/W/141.jpg
W,22,142,DTASET A-Z/W/142.jpg
W,22,143,DTASET A-Z/W/143.jpg
W,22,144,DTASET A-Z/W/144.jpg
W,22,145,DTASET A-Z/W/145.jpg
W,22,146,DTASET A-Z/W/146.jpg
W,22,147,DTASET A-Z/W/147.jpg
W,22,148,DTASET A-Z/W/148.jpg
W,22,149,DTASET A-Z/W/149.jpg
W,22,150,DTASET A-Z/W/150.jpg
W,22,151,DTASET A-Z/W/151.jpg
W,22,152,DTASET A-Z/W/152.jpg
W,22,153,DTASET A-Z/W/153.jpg
W,22,154,DTASET A-Z/W/154.jpg
W,22,155,DTASET A-Z/W/155.jpg
W,22,156,DTASET A-Z/W/156.jpg
W,22,157,DTASET A-Z/W/157.jpg
W,22,158,DTASET A-Z/W/158.jpg
W,22,159,DTASET A-Z/W/159.jpg
W,22,160,DTASET A-Z/W/160.jpg
W,22,161,DTASET A-Z/W/161.jpg
W,22,162,DTASET A-Z/W/162.jpg
W,22,163,DTASET A-Z/W/163.jpg
W,22,164,DTASET A-Z/W/164.jpg
W,22,165,DTASET A-Z/W/165.jpg
W,22,166,DTASET A-Z/W/166.jpg
W,22,167,DTASET A-Z/W/167.jpg
W,22,168,DTASET A-Z/W/168.jpg
W,22,169,DTASET A-Z/W/169.jpg
W,22,170,DTASET A-Z/W/170.jpg
W,22,171,DTASET A-Z/W/171.jpg
W,22,172,DTASET A-Z/W/172.jpg
W,22,173,DTASET A-Z/W/173.jpg
W,22,174,DTASET A-Z/W/174.jpg
W,22,175,DTASET A-Z/W/175.jpg
W,22,176,DTASET A-Z/W/176.jpg
W,22,177,DTASET A-Z/W/177.jpg
W,22,178,DTASET A-Z/W/178.jpg
W,22,179,DTASET A-Z/W/179.jpg
W,22,180,DTASET A-Z/W/180.jpg
W,22,181,DTASET A-Z/W/181.jpg
W,22,182,DTASET A-Z/W/182.jpg
W,22,183,DTASET A-Z/W/183.jpg
W,22,184,DTASET A-Z/W/184.jpg
W,22,185,DTASET A-Z/W/185.jpg
W,22,186,DTASET A-Z/W/186.jpg
W,22,187,DTASET A-Z/W/187.jpg
W,22,188,DTASET A-Z/W/188.jpg
W,22,189,DTASET A-Z/W/189.jpg
W,22,190,DTASET A-Z/W/190.jpg
W,22,191,DTASET A-Z/W/191.jpg
W,22,192,DTASET A-Z/W/192.jpg
W,22,193,DTASET A-Z/W/193.jpg
W,22,194,DTASET A-Z/W/194.jpg
W,22,195,DTASET A-Z/W/195.jpg
W,22,196,DTASET A-Z/W/196.jpg
W,22,197,DTASET A-Z/W/197.jpg
W,22,198,DTASET A-Z/W/198.jpg
W,22,199,DTASET A-Z/W/199.jpg
W,22,200,DTASET A-Z/W/200.jpg
W,22,201,DTASET A-Z/W/201.jpg
W,22,202,DTASET A-Z/W/202.jpg
W,22,203,DTASET A-Z/W/203.jpg
W,22,204,DTASET A-Z/W/204.jpg
W,22,205,DTASET A-Z/W/205.jpg
W,22,206,DTASET A-Z/W/206.jpg
W,22,207,DTASET A-Z/W/207.jpg
W,22,208,DTASET A-Z/W/208.jpg
W,22,209,DTASET A-Z/W/209.jpg
W,22,210,DTASET A-Z/W/210.jpg
W,22,211,DTASET A-Z/W/211.jpg
W,22,212,DTASET A-Z/W/212.jpg
W,22,213,DTASET A-Z/W/213.jpg
W,22,214,DTASET A-Z/W/214.jpg
W,22,215,DTASET A-Z/W/215.jpg
W,22,216,DTASET A-Z/W/216.jpg
W,22,217,DTASET A-Z/W/217.jpg
W,22,218,DTASET A-Z/W/218.jpg
W,22,219,DTASET A-Z/W/219.jpg
W,22,220,DTASET A-Z/W/220.jpg
W,22,221,DTASET A-Z/W/221.jpg
W,22,222,DTASET A-Z/W/222.jpg
W,22,223,DTASET A-Z/W/223.jpg
W,22,224,DTASET A-Z/W/224.jpg
W,22,225,DTASET A-Z/W/225.jpg
W,22,226,DTASET A-Z/W/226.jpg
W,22,227,DTASET A-Z/W/227.jpg
W,22,228,DTASET A-Z/W/228.jpg
W,22,229,DTASET A-Z/W/229.jpg
W,22,230,DTASET A-Z/W/230.jpg
W,22,231,DTASET A-Z/W/231.jpg
W,22,232,DTASET A-Z/W/232.jpg
W,22,233,DTASET A-Z/W/233.jpg
W,22,234,DTASET A-Z/W/234.jpg
W,22,235,DTASET A-Z/W/235.jpg
W,22,236,DTASET A-Z/W/236.jpg
W,22,237,DTASET A-Z/W/237.jpg
W,22,238,DTASET A-Z/W/238.jpg
W,22,239,DTASET A-Z/W/239.jpg
W,22,240,DTASET A-Z/W/240.jpg
W,22,241,DTASET A-Z/W/241.jpg
W,22,242,DTASET A-Z/W/242.jpg
W,22,243,DTASET A-Z/W/243.jpg
W,22,244,DTASET A-Z/W/244.jpg
W,22,245,DTASET A-Z/W/245.jpg
W,22,246,DTASET A-Z/W/246.jpg
W,22,247,DTASET A-Z/W/247.jpg
W,22,248,DTASET A-Z/W/248.jpg
W,22,249,DTASET A-Z/W/249.jpg
W,22,250,DTASET A-Z/W/250.jpg
W,22,251,DTASET A-Z/W/251.jpg
W,22,252,DTASET A-Z/W/252.jpg
W,22,253,DTASET A-Z/W/253.jpg
W,22,254,DTASET A-Z/W/254.jpg
W,22,255,DTASET A-Z/W/255.jpg
W,22,256,DTASET A-Z/W/256.jpg
W,22,257,DTASET A-Z/W/257.jpg
W,22,258,DTASET A-Z/W/258.jpg
W,22,259,DTASET A-Z/W/259.jpg
W,22,260,DTASET A-Z/W/260.jpg
W,22,261,DTASET A-Z/W/261.jpg
W,22,262,DTASET A-Z/W/262.jpg
W,22,263,DTASET A-Z/W/263.jpg
W,22,264,DTASET A-Z/W/264.jpg
W,22,265,DTASET A-Z/W/265.jpg
W,22,266,DTASET A-Z/W/266.jpg
W,22,267,DTASET A-Z/W/267.jpg
W,22,268,DTASET A-Z/W/268.jpg
W,22,269,DTASET A-Z/W/269.jpg
W,22,270,DTASET A-Z/W/270.jpg
W,22,271,DTASET A-Z/W/271.jpg
W,22,272,DTASET A-Z/W/272.jpg
W,22,273,DTASET A-Z/W/273.jpg
W,22,274,DTASET A-Z/W/274.jpg
W,22,275,DTASET A-Z/W/275.jpg
W,22,276,DTASET A-Z/W/276.jpg
W,22,277,DTASET A-Z/W/277.jpg
W,22,278,DTASET A-Z/W/278.jpg
W,22,279,DTASET A-Z/W/279.jpg
W,22,280,DTASET A-Z/W/280.jpg
W,22,281,DTASET A-Z/W/281.jpg
W,22,282,DTASET A-Z/W/282.jpg
W,22,283,DTASET A-Z/W/283.jpg
W,22,284,DTASET A-Z/W/284.jpg
W,22,285,DTASET A-Z/W/285.jpg
W,22,286,DTASET A-Z/W/286.jpg
W,22,287,DTASET A-Z/W/287.jpg
W,22,288,DTASET A-Z/W/288.jpg
W,22,289,DTASET A-Z/W/289.jpg
W,22,290,DTASET A-Z/W/290.jpg
W,22,291,DTASET A-Z/W/291.jpg
W,22,292,DTASET A-Z/W/292.jpg
W,22,293,DTASET A-Z/W/293.jpg
W,22,294,DTASET A-Z/W/294.jpg
W,22,295,DTASET A-Z/W/295.jpg
W,22,296,DTASET A-Z/W/296.jpg
W,22,297,DTASET A-Z/W/297.jpg
W,22,298,DTASET A-Z/W/298.jpg
W,22,299,DTASET A-Z/W/299.jpg
W,22,300,DTASET A-Z/W/300.jpg
W,22,301,DTASET A-Z/W/301.jpg
W,22,302,DTASET A-Z/W/302.jpg
W,22,303,DTASET A-Z/W/303.jpg
W,22,304,DTASET A-Z/W/304.jpg
W,22,305,DTASET A-Z/W/305.jpg
W,22,306,DTASET A-Z/W/306.jpg
W,22,307,DTASET A-Z/W/307.jpg
W,22,308,DTASET A-Z/W/308.jpg
W,22,309,DTASET A-Z/W/309.jpg
W,22,310,DTASET A-Z/W/310.jpg
W,22,311,DTASET A-Z/W/311.jpg
W,22,312,DTASET A-Z/W/312.jpg
W,22,313,DTASET A-Z/W/313.jpg
W,22,314,DTASET A-Z/W/314.jpg
W,22,315,DTASET A-Z/W/315.jpg
W,22,316,DTASET A-Z/W/316.jpg
W,22,317,DTASET A-Z/W/317.jpg
W,22,318,DTASET A-Z/W/318.jpg
W,22,319,DTASET A-Z/W/319.jpg
W,22,320,DTASET A-Z/W/320.jpg
W,22,321,DTASET A-Z/W/321.jpg
W,22,322,DTASET A-Z/W/322.jpg
W,22,323,DTASET A-Z/W/323.jpg
W,22,324,DTASET A-Z/W/324.jpg
W,22,325,DTASET A-Z/W/325.jpg
W,22,326,DTASET A-Z/W/326.jpg
W,22,327,DTASET A-Z/W/327.jpg
W,22,328,DTASET A-Z/W/328.jpg
W,22,329,DTASET A-Z/W/329.jpg
W,22,330,DTASET A-Z/W/330.jpg
W,22,331,DTASET A-Z/W/331.jpg
W,22,332,DTASET A-Z/W/332.jpg
W,22,333,DTASET A-Z/W/333.jpg
W,22,334,DTASET A-Z/W/334.jpg
W,22,335,DTASET A-Z/W/335.jpg
W,22,336,DTASET A-Z/W/336.jpg
W,22,337,DTASET A-Z/W/337.jpg
W,22,338,DTASET A-Z/W/338.jpg
W,22,339,DTASET A-Z/W/339.jpg
W,22,340,DTASET A-Z/W/340.jpg
W,22,341,DTASET A-Z/W/341.jpg
W,22,342,DTASET A-Z/W/342.jpg
W,22,343,DTASET A-Z/W/343.jpg
W,22,344,DTASET A-Z/W/344.jpg
W,22,345,DTASET A-Z/W/345.jpg
W,22,346,DTASET A-Z/W/346.jpg
W,22,347,DTASET A-Z/W/347.jpg
W,22,348,DTASET A-Z/W/348.jpg
W,22,349,DTASET A-Z/W/349.jpg
W,22,350,DTASET A-Z/W/350.jpg
W,22,351,DTASET A-Z/W/351.jpg
W,22,352,DTASET A-Z/W/352.jpg
W,22,353,DTASET A-Z/W/353.jpg
W,22,354,DTASET A-Z/W/354.jpg
W,22,355,DTASET A-Z/W/355.jpg
W,22,356,DTASET A-Z/W/356.jpg
W,22,357,DTASET A-Z/W/357.jpg
W,22,358,DTASET A-Z/W/358.jpg
W,22,359,DTASET A-Z/W/359.jpg
W,22,360,DTASET A-Z/W/360.jpg
W,22,361,DTASET A-Z/W/361.jpg
W,22,362,DTASET A-Z/W/362.jpg
W,22,363,DTASET A-Z/W/363.jpg
W,22,364,DTASET A-Z/W/364.jpg
W,22,365,DTASET A-Z/W/365.jpg
W,22,366,DTASET A-Z/W/366.jpg
W,22,367,DTASET A-Z/W/367.jpg
W,22,368,DTASET A-Z/W/368.jpg
W,22,369,DTASET A-Z/W/369.jpg
W,22,370,DTASET A-Z/W/370.jpg
W,22,371,DTASET A-Z/W/371.jpg
W,22,372,DTASET A-Z/W/372.jpg
W,22,373,DTASET A-Z/W/373.jpg
W,22,374,DTASET A-Z/W/374.jpg
W,22,375,DTASET A-Z/W/375.jpg
W,22,376,DTASET A-Z/W/376.jpg
W,22,377,DTASET A-Z/W/377.jpg
W,22,378,DTASET A-Z/W/378.jpg
W,22,379,DTASET A-Z/W/379.jpg
W,22,380,DTASET A-Z/W/380.jpg
W,22,381,DTASET A-Z/W/381.jpg
W,22,382,DTASET A-Z/W/382.jpg
W,22,383,DTASET A-Z/W/383.jpg
W,22,384,DTASET A-Z/W/384.jpg
W,22,385,DTASET A-Z/W/385.jpg
W,22,386,DTASET A-Z/W/386.jpg
W,22,387,DTASET A-Z/W/387.jpg
W,22,388,DTASET A-Z/W/388.jpg
W,22,389,DTASET A-Z/W/389.jpg
W,22,390,DTASET A-Z/W/390.jpg
W,22,391,DTASET A-Z/W/391.jpg
W,22,392,DTASET A-Z/W/392.jpg
W,22,393,DTASET A-Z/W/393.jpg
W,22,394,DTASET A-Z/W/394.jpg
W,22,395,DTASET A-Z/W/395.jpg
W,22,396,DTASET A-Z/W/396.jpg
W,22,397,DTASET A-Z/W/397.jpg
W,22,398,DTASET A-Z/W/398.jpg
W,22,399,DTASET A-Z/W/399.jpg
W,22,400,DTASET A-Z/W/400.jpg
W,22,401,DTASET A-Z/W/401.jpg
W,22,402,DTASET A-Z/W/402.jpg
W,22,403,DTASET A-Z/W/403.jpg
W,22,404,DTASET A-Z/W/404.jpg
W,22,405,DTASET A-Z/W/405.jpg
W,22,406,DTASET A-Z/W/406.jpg
W,22,407,DTASET A-Z/W/407.jpg
W,22,408,DTASET A-Z/W/408.jpg
W,22,409,DTASET A-Z/W/409.jpg
W,22,410,DTASET A-Z/W/410.jpg
W,22,411,DTASET A-Z/W/411.jpg
W,22,412,DTASET A-Z/W/412.jpg
W,22,413,DTASET A-Z/W/413.jpg
W,22,414,DTASET A-Z/W/414.jpg
W,22,415,DTASET A-Z/W/415.jpg
W,22,416,DTASET A-Z/W/416.jpg
W,22,417,DTASET A-Z/W/417.jpg
W,22,418,DTASET A-Z/W/418.jpg
W,22,419,DTASET A-Z/W/419.jpg
W,22,420,DTASET A-Z/W/420.jpg
W,22,421,DTASET A-Z/W/421.jpg
W,22,422,DTASET A-Z/W/422.jpg
W,22,423,DTASET A-Z/W/423.jpg
W,22,424,DTASET A-Z/W/424.jpg
W,22,425,DTASET A-Z/W/425.jpg
W,22,426,DTASET A-Z/W/426.jpg
W,22,427,DTASET A-Z/W/427.jpg
W,22,428,DTASET A-Z/W/428.jpg
W,22,429,DTASET A-Z/W/429.jpg
W,22,430,DTASET A-Z/W/430.jpg
W,22,431,DTASET A-Z/W/431.jpg
W,22,432,DTASET A-Z/W/432.jpg
W,22,433,DTASET A-Z/W/433.jpg
W,22,434,DTASET A-Z/W/434.jpg
W,22,435,DTASET A-Z/W/435.jpg
W,22,436,DTASET A-Z/W/436.jpg
W,22,437,DTASET A-Z/W/437.jpg
W,22,438,DTASET A-Z/W/438.jpg
W,22,439,DTASET A-Z/W/439.jpg
W,22,440,DTASET A-Z/W/440.jpg
W,22,441,DTASET A-Z/W/441.jpg
W,22,442,DTASET A-Z/W/442.jpg
W,22,443,DTASET A-Z/W/443.jpg
W,22,444,DTASET A-Z/W/444.jpg
W,22,445,DTASET A-Z/W/445.jpg
W,22,446,DTASET A-Z/W/446.jpg
W,22,447,DTASET A-Z/W/447.jpg
W,22,448,DTASET A-Z/W/448.jpg
W,22,449,DTASET A-Z/W/449.jpg
W,22,450,DTASET A-Z/W/450.jpg
W,22,451,DTASET A-Z/W/451.jpg
W,22,452,DTASET A-Z/W/452.jpg
W,22,453,DTASET A-Z/W/453.jpg
W,22,454,DTASET A-Z/W/454.jpg
W,22,455,DTASET A-Z/W/455.jpg
W,22,456,DTASET A-Z/W/456.jpg
W,22,457,DTASET A-Z/W/457.jpg
W,22,458,DTASET A-Z/W/458.jpg
W,22,459,DTASET A-Z/W/459.jpg
W,22,460,DTASET A-Z/W/460.jpg
W,22,461,DTASET A-Z/W/461.jpg
W,22,462,DTASET A-Z/W/462.jpg
W,22,463,DTASET A-Z/W/463.jpg
W,22,464,DTASET A-Z/W/464.jpg
W,22,465,DTASET A-Z/W/465.jpg
W,22,466,DTASET A-Z/W/466.jpg
W,22,467,DTASET A-Z/W/467.jpg
W,22,468,DTASET A-Z/W/468.jpg
W,22,469,DTASET A-Z/W/469.jpg
W,22,470,DTASET A-Z/W/470.jpg
W,22,471,DTASET A-Z/W/471.jpg
W,22,472,DTASET A-Z/W/472.jpg
W,22,473,DTASET A-Z/W/473.jpg
W,22,474,DTASET A-Z/W/474.jpg
W,22,475,DTASET A-Z/W/475.jpg
W,22,476,DTASET A-Z/W/476.jpg
W,22,477,DTASET A-Z/W/477.jpg
W,22,478,DTASET A-Z/W/478.jpg
W,22,479,DTASET A-Z/W/479.jpg
W,22,480,DTASET A-Z/W/480.jpg
W,22,481,DTASET A-Z/W/481.jpg
W,22,482,DTASET A-Z/W/482.jpg
W,22,483,DTASET A-Z/W/483.jpg
W,22,484,DTASET A-Z/W/484.jpg
W,22,485,DTASET A-Z/W/485.jpg
W,22,486,DTASET A-Z/W/486.jpg
W,22,487,DTASET A-Z/W/487.jpg
W,22,488,DTASET A-Z/W/488.jpg
W,22,489,DTASET A-Z/W/489.jpg
W,22,490,DTASET A-Z/W/490.jpg
W,22,491,DTASET A-Z/W/491.jpg
W,22,492,DTASET A-Z/W/492.jpg
W,22,493,DTASET A-Z/W/493.jpg
W,22,494,DTASET A-Z/W/494.jpg
W,22,495,DTASET A-Z/W/495.jpg
W,22,496,DTASET A-Z/W/496.jpg
W,22,497,DTASET A-Z/W/497.jpg
W,22,498,DTASET A-Z/W/498.jpg
W,22,499,DTASET A-Z/W/499.jpg
W,22,500,DTASET A-Z/W/500.jpg
W,22,501,DTASET A-Z/W/501.jpg
W,22,502,DTASET A-Z/W/502.jpg
W,22,503,DTASET A-Z/W/503.jpg
W,22,504,DTASET A-Z/W/504.jpg
W,22,505,DTASET A-Z/W/505.jpg
W,22,506,DTASET A-Z/W/506.jpg
W,22,507,DTASET A-Z/W/507.jpg
W,22,508,DTASET A-Z/W/508.jpg
W,22,509,DTASET A-Z/W/509.jpg
W,22,510,DTASET A-Z/W/510.jpg
W,22,511,DTASET A-Z/W/511.jpg
W,22,512,DTASET A-Z/W/512.jpg
W,22,513,DTASET A-Z/W/513.jpg
W,22,514,DTASET A-Z/W/514.jpg
W,22,515,DTASET A-Z/W/515.jpg
W,22,516,DTASET A-Z/W/516.jpg
W,22,517,DTASET A-Z/W/517.jpg
W,22,518,DTASET A-Z/W/518.jpg
W,22,519,DTASET A-Z/W/519.jpg
W,22,520,DTASET A-Z/W/520.jpg
W,22,521,DTASET A-Z/W/521.jpg
W,22,522,DTASET A-Z/W/522.jpg
W,22,523,DTASET A-Z/W/523.jpg
W,22,524,DTASET A-Z/W/524.jpg
W,22,525,DTASET A-Z/W/525.jpg
W,22,526,DTASET A-Z/W/526.jpg
W,22,527,DTASET A-Z/W/527.jpg
W,22,528,DTASET A-Z/W/528.jpg
W,22,529,DTASET A-Z/W/529.jpg
W,22,530,DTASET A-Z/W/530.jpg
W,22,531,DTASET A-Z/W/531.jpg
W,22,532,DTASET A-Z/W/532.jpg
W,22,533,DTASET A-Z/W/533.jpg
W,22,534,DTASET A-Z/W/534.jpg
W,22,535,DTASET A-Z/W/535.jpg
W,22,536,DTASET A-Z/W/536.jpg
W,22,537,DTASET A-Z/W/537.jpg
W,22,538,DTASET A-Z/W/538.jpg
W,22,539,DTASET A-Z/W/539.jpg
W,22,540,DTASET A-Z/W/540.jpg
W,22,541,DTASET A-Z/W/541.jpg
W,22,542,DTASET A-Z/W/542.jpg
W,22,543,DTASET A-Z/W/543.jpg
W,22,544,DTASET A-Z/W/544.jpg
W,22,545,DTASET A-Z/W/545.jpg
W,22,546,DTASET A-Z/W/546.jpg
W,22,547,DTASET A-Z/W/547.jpg
W,22,548,DTASET A-Z/W/548.jpg
W,22,549,DTASET A-Z/W/549.jpg
W,22,550,DTASET A-Z/W/550.jpg
W,22,551,DTASET A-Z/W/551.jpg
W,22,552,DTASET A-Z/W/552.jpg
W,22,553,DTASET A-Z/W/553.jpg
W,22,554,DTASET A-Z/W/554.jpg
W,22,555,DTASET A-Z/W/555.jpg
W,22,556,DTASET A-Z/W/556.jpg
W,22,557,DTASET A-Z/W/557.jpg
W,22,558,DTASET A-Z/W/558.jpg
W,22,559,DTASET A-Z/W/559.jpg
W,22,560,DTASET A-Z/W/560.jpg
W,22,561,DTASET A-Z/W/561.jpg
W,22,562,DTASET A-Z/W/562.jpg
W,22,563,DTASET A-Z/W/563.jpg
W,22,564,DTASET A-Z/W/564.jpg
W,22,565,DTASET A-Z/W/565.jpg
W,22,566,DTASET A-Z/W/566.jpg
W,22,567,DTASET A-Z/W/567.jpg
W,22,568,DTASET A-Z/W/568.jpg
W,22,569,DTASET A-Z/W/569.jpg
W,22,570,DTASET A-Z/W/570.jpg
W,22,571,DTASET A-Z/W/571.jpg
W,22,572,DTASET A-Z/W/572.jpg
W,22,573,DTASET A-Z/W/573.jpg
W,22,574,DTASET A-Z/W/574.jpg
W,22,575,DTASET A-Z/W/575.jpg
W,22,576,DTASET A-Z/W/576.jpg
W,22,577,DTASET A-Z/W/577.jpg
W,22,578,DTASET A-Z/W/578.jpg
W,22,579,DTASET A-Z/W/579.jpg
W,22,580,DTASET A-Z/W/580.jpg
W,22,581,DTASET A-Z/W/581.jpg
W,22,582,DTASET A-Z/W/582.jpg
W,22,583,DTASET A-Z/W/583.jpg
W,22,584,DTASET A-Z/W/584.jpg
W,22,585,DTASET A-Z/W/585.jpg
W,22,586,DTASET A-Z/W/586.jpg
W,22,587,DTASET A-Z/W/587.jpg
W,22,588,DTASET A-Z/W/588.jpg
W,22,589,DTASET A-Z/W/589.jpg
W,22,590,DTASET A-Z/W/590.jpg
W,22,591,DTASET A-Z/W/591.jpg
W,22,592,DTASET A-Z/W/592.jpg
W,22,593,DTASET A-Z/W/593.jpg
W,22,594,DTASET A-Z/W/594.jpg
W,22,595,DTASET A-Z/W/595.jpg
W,22,596,DTASET A-Z/W/596.jpg
W,22,597,DTASET A-Z/W/597.jpg
W,22,598,DTASET A-Z/W/598.jpg
W,22,599,DTASET A-Z/W/599.jpg
W,22,600,DTASET A-Z/W/600.jpg
W,22,601,DTASET A-Z/W/601.jpg
W,22,602,DTASET A-Z/W/602.jpg
W,22,603,DTASET A-Z/W/603.jpg
W,22,604,DTASET A-Z/W/604.jpg
W,22,605,DTASET A-Z/W/605.jpg
W,22,606,DTASET A-Z/W/606.jpg
W,22,607,DTASET A-Z/W/607.jpg
W,22,608,DTASET A-Z/W/608.jpg
W,22,609,DTASET A-Z/W/609.jpg
W,22,610,DTASET A-Z/W/610.jpg
W,22,611,DTASET A-Z/W/611.jpg
W,22,612,DTASET A-Z/W/612.jpg
W,22,613,DTASET A-Z/W/613.jpg
W,22,614,DTASET A-Z/W/614.jpg
W,22,615,DTASET A-Z/W/615.jpg
W,22,616,DTASET A-Z/W/616.jpg
W,22,617,DTASET A-Z/W/617.jpg
W,22,618,DTASET A-Z/W/618.jpg
W,22,619,DTASET A-Z/W/619.jpg
W,22,620,DTASET A-Z/W/620.jpg
W,22,621,DTASET A-Z/W/621.jpg
W,22,622,DTASET A-Z/W/622.jpg
W,22,623,DTASET A-Z/W/623.jpg
W,22,624,DTASET A-Z/W/624.jpg
W,22,625,DTASET A-Z/W/625.jpg
W,22,626,DTASET A-Z/W/626.jpg
W,22,627,DTASET A-Z/W/627.jpg
W,22,628,DTASET A-Z/W/628.jpg
W,22,629,DTASET A-Z/W/629.jpg
W,22,630,DTASET A-Z/W/630.jpg
W,22,631,DTASET A-Z/W/631.jpg
W,22,632,DTASET A-Z/W/632.jpg
W,22,633,DTASET A-Z/W/633.jpg
W,22,634,DTASET A-Z/W/634.jpg
W,22,635,DTASET A-Z/W/635.jpg
W,22,636,DTASET A-Z/W/636.jpg
W,22,637,DTASET A-Z/W/637.jpg
W,22,638,DTASET A-Z/W/638.jpg
W,22,639,DTASET A-Z/W/639.jpg
W,22,640,DTASET A-Z/W/640.jpg
W,22,641,DTASET A-Z/W/641.jpg
W,22,642,DTASET A-Z/W/642.jpg
W,22,643,DTASET A-Z/W/643.jpg
W,22,644,DTASET A-Z/W/644.jpg
W,22,645,DTASET A-Z/W/645.jpg
W,22,646,DTASET A-Z/W/646.jpg
W,22,647,DTASET A-Z/W/647.jpg
W,22,648,DTASET A-Z/W/648.jpg
W,22,649,DTASET A-Z/W/649.jpg
W,22,650,DTASET A-Z/W/650.jpg
W,22,651,DTASET A-Z/W/651.jpg
W,22,652,DTASET A-Z/W/652.jpg
W,22,653,DTASET A-Z/W/653.jpg
W,22,654,DTASET A-Z/W/654.jpg
W,22,655,DTASET A-Z/W/655.jpg
W,22,656,DTASET A-Z/W/656.jpg
W,22,657,DTASET A-Z/W/657.jpg
W,22,658,DTASET A-Z/W/658.jpg
W,22,659,DTASET A-Z/W/659.jpg
W,22,660,DTASET A-Z/W/660.jpg
W,22,661,DTASET A-Z/W/661.jpg
W,22,662,DTASET A-Z/W/662.jpg
W,22,663,DTASET A-Z/W/663.jpg
W,22,664,DTASET A-Z/W/664.jpg
W,22,665,DTASET A-Z/W/665.jpg
W,22,666,DTASET A-Z/W/666.jpg
W,22,667,DTASET A-Z/W/667.jpg
W,22,668,DTASET A-Z/W/668.jpg
W,22,669,DTASET A-Z/W/669.jpg
W,22,670,DTASET A-Z/W/670.jpg
W,22,671,DTASET A-Z/W/671.jpg
W,22,672,DTASET A-Z/W/672.jpg
W,22,673,DTASET A-Z/W/673.jpg
W,22,674,DTASET A-Z/W/674.jpg
W,22,675,DTASET A-Z/W/675.jpg
W,22,676,DTASET A-Z/W/676.jpg
W,22,677,DTASET A-Z/W/677.jpg
W,22,678,DTASET A-Z/W/678.jpg
W,22,679,DTASET A-Z/W/679.jpg
W,22,680,DTASET A-Z/W/680.jpg
W,22,681,DTASET A-Z/W/681.jpg
W,22,682,DTASET A-Z/W/682.jpg
W,22,683,DTASET A-Z/W/683.jpg
W,22,684,DTASET A-Z/W/684.jpg
W,22,685,DTASET A-Z/W/685.jpg
W,22,686,DTASET A-Z/W/686.jpg
W,22,687,DTASET A-Z/W/687.jpg
W,22,688,DTASET A-Z/W/688.jpg
W,22,689,DTASET A-Z/W/689.jpg
W,22,690,DTASET A-Z/W/690.jpg
W,22,691,DTASET A-Z/W/691.jpg
W,22,692,DTASET A-Z/W/692.jpg
W,22,693,DTASET A-Z/W/693.jpg
W,22,694,DTASET A-Z/W/694.jpg
W,22,695,DTASET A-Z/W/695.jpg
W,22,696,DTASET A-Z/W/696.jpg
W,22,697,DTASET A-Z/W/697.jpg
W,22,698,DTASET A-Z/W/698.jpg
W,22,699,DTASET A-Z/W/699.jpg
W,22,700,DTASET A-Z/W/700.jpg
W,22,701,DTASET A-Z/W/701.jpg
W,22,702,DTASET A-Z/W/702.jpg
W,22,703,DTASET A-Z/W/703.jpg
W,22,704,DTASET A-Z/W/704.jpg
W,22,705,DTASET A-Z/W/705.jpg
W,22,706,DTASET A-Z/W/706.jpg
W,22,707,DTASET A-Z/W/707.jpg
W,22,708,DTASET A-Z/W/708.jpg
W,22,709,DTASET A-Z/W/709.jpg
W,22,710,DTASET A-Z/W/710.jpg
W,22,711,DTASET A-Z/W/711.jpg
W,22,712,DTASET A-Z/W/712.jpg
W,22,713,DTASET A-Z/W/713.jpg
W,22,714,DTASET A-Z/W/714.jpg
W,22,715,DTASET A-Z/W/715.jpg
W,22,716,DTASET A-Z/W/716.jpg
W,22,717,DTASET A-Z/W/717.jpg
W,22,718,DTASET A-Z/W/718.jpg
W,22,719,DTASET A-Z/W/719.jpg
W,22,720,DTASET A-Z/W/720.jpg
W,22,721,DTASET A-Z/W/721.jpg
W,22,722,DTASET A-Z/W/722.jpg
W,22,723,DTASET A-Z/W/723.jpg
W,22,724,DTASET A-Z/W/724.jpg
W,22,725,DTASET A-Z/W/725.jpg
W,22,726,DTASET A-Z/W/726.jpg
W,22,727,DTASET A-Z/W/727.jpg
W,22,728,DTASET A-Z/W/728.jpg
W,22,729,DTASET A-Z/W/729.jpg
W,22,730,DTASET A-Z/W/730.jpg
W,22,731,DTASET A-Z/W/731.jpg
W,22,732,DTASET A-Z/W/732.jpg
W,22,733,DTASET A-Z/W/733.jpg
W,22,734,DTASET A-Z/W/734.jpg
W,22,735,DTASET A-Z/W/735.jpg
W,22,736,DTASET A-Z/W/736.jpg
W,22,737,DTASET A-Z/W/737.jpg
W,22,738,DTASET A-Z/W/738.jpg
W,22,739,DTASET A-Z/W/739.jpg
W,22,740,DTASET A-Z/W/740.jpg
W,22,741,DTASET A-Z/W/741.jpg
W,22,742,DTASET A-Z/W/742.jpg
W,22,743,DTASET A-Z/W/743.jpg
W,22,744,DTASET A-Z/W/744.jpg
W,22,745,DTASET A-Z/W/745.jpg
W,22,746,DTASET A-Z/W/746.jpg
W,22,747,DTASET A-Z/W/747.jpg
W,22,748,DTASET A-Z/W/748.jpg
W,22,749,DTASET A-Z/W/749.jpg
W,22,750,DTASET A-Z/W/750.jpg
W,22,751,DTASET A-Z/W/751.jpg
W,22,752,DTASET A-Z/W/752.jpg
W,22,753,DTASET A-Z/W/753.jpg
W,22,754,DTASET A-Z/W/754.jpg
W,22,755,DTASET A-Z/W/755.jpg
W,22,756,DTASET A-Z/W/756.jpg
W,22,757,DTASET A-Z/W/757.jpg
W,22,758,DTASET A-Z/W/758.jpg
W,22,759,DTASET A-Z/W/759.jpg
W,22,760,DTASET A-Z/W/760.jpg
W,22,761,DTASET A-Z/W/761.jpg
W,22,762,DTASET A-Z/W/762.jpg
W,22,763,DTASET A-Z/W/763.jpg
W,22,764,DTASET A-Z/W/764.jpg
W,22,765,DTASET A-Z/W/765.jpg
W,22,766,DTASET A-Z/W/766.jpg
W,22,767,DTASET A-Z/W/767.jpg
W,22,768,DTASET A-Z/W/768.jpg
W,22,769,DTASET A-Z/W/769.jpg
W,22,770,DTASET A-Z/W/770.jpg
W,22,771,DTASET A-Z/W/771.jpg
W,22,772,DTASET A-Z/W/772.jpg
W,22,773,DTASET A-Z/W/773.jpg
W,22,774,DTASET A-Z/W/774.jpg
W,22,775,DTASET A-Z/W/775.jpg
W,22,776,DTASET A-Z/W/776.jpg
W,22,777,DTASET A-Z/W/777.jpg
W,22,778,DTASET A-Z/W/778.jpg
W,22,779,DTASET A-Z/W/779.jpg
W,22,780,DTASET A-Z/W/780.jpg
W,22,781,DTASET A-Z/W/781.jpg
W,22,782,DTASET A-Z/W/782.jpg
W,22,783,DTASET A-Z/W/783.jpg
W,22,784,DTASET A-Z/W/784.jpg
W,22,785,DTASET A-Z/W/785.jpg
W,22,786,DTASET A-Z/W/786.jpg
W,22,787,DTASET A-Z/W/787.jpg
W,22,788,DTASET A-Z/W/788.jpg
W,22,789,DTASET A-Z/W/789.jpg
W,22,790,DTASET A-Z/W/790.jpg
W,22,791,DTASET A-Z/W/791.jpg
W,22,792,DTASET A-Z/W/792.jpg
W,22,793,DTASET A-Z/W/793.jpg
W,22,794,DTASET A-Z/W/794.jpg
W,22,795,DTASET A-Z/W/795.jpg
W,22,796,DTASET A-Z/W/796.jpg
W,22,797,DTASET A-Z/W/797.jpg
W,22,798,DTASET A-Z/W/798.jpg
W,22,799,DTASET A-Z/W/799.jpg
W,22,800,DTASET A-Z/W/800.jpg
W,22,801,DTASET A-Z/W/801.jpg
W,22,802,DTASET A-Z/W/802.jpg
W,22,803,DTASET A-Z/W/803.jpg
W,22,804,DTASET A-Z/W/804.jpg
W,22,805,DTASET A-Z/W/805.jpg
W,22,806,DTASET A-Z/W/806.jpg
W,22,807,DTASET A-Z/W/807.jpg
W,22,808,DTASET A-Z/W/808.jpg
W,22,809,DTASET A-Z/W/809.jpg
W,22,810,DTASET A-Z/W/810.jpg
W,22,811,DTASET A-Z/W/811.jpg
W,22,812,DTASET A-Z/W/812.jpg
W,22,813,DTASET A-Z/W/813.jpg
W,22,814,DTASET A-Z/W/814.jpg
W,22,815,DTASET A-Z/W/815.jpg
W,22,816,DTASET A-Z/W/816.jpg
W,22,817,DTASET A-Z/W/817.jpg
W,22,818,DTASET A-Z/W/818.jpg
W,22,819,DTASET A-Z/W/819.jpg
W,22,820,DTASET A-Z/W/820.jpg
W,22,821,DTASET A-Z/W/821.jpg
W,22,822,DTASET A-Z/W/822.jpg
W,22,823,DTASET A-Z/W/823.jpg
W,22,824,DTASET A-Z/W/824.jpg
W,22,825,DTASET A-Z/W/825.jpg
W,22,826,DTASET A-Z/W/826.jpg
W,22,827,DTASET A-Z/W/827.jpg
W,22,828,DTASET A-Z/W/828.jpg
W,22,829,DTASET A-Z/W/829.jpg
W,22,830,DTASET A-Z/W/830.jpg
W,22,831,DTASET A-Z/W/831.jpg
W,22,832,DTASET A-Z/W/832.jpg
W,22,833,DTASET A-Z/W/833.jpg
W,22,834,DTASET A-Z/W/834.jpg
W,22,835,DTASET A-Z/W/835.jpg
W,22,836,DTASET A-Z/W/836.jpg
W,22,837,DTASET A-Z/W/837.jpg
W,22,838,DTASET A-Z/W/838.jpg
W,22,839,DTASET A-Z/W/839.jpg
W,22,840,DTASET A-Z/W/840.jpg
W,22,841,DTASET A-Z/W/841.jpg
W,22,842,DTASET A-Z/W/842.jpg
W,22,843,DTASET A-Z/W/843.jpg
W,22,844,DTASET A-Z/W/844.jpg
W,22,845,DTASET A-Z/W/845.jpg
W,22,846,DTASET A-Z/W/846.jpg
W,22,847,DTASET A-Z/W/847.jpg
W,22,848,DTASET A-Z/W/848.jpg
W,22,849,DTASET A-Z/W/849.jpg
W,22,850,DTASET A-Z/W/850.jpg
W,22,851,DTASET A-Z/W/851.jpg
W,22,852,DTASET A-Z/W/852.jpg
W,22,853,DTASET A-Z/W/853.jpg
W,22,854,DTASET A-Z/W/854.jpg
W,22,855,DTASET A-Z/W/855.jpg
W,22,856,DTASET A-Z/W/856.jpg
W,22,857,DTASET A-Z/W/857.jpg
W,22,858,DTASET A-Z/W/858.jpg
W,22,859,DTASET A-Z/W/859.jpg
W,22,860,DTASET A-Z/W/860.jpg
W,22,861,DTASET A-Z/W/861.jpg
W,22,862,DTASET A-Z/W/862.jpg
W,22,863,DTASET A-Z/W/863.jpg
W,22,864,DTASET A-Z/W/864.jpg
W,22,865,DTASET A-Z/W/865.jpg
W,22,866,DTASET A-Z/W/866.jpg
W,22,867,DTASET A-Z/W/867.jpg
W,22,868,DTASET A-Z/W/868.jpg
W,22,869,DTASET A-Z/W/869.jpg
W,22,870,DTASET A-Z/W/870.jpg
W,22,871,DTASET A-Z/W/871.jpg
W,22,872,DTASET A-Z/W/872.jpg
W,22,873,DTASET A-Z/W/873.jpg
W,22,874,DTASET A-Z/W/874.jpg
W,22,875,DTASET A-Z/W/875.jpg
W,22,876,DTASET A-Z/W/876.jpg
W,22,877,DTASET A-Z/W/877.jpg
W,22,878,DTASET A-Z/W/878.jpg
W,22,879,DTASET A-Z/W/879.jpg
W,22,880,DTASET A-Z/W/880.jpg
W,22,881,DTASET A-Z/W/881.jpg
W,22,882,DTASET A-Z/W/882.jpg
W,22,883,DTASET A-Z/W/883.jpg
W,22,884,DTASET A-Z/W/884.jpg
W,22,885,DTASET A-Z/W/885.jpg
W,22,886,DTASET A-Z/W/886.jpg
W,22,887,DTASET A-Z/W/887.jpg
W,22,888,DTASET A-Z/W/888.jpg
W,22,889,DTASET A-Z/W/889.jpg
W,22,890,DTASET A-Z/W/890.jpg
W,22,891,DTASET A-Z/W/891.jpg
W,22,892,DTASET A-Z/W/892.jpg
W,22,893,DTASET A-Z/W/893.jpg
W,22,894,DTASET A-Z/W/894.jpg
W,22,895,DTASET A-Z/W/895.jpg
W,22,896,DTASET A-Z/W/896.jpg
W,22,897,DTASET A-Z/W/897.jpg
W,22,898,DTASET A-Z/W/898.jpg
W,22,899,DTASET A-Z/W/899.jpg
W,22,900,DTASET A-Z/W/900.jpg
W,22,901,DTASET A-Z/W/901.jpg
W,22,902,DTASET A-Z/W/902.jpg
W,22,903,DTASET A-Z/W/903.jpg
W,22,904,DTASET A-Z/W/904.jpg
W,22,905,DTASET A-Z/W/905.jpg
W,22,906,DTASET A-Z/W/906.jpg
W,22,907,DTASET A-Z/W/907.jpg
W,22,908,DTASET A-Z/W/908.jpg
W,22,909,DTASET A-Z/W/909.jpg
W,22,910,DTASET A-Z/W/910.jpg
W,22,911,DTASET A-Z/W/911.jpg
W,22,912,DTASET A-Z/W/912.jpg
W,22,913,DTASET A-Z/W/913.jpg
W,22,914,DTASET A-Z/W/914.jpg
W,22,915,DTASET A-Z/W/915.jpg
W,22,916,DTASET A-Z/W/916.jpg
W,22,917,DTASET A-Z/W/917.jpg
W,22,918,DTASET A-Z/W/918.jpg
W,22,919,DTASET A-Z/W/919.jpg
W,22,920,DTASET A-Z/W/920.jpg
W,22,921,DTASET A-Z/W/921.jpg
W,22,922,DTASET A-Z/W/922.jpg
W,22,923,DTASET A-Z/W/923.jpg
W,22,924,DTASET A-Z/W/924.jpg
W,22,925,DTASET A-Z/W/925.jpg
W,22,926,DTASET A-Z/W/926.jpg
W,22,927,DTASET A-Z/W/927.jpg
W,22,928,DTASET A-Z/W/928.jpg
W,22,929,DTASET A-Z/W/929.jpg
W,22,930,DTASET A-Z/W/930.jpg
W,22,931,DTASET A-Z/W/931.jpg
W,22,932,DTASET A-Z/W/932.jpg
W,22,933,DTASET A-Z/W/933.jpg
W,22,934,DTASET A-Z/W/934.jpg
W,22,935,DTASET A-Z/W/935.jpg
W,22,936,DTASET A-Z/W/936.jpg
W,22,937,DTASET A-Z/W/937.jpg
W,22,938,DTASET A-Z/W/938.jpg
W,22,939,DTASET A-Z/W/939.jpg
W,22,940,DTASET A-Z/W/940.jpg
W,22,941,DTASET A-Z/W/941.jpg
W,22,942,DTASET A-Z/W/942.jpg
W,22,943,DTASET A-Z/W/943.jpg
W,22,944,DTASET A-Z/W/944.jpg
W,22,945,DTASET A-Z/W/945.jpg
W,22,946,DTASET A-Z/W/946.jpg
W,22,947,DTASET A-Z/W/947.jpg
W,22,948,DTASET A-Z/W/948.jpg
W,22,949,DTASET A-Z/W/949.jpg
W,22,950,DTASET A-Z/W/950.jpg
W,22,951,DTASET A-Z/W/951.jpg
W,22,952,DTASET A-Z/W/952.jpg
W,22,953,DTASET A-Z/W/953.jpg
W,22,954,DTASET A-Z/W/954.jpg
W,22,955,DTASET A-Z/W/955.jpg
W,22,956,DTASET A-Z/W/956.jpg
W,22,957,DTASET A-Z/W/957.jpg
W,22,958,DTASET A-Z/W/958.jpg
W,22,959,DTASET A-Z/W/959.jpg
W,22,960,DTASET A-Z/W/960.jpg
W,22,961,DTASET A-Z/W/961.jpg
W,22,962,DTASET A-Z/W/962.jpg
W,22,963,DTASET A-Z/W/963.jpg
W,22,964,DTASET A-Z/W/964.jpg
W,22,965,DTASET A-Z/W/965.jpg
W,22,966,DTASET A-Z/W/966.jpg
W,22,967,DTASET A-Z/W/967.jpg
W,22,968,DTASET A-Z/W/968.jpg
W,22,969,DTASET A-Z/W/969.jpg
W,22,970,DTASET A-Z/W/970.jpg
W,22,971,DTASET A-Z/W/971.jpg
W,22,972,DTASET A-Z/W/972.jpg
W,22,973,DTASET A-Z/W/973.jpg
W,22,974,DTASET A-Z/W/974.jpg
W,22,975,DTASET A-Z/W/975.jpg
W,22,976,DTASET A-Z/W/976.jpg
W,22,977,DTASET A-Z/W/977.jpg
W,22,978,DTASET A-Z/W/978.jpg
W,22,979,DTASET A-Z/W/979.jpg
W,22,980,DTASET A-Z/W/980.jpg
W,22,981,DTASET A-Z/W/981.jpg
W,22,982,DTASET A-Z/W/982.jpg
W,22,983,DTASET A-Z/W/983.jpg
W,22,984,DTASET A-Z/W/984.jpg
W,22,985,DTASET A-Z/W/985.jpg
W,22,986,DTASET A-Z/W/986.jpg
W,22,987,DTASET A-Z/W/987.jpg
W,22,988,DTASET A-Z/W/988.jpg
W,22,989,DTASET A-Z/W/989.jpg
W,22,990,DTASET A-Z/W/990.jpg
W,22,991,DTASET A-Z/W/991.jpg
W,22,992,DTASET A-Z/W/992.jpg
W,22,993,DTASET A-Z/W/993.jpg
W,22,994,DTASET A-Z/W/994.jpg
W,22,995,DTASET A-Z/W/995.jpg
W,22,996,DTASET A-Z/W/996.jpg
W,22,997,DTASET A-Z/W/997.jpg
W,22,998,DTASET A-Z/W/998.jpg
W,22,999,DTASET A-Z/W/999.jpg
W,22,1000,DTASET A-Z/W/1000.jpg
W,22,1001,DTASET A-Z/W/1001.jpg
W,22,1002,DTASET A-Z/W/1002.jpg
W,22,1003,DTASET A-Z/W/1003.jpg
W,22,1004,DTASET A-Z/W/1004.jpg
W,22,1005,DTASET A-Z/W/1005.jpg
W,22,1006,DTASET A-Z/W/1006.jpg
W,22,1007,DTASET A-Z/W/1007.jpg
W,22,1008,DTASET A-Z/W/1008.jpg
W,22,1009,DTASET A-Z/W/1009.jpg
W,22,1010,DTASET A-Z/W/1010.jpg
W,22,1011,DTASET A-Z/W/1011.jpg
W,22,1012,DTASET A-Z/W/1012.jpg
W,22,1013,DTASET A-Z/W/1013.jpg
W,22,1014,DTASET A-Z/W/1014.jpg
W,22,1015,DTASET A-Z/W/1015.jpg
W,22,1016,DTASET A-Z/W/1016.jpg
W,22,1017,DTASET A-Z/W/1017.jpg
W,22,1018,DTASET A-Z/W/1018.jpg
W,22,1019,DTASET A-Z/W/1019.jpg
W,22,1020,DTASET A-Z/W/1020.jpg
W,22,1021,DTASET A-Z/W/1021.jpg
W,22,1022,DTASET A-Z/W/1022.jpg
W,22,1023,DTASET A-Z/W/1023.jpg
W,22,1024,DTASET A-Z/W/1024.jpg
W,22,1025,DTASET A-Z/W/1025.jpg
W,22,1026,DTASET A-Z/W/1026.jpg
W,22,1027,DTASET A-Z/W/1027.jpg
W,22,1028,DTASET A-Z/W/1028.jpg
W,22,1029,DTASET A-Z/W/1029.jpg
W,22,1030,DTASET A-Z/W/1030.jpg
W,22,1031,DTASET A-Z/W/1031.jpg
W,22,1032,DTASET A-Z/W/1032.jpg
W,22,1033,DTASET A-Z/W/1033.jpg
W,22,1034,DTASET A-Z/W/1034.jpg
W,22,1035,DTASET A-Z/W/1035.jpg
W,22,1036,DTASET A-Z/W/1036.jpg
W,22,1037,DTASET A-Z/W/1037.jpg
W,22,1038,DTASET A-Z/W/1038.jpg
W,22,1039,DTASET A-Z/W/1039.jpg
W,22,1040,DTASET A-Z/W/1040.jpg
W,22,1041,DTASET A-Z/W/1041.jpg
W,22,1042,DTASET A-Z/W/1042.jpg
W,22,1043,DTASET A-Z/W/1043.jpg
W,22,1044,DTASET A-Z/W/1044.jpg
W,22,1045,DTASET A-Z/W/1045.jpg
W,22,1046,DTASET A-Z/W/1046.jpg
W,22,1047,DTASET A-Z/W/1047.jpg
W,22,1048,DTASET A-Z/W/1048.jpg
W,22,1049,DTASET A-Z/W/1049.jpg
W,22,1050,DTASET A-Z/W/1050.jpg
W,22,1051,DTASET A-Z/W/1051.jpg
W,22,1052,DTASET A-Z/W/1052.jpg
W,22,1053,DTASET A-Z/W/1053.jpg
W,22,1054,DTASET A-Z/W/1054.jpg
W,22,1055,DTASET A-Z/W/1055.jpg
W,22,1056,DTASET A-Z/W/1056.jpg
W,22,1057,DTASET A-Z/W/1057.jpg
W,22,1058,DTASET A-Z/W/1058.jpg
W,22,1059,DTASET A-Z/W/1059.jpg
W,22,1060,DTASET A-Z/W/1060.jpg
W,22,1061,DTASET A-Z/W/1061.jpg
W,22,1062,DTASET A-Z/W/1062.jpg
W,22,1063,DTASET A-Z/W/1063.jpg
W,22,1064,DTASET A-Z/W/1064.jpg
W,22,1065,DTASET A-Z/W/1065.jpg
W,22,1066,DTASET A-Z/W/1066.jpg
W,22,1067,DTASET A-Z/W/1067.jpg
W,22,1068,DTASET A-Z/W/1068.jpg
W,22,1069,DTASET A-Z/W/1069.jpg
W,22,1070,DTASET A-Z/W/1070.jpg
W,22,1071,DTASET A-Z/W/1071.jpg
W,22,1072,DTASET A-Z/W/1072.jpg
W,22,1073,DTASET A-Z/W/1073.jpg
W,22,1074,DTASET A-Z/W/1074.jpg
W,22,1075,DTASET A-Z/W/1075.jpg
W,22,1076,DTASET A-Z/W/1076.jpg
W,22,1077,DTASET A-Z/W/1077.jpg
W,22,1078,DTASET A-Z/W/1078.jpg
W,22,1079,DTASET A-Z/W/1079.jpg
W,22,1080,DTASET A-Z/W/1080.jpg
W,22,1081,DTASET A-Z/W/1081.jpg
W,22,1082,DTASET A-Z/W/1082.jpg
W,22,1083,DTASET A-Z/W/1083.jpg
W,22,1084,DTASET A-Z/W/1084.jpg
W,22,1085,DTASET A-Z/W/1085.jpg
W,22,1086,DTASET A-Z/W/1086.jpg
W,22,1087,DTASET A-Z/W/1087.jpg
W,22,1088,DTASET A-Z/W/1088.jpg
W,22,1089,DTASET A-Z/W/1089.jpg
W,22,1090,DTASET A-Z/W/1090.jpg
W,22,1091,DTASET A-Z/W/1091.jpg
W,22,1092,DTASET A-Z/W/1092.jpg
W,22,1093,DTASET A-Z/W/1093.jpg
W,22,1094,DTASET A-Z/W/1094.jpg
W,22,1095,DTASET A-Z/W/1095.jpg
W,22,1096,DTASET A-Z/W/1096.jpg
W,22,1097,DTASET A-Z/W/1097.jpg
W,22,1098,DTASET A-Z/W/1098.jpg
W,22,1099,DTASET A-Z/W/1099.jpg
W,22,1100,DTASET A-Z/W/1100.jpg
W,22,1101,DTASET A-Z/W/1101.jpg
W,22,1102,DTASET A-Z/W/1102.jpg
W,22,1103,DTASET A-Z/W/1103.jpg
W,22,1104,DTASET A-Z/W/1104.jpg
W,22,1105,DTASET A-Z/W/1105.jpg
W,22,1106,DTASET A-Z/W/1106.jpg
W,22,1107,DTASET A-Z/W/1107.jpg
W,22,1108,DTASET A-Z/W/1108.jpg
W,22,1109,DTASET A-Z/W/1109.jpg
W,22,1110,DTASET A-Z/W/1110.jpg
W,22,1111,DTASET A-Z/W/1111.jpg
W,22,1112,DTASET A-Z/W/1112.jpg
W,22,1113,DTASET A-Z/W/1113.jpg
W,22,1114,DTASET A-Z/W/1114.jpg
W,22,1115,DTASET A-Z/W/1115.jpg
W,22,1116,DTASET A-Z/W/1116.jpg
W,22,1117,DTASET A-Z/W/1117.jpg
W,22,1118,DTASET A-Z/W/1118.jpg
W,22,1119,DTASET A-Z/W/1119.jpg
W,22,1120,DTASET A-Z/W/1120.jpg
W,22,1121,DTASET A-Z/W/1121.jpg
W,22,1122,DTASET A-Z/W/1122.jpg
W,22,1123,DTASET A-Z/W/1123.jpg
W,22,1124,DTASET A-Z/W/1124.jpg
W,22,1125,DTASET A-Z/W/1125.jpg
W,22,1126,DTASET A-Z/W/1126.jpg
W,22,1127,DTASET A-Z/W/1127.jpg
W,22,1128,DTASET A-Z/W/1128.jpg
W,22,1129,DTASET A-Z/W/1129.jpg
W,22,1130,DTASET A-Z/W/1130.jpg
W,22,1131,DTASET A-Z/W/1131.jpg
W,22,1132,DTASET A-Z/W/1132.jpg
W,22,1133,DTASET A-Z/W/1133.jpg
W,22,1134,DTASET A-Z/W/1134.jpg
W,22,1135,DTASET A-Z/W/1135.jpg
W,22,1136,DTASET A-Z/W/1136.jpg
W,22,1137,DTASET A-Z/W/1137.jpg
W,22,1138,DTASET A-Z/W/1138.jpg
W,22,1139,DTASET A-Z/W/1139.jpg
W,22,1140,DTASET A-Z/W/1140.jpg
W,22,1141,DTASET A-Z/W/1141.jpg
W,22,1142,DTASET A-Z/W/1142.jpg
W,22,1143,DTASET A-Z/W/1143.jpg
W,22,1144,DTASET A-Z/W/1144.jpg
W,22,1145,DTASET A-Z/W/1145.jpg
W,22,1146,DTASET A-Z/W/1146.jpg
W,22,1147,DTASET A-Z/W/1147.jpg
W,22,1148,DTASET A-Z/W/1148.jpg
W,22,1149,DTASET A-Z/W/1149.jpg
W,22,1150,DTASET A-Z/W/1150.jpg
W,22,1151,DTASET A-Z/W/1151.jpg
W,22,1152,DTASET A-Z/W/1152.jpg
W,22,1153,DTASET A-Z/W/1153.jpg
W,22,1154,DTASET A-Z/W/1154.jpg
W,22,1155,DTASET A-Z/W/1155.jpg
W,22,1156,DTASET A-Z/W/1156.jpg
W,22,1157,DTASET A-Z/W/1157.jpg
W,22,1158,DTASET A-Z/W/1158.jpg
W,22,1159,DTASET A-Z/W/1159.jpg
W,22,1160,DTASET A-Z/W/1160.jpg
W,22,1161,DTASET A-Z/W/1161.jpg
W,22,1162,DTASET A-Z/W/1162.jpg
W,22,1163,DTASET A-Z/W/1163.jpg
W,22,1164,DTASET A-Z/W/1164.jpg
W,22,1165,DTASET A-Z/W/1165.jpg
W,22,1166,DTASET A-Z/W/1166.jpg
W,22,1167,DTASET A-Z/W/1167.jpg
W,22,1168,DTASET A-Z/W/1168.jpg
W,22,1169,DTASET A-Z/W/1169.jpg
W,22,1170,DTASET A-Z/W/1170.jpg
W,22,1171,DTASET A-Z/W/1171.jpg
W,22,1172,DTASET A-Z/W/1172.jpg
W,22,1173,DTASET A-Z/W/1173.jpg
W,22,1174,DTASET A-Z/W/1174.jpg
W,22,1175,DTASET A-Z/W/1175.jpg
W,22,1176,DTASET A-Z/W/1176.jpg
W,22,1177,DTASET A-Z/W/1177.jpg
W,22,1178,DTASET A-Z/W/1178.jpg
W,22,1179,DTASET A-Z/W/1179.jpg
W,22,1180,DTASET A-Z/W/1180.jpg
W,22,1181,DTASET A-Z/W/1181.jpg
W,22,1182,DTASET A-Z/W/1182.jpg
W,22,1183,DTASET A-Z/W/1183.jpg
W,22,1184,DTASET A-Z/W/1184.jpg
W,22,1185,DTASET A-Z/W/1185.jpg
W,22,1186,DTASET A-Z/W/1186.jpg
W,22,1187,DTASET A-Z/W/1187.jpg
W,22,1188,DTASET A-Z/W/1188.jpg
W,22,1189,DTASET A-Z/W/1189.jpg
W,22,1190,DTASET A-Z/W/1190.jpg
W,22,1191,DTASET A-Z/W/1191.jpg
W,22,1192,DTASET A-Z/W/1192.jpg
W,22,1193,DTASET A-Z/W/1193.jpg
W,22,1194,DTASET A-Z/W/1194.jpg
W,22,1195,DTASET A-Z/W/1195.jpg
W,22,1196,DTASET A-Z/W/1196.jpg
W,22,1197,DTASET A-Z/W/1197.jpg
W,22,1198,DTASET A-Z/W/1198.jpg
W,22,1199,DTASET A-Z/W/1199.jpg
X,23,0,DTASET A-Z/X/0.jpg
X,23,1,DTASET A-Z/X/1.jpg
X,23,2,DTASET A-Z/X/2.jpg
X,23,3,DTASET A-Z/X/3.jpg
X,23,4,DTASET A-Z/X/4.jpg
X,23,5,DTASET A-Z/X/5.jpg
X,23,6,DTASET A-Z/X/6.jpg
X,23,7,DTASET A-Z/X/7.jpg
X,23,8,DTASET A-Z/X/8.jpg
X,23,9,DTASET A-Z/X/9.jpg
X,23,10,DTASET A-Z/X/10.jpg
X,23,11,DTASET A-Z/X/11.jpg
X,23,12,DTASET A-Z/X/12.jpg
X,23,13,DTASET A-Z/X/13.jpg
X,23,14,DTASET A-Z/X/14.jpg
X,23,15,DTASET A-Z/X/15.jpg
X,23,16,DTASET A-Z/X/16.jpg
X,23,17,DTASET A-Z/X/17.jpg
X,23,18,DTASET A-Z/X/18.jpg
X,23,19,DTASET A-Z/X/19.jpg
X,23,20,DTASET A-Z/X/20.jpg
X,23,21,DTASET A-Z/X/21.jpg
X,23,22,DTASET A-Z/X/22.jpg
X,23,23,DTASET A-Z/X/23.jpg
X,23,24,DTASET A-Z/X/24.jpg
X,23,25,DTASET A-Z/X/25.jpg
X,23,26,DTASET A-Z/X/26.jpg
X,23,27,DTASET A-Z/X/27.jpg
X,23,28,DTASET A-Z/X/28.jpg
X,23,29,DTASET A-Z/X/29.jpg
X,23,30,DTASET A-Z/X/30.jpg
X,23,31,DTASET A-Z/X/31.jpg
X,23,32,DTASET A-Z/X/32.jpg
X,23,33,DTASET A-Z/X/33.jpg
X,23,34,DTASET A-Z/X/34.jpg
X,23,35,DTASET A-Z/X/35.jpg
X,23,36,DTASET A-Z/X/36.jpg
X,23,37,DTASET A-Z/X/37.jpg
X,23,38,DTASET A-Z/X/38.jpg
X,23,39,DTASET A-Z/X/39.jpg
X,23,40,DTASET A-Z/X/40.jpg
X,23,41,DTASET A-Z/X/41.jpg
X,23,42,DTASET A-Z/X/42.jpg
X,23,43,DTASET A-Z/X/43.jpg
X,23,44,DTASET A-Z/X/44.jpg
X,23,45,DTASET A-Z/X/45.jpg
X,23,46,DTASET A-Z/X/46.jpg
X,23,47,DTASET A-Z/X/47.jpg
X,23,48,DTASET A-Z/X/48.jpg
X,23,49,DTASET A-Z/X/49.jpg
X,23,50,DTASET A-Z/X/50.jpg
X,23,51,DTASET A-Z/X/51.jpg
X,23,52,DTASET A-Z/X/52.jpg
X,23,53,DTASET A-Z/X/53.jpg
X,23,54,DTASET A-Z/X/54.jpg
X,23,55,DTASET A-Z/X/55.jpg
X,23,56,DTASET A-Z/X/56.jpg
X,23,57,DTASET A-Z/X/57.jpg
X,23,58,DTASET A-Z/X/58.jpg
X,23,59,DTASET A-Z/X/59.jpg
X,23,60,DTASET A-Z/X/60.jpg
X,23,61,DTASET A-Z/X/61.jpg
X,23,62,DTASET A-Z/X/62.jpg
X,23,63,DTASET A-Z/X/63.jpg
X,23,64,DTASET A-Z/X/64.jpg
X,23,65,DTASET A-Z/X/65.jpg
X,23,66,DTASET A-Z/X/66.jpg
X,23,67,DTASET A-Z/X/67.jpg
X,23,68,DTASET A-Z/X/68.jpg
X,23,69,DTASET A-Z/X/69.jpg
X,23,70,DTASET A-Z/X/70.jpg
X,23,71,DTASET A-Z/X/71.jpg
X,23,72,DTASET A-Z/X/72.jpg
X,23,73,DTASET A-Z/X/73.jpg
X,23,74,DTASET A-Z/X/74.jpg
X,23,75,DTASET A-Z/X/75.jpg
X,23,76,DTASET A-Z/X/76.jpg
X,23,77,DTASET A-Z/X/77.jpg
X,23,78,DTASET A-Z/X/78.jpg
X,23,79,DTASET A-Z/X/79.jpg
X,23,80,DTASET A-Z/X/80.jpg
X,23,81,DTASET A-Z/X/81.jpg
X,23,82,DTASET A-Z/X/82.jpg
X,23,83,DTASET A-Z/X/83.jpg
X,23,84,DTASET A-Z/X/84.jpg
X,23,85,DTASET A-Z/X/85.jpg
X,23,86,DTASET A-Z/X/86.jpg
X,23,87,DTASET A-Z/X/87.jpg
X,23,88,DTASET A-Z/X/88.jpg
X,23,89,DTASET A-Z/X/89.jpg
X,23,90,DTASET A-Z/X/90.jpg
X,23,91,DTASET A-Z/X/91.jpg
X,23,92,DTASET A-Z/X/92.jpg
X,23,93,DTASET A-Z/X/93.jpg
X,23,94,DTASET A-Z/X/94.jpg
X,23,95,DTASET A-Z/X/95.jpg
X,23,96,DTASET A-Z/X/96.jpg
X,23,97,DTASET A-Z/X/97.jpg
X,23,98,DTASET A-Z/X/98.jpg
X,23,99,DTASET A-Z/X/99.jpg
X,23,100,DTASET A-Z/X/100.jpg
X,23,101,DTASET A-Z/X/101.jpg
X,23,102,DTASET A-Z/X/102.jpg
X,23,103,DTASET A-Z/X/103.jpg
X,23,104,DTASET A-Z/X/104.jpg
X,23,105,DTASET A-Z/X/105.jpg
X,23,106,DTASET A-Z/X/106.jpg
X,23,107,DTASET A-Z/X/107.jpg
X,23,108,DTASET A-Z/X/108.jpg
X,23,109,DTASET A-Z/X/109.jpg
X,23,110,DTASET A-Z/X/110.jpg
X,23,111,DTASET A-Z/X/111.jpg
X,23,112,DTASET A-Z/X/112.jpg
X,23,113,DTASET A-Z/X/113.jpg
X,23,114,DTASET A-Z/X/114.jpg
X,23,115,DTASET A-Z/X/115.jpg
X,23,116,DTASET A-Z/X/116.jpg
X,23,117,DTASET A-Z/X/117.jpg
X,23,118,DTASET A-Z/X/118.jpg
X,23,119,DTASET A-Z/X/119.jpg
X,23,120,DTASET A-Z/X/120.jpg
X,23,121,DTASET A-Z/X/121.jpg
X,23,122,DTASET A-Z/X/122.jpg
X,23,123,DTASET A-Z/X/123.jpg
X,23,124,DTASET A-Z/X/124.jpg
X,23,125,DTASET A-Z/X/125.jpg
X,23,126,DTASET A-Z/X/126.jpg
X,23,127,DTASET A-Z/X/127.jpg
X,23,128,DTASET A-Z/X/128.jpg
X,23,129,DTASET A-Z/X/129.jpg
X,23,130,DTASET A-Z/X/130.jpg
X,23,131,DTASET A-Z/X/131.jpg
X,23,132,DTASET A-Z/X/132.jpg
X,23,133,DTASET A-Z/X/133.jpg
X,23,134,DTASET A-Z/X/134.jpg
X,23,135,DTASET A-Z/X/135.jpg
X,23,136,DTASET A-Z/X/136.jpg
X,23,137,DTASET A-Z/X/137.jpg
X,23,138,DTASET A-Z/X/138.jpg
X,23,139,DTASET A-Z/X/139.jpg
X,23,140,DTASET A-Z/X/140.jpg
X,23,141,DTASET A-Z/X/141.jpg
X,23,142,DTASET A-Z/X/142.jpg
X,23,143,DTASET A-Z/X/143.jpg
X,23,144,DTASET A-Z/X/144.jpg
X,23,145,DTASET A-Z/X/145.jpg
X,23,146,DTASET A-Z/X/146.jpg
X,23,147,DTASET A-Z/X/147.jpg
X,23,148,DTASET A-Z/X/148.jpg
X,23,149,DTASET A-Z/X/149.jpg
X,23,150,DTASET A-Z/X/150.jpg
X,23,151,DTASET A-Z/X/151.jpg
X,23,152,DTASET A-Z/X/152.jpg
X,23,153,DTASET A-Z/X/153.jpg
X,23,154,DTASET A-Z/X/154.jpg
X,23,155,DTASET A-Z/X/155.jpg
X,23,156,DTASET A-Z/X/156.jpg
X,23,157,DTASET A-Z/X/157.jpg
X,23,158,DTASET A-Z/X/158.jpg
X,23,159,DTASET A-Z/X/159.jpg
X,23,160,DTASET A-Z/X/160.jpg
X,23,161,DTASET A-Z/X/161.jpg
X,23,162,DTASET A-Z/X/162.jpg
X,23,163,DTASET A-Z/X/163.jpg
X,23,164,DTASET A-Z/X/164.jpg
X,23,165,DTASET A-Z/X/165.jpg
X,23,166,DTASET A-Z/X/166.jpg
X,23,167,DTASET A-Z/X/167.jpg
X,23,168,DTASET A-Z/X/168.jpg
X,23,169,DTASET A-Z/X/169.jpg
X,23,170,DTASET A-Z/X/170.jpg
X,23,171,DTASET A-Z/X/171.jpg
X,23,172,DTASET A-Z/X/172.jpg
X,23,173,DTASET A-Z/X/173.jpg
X,23,174,DTASET A-Z/X/174.jpg
X,23,175,DTASET A-Z/X/175.jpg
X,23,176,DTASET A-Z/X/176.jpg
X,23,177,DTASET A-Z/X/177.jpg
X,23,178,DTASET A-Z/X/178.jpg
X,23,179,DTASET A-Z/X/179.jpg
X,23,180,DTASET A-Z/X/180.jpg
X,23,181,DTASET A-Z/X/181.jpg
X,23,182,DTASET A-Z/X/182.jpg
X,23,183,DTASET A-Z/X/183.jpg
X,23,184,DTASET A-Z/X/184.jpg
X,23,185,DTASET A-Z/X/185.jpg
X,23,186,DTASET A-Z/X/186.jpg
X,23,187,DTASET A-Z/X/187.jpg
X,23,188,DTASET A-Z/X/188.jpg
X,23,189,DTASET A-Z/X/189.jpg
X,23,190,DTASET A-Z/X/190.jpg
X,23,191,DTASET A-Z/X/191.jpg
X,23,192,DTASET A-Z/X/192.jpg
X,23,193,DTASET A-Z/X/193.jpg
X,23,194,DTASET A-Z/X/194.jpg
X,23,195,DTASET A-Z/X/195.jpg
X,23,196,DTASET A-Z/X/196.jpg
X,23,197,DTASET A-Z/X/197.jpg
X,23,198,DTASET A-Z/X/198.jpg
X,23,199,DTASET A-Z/X/199.jpg
X,23,200,DTASET A-Z/X/200.jpg
X,23,201,DTASET A-Z/X/201.jpg
X,23,202,DTASET A-Z/X/202.jpg
X,23,203,DTASET A-Z/X/203.jpg
X,23,204,DTASET A-Z/X/204.jpg
X,23,205,DTASET A-Z/X/205.jpg
X,23,206,DTASET A-Z/X/206.jpg
X,23,207,DTASET A-Z/X/207.jpg
X,23,208,DTASET A-Z/X/208.jpg
X,23,209,DTASET A-Z/X/209.jpg
X,23,210,DTASET A-Z/X/210.jpg
X,23,211,DTASET A-Z/X/211.jpg
X,23,212,DTASET A-Z/X/212.jpg
X,23,213,DTASET A-Z/X/213.jpg
X,23,214,DTASET A-Z/X/214.jpg
X,23,215,DTASET A-Z/X/215.jpg
X,23,216,DTASET A-Z/X/216.jpg
X,23,217,DTASET A-Z/X/217.jpg
X,23,218,DTASET A-Z/X/218.jpg
X,23,219,DTASET A-Z/X/219.jpg
X,23,220,DTASET A-Z/X/220.jpg
X,23,221,DTASET A-Z/X/221.jpg
X,23,222,DTASET A-Z/X/222.jpg
X,23,223,DTASET A-Z/X/223.jpg
X,23,224,DTASET A-Z/X/224.jpg
X,23,225,DTASET A-Z/X/225.jpg
X,23,226,DTASET A-Z/X/226.jpg
X,23,227,DTASET A-Z/X/227.jpg
X,23,228,DTASET A-Z/X/228.jpg
X,23,229,DTASET A-Z/X/229.jpg
X,23,230,DTASET A-Z/X/230.jpg
X,23,231,DTASET A-Z/X/231.jpg
X,23,232,DTASET A-Z/X/232.jpg
X,23,233,DTASET A-Z/X/233.jpg
X,23,234,DTASET A-Z/X/234.jpg
X,23,235,DTASET A-Z/X/235.jpg
X,23,236,DTASET A-Z/X/236.jpg
X,23,237,DTASET A-Z/X/237.jpg
X,23,238,DTASET A-Z/X/238.jpg
X,23,239,DTASET A-Z/X/239.jpg
X,23,240,DTASET A-Z/X/240.jpg
X,23,241,DTASET A-Z/X/241.jpg
X,23,242,DTASET A-Z/X/242.jpg
X,23,243,DTASET A-Z/X/243.jpg
X,23,244,DTASET A-Z/X/244.jpg
X,23,245,DTASET A-Z/X/245.jpg
X,23,246,DTASET A-Z/X/246.jpg
X,23,247,DTASET A-Z/X/247.jpg
X,23,248,DTASET A-Z/X/248.jpg
X,23,249,DTASET A-Z/X/249.jpg
X,23,250,DTASET A-Z/X/250.jpg
X,23,251,DTASET A-Z/X/251.jpg
X,23,252,DTASET A-Z/X/252.jpg
X,23,253,DTASET A-Z/X/253.jpg
X,23,254,DTASET A-Z/X/254.jpg
X,23,255,DTASET A-Z/X/255.jpg
X,23,256,DTASET A-Z/X/256.jpg
X,23,257,DTASET A-Z/X/257.jpg
X,23,258,DTASET A-Z/X/258.jpg
X,23,259,DTASET A-Z/X/259.jpg
X,23,260,DTASET A-Z/X/260.jpg
X,23,261,DTASET A-Z/X/261.jpg
X,23,262,DTASET A-Z/X/262.jpg
X,23,263,DTASET A-Z/X/263.jpg
X,23,264,DTASET A-Z/X/264.jpg
X,23,265,DTASET A-Z/X/265.jpg
X,23,266,DTASET A-Z/X/266.jpg
X,23,267,DTASET A-Z/X/267.jpg
X,23,268,DTASET A-Z/X/268.jpg
X,23,269,DTASET A-Z/X/269.jpg
X,23,270,DTASET A-Z/X/270.jpg
X,23,271,DTASET A-Z/X/271.jpg
X,23,272,DTASET A-Z/X/272.jpg
X,23,273,DTASET A-Z/X/273.jpg
X,23,274,DTASET A-Z/X/274.jpg
X,23,275,DTASET A-Z/X/275.jpg
X,23,276,DTASET A-Z/X/276.jpg
X,23,277,DTASET A-Z/X/277.jpg
X,23,278,DTASET A-Z/X/278.jpg
X,23,279,DTASET A-Z/X/279.jpg
X,23,280,DTASET A-Z/X/280.jpg
X,23,281,DTASET A-Z/X/281.jpg
X,23,282,DTASET A-Z/X/282.jpg
X,23,283,DTASET A-Z/X/283.jpg
X,23,284,DTASET A-Z/X/284.jpg
X,23,285,DTASET A-Z/X/285.jpg
X,23,286,DTASET A-Z/X/286.jpg
X,23,287,DTASET A-Z/X/287.jpg
X,23,288,DTASET A-Z/X/288.jpg
X,23,289,DTASET A-Z/X/289.jpg
X,23,290,DTASET A-Z/X/290.jpg
X,23,291,DTASET A-Z/X/291.jpg
X,23,292,DTASET A-Z/X/292.jpg
X,23,293,DTASET A-Z/X/293.jpg
X,23,294,DTASET A-Z/X/294.jpg
X,23,295,DTASET A-Z/X/295.jpg
X,23,296,DTASET A-Z/X/296.jpg
X,23,297,DTASET A-Z/X/297.jpg
X,23,298,DTASET A-Z/X/298.jpg
X,23,299,DTASET A-Z/X/299.jpg
X,23,300,DTASET A-Z/X/300.jpg
X,23,301,DTASET A-Z/X/301.jpg
X,23,302,DTASET A-Z/X/302.jpg
X,23,303,DTASET A-Z/X/303.jpg
X,23,304,DTASET A-Z/X/304.jpg
X,23,305,DTASET A-Z/X/305.jpg
X,23,306,DTASET A-Z/X/306.jpg
X,23,307,DTASET A-Z/X/307.jpg
X,23,308,DTASET A-Z/X/308.jpg
X,23,309,DTASET A-Z/X/309.jpg
X,23,310,DTASET A-Z/X/310.jpg
X,23,311,DTASET A-Z/X/311.jpg
X,23,312,DTASET A-Z/X/312.jpg
X,23,313,DTASET A-Z/X/313.jpg
X,23,314,DTASET A-Z/X/314.jpg
X,23,315,DTASET A-Z/X/315.jpg
X,23,316,DTASET A-Z/X/316.jpg
X,23,317,DTASET A-Z/X/317.jpg
X,23,318,DTASET A-Z/X/318.jpg
X,23,319,DTASET A-Z/X/319.jpg
X,23,320,DTASET A-Z/X/320.jpg
X,23,321,DTASET A-Z/X/321.jpg
X,23,322,DTASET A-Z/X/322.jpg
X,23,323,DTASET A-Z/X/323.jpg
X,23,324,DTASET A-Z/X/324.jpg
X,23,325,DTASET A-Z/X/325.jpg
X,23,326,DTASET A-Z/X/326.jpg
X,23,327,DTASET A-Z/X/327.jpg
X,23,328,DTASET A-Z/X/328.jpg
X,23,329,DTASET A-Z/X/329.jpg
X,23,330,DTASET A-Z/X/330.jpg
X,23,331,DTASET A-Z/X/331.jpg
X,23,332,DTASET A-Z/X/332.jpg
X,23,333,DTASET A-Z/X/333.jpg
X,23,334,DTASET A-Z/X/334.jpg
X,23,335,DTASET A-Z/X/335.jpg
X,23,336,DTASET A-Z/X/336.jpg
X,23,337,DTASET A-Z/X/337.jpg
X,23,338,DTASET A-Z/X/338.jpg
X,23,339,DTASET A-Z/X/339.jpg
X,23,340,DTASET A-Z/X/340.jpg
X,23,341,DTASET A-Z/X/341.jpg
X,23,342,DTASET A-Z/X/342.jpg
X,23,343,DTASET A-Z/X/343.jpg
X,23,344,DTASET A-Z/X/344.jpg
X,23,345,DTASET A-Z/X/345.jpg
X,23,346,DTASET A-Z/X/346.jpg
X,23,347,DTASET A-Z/X/347.jpg
X,23,348,DTASET A-Z/X/348.jpg
X,23,349,DTASET A-Z/X/349.jpg
X,23,350,DTASET A-Z/X/350.jpg
X,23,351,DTASET A-Z/X/351.jpg
X,23,352,DTASET A-Z/X/352.jpg
X,23,353,DTASET A-Z/X/353.jpg
X,23,354,DTASET A-Z/X/354.jpg
X,23,355,DTASET A-Z/X/355.jpg
X,23,356,DTASET A-Z/X/356.jpg
X,23,357,DTASET A-Z/X/357.jpg
X,23,358,DTASET A-Z/X/358.jpg
X,23,359,DTASET A-Z/X/359.jpg
X,23,360,DTASET A-Z/X/360.jpg
X,23,361,DTASET A-Z/X/361.jpg
X,23,362,DTASET A-Z/X/362.jpg
X,23,363,DTASET A-Z/X/363.jpg
X,23,364,DTASET A-Z/X/364.jpg
X,23,365,DTASET A-Z/X/365.jpg
X,23,366,DTASET A-Z/X/366.jpg
X,23,367,DTASET A-Z/X/367.jpg
X,23,368,DTASET A-Z/X/368.jpg
X,23,369,DTASET A-Z/X/369.jpg
X,23,370,DTASET A-Z/X/370.jpg
X,23,371,DTASET A-Z/X/371.jpg
X,23,372,DTASET A-Z/X/372.jpg
X,23,373,DTASET A-Z/X/373.jpg
X,23,374,DTASET A-Z/X/374.jpg
X,23,375,DTASET A-Z/X/375.jpg
X,23,376,DTASET A-Z/X/376.jpg
X,23,377,DTASET A-Z/X/377.jpg
X,23,378,DTASET A-Z/X/378.jpg
X,23,379,DTASET A-Z/X/379.jpg
X,23,380,DTASET A-Z/X/380.jpg
X,23,381,DTASET A-Z/X/381.jpg
X,23,382,DTASET A-Z/X/382.jpg
X,23,383,DTASET A-Z/X/383.jpg
X,23,384,DTASET A-Z/X/384.jpg
X,23,385,DTASET A-Z/X/385.jpg
X,23,386,DTASET A-Z/X/386.jpg
X,23,387,DTASET A-Z/X/387.jpg
X,23,388,DTASET A-Z/X/388.jpg
X,23,389,DTASET A-Z/X/389.jpg
X,23,390,DTASET A-Z/X/390.jpg
X,23,391,DTASET A-Z/X/391.jpg
X,23,392,DTASET A-Z/X/392.jpg
X,23,393,DTASET A-Z/X/393.jpg
X,23,394,DTASET A-Z/X/394.jpg
X,23,395,DTASET A-Z/X/395.jpg
X,23,396,DTASET A-Z/X/396.jpg
X,23,397,DTASET A-Z/X/397.jpg
X,23,398,DTASET A-Z/X/398.jpg
X,23,399,DTASET A-Z/X/399.jpg
X,23,400,DTASET A-Z/X/400.jpg
X,23,401,DTASET A-Z/X/401.jpg
X,23,402,DTASET A-Z/X/402.jpg
X,23,403,DTASET A-Z/X/403.jpg
X,23,404,DTASET A-Z/X/404.jpg
X,23,405,DTASET A-Z/X/405.jpg
X,23,406,DTASET A-Z/X/406.jpg
X,23,407,DTASET A-Z/X/407.jpg
X,23,408,DTASET A-Z/X/408.jpg
X,23,409,DTASET A-Z/X/409.jpg
X,23,410,DTASET A-Z/X/410.jpg
X,23,411,DTASET A-Z/X/411.jpg
X,23,412,DTASET A-Z/X/412.jpg
X,23,413,DTASET A-Z/X/413.jpg
X,23,414,DTASET A-Z/X/414.jpg
X,23,415,DTASET A-Z/X/415.jpg
X,23,416,DTASET A-Z/X/416.jpg
X,23,417,DTASET A-Z/X/417.jpg
X,23,418,DTASET A-Z/X/418.jpg
X,23,419,DTASET A-Z/X/419.jpg
X,23,420,DTASET A-Z/X/420.jpg
X,23,421,DTASET A-Z/X/421.jpg
X,23,422,DTASET A-Z/X/422.jpg
X,23,423,DTASET A-Z/X/423.jpg
X,23,424,DTASET A-Z/X/424.jpg
X,23,425,DTASET A-Z/X/425.jpg
X,23,426,DTASET A-Z/X/426.jpg
X,23,427,DTASET A-Z/X/427.jpg
X,23,428,DTASET A-Z/X/428.jpg
X,23,429,DTASET A-Z/X/429.jpg
X,23,430,DTASET A-Z/X/430.jpg
X,23,431,DTASET A-Z/X/431.jpg
X,23,432,DTASET A-Z/X/432.jpg
X,23,433,DTASET A-Z/X/433.jpg
X,23,434,DTASET A-Z/X/434.jpg
X,23,435,DTASET A-Z/X/435.jpg
X,23,436,DTASET A-Z/X/436.jpg
X,23,437,DTASET A-Z/X/437.jpg
X,23,438,DTASET A-Z/X/438.jpg
X,23,439,DTASET A-Z/X/439.jpg
X,23,440,DTASET A-Z/X/440.jpg
X,23,441,DTASET A-Z/X/441.jpg
X,23,442,DTASET A-Z/X/442.jpg
X,23,443,DTASET A-Z/X/443.jpg
X,23,444,DTASET A-Z/X/444.jpg
X,23,445,DTASET A-Z/X/445.jpg
X,23,446,DTASET A-Z/X/446.jpg
X,23,447,DTASET A-Z/X/447.jpg
X,23,448,DTASET A-Z/X/448.jpg
X,23,449,DTASET A-Z/X/449.jpg
X,23,450,DTASET A-Z/X/450.jpg
X,23,451,DTASET A-Z/X/451.jpg
X,23,452,DTASET A-Z/X/452.jpg
X,23,453,DTASET A-Z/X/453.jpg
X,23,454,DTASET A-Z/X/454.jpg
X,23,455,DTASET A-Z/X/455.jpg
X,23,456,DTASET A-Z/X/456.jpg
X,23,457,DTASET A-Z/X/457.jpg
X,23,458,DTASET A-Z/X/458.jpg
X,23,459,DTASET A-Z/X/459.jpg
X,23,460,DTASET A-Z/X/460.jpg
X,23,461,DTASET A-Z/X/461.jpg
X,23,462,DTASET A-Z/X/462.jpg
X,23,463,DTASET A-Z/X/463.jpg
X,23,464,DTASET A-Z/X/464.jpg
X,23,465,DTASET A-Z/X/465.jpg
X,23,466,DTASET A-Z/X/466.jpg
X,23,467,DTASET A-Z/X/467.jpg
X,23,468,DTASET A-Z/X/468.jpg
X,23,469,DTASET A-Z/X/469.jpg
X,23,470,DTASET A-Z/X/470.jpg
X,23,471,DTASET A-Z/X/471.jpg
X,23,472,DTASET A-Z/X/472.jpg
X,23,473,DTASET A-Z/X/473.jpg
X,23,474,DTASET A-Z/X/474.jpg
X,23,475,DTASET A-Z/X/475.jpg
X,23,476,DTASET A-Z/X/476.jpg
X,23,477,DTASET A-Z/X/477.jpg
X,23,478,DTASET A-Z/X/478.jpg
X,23,479,DTASET A-Z/X/479.jpg
X,23,480,DTASET A-Z/X/480.jpg
X,23,481,DTASET A-Z/X/481.jpg
X,23,482,DTASET A-Z/X/482.jpg
X,23,483,DTASET A-Z/X/483.jpg
X,23,484,DTASET A-Z/X/484.jpg
X,23,485,DTASET A-Z/X/485.jpg
X,23,486,DTASET A-Z/X/486.jpg
X,23,487,DTASET A-Z/X/487.jpg
X,23,488,DTASET A-Z/X/488.jpg
X,23,489,DTASET A-Z/X/489.jpg
X,23,490,DTASET A-Z/X/490.jpg
X,23,491,DTASET A-Z/X/491.jpg
X,23,492,DTASET A-Z/X/492.jpg
X,23,493,DTASET A-Z/X/493.jpg
X,23,494,DTASET A-Z/X/494.jpg
X,23,495,DTASET A-Z/X/495.jpg
X,23,496,DTASET A-Z/X/496.jpg
X,23,497,DTASET A-Z/X/497.jpg
X,23,498,DTASET A-Z/X/498.jpg
X,23,499,DTASET A-Z/X/499.jpg
X,23,500,DTASET A-Z/X/500.jpg
X,23,501,DTASET A-Z/X/501.jpg
X,23,502,DTASET A-Z/X/502.jpg
X,23,503,DTASET A-Z/X/503.jpg
X,23,504,DTASET A-Z/X/504.jpg
X,23,505,DTASET A-Z/X/505.jpg
X,23,506,DTASET A-Z/X/506.jpg
X,23,507,DTASET A-Z/X/507.jpg
X,23,508,DTASET A-Z/X/508.jpg
X,23,509,DTASET A-Z/X/509.jpg
X,23,510,DTASET A-Z/X/510.jpg
X,23,511,DTASET A-Z/X/511.jpg
X,23,512,DTASET A-Z/X/512.jpg
X,23,513,DTASET A-Z/X/513.jpg
X,23,514,DTASET A-Z/X/514.jpg
X,23,515,DTASET A-Z/X/515.jpg
X,23,516,DTASET A-Z/X/516.jpg
X,23,517,DTASET A-Z/X/517.jpg
X,23,518,DTASET A-Z/X/518.jpg
X,23,519,DTASET A-Z/X/519.jpg
X,23,520,DTASET A-Z/X/520.jpg
X,23,521,DTASET A-Z/X/521.jpg
X,23,522,DTASET A-Z/X/522.jpg
X,23,523,DTASET A-Z/X/523.jpg
X,23,524,DTASET A-Z/X/524.jpg
X,23,525,DTASET A-Z/X/525.jpg
X,23,526,DTASET A-Z/X/526.jpg
X,23,527,DTASET A-Z/X/527.jpg
X,23,528,DTASET A-Z/X/528.jpg
X,23,529,DTASET A-Z/X/529.jpg
X,23,530,DTASET A-Z/X/530.jpg
X,23,531,DTASET A-Z/X/531.jpg
X,23,532,DTASET A-Z/X/532.jpg
X,23,533,DTASET A-Z/X/533.jpg
X,23,534,DTASET A-Z/X/534.jpg
X,23,535,DTASET A-Z/X/535.jpg
X,23,536,DTASET A-Z/X/536.jpg
X,23,537,DTASET A-Z/X/537.jpg
X,23,538,DTASET A-Z/X/538.jpg
X,23,539,DTASET A-Z/X/539.jpg
X,23,540,DTASET A-Z/X/540.jpg
X,23,541,DTASET A-Z/X/541.jpg
X,23,542,DTASET A-Z/X/542.jpg
X,23,543,DTASET A-Z/X/543.jpg
X,23,544,DTASET A-Z/X/544.jpg
X,23,545,DTASET A-Z/X/545.jpg
X,23,546,DTASET A-Z/X/546.jpg
X,23,547,DTASET A-Z/X/547.jpg
X,23,548,DTASET A-Z/X/548.jpg
X,23,549,DTASET A-Z/X/549.jpg
X,23,550,DTASET A-Z/X/550.jpg
X,23,551,DTASET A-Z/X/551.jpg
X,23,552,DTASET A-Z/X/552.jpg
X,23,553,DTASET A-Z/X/553.jpg
X,23,554,DTASET A-Z/X/554.jpg
X,23,555,DTASET A-Z/X/555.jpg
X,23,556,DTASET A-Z/X/556.jpg
X,23,557,DTASET A-Z/X/557.jpg
X,23,558,DTASET A-Z/X/558.jpg
X,23,559,DTASET A-Z/X/559.jpg
X,23,560,DTASET A-Z/X/560.jpg
X,23,561,DTASET A-Z/X/561.jpg
X,23,562,DTASET A-Z/X/562.jpg
X,23,563,DTASET A-Z/X/563.jpg
X,23,564,DTASET A-Z/X/564.jpg
X,23,565,DTASET A-Z/X/565.jpg
X,23,566,DTASET A-Z/X/566.jpg
X,23,567,DTASET A-Z/X/567.jpg
X,23,568,DTASET A-Z/X/568.jpg
X,23,569,DTASET A-Z/X/569.jpg
X,23,570,DTASET A-Z/X/570.jpg
X,23,571,DTASET A-Z/X/571.jpg
X,23,572,DTASET A-Z/X/572.jpg
X,23,573,DTASET A-Z/X/573.jpg
X,23,574,DTASET A-Z/X/574.jpg
X,23,575,DTASET A-Z/X/575.jpg
X,23,576,DTASET A-Z/X/576.jpg
X,23,577,DTASET A-Z/X/577.jpg
X,23,578,DTASET A-Z/X/578.jpg
X,23,579,DTASET A-Z/X/579.jpg
X,23,580,DTASET A-Z/X/580.jpg
X,23,581,DTASET A-Z/X/581.jpg
X,23,582,DTASET A-Z/X/582.jpg
X,23,583,DTASET A-Z/X/583.jpg
X,23,584,DTASET A-Z/X/584.jpg
X,23,585,DTASET A-Z/X/585.jpg
X,23,586,DTASET A-Z/X/586.jpg
X,23,587,DTASET A-Z/X/587.jpg
X,23,588,DTASET A-Z/X/588.jpg
X,23,589,DTASET A-Z/X/589.jpg
X,23,590,DTASET A-Z/X/590.jpg
X,23,591,DTASET A-Z/X/591.jpg
X,23,592,DTASET A-Z/X/592.jpg
X,23,593,DTASET A-Z/X/593.jpg
X,23,594,DTASET A-Z/X/594.jpg
X,23,595,DTASET A-Z/X/595.jpg
X,23,596,DTASET A-Z/X/596.jpg
X,23,597,DTASET A-Z/X/597.jpg
X,23,598,DTASET A-Z/X/598.jpg
X,23,599,DTASET A-Z/X/599.jpg
X,23,600,DTASET A-Z/X/600.jpg
X,23,601,DTASET A-Z/X/601.jpg
X,23,602,DTASET A-Z/X/602.jpg
X,23,603,DTASET A-Z/X/603.jpg
X,23,604,DTASET A-Z/X/604.jpg
X,23,605,DTASET A-Z/X/605.jpg
X,23,606,DTASET A-Z/X/606.jpg
X,23,607,DTASET A-Z/X/607.jpg
X,23,608,DTASET A-Z/X/608.jpg
X,23,609,DTASET A-Z/X/609.jpg
X,23,610,DTASET A-Z/X/610.jpg
X,23,611,DTASET A-Z/X/611.jpg
X,23,612,DTASET A-Z/X/612.jpg
X,23,613,DTASET A-Z/X/613.jpg
X,23,614,DTASET A-Z/X/614.jpg
X,23,615,DTASET A-Z/X/615.jpg
X,23,616,DTASET A-Z/X/616.jpg
X,23,617,DTASET A-Z/X/617.jpg
X,23,618,DTASET A-Z/X/618.jpg
X,23,619,DTASET A-Z/X/619.jpg
X,23,620,DTASET A-Z/X/620.jpg
X,23,621,DTASET A-Z/X/621.jpg
X,23,622,DTASET A-Z/X/622.jpg
X,23,623,DTASET A-Z/X/623.jpg
X,23,624,DTASET A-Z/X/624.jpg
X,23,625,DTASET A-Z/X/625.jpg
X,23,626,DTASET A-Z/X/626.jpg
X,23,627,DTASET A-Z/X/627.jpg
X,23,628,DTASET A-Z/X/628.jpg
X,23,629,DTASET A-Z/X/629.jpg
X,23,630,DTASET A-Z/X/630.jpg
X,23,631,DTASET A-Z/X/631.jpg
X,23,632,DTASET A-Z/X/632.jpg
X,23,633,DTASET A-Z/X/633.jpg
X,23,634,DTASET A-Z/X/634.jpg
X,23,635,DTASET A-Z/X/635.jpg
X,23,636,DTASET A-Z/X/636.jpg
X,23,637,DTASET A-Z/X/637.jpg
X,23,638,DTASET A-Z/X/638.jpg
X,23,639,DTASET A-Z/X/639.jpg
X,23,640,DTASET A-Z/X/640.jpg
X,23,641,DTASET A-Z/X/641.jpg
X,23,642,DTASET A-Z/X/642.jpg
X,23,643,DTASET A-Z/X/643.jpg
X,23,644,DTASET A-Z/X/644.jpg
X,23,645,DTASET A-Z/X/645.jpg
X,23,646,DTASET A-Z/X/646.jpg
X,23,647,DTASET A-Z/X/647.jpg
X,23,648,DTASET A-Z/X/648.jpg
X,23,649,DTASET A-Z/X/649.jpg
X,23,650,DTASET A-Z/X/650.jpg
X,23,651,DTASET A-Z/X/651.jpg
X,23,652,DTASET A-Z/X/652.jpg
X,23,653,DTASET A-Z/X/653.jpg
X,23,654,DTASET A-Z/X/654.jpg
X,23,655,DTASET A-Z/X/655.jpg
X,23,656,DTASET A-Z/X/656.jpg
X,23,657,DTASET A-Z/X/657.jpg
X,23,658,DTASET A-Z/X/658.jpg
X,23,659,DTASET A-Z/X/659.jpg
X,23,660,DTASET A-Z/X/660.jpg
X,23,661,DTASET A-Z/X/661.jpg
X,23,662,DTASET A-Z/X/662.jpg
X,23,663,DTASET A-Z/X/663.jpg
X,23,664,DTASET A-Z/X/664.jpg
X,23,665,DTASET A-Z/X/665.jpg
X,23,666,DTASET A-Z/X/666.jpg
X,23,667,DTASET A-Z/X/667.jpg
X,23,668,DTASET A-Z/X/668.jpg
X,23,669,DTASET A-Z/X/669.jpg
X,23,670,DTASET A-Z/X/670.jpg
X,23,671,DTASET A-Z/X/671.jpg
X,23,672,DTASET A-Z/X/672.jpg
X,23,673,DTASET A-Z/X/673.jpg
X,23,674,DTASET A-Z/X/674.jpg
X,23,675,DTASET A-Z/X/675.jpg
X,23,676,DTASET A-Z/X/676.jpg
X,23,677,DTASET A-Z/X/677.jpg
X,23,678,DTASET A-Z/X/678.jpg
X,23,679,DTASET A-Z/X/679.jpg
X,23,680,DTASET A-Z/X/680.jpg
X,23,681,DTASET A-Z/X/681.jpg
X,23,682,DTASET A-Z/X/682.jpg
X,23,683,DTASET A-Z/X/683.jpg
X,23,684,DTASET A-Z/X/684.jpg
X,23,685,DTASET A-Z/X/685.jpg
X,23,686,DTASET A-Z/X/686.jpg
X,23,687,DTASET A-Z/X/687.jpg
X,23,688,DTASET A-Z/X/688.jpg
X,23,689,DTASET A-Z/X/689.jpg
X,23,690,DTASET A-Z/X/690.jpg
X,23,691,DTASET A-Z/X/691.jpg
X,23,692,DTASET A-Z/X/692.jpg
X,23,693,DTASET A-Z/X/693.jpg
X,23,694,DTASET A-Z/X/694.jpg
X,23,695,DTASET A-Z/X/695.jpg
X,23,696,DTASET A-Z/X/696.jpg
X,23,697,DTASET A-Z/X/697.jpg
X,23,698,DTASET A-Z/X/698.jpg
X,23,699,DTASET A-Z/X/699.jpg
X,23,700,DTASET A-Z/X/700.jpg
X,23,701,DTASET A-Z/X/701.jpg
X,23,702,DTASET A-Z/X/702.jpg
X,23,703,DTASET A-Z/X/703.jpg
X,23,704,DTASET A-Z/X/704.jpg
X,23,705,DTASET A-Z/X/705.jpg
X,23,706,DTASET A-Z/X/706.jpg
X,23,707,DTASET A-Z/X/707.jpg
X,23,708,DTASET A-Z/X/708.jpg
X,23,709,DTASET A-Z/X/709.jpg
X,23,710,DTASET A-Z/X/710.jpg
X,23,711,DTASET A-Z/X/711.jpg
X,23,712,DTASET A-Z/X/712.jpg
X,23,713,DTASET A-Z/X/713.jpg
X,23,714,DTASET A-Z/X/714.jpg
X,23,715,DTASET A-Z/X/715.jpg
X,23,716,DTASET A-Z/X/716.jpg
X,23,717,DTASET A-Z/X/717.jpg
X,23,718,DTASET A-Z/X/718.jpg
X,23,719,DTASET A-Z/X/719.jpg
X,23,720,DTASET A-Z/X/720.jpg
X,23,721,DTASET A-Z/X/721.jpg
X,23,722,DTASET A-Z/X/722.jpg
X,23,723,DTASET A-Z/X/723.jpg
X,23,724,DTASET A-Z/X/724.jpg
X,23,725,DTASET A-Z/X/725.jpg
X,23,726,DTASET A-Z/X/726.jpg
X,23,727,DTASET A-Z/X/727.jpg
X,23,728,DTASET A-Z/X/728.jpg
X,23,729,DTASET A-Z/X/729.jpg
X,23,730,DTASET A-Z/X/730.jpg
X,23,731,DTASET A-Z/X/731.jpg
X,23,732,DTASET A-Z/X/732.jpg
X,23,733,DTASET A-Z/X/733.jpg
X,23,734,DTASET A-Z/X/734.jpg
X,23,735,DTASET A-Z/X/735.jpg
X,23,736,DTASET A-Z/X/736.jpg
X,23,737,DTASET A-Z/X/737.jpg
X,23,738,DTASET A-Z/X/738.jpg
X,23,739,DTASET A-Z/X/739.jpg
X,23,740,DTASET A-Z/X/740.jpg
X,23,741,DTASET A-Z/X/741.jpg
X,23,742,DTASET A-Z/X/742.jpg
X,23,743,DTASET A-Z/X/743.jpg
X,23,744,DTASET A-Z/X/744.jpg
X,23,745,DTASET A-Z/X/745.jpg
X,23,746,DTASET A-Z/X/746.jpg
X,23,747,DTASET A-Z/X/747.jpg
X,23,748,DTASET A-Z/X/748.jpg
X,23,749,DTASET A-Z/X/749.jpg
X,23,750,DTASET A-Z/X/750.jpg
X,23,751,DTASET A-Z/X/751.jpg
X,23,752,DTASET A-Z/X/752.jpg
X,23,753,DTASET A-Z/X/753.jpg
X,23,754,DTASET A-Z/X/754.jpg
X,23,755,DTASET A-Z/X/755.jpg
X,23,756,DTASET A-Z/X/756.jpg
X,23,757,DTASET A-Z/X/757.jpg
X,23,758,DTASET A-Z/X/758.jpg
X,23,759,DTASET A-Z/X/759.jpg
X,23,760,DTASET A-Z/X/760.jpg
X,23,761,DTASET A-Z/X/761.jpg
X,23,762,DTASET A-Z/X/762.jpg
X,23,763,DTASET A-Z/X/763.jpg
X,23,764,DTASET A-Z/X/764.jpg
X,23,765,DTASET A-Z/X/765.jpg
X,23,766,DTASET A-Z/X/766.jpg
X,23,767,DTASET A-Z/X/767.jpg
X,23,768,DTASET A-Z/X/768.jpg
X,23,769,DTASET A-Z/X/769.jpg
X,23,770,DTASET A-Z/X/770.jpg
X,23,771,DTASET A-Z/X/771.jpg
X,23,772,DTASET A-Z/X/772.jpg
X,23,773,DTASET A-Z/X/773.jpg
X,23,774,DTASET A-Z/X/774.jpg
X,23,775,DTASET A-Z/X/775.jpg
X,23,776,DTASET A-Z/X/776.jpg
X,23,777,DTASET A-Z/X/777.jpg
X,23,778,DTASET A-Z/X/778.jpg
X,23,779,DTASET A-Z/X/779.jpg
X,23,780,DTASET A-Z/X/780.jpg
X,23,781,DTASET A-Z/X/781.jpg
X,23,782,DTASET A-Z/X/782.jpg
X,23,783,DTASET A-Z/X/783.jpg
X,23,784,DTASET A-Z/X/784.jpg
X,23,785,DTASET A-Z/X/785.jpg
X,23,786,DTASET A-Z/X/786.jpg
X,23,787,DTASET A-Z/X/787.jpg
X,23,788,DTASET A-Z/X/788.jpg
X,23,789,DTASET A-Z/X/789.jpg
X,23,790,DTASET A-Z/X/790.jpg
X,23,791,DTASET A-Z/X/791.jpg
X,23,792,DTASET A-Z/X/792.jpg
X,23,793,DTASET A-Z/X/793.jpg
X,23,794,DTASET A-Z/X/794.jpg
X,23,795,DTASET A-Z/X/795.jpg
X,23,796,DTASET A-Z/X/796.jpg
X,23,797,DTASET A-Z/X/797.jpg
X,23,798,DTASET A-Z/X/798.jpg
X,23,799,DTASET A-Z/X/799.jpg
X,23,800,DTASET A-Z/X/800.jpg
X,23,801,DTASET A-Z/X/801.jpg
X,23,802,DTASET A-Z/X/802.jpg
X,23,803,DTASET A-Z/X/803.jpg
X,23,804,DTASET A-Z/X/804.jpg
X,23,805,DTASET A-Z/X/805.jpg
X,23,806,DTASET A-Z/X/806.jpg
X,23,807,DTASET A-Z/X/807.jpg
X,23,808,DTASET A-Z/X/808.jpg
X,23,809,DTASET A-Z/X/809.jpg
X,23,810,DTASET A-Z/X/810.jpg
X,23,811,DTASET A-Z/X/811.jpg
X,23,812,DTASET A-Z/X/812.jpg
X,23,813,DTASET A-Z/X/813.jpg
X,23,814,DTASET A-Z/X/814.jpg
X,23,815,DTASET A-Z/X/815.jpg
X,23,816,DTASET A-Z/X/816.jpg
X,23,817,DTASET A-Z/X/817.jpg
X,23,818,DTASET A-Z/X/818.jpg
X,23,819,DTASET A-Z/X/819.jpg
X,23,820,DTASET A-Z/X/820.jpg
X,23,821,DTASET A-Z/X/821.jpg
X,23,822,DTASET A-Z/X/822.jpg
X,23,823,DTASET A-Z/X/823.jpg
X,23,824,DTASET A-Z/X/824.jpg
X,23,825,DTASET A-Z/X/825.jpg
X,23,826,DTASET A-Z/X/826.jpg
X,23,827,DTASET A-Z/X/827.jpg
X,23,828,DTASET A-Z/X/828.jpg
X,23,829,DTASET A-Z/X/829.jpg
X,23,830,DTASET A-Z/X/830.jpg
X,23,831,DTASET A-Z/X/831.jpg
X,23,832,DTASET A-Z/X/832.jpg
X,23,833,DTASET A-Z/X/833.jpg
X,23,834,DTASET A-Z/X/834.jpg
X,23,835,DTASET A-Z/X/835.jpg
X,23,836,DTASET A-Z/X/836.jpg
X,23,837,DTASET A-Z/X/837.jpg
X,23,838,DTASET A-Z/X/838.jpg
X,23,839,DTASET A-Z/X/839.jpg
X,23,840,DTASET A-Z/X/840.jpg
X,23,841,DTASET A-Z/X/841.jpg
X,23,842,DTASET A-Z/X/842.jpg
X,23,843,DTASET A-Z/X/843.jpg
X,23,844,DTASET A-Z/X/844.jpg
X,23,845,DTASET A-Z/X/845.jpg
X,23,846,DTASET A-Z/X/846.jpg
X,23,847,DTASET A-Z/X/847.jpg
X,23,848,DTASET A-Z/X/848.jpg
X,23,849,DTASET A-Z/X/849.jpg
X,23,850,DTASET A-Z/X/850.jpg
X,23,851,DTASET A-Z/X/851.jpg
X,23,852,DTASET A-Z/X/852.jpg
X,23,853,DTASET A-Z/X/853.jpg
X,23,854,DTASET A-Z/X/854.jpg
X,23,855,DTASET A-Z/X/855.jpg
X,23,856,DTASET A-Z/X/856.jpg
X,23,857,DTASET A-Z/X/857.jpg
X,23,858,DTASET A-Z/X/858.jpg
X,23,859,DTASET A-Z/X/859.jpg
X,23,860,DTASET A-Z/X/860.jpg
X,23,861,DTASET A-Z/X/861.jpg
X,23,862,DTASET A-Z/X/862.jpg
X,23,863,DTASET A-Z/X/863.jpg
X,23,864,DTASET A-Z/X/864.jpg
X,23,865,DTASET A-Z/X/865.jpg
X,23,866,DTASET A-Z/X/866.jpg
X,23,867,DTASET A-Z/X/867.jpg
X,23,868,DTASET A-Z/X/868.jpg
X,23,869,DTASET A-Z/X/869.jpg
X,23,870,DTASET A-Z/X/870.jpg
X,23,871,DTASET A-Z/X/871.jpg
X,23,872,DTASET A-Z/X/872.jpg
X,23,873,DTASET A-Z/X/873.jpg
X,23,874,DTASET A-Z/X/874.jpg
X,23,875,DTASET A-Z/X/875.jpg
X,23,876,DTASET A-Z/X/876.jpg
X,23,877,DTASET A-Z/X/877.jpg
X,23,878,DTASET A-Z/X/878.jpg
X,23,879,DTASET A-Z/X/879.jpg
X,23,880,DTASET A-Z/X/880.jpg
X,23,881,DTASET A-Z/X/881.jpg
X,23,882,DTASET A-Z/X/882.jpg
X,23,883,DTASET A-Z/X/883.jpg
X,23,884,DTASET A-Z/X/884.jpg
X,23,885,DTASET A-Z/X/885.jpg
X,23,886,DTASET A-Z/X/886.jpg
X,23,887,DTASET A-Z/X/887.jpg
X,23,888,DTASET A-Z/X/888.jpg
X,23,889,DTASET A-Z/X/889.jpg
X,23,890,DTASET A-Z/X/890.jpg
X,23,891,DTASET A-Z/X/891.jpg
X,23,892,DTASET A-Z/X/892.jpg
X,23,893,DTASET A-Z/X/893.jpg
X,23,894,DTASET A-Z/X/894.jpg
X,23,895,DTASET A-Z/X/895.jpg
X,23,896,DTASET A-Z/X/896.jpg
X,23,897,DTASET A-Z/X/897.jpg
X,23,898,DTASET A-Z/X/898.jpg
X,23,899,DTASET A-Z/X/899.jpg
X,23,900,DTASET A-Z/X/900.jpg
X,23,901,DTASET A-Z/X/901.jpg
X,23,902,DTASET A-Z/X/902.jpg
X,23,903,DTASET A-Z/X/903.jpg
X,23,904,DTASET A-Z/X/904.jpg
X,23,905,DTASET A-Z/X/905.jpg
X,23,906,DTASET A-Z/X/906.jpg
X,23,907,DTASET A-Z/X/907.jpg
X,23,908,DTASET A-Z/X/908.jpg
X,23,909,DTASET A-Z/X/909.jpg
X,23,910,DTASET A-Z/X/910.jpg
X,23,911,DTASET A-Z/X/911.jpg
X,23,912,DTASET A-Z/X/912.jpg
X,23,913,DTASET A-Z/X/913.jpg
X,23,914,DTASET A-Z/X/914.jpg
X,23,915,DTASET A-Z/X/915.jpg
X,23,916,DTASET A-Z/X/916.jpg
X,23,917,DTASET A-Z/X/917.jpg
X,23,918,DTASET A-Z/X/918.jpg
X,23,919,DTASET A-Z/X/919.jpg
X,23,920,DTASET A-Z/X/920.jpg
X,23,921,DTASET A-Z/X/921.jpg
X,23,922,DTASET A-Z/X/922.jpg
X,23,923,DTASET A-Z/X/923.jpg
X,23,924,DTASET A-Z/X/924.jpg
X,23,925,DTASET A-Z/X/925.jpg
X,23,926,DTASET A-Z/X/926.jpg
X,23,927,DTASET A-Z/X/927.jpg
X,23,928,DTASET A-Z/X/928.jpg
X,23,929,DTASET A-Z/X/929.jpg
X,23,930,DTASET A-Z/X/930.jpg
X,23,931,DTASET A-Z/X/931.jpg
X,23,932,DTASET A-Z/X/932.jpg
X,23,933,DTASET A-Z/X/933.jpg
X,23,934,DTASET A-Z/X/934.jpg
X,23,935,DTASET A-Z/X/935.jpg
X,23,936,DTASET A-Z/X/936.jpg
X,23,937,DTASET A-Z/X/937.jpg
X,23,938,DTASET A-Z/X/938.jpg
X,23,939,DTASET A-Z/X/939.jpg
X,23,940,DTASET A-Z/X/940.jpg
X,23,941,DTASET A-Z/X/941.jpg
X,23,942,DTASET A-Z/X/942.jpg
X,23,943,DTASET A-Z/X/943.jpg
X,23,944,DTASET A-Z/X/944.jpg
X,23,945,DTASET A-Z/X/945.jpg
X,23,946,DTASET A-Z/X/946.jpg
X,23,947,DTASET A-Z/X/947.jpg
X,23,948,DTASET A-Z/X/948.jpg
X,23,949,DTASET A-Z/X/949.jpg
X,23,950,DTASET A-Z/X/950.jpg
X,23,951,DTASET A-Z/X/951.jpg
X,23,952,DTASET A-Z/X/952.jpg
X,23,953,DTASET A-Z/X/953.jpg
X,23,954,DTASET A-Z/X/954.jpg
X,23,955,DTASET A-Z/X/955.jpg
X,23,956,DTASET A-Z/X/956.jpg
X,23,957,DTASET A-Z/X/957.jpg
X,23,958,DTASET A-Z/X/958.jpg
X,23,959,DTASET A-Z/X/959.jpg
X,23,960,DTASET A-Z/X/960.jpg
X,23,961,DTASET A-Z/X/961.jpg
X,23,962,DTASET A-Z/X/962.jpg
X,23,963,DTASET A-Z/X/963.jpg
X,23,964,DTASET A-Z/X/964.jpg
X,23,965,DTASET A-Z/X/965.jpg
X,23,966,DTASET A-Z/X/966.jpg
X,23,967,DTASET A-Z/X/967.jpg
X,23,968,DTASET A-Z/X/968.jpg
X,23,969,DTASET A-Z/X/969.jpg
X,23,970,DTASET A-Z/X/970.jpg
X,23,971,DTASET A-Z/X/971.jpg
X,23,972,DTASET A-Z/X/972.jpg
X,23,973,DTASET A-Z/X/973.jpg
X,23,974,DTASET A-Z/X/974.jpg
X,23,975,DTASET A-Z/X/975.jpg
X,23,976,DTASET A-Z/X/976.jpg
X,23,977,DTASET A-Z/X/977.jpg
X,23,978,DTASET A-Z/X/978.jpg
X,23,979,DTASET A-Z/X/979.jpg
X,23,980,DTASET A-Z/X/980.jpg
X,23,981,DTASET A-Z/X/981.jpg
X,23,982,DTASET A-Z/X/982.jpg
X,23,983,DTASET A-Z/X/983.jpg
X,23,984,DTASET A-Z/X/984.jpg
X,23,985,DTASET A-Z/X/985.jpg
X,23,986,DTASET A-Z/X/986.jpg
X,23,987,DTASET A-Z/X/987.jpg
X,23,988,DTASET A-Z/X/988.jpg
X,23,989,DTASET A-Z/X/989.jpg
X,23,990,DTASET A-Z/X/990.jpg
X,23,991,DTASET A-Z/X/991.jpg
X,23,992,DTASET A-Z/X/992.jpg
X,23,993,DTASET A-Z/X/993.jpg
X,23,994,DTASET A-Z/X/994.jpg
X,23,995,DTASET A-Z/X/995.jpg
X,23,996,DTASET A-Z/X/996.jpg
X,23,997,DTASET A-Z/X/997.jpg
X,23,998,DTASET A-Z/X/998.jpg
X,23,999,DTASET A-Z/X/999.jpg
X,23,1000,DTASET A-Z/X/1000.jpg
X,23,1001,DTASET A-Z/X/1001.jpg
X,23,1002,DTASET A-Z/X/1002.jpg
X,23,1003,DTASET A-Z/X/1003.jpg
X,23,1004,DTASET A-Z/X/1004.jpg
X,23,1005,DTASET A-Z/X/1005.jpg
X,23,1006,DTASET A-Z/X/1006.jpg
X,23,1007,DTASET A-Z/X/1007.jpg
X,23,1008,DTASET A-Z/X/1008.jpg
X,23,1009,DTASET A-Z/X/1009.jpg
X,23,1010,DTASET A-Z/X/1010.jpg
X,23,1011,DTASET A-Z/X/1011.jpg
X,23,1012,DTASET A-Z/X/1012.jpg
X,23,1013,DTASET A-Z/X/1013.jpg
X,23,1014,DTASET A-Z/X/1014.jpg
X,23,1015,DTASET A-Z/X/1015.jpg
X,23,1016,DTASET A-Z/X/1016.jpg
X,23,1017,DTASET A-Z/X/1017.jpg
X,23,1018,DTASET A-Z/X/1018.jpg
X,23,1019,DTASET A-Z/X/1019.jpg
X,23,1020,DTASET A-Z/X/1020.jpg
X,23,1021,DTASET A-Z/X/1021.jpg
X,23,1022,DTASET A-Z/X/1022.jpg
X,23,1023,DTASET A-Z/X/1023.jpg
X,23,1024,DTASET A-Z/X/1024.jpg
X,23,1025,DTASET A-Z/X/1025.jpg
X,23,1026,DTASET A-Z/X/1026.jpg
X,23,1027,DTASET A-Z/X/1027.jpg
X,23,1028,DTASET A-Z/X/1028.jpg
X,23,1029,DTASET A-Z/X/1029.jpg
X,23,1030,DTASET A-Z/X/1030.jpg
X,23,1031,DTASET A-Z/X/1031.jpg
X,23,1032,DTASET A-Z/X/1032.jpg
X,23,1033,DTASET A-Z/X/1033.jpg
X,23,1034,DTASET A-Z/X/1034.jpg
X,23,1035,DTASET A-Z/X/1035.jpg
X,23,1036,DTASET A-Z/X/1036.jpg
X,23,1037,DTASET A-Z/X/1037.jpg
X,23,1038,DTASET A-Z/X/1038.jpg
X,23,1039,DTASET A-Z/X/1039.jpg
X,23,1040,DTASET A-Z/X/1040.jpg
X,23,1041,DTASET A-Z/X/1041.jpg
X,23,1042,DTASET A-Z/X/1042.jpg
X,23,1043,DTASET A-Z/X/1043.jpg
X,23,1044,DTASET A-Z/X/1044.jpg
X,23,1045,DTASET A-Z/X/1045.jpg
X,23,1046,DTASET A-Z/X/1046.jpg
X,23,1047,DTASET A-Z/X/1047.jpg
X,23,1048,DTASET A-Z/X/1048.jpg
X,23,1049,DTASET A-Z/X/1049.jpg
X,23,1050,DTASET A-Z/X/1050.jpg
X,23,1051,DTASET A-Z/X/1051.jpg
X,23,1052,DTASET A-Z/X/1052.jpg
X,23,1053,DTASET A-Z/X/1053.jpg
X,23,1054,DTASET A-Z/X/1054.jpg
X,23,1055,DTASET A-Z/X/1055.jpg
X,23,1056,DTASET A-Z/X/1056.jpg
X,23,1057,DTASET A-Z/X/1057.jpg
X,23,1058,DTASET A-Z/X/1058.jpg
X,23,1059,DTASET A-Z/X/1059.jpg
X,23,1060,DTASET A-Z/X/1060.jpg
X,23,1061,DTASET A-Z/X/1061.jpg
X,23,1062,DTASET A-Z/X/1062.jpg
X,23,1063,DTASET A-Z/X/1063.jpg
X,23,1064,DTASET A-Z/X/1064.jpg
X,23,1065,DTASET A-Z/X/1065.jpg
X,23,1066,DTASET A-Z/X/1066.jpg
X,23,1067,DTASET A-Z/X/1067.jpg
X,23,1068,DTASET A-Z/X/1068.jpg
X,23,1069,DTASET A-Z/X/1069.jpg
X,23,1070,DTASET A-Z/X/1070.jpg
X,23,1071,DTASET A-Z/X/1071.jpg
X,23,1072,DTASET A-Z/X/1072.jpg
X,23,1073,DTASET A-Z/X/1073.jpg
X,23,1074,DTASET A-Z/X/1074.jpg
X,23,1075,DTASET A-Z/X/1075.jpg
X,23,1076,DTASET A-Z/X/1076.jpg
X,23,1077,DTASET A-Z/X/1077.jpg
X,23,1078,DTASET A-Z/X/1078.jpg
X,23,1079,DTASET A-Z/X/1079.jpg
X,23,1080,DTASET A-Z/X/1080.jpg
X,23,1081,DTASET A-Z/X/1081.jpg
X,23,1082,DTASET A-Z/X/1082.jpg
X,23,1083,DTASET A-Z/X/1083.jpg
X,23,1084,DTASET A-Z/X/1084.jpg
X,23,1085,DTASET A-Z/X/1085.jpg
X,23,1086,DTASET A-Z/X/1086.jpg
X,23,1087,DTASET A-Z/X/1087.jpg
X,23,1088,DTASET A-Z/X/1088.jpg
X,23,1089,DTASET A-Z/X/1089.jpg
X,23,1090,DTASET A-Z/X/1090.jpg
X,23,1091,DTASET A-Z/X/1091.jpg
X,23,1092,DTASET A-Z/X/1092.jpg
X,23,1093,DTASET A-Z/X/1093.jpg
X,23,1094,DTASET A-Z/X/1094.jpg
X,23,1095,DTASET A-Z/X/1095.jpg
X,23,1096,DTASET A-Z/X/1096.jpg
X,23,1097,DTASET A-Z/X/1097.jpg
X,23,1098,DTASET A-Z/X/1098.jpg
X,23,1099,DTASET A-Z/X/1099.jpg
X,23,1100,DTASET A-Z/X/1100.jpg
X,23,1101,DTASET A-Z/X/1101.jpg
X,23,1102,DTASET A-Z/X/1102.jpg
X,23,1103,DTASET A-Z/X/1103.jpg
X,23,1104,DTASET A-Z/X/1104.jpg
X,23,1105,DTASET A-Z/X/1105.jpg
X,23,1106,DTASET A-Z/X/1106.jpg
X,23,1107,DTASET A-Z/X/1107.jpg
X,23,1108,DTASET A-Z/X/1108.jpg
X,23,1109,DTASET A-Z/X/1109.jpg
X,23,1110,DTASET A-Z/X/1110.jpg
X,23,1111,DTASET A-Z/X/1111.jpg
X,23,1112,DTASET A-Z/X/1112.jpg
X,23,1113,DTASET A-Z/X/1113.jpg
X,23,1114,DTASET A-Z/X/1114.jpg
X,23,1115,DTASET A-Z/X/1115.jpg
X,23,1116,DTASET A-Z/X/1116.jpg
X,23,1117,DTASET A-Z/X/1117.jpg
X,23,1118,DTASET A-Z/X/1118.jpg
X,23,1119,DTASET A-Z/X/1119.jpg
X,23,1120,DTASET A-Z/X/1120.jpg
X,23,1121,DTASET A-Z/X/1121.jpg
X,23,1122,DTASET A-Z/X/1122.jpg
X,23,1123,DTASET A-Z/X/1123.jpg
X,23,1124,DTASET A-Z/X/1124.jpg
X,23,1125,DTASET A-Z/X/1125.jpg
X,23,1126,DTASET A-Z/X/1126.jpg
X,23,1127,DTASET A-Z/X/1127.jpg
X,23,1128,DTASET A-Z/X/1128.jpg
X,23,1129,DTASET A-Z/X/1129.jpg
X,23,1130,DTASET A-Z/X/1130.jpg
X,23,1131,DTASET A-Z/X/1131.jpg
X,23,1132,DTASET A-Z/X/1132.jpg
X,23,1133,DTASET A-Z/X/1133.jpg
X,23,1134,DTASET A-Z/X/1134.jpg
X,23,1135,DTASET A-Z/X/1135.jpg
X,23,1136,DTASET A-Z/X/1136.jpg
X,23,1137,DTASET A-Z/X/1137.jpg
X,23,1138,DTASET A-Z/X/1138.jpg
X,23,1139,DTASET A-Z/X/1139.jpg
X,23,1140,DTASET A-Z/X/1140.jpg
X,23,1141,DTASET A-Z/X/1141.jpg
X,23,1142,DTASET A-Z/X/1142.jpg
X,23,1143,DTASET A-Z/X/1143.jpg
X,23,1144,DTASET A-Z/X/1144.jpg
X,23,1145,DTASET A-Z/X/1145.jpg
X,23,1146,DTASET A-Z/X/1146.jpg
X,23,1147,DTASET A-Z/X/1147.jpg
X,23,1148,DTASET A-Z/X/1148.jpg
X,23,1149,DTASET A-Z/X/1149.jpg
X,23,1150,DTASET A-Z/X/1150.jpg
X,23,1151,DTASET A-Z/X/1151.jpg
X,23,1152,DTASET A-Z/X/1152.jpg
X,23,1153,DTASET A-Z/X/1153.jpg
X,23,1154,DTASET A-Z/X/1154.jpg
X,23,1155,DTASET A-Z/X/1155.jpg
X,23,1156,DTASET A-Z/X/1156.jpg
X,23,1157,DTASET A-Z/X/1157.jpg
X,23,1158,DTASET A-Z/X/1158.jpg
X,23,1159,DTASET A-Z/X/1159.jpg
X,23,1160,DTASET A-Z/X/1160.jpg
X,23,1161,DTASET A-Z/X/1161.jpg
X,23,1162,DTASET A-Z/X/1162.jpg
X,23,1163,DTASET A-Z/X/1163.jpg
X,23,1164,DTASET A-Z/X/1164.jpg
X,23,1165,DTASET A-Z/X/1165.jpg
X,23,1166,DTASET A-Z/X/1166.jpg
X,23,1167,DTASET A-Z/X/1167.jpg
X,23,1168,DTASET A-Z/X/1168.jpg
X,23,1169,DTASET A-Z/X/1169.jpg
X,23,1170,DTASET A-Z/X/1170.jpg
X,23,1171,DTASET A-Z/X/1171.jpg
X,23,1172,DTASET A-Z/X/1172.jpg
X,23,1173,DTASET A-Z/X/1173.jpg
X,23,1174,DTASET A-Z/X/1174.jpg
X,23,1175,DTASET A-Z/X/1175.jpg
X,23,1176,DTASET A-Z/X/1176.jpg
X,23,1177,DTASET A-Z/X/1177.jpg
X,23,1178,DTASET A-Z/X/1178.jpg
X,23,1179,DTASET A-Z/X/1179.jpg
X,23,1180,DTASET A-Z/X/1180.jpg
X,23,1181,DTASET A-Z/X/1181.jpg
X,23,1182,DTASET A-Z/X/1182.jpg
X,23,1183,DTASET A-Z/X/1183.jpg
X,23,1184,DTASET A-Z/X/1184.jpg
X,23,1185,DTASET A-Z/X/1185.jpg
X,23,1186,DTASET A-Z/X/1186.jpg
X,23,1187,DTASET A-Z/X/1187.jpg
X,23,1188,DTASET A-Z/X/1188.jpg
X,23,1189,DTASET A-Z/X/1189.jpg
X,23,1190,DTASET A-Z/X/1190.jpg
X,23,1191,DTASET A-Z/X/1191.jpg
X,23,1192,DTASET A-Z/X/1192.jpg
X,23,1193,DTASET A-Z/X/1193.jpg
X,23,1194,DTASET A-Z/X/1194.jpg
X,23,1195,DTASET A-Z/X/1195.jpg
X,23,1196,DTASET A-Z/X/1196.jpg
X,23,1197,DTASET A-Z/X/1197.jpg
X,23,1198,DTASET A-Z/X/1198.jpg
X,23,1199,DTASET A-Z/X/1199.jpg
Y,24,0,DTASET A-Z/Y/0.jpg
Y,24,1,DTASET A-Z/Y/1.jpg
Y,24,2,DTASET A-Z/Y/2.jpg
Y,24,3,DTASET A-Z/Y/3.jpg
Y,24,4,DTASET A-Z/Y/4.jpg
Y,24,5,DTASET A-Z/Y/5.jpg
Y,24,6,DTASET A-Z/Y/6.jpg
Y,24,7,DTASET A-Z/Y/7.jpg
Y,24,8,DTASET A-Z/Y/8.jpg
Y,24,9,DTASET A-Z/Y/9.jpg
Y,24,10,DTASET A-Z/Y/10.jpg
Y,24,11,DTASET A-Z/Y/11.jpg
Y,24,12,DTASET A-Z/Y/12.jpg
Y,24,13,DTASET A-Z/Y/13.jpg
Y,24,14,DTASET A-Z/Y/14.jpg
Y,24,15,DTASET A-Z/Y/15.jpg
Y,24,16,DTASET A-Z/Y/16.jpg
Y,24,17,DTASET A-Z/Y/17.jpg
Y,24,18,DTASET A-Z/Y/18.jpg
Y,24,19,DTASET A-Z/Y/19.jpg
Y,24,20,DTASET A-Z/Y/20.jpg
Y,24,21,DTASET A-Z/Y/21.jpg
Y,24,22,DTASET A-Z/Y/22.jpg
Y,24,23,DTASET A-Z/Y/23.jpg
Y,24,24,DTASET A-Z/Y/24.jpg
Y,24,25,DTASET A-Z/Y/25.jpg
Y,24,26,DTASET A-Z/Y/26.jpg
Y,24,27,DTASET A-Z/Y/27.jpg
Y,24,28,DTASET A-Z/Y/28.jpg
Y,24,29,DTASET A-Z/Y/29.jpg
Y,24,30,DTASET A-Z/Y/30.jpg
Y,24,31,DTASET A-Z/Y/31.jpg
Y,24,32,DTASET A-Z/Y/32.jpg
Y,24,33,DTASET A-Z/Y/33.jpg
Y,24,34,DTASET A-Z/Y/34.jpg
Y,24,35,DTASET A-Z/Y/35.jpg
Y,24,36,DTASET A-Z/Y/36.jpg
Y,24,37,DTASET A-Z/Y/37.jpg
Y,24,38,DTASET A-Z/Y/38.jpg
Y,24,39,DTASET A-Z/Y/39.jpg
Y,24,40,DTASET A-Z/Y/40.jpg
Y,24,41,DTASET A-Z/Y/41.jpg
Y,24,42,DTASET A-Z/Y/42.jpg
Y,24,43,DTASET A-Z/Y/43.jpg
Y,24,44,DTASET A-Z/Y/44.jpg
Y,24,45,DTASET A-Z/Y/45.jpg
Y,24,46,DTASET A-Z/Y/46.jpg
Y,24,47,DTASET A-Z/Y/47.jpg
Y,24,48,DTASET A-Z/Y/48.jpg
Y,24,49,DTASET A-Z/Y/49.jpg
Y,24,50,DTASET A-Z/Y/50.jpg
Y,24,51,DTASET A-Z/Y/51.jpg
Y,24,52,DTASET A-Z/Y/52.jpg
Y,24,53,DTASET A-Z/Y/53.jpg
Y,24,54,DTASET A-Z/Y/54.jpg
Y,24,55,DTASET A-Z/Y/55.jpg
Y,24,56,DTASET A-Z/Y/56.jpg
Y,24,57,DTASET A-Z/Y/57.jpg
Y,24,58,DTASET A-Z/Y/58.jpg
Y,24,59,DTASET A-Z/Y/59.jpg
Y,24,60,DTASET A-Z/Y/60.jpg
Y,24,61,DTASET A-Z/Y/61.jpg
Y,24,62,DTASET A-Z/Y/62.jpg
Y,24,63,DTASET A-Z/Y/63.jpg
Y,24,64,DTASET A-Z/Y/64.jpg
Y,24,65,DTASET A-Z/Y/65.jpg
Y,24,66,DTASET A-Z/Y/66.jpg
Y,24,67,DTASET A-Z/Y/67.jpg
Y,24,68,DTASET A-Z/Y/68.jpg
Y,24,69,DTASET A-Z/Y/69.jpg
Y,24,70,DTASET A-Z/Y/70.jpg
Y,24,71,DTASET A-Z/Y/71.jpg
Y,24,72,DTASET A-Z/Y/72.jpg
Y,24,73,DTASET A-Z/Y/73.jpg
Y,24,74,DTASET A-Z/Y/74.jpg
Y,24,75,DTASET A-Z/Y/75.jpg
Y,24,76,DTASET A-Z/Y/76.jpg
Y,24,77,DTASET A-Z/Y/77.jpg
Y,24,78,DTASET A-Z/Y/78.jpg
Y,24,79,DTASET A-Z/Y/79.jpg
Y,24,80,DTASET A-Z/Y/80.jpg
Y,24,81,DTASET A-Z/Y/81.jpg
Y,24,82,DTASET A-Z/Y/82.jpg
Y,24,83,DTASET A-Z/Y/83.jpg
Y,24,84,DTASET A-Z/Y/84.jpg
Y,24,85,DTASET A-Z/Y/85.jpg
Y,24,86,DTASET A-Z/Y/86.jpg
Y,24,87,DTASET A-Z/Y/87.jpg
Y,24,88,DTASET A-Z/Y/88.jpg
Y,24,89,DTASET A-Z/Y/89.jpg
Y,24,90,DTASET A-Z/Y/90.jpg
Y,24,91,DTASET A-Z/Y/91.jpg
Y,24,92,DTASET A-Z/Y/92.jpg
Y,24,93,DTASET A-Z/Y/93.jpg
Y,24,94,DTASET A-Z/Y/94.jpg
Y,24,95,DTASET A-Z/Y/95.jpg
Y,24,96,DTASET A-Z/Y/96.jpg
Y,24,97,DTASET A-Z/Y/97.jpg
Y,24,98,DTASET A-Z/Y/98.jpg
Y,24,99,DTASET A-Z/Y/99.jpg
Y,24,100,DTASET A-Z/Y/100.jpg
Y,24,101,DTASET A-Z/Y/101.jpg
Y,24,102,DTASET A-Z/Y/102.jpg
Y,24,103,DTASET A-Z/Y/103.jpg
Y,24,104,DTASET A-Z/Y/104.jpg
Y,24,105,DTASET A-Z/Y/105.jpg
Y,24,106,DTASET A-Z/Y/106.jpg
Y,24,107,DTASET A-Z/Y/107.jpg
Y,24,108,DTASET A-Z/Y/108.jpg
Y,24,109,DTASET A-Z/Y/109.jpg
Y,24,110,DTASET A-Z/Y/110.jpg
Y,24,111,DTASET A-Z/Y/111.jpg
Y,24,112,DTASET A-Z/Y/112.jpg
Y,24,113,DTASET A-Z/Y/113.jpg
Y,24,114,DTASET A-Z/Y/114.jpg
Y,24,115,DTASET A-Z/Y/115.jpg
Y,24,116,DTASET A-Z/Y/116.jpg
Y,24,117,DTASET A-Z/Y/117.jpg
Y,24,118,DTASET A-Z/Y/118.jpg
Y,24,119,DTASET A-Z/Y/119.jpg
Y,24,120,DTASET A-Z/Y/120.jpg
Y,24,121,DTASET A-Z/Y/121.jpg
Y,24,122,DTASET A-Z/Y/122.jpg
Y,24,123,DTASET A-Z/Y/123.jpg
Y,24,124,DTASET A-Z/Y/124.jpg
Y,24,125,DTASET A-Z/Y/125.jpg
Y,24,126,DTASET A-Z/Y/126.jpg
Y,24,127,DTASET A-Z/Y/127.jpg
Y,24,128,DTASET A-Z/Y/128.jpg
Y,24,129,DTASET A-Z/Y/129.jpg
Y,24,130,DTASET A-Z/Y/130.jpg
Y,24,131,DTASET A-Z/Y/131.jpg
Y,24,132,DTASET A-Z/Y/132.jpg
Y,24,133,DTASET A-Z/Y/133.jpg
Y,24,134,DTASET A-Z/Y/134.jpg
Y,24,135,DTASET A-Z/Y/135.jpg
Y,24,136,DTASET A-Z/Y/136.jpg
Y,24,137,DTASET A-Z/Y/137.jpg
Y,24,138,DTASET A-Z/Y/138.jpg
Y,24,139,DTASET A-Z/Y/139.jpg
Y,24,140,DTASET A-Z/Y/140.jpg
Y,24,141,DTASET A-Z/Y/141.jpg
Y,24,142,DTASET A-Z/Y/142.jpg
Y,24,143,DTASET A-Z/Y/143.jpg
Y,24,144,DTASET A-Z/Y/144.jpg
Y,24,145,DTASET A-Z/Y/145.jpg
Y,24,146,DTASET A-Z/Y/146.jpg
Y,24,147,DTASET A-Z/Y/147.jpg
Y,24,148,DTASET A-Z/Y/148.jpg
Y,24,149,DTASET A-Z/Y/149.jpg
Y,24,150,DTASET A-Z/Y/150.jpg
Y,24,151,DTASET A-Z/Y/151.jpg
Y,24,152,DTASET A-Z/Y/152.jpg
Y,24,153,DTASET A-Z/Y/153.jpg
Y,24,154,DTASET A-Z/Y/154.jpg
Y,24,155,DTASET A-Z/Y/155.jpg
Y,24,156,DTASET A-Z/Y/156.jpg
Y,24,157,DTASET A-Z/Y/157.jpg
Y,24,158,DTASET A-Z/Y/158.jpg
Y,24,159,DTASET A-Z/Y/159.jpg
Y,24,160,DTASET A-Z/Y/160.jpg
Y,24,161,DTASET A-Z/Y/161.jpg
Y,24,162,DTASET A-Z/Y/162.jpg
Y,24,163,DTASET A-Z/Y/163.jpg
Y,24,164,DTASET A-Z/Y/164.jpg
Y,24,165,DTASET A-Z/Y/165.jpg
Y,24,166,DTASET A-Z/Y/166.jpg
Y,24,167,DTASET A-Z/Y/167.jpg
Y,24,168,DTASET A-Z/Y/168.jpg
Y,24,169,DTASET A-Z/Y/169.jpg
Y,24,170,DTASET A-Z/Y/170.jpg
Y,24,171,DTASET A-Z/Y/171.jpg
Y,24,172,DTASET A-Z/Y/172.jpg
Y,24,173,DTASET A-Z/Y/173.jpg
Y,24,174,DTASET A-Z/Y/174.jpg
Y,24,175,DTASET A-Z/Y/175.jpg
Y,24,176,DTASET A-Z/Y/176.jpg
Y,24,177,DTASET A-Z/Y/177.jpg
Y,24,178,DTASET A-Z/Y/178.jpg
Y,24,179,DTASET A-Z/Y/179.jpg
Y,24,180,DTASET A-Z/Y/180.jpg
Y,24,181,DTASET A-Z/Y/181.jpg
Y,24,182,DTASET A-Z/Y/182.jpg
Y,24,183,DTASET A-Z/Y/183.jpg
Y,24,184,DTASET A-Z/Y/184.jpg
Y,24,185,DTASET A-Z/Y/185.jpg
Y,24,186,DTASET A-Z/Y/186.jpg
Y,24,187,DTASET A-Z/Y/187.jpg
Y,24,188,DTASET A-Z/Y/188.jpg
Y,24,189,DTASET A-Z/Y/189.jpg
Y,24,190,DTASET A-Z/Y/190.jpg
Y,24,191,DTASET A-Z/Y/191.jpg
Y,24,192,DTASET A-Z/Y/192.jpg
Y,24,193,DTASET A-Z/Y/193.jpg
Y,24,194,DTASET A-Z/Y/194.jpg
Y,24,195,DTASET A-Z/Y/195.jpg
Y,24,196,DTASET A-Z/Y/196.jpg
Y,24,197,DTASET A-Z/Y/197.jpg
Y,24,198,DTASET A-Z/Y/198.jpg
Y,24,199,DTASET A-Z/Y/199.jpg
Y,24,200,DTASET A-Z/Y/200.jpg
Y,24,201,DTASET A-Z/Y/201.jpg
Y,24,202,DTASET A-Z/Y/202.jpg
Y,24,203,DTASET A-Z/Y/203.jpg
Y,24,204,DTASET A-Z/Y/204.jpg
Y,24,205,DTASET A-Z/Y/205.jpg
Y,24,206,DTASET A-Z/Y/206.jpg
Y,24,207,DTASET A-Z/Y/207.jpg
Y,24,208,DTASET A-Z/Y/208.jpg
Y,24,209,DTASET A-Z/Y/209.jpg
Y,24,210,DTASET A-Z/Y/210.jpg
Y,24,211,DTASET A-Z/Y/211.jpg
Y,24,212,DTASET A-Z/Y/212.jpg
Y,24,213,DTASET A-Z/Y/213.jpg
Y,24,214,DTASET A-Z/Y/214.jpg
Y,24,215,DTASET A-Z/Y/215.jpg
Y,24,216,DTASET A-Z/Y/216.jpg
Y,24,217,DTASET A-Z/Y/217.jpg
Y,24,218,DTASET A-Z/Y/218.jpg
Y,24,219,DTASET A-Z/Y/219.jpg
Y,24,220,DTASET A-Z/Y/220.jpg
Y,24,221,DTASET A-Z/Y/221.jpg
Y,24,222,DTASET A-Z/Y/222.jpg
Y,24,223,DTASET A-Z/Y/223.jpg
Y,24,224,DTASET A-Z/Y/224.jpg
Y,24,225,DTASET A-Z/Y/225.jpg
Y,24,226,DTASET A-Z/Y/226.jpg
Y,24,227,DTASET A-Z/Y/227.jpg
Y,24,228,DTASET A-Z/Y/228.jpg
Y,24,229,DTASET A-Z/Y/229.jpg
Y,24,230,DTASET A-Z/Y/230.jpg
Y,24,231,DTASET A-Z/Y/231.jpg
Y,24,232,DTASET A-Z/Y/232.jpg
Y,24,233,DTASET A-Z/Y/233.jpg
Y,24,234,DTASET A-Z/Y/234.jpg
Y,24,235,DTASET A-Z/Y/235.jpg
Y,24,236,DTASET A-Z/Y/236.jpg
Y,24,237,DTASET A-Z/Y/237.jpg
Y,24,238,DTASET A-Z/Y/238.jpg
Y,24,239,DTASET A-Z/Y/239.jpg
Y,24,240,DTASET A-Z/Y/240.jpg
Y,24,241,DTASET A-Z/Y/241.jpg
Y,24,242,DTASET A-Z/Y/242.jpg
Y,24,243,DTASET A-Z/Y/243.jpg
Y,24,244,DTASET A-Z/Y/244.jpg
Y,24,245,DTASET A-Z/Y/245.jpg
Y,24,246,DTASET A-Z/Y/246.jpg
Y,24,247,DTASET A-Z/Y/247.jpg
Y,24,248,DTASET A-Z/Y/248.jpg
Y,24,249,DTASET A-Z/Y/249.jpg
Y,24,250,DTASET A-Z/Y/250.jpg
Y,24,251,DTASET A-Z/Y/251.jpg
Y,24,252,DTASET A-Z/Y/252.jpg
Y,24,253,DTASET A-Z/Y/253.jpg
Y,24,254,DTASET A-Z/Y/254.jpg
Y,24,255,DTASET A-Z/Y/255.jpg
Y,24,256,DTASET A-Z/Y/256.jpg
Y,24,257,DTASET A-Z/Y/257.jpg
Y,24,258,DTASET A-Z/Y/258.jpg
Y,24,259,DTASET A-Z/Y/259.jpg
Y,24,260,DTASET A-Z/Y/260.jpg
Y,24,261,DTASET A-Z/Y/261.jpg
Y,24,262,DTASET A-Z/Y/262.jpg
Y,24,263,DTASET A-Z/Y/263.jpg
Y,24,264,DTASET A-Z/Y/264.jpg
Y,24,265,DTASET A-Z/Y/265.jpg
Y,24,266,DTASET A-Z/Y/266.jpg
Y,24,267,DTASET A-Z/Y/267.jpg
Y,24,268,DTASET A-Z/Y/268.jpg
Y,24,269,DTASET A-Z/Y/269.jpg
Y,24,270,DTASET A-Z/Y/270.jpg
Y,24,271,DTASET A-Z/Y/271.jpg
Y,24,272,DTASET A-Z/Y/272.jpg
Y,24,273,DTASET A-Z/Y/273.jpg
Y,24,274,DTASET A-Z/Y/274.jpg
Y,24,275,DTASET A-Z/Y/275.jpg
Y,24,276,DTASET A-Z/Y/276.jpg
Y,24,277,DTASET A-Z/Y/277.jpg
Y,24,278,DTASET A-Z/Y/278.jpg
Y,24,279,DTASET A-Z/Y/279.jpg
Y,24,280,DTASET A-Z/Y/280.jpg
Y,24,281,DTASET A-Z/Y/281.jpg
Y,24,282,DTASET A-Z/Y/282.jpg
Y,24,283,DTASET A-Z/Y/283.jpg
Y,24,284,DTASET A-Z/Y/284.jpg
Y,24,285,DTASET A-Z/Y/285.jpg
Y,24,286,DTASET A-Z/Y/286.jpg
Y,24,287,DTASET A-Z/Y/287.jpg
Y,24,288,DTASET A-Z/Y/288.jpg
Y,24,289,DTASET A-Z/Y/289.jpg
Y,24,290,DTASET A-Z/Y/290.jpg
Y,24,291,DTASET A-Z/Y/291.jpg
Y,24,292,DTASET A-Z/Y/292.jpg
Y,24,293,DTASET A-Z/Y/293.jpg
Y,24,294,DTASET A-Z/Y/294.jpg
Y,24,295,DTASET A-Z/Y/295.jpg
Y,24,296,DTASET A-Z/Y/296.jpg
Y,24,297,DTASET A-Z/Y/297.jpg
Y,24,298,DTASET A-Z/Y/298.jpg
Y,24,299,DTASET A-Z/Y/299.jpg
Y,24,300,DTASET A-Z/Y/300.jpg
Y,24,301,DTASET A-Z/Y/301.jpg
Y,24,302,DTASET A-Z/Y/302.jpg
Y,24,303,DTASET A-Z/Y/303.jpg
Y,24,304,DTASET A-Z/Y/304.jpg
Y,24,305,DTASET A-Z/Y/305.jpg
Y,24,306,DTASET A-Z/Y/306.jpg
Y,24,307,DTASET A-Z/Y/307.jpg
Y,24,308,DTASET A-Z/Y/308.jpg
Y,24,309,DTASET A-Z/Y/309.jpg
Y,24,310,DTASET A-Z/Y/310.jpg
Y,24,311,DTASET A-Z/Y/311.jpg
Y,24,312,DTASET A-Z/Y/312.jpg
Y,24,313,DTASET A-Z/Y/313.jpg
Y,24,314,DTASET A-Z/Y/314.jpg
Y,24,315,DTASET A-Z/Y/315.jpg
Y,24,316,DTASET A-Z/Y/316.jpg
Y,24,317,DTASET A-Z/Y/317.jpg
Y,24,318,DTASET A-Z/Y/318.jpg
Y,24,319,DTASET A-Z/Y/319.jpg
Y,24,320,DTASET A-Z/Y/320.jpg
Y,24,321,DTASET A-Z/Y/321.jpg
Y,24,322,DTASET A-Z/Y/322.jpg
Y,24,323,DTASET A-Z/Y/323.jpg
Y,24,324,DTASET A-Z/Y/324.jpg
Y,24,325,DTASET A-Z/Y/325.jpg
Y,24,326,DTASET A-Z/Y/326.jpg
Y,24,327,DTASET A-Z/Y/327.jpg
Y,24,328,DTASET A-Z/Y/328.jpg
Y,24,329,DTASET A-Z/Y/329.jpg
Y,24,330,DTASET A-Z/Y/330.jpg
Y,24,331,DTASET A-Z/Y/331.jpg
Y,24,332,DTASET A-Z/Y/332.jpg
Y,24,333,DTASET A-Z/Y/333.jpg
Y,24,334,DTASET A-Z/Y/334.jpg
Y,24,335,DTASET A-Z/Y/335.jpg
Y,24,336,DTASET A-Z/Y/336.jpg
Y,24,337,DTASET A-Z/Y/337.jpg
Y,24,338,DTASET A-Z/Y/338.jpg
Y,24,339,DTASET A-Z/Y/339.jpg
Y,24,340,DTASET A-Z/Y/340.jpg
Y,24,341,DTASET A-Z/Y/341.jpg
Y,24,342,DTASET A-Z/Y/342.jpg
Y,24,343,DTASET A-Z/Y/343.jpg
Y,24,344,DTASET A-Z/Y/344.jpg
Y,24,345,DTASET A-Z/Y/345.jpg
Y,24,346,DTASET A-Z/Y/346.jpg
Y,24,347,DTASET A-Z/Y/347.jpg
Y,24,348,DTASET A-Z/Y/348.jpg
Y,24,349,DTASET A-Z/Y/349.jpg
Y,24,350,DTASET A-Z/Y/350.jpg
Y,24,351,DTASET A-Z/Y/351.jpg
Y,24,352,DTASET A-Z/Y/352.jpg
Y,24,353,DTASET A-Z/Y/353.jpg
Y,24,354,DTASET A-Z/Y/354.jpg
Y,24,355,DTASET A-Z/Y/355.jpg
Y,24,356,DTASET A-Z/Y/356.jpg
Y,24,357,DTASET A-Z/Y/357.jpg
Y,24,358,DTASET A-Z/Y/358.jpg
Y,24,359,DTASET A-Z/Y/359.jpg
Y,24,360,DTASET A-Z/Y/360.jpg
Y,24,361,DTASET A-Z/Y/361.jpg
Y,24,362,DTASET A-Z/Y/362.jpg
Y,24,363,DTASET A-Z/Y/363.jpg
Y,24,364,DTASET A-Z/Y/364.jpg
Y,24,365,DTASET A-Z/Y/365.jpg
Y,24,366,DTASET A-Z/Y/366.jpg
Y,24,367,DTASET A-Z/Y/367.jpg
Y,24,368,DTASET A-Z/Y/368.jpg
Y,24,369,DTASET A-Z/Y/369.jpg
Y,24,370,DTASET A-Z/Y/370.jpg
Y,24,371,DTASET A-Z/Y/371.jpg
Y,24,372,DTASET A-Z/Y/372.jpg
Y,24,373,DTASET A-Z/Y/373.jpg
Y,24,374,DTASET A-Z/Y/374.jpg
Y,24,375,DTASET A-Z/Y/375.jpg
Y,24,376,DTASET A-Z/Y/376.jpg
Y,24,377,DTASET A-Z/Y/377.jpg
Y,24,378,DTASET A-Z/Y/378.jpg
Y,24,379,DTASET A-Z/Y/379.jpg
Y,24,380,DTASET A-Z/Y/380.jpg
Y,24,381,DTASET A-Z/Y/381.jpg
Y,24,382,DTASET A-Z/Y/382.jpg
Y,24,383,DTASET A-Z/Y/383.jpg
Y,24,384,DTASET A-Z/Y/384.jpg
Y,24,385,DTASET A-Z/Y/385.jpg
Y,24,386,DTASET A-Z/Y/386.jpg
Y,24,387,DTASET A-Z/Y/387.jpg
Y,24,388,DTASET A-Z/Y/388.jpg
Y,24,389,DTASET A-Z/Y/389.jpg
Y,24,390,DTASET A-Z/Y/390.jpg
Y,24,391,DTASET A-Z/Y/391.jpg
Y,24,392,DTASET A-Z/Y/392.jpg
Y,24,393,DTASET A-Z/Y/393.jpg
Y,24,394,DTASET A-Z/Y/394.jpg
Y,24,395,DTASET A-Z/Y/395.jpg
Y,24,396,DTASET A-Z/Y/396.jpg
Y,24,397,DTASET A-Z/Y/397.jpg
Y,24,398,DTASET A-Z/Y/398.jpg
Y,24,399,DTASET A-Z/Y/399.jpg
Y,24,400,DTASET A-Z/Y/400.jpg
Y,24,401,DTASET A-Z/Y/401.jpg
Y,24,402,DTASET A-Z/Y/402.jpg
Y,24,403,DTASET A-Z/Y/403.jpg
Y,24,404,DTASET A-Z/Y/404.jpg
Y,24,405,DTASET A-Z/Y/405.jpg
Y,24,406,DTASET A-Z/Y/406.jpg
Y,24,407,DTASET A-Z/Y/407.jpg
Y,24,408,DTASET A-Z/Y/408.jpg
Y,24,409,DTASET A-Z/Y/409.jpg
Y,24,410,DTASET A-Z/Y/410.jpg
Y,24,411,DTASET A-Z/Y/411.jpg
Y,24,412,DTASET A-Z/Y/412.jpg
Y,24,413,DTASET A-Z/Y/413.jpg
Y,24,414,DTASET A-Z/Y/414.jpg
Y,24,415,DTASET A-Z/Y/415.jpg
Y,24,416,DTASET A-Z/Y/416.jpg
Y,24,417,DTASET A-Z/Y/417.jpg
Y,24,418,DTASET A-Z/Y/418.jpg
Y,24,419,DTASET A-Z/Y/419.jpg
Y,24,420,DTASET A-Z/Y/420.jpg
Y,24,421,DTASET A-Z/Y/421.jpg
Y,24,422,DTASET A-Z/Y/422.jpg
Y,24,423,DTASET A-Z/Y/423.jpg
Y,24,424,DTASET A-Z/Y/424.jpg
Y,24,425,DTASET A-Z/Y/425.jpg
Y,24,426,DTASET A-Z/Y/426.jpg
Y,24,427,DTASET A-Z/Y/427.jpg
Y,24,428,DTASET A-Z/Y/428.jpg
Y,24,429,DTASET A-Z/Y/429.jpg
Y,24,430,DTASET A-Z/Y/430.jpg
Y,24,431,DTASET A-Z/Y/431.jpg
Y,24,432,DTASET A-Z/Y/432.jpg
Y,24,433,DTASET A-Z/Y/433.jpg
Y,24,434,DTASET A-Z/Y/434.jpg
Y,24,435,DTASET A-Z/Y/435.jpg
Y,24,436,DTASET A-Z/Y/436.jpg
Y,24,437,DTASET A-Z/Y/437.jpg
Y,24,438,DTASET A-Z/Y/438.jpg
Y,24,439,DTASET A-Z/Y/439.jpg
Y,24,440,DTASET A-Z/Y/440.jpg
Y,24,441,DTASET A-Z/Y/441.jpg
Y,24,442,DTASET A-Z/Y/442.jpg
Y,24,443,DTASET A-Z/Y/443.jpg
Y,24,444,DTASET A-Z/Y/444.jpg
Y,24,445,DTASET A-Z/Y/445.jpg
Y,24,446,DTASET A-Z/Y/446.jpg
Y,24,447,DTASET A-Z/Y/447.jpg
Y,24,448,DTASET A-Z/Y/448.jpg
Y,24,449,DTASET A-Z/Y/449.jpg
Y,24,450,DTASET A-Z/Y/450.jpg
Y,24,451,DTASET A-Z/Y/451.jpg
Y,24,452,DTASET A-Z/Y/452.jpg
Y,24,453,DTASET A-Z/Y/453.jpg
Y,24,454,DTASET A-Z/Y/454.jpg
Y,24,455,DTASET A-Z/Y/455.jpg
Y,24,456,DTASET A-Z/Y/456.jpg
Y,24,457,DTASET A-Z/Y/457.jpg
Y,24,458,DTASET A-Z/Y/458.jpg
Y,24,459,DTASET A-Z/Y/459.jpg
Y,24,460,DTASET A-Z/Y/460.jpg
Y,24,461,DTASET A-Z/Y/461.jpg
Y,24,462,DTASET A-Z/Y/462.jpg
Y,24,463,DTASET A-Z/Y/463.jpg
Y,24,464,DTASET A-Z/Y/464.jpg
Y,24,465,DTASET A-Z/Y/465.jpg
Y,24,466,DTASET A-Z/Y/466.jpg
Y,24,467,DTASET A-Z/Y/467.jpg
Y,24,468,DTASET A-Z/Y/468.jpg
Y,24,469,DTASET A-Z/Y/469.jpg
Y,24,470,DTASET A-Z/Y/470.jpg
Y,24,471,DTASET A-Z/Y/471.jpg
Y,24,472,DTASET A-Z/Y/472.jpg
Y,24,473,DTASET A-Z/Y/473.jpg
Y,24,474,DTASET A-Z/Y/474.jpg
Y,24,475,DTASET A-Z/Y/475.jpg
Y,24,476,DTASET A-Z/Y/476.jpg
Y,24,477,DTASET A-Z/Y/477.jpg
Y,24,478,DTASET A-Z/Y/478.jpg
Y,24,479,DTASET A-Z/Y/479.jpg
Y,24,480,DTASET A-Z/Y/480.jpg
Y,24,481,DTASET A-Z/Y/481.jpg
Y,24,482,DTASET A-Z/Y/482.jpg
Y,24,483,DTASET A-Z/Y/483.jpg
Y,24,484,DTASET A-Z/Y/484.jpg
Y,24,485,DTASET A-Z/Y/485.jpg
Y,24,486,DTASET A-Z/Y/486.jpg
Y,24,487,DTASET A-Z/Y/487.jpg
Y,24,488,DTASET A-Z/Y/488.jpg
Y,24,489,DTASET A-Z/Y/489.jpg
Y,24,490,DTASET A-Z/Y/490.jpg
Y,24,491,DTASET A-Z/Y/491.jpg
Y,24,492,DTASET A-Z/Y/492.jpg
Y,24,493,DTASET A-Z/Y/493.jpg
Y,24,494,DTASET A-Z/Y/494.jpg
Y,24,495,DTASET A-Z/Y/495.jpg
Y,24,496,DTASET A-Z/Y/496.jpg
Y,24,497,DTASET A-Z/Y/497.jpg
Y,24,498,DTASET A-Z/Y/498.jpg
Y,24,499,DTASET A-Z/Y/499.jpg
Y,24,500,DTASET A-Z/Y/500.jpg
Y,24,501,DTASET A-Z/Y/501.jpg
Y,24,502,DTASET A-Z/Y/502.jpg
Y,24,503,DTASET A-Z/Y/503.jpg
Y,24,504,DTASET A-Z/Y/504.jpg
Y,24,505,DTASET A-Z/Y/505.jpg
Y,24,506,DTASET A-Z/Y/506.jpg
Y,24,507,DTASET A-Z/Y/507.jpg
Y,24,508,DTASET A-Z/Y/508.jpg
Y,24,509,DTASET A-Z/Y/509.jpg
Y,24,510,DTASET A-Z/Y/510.jpg
Y,24,511,DTASET A-Z/Y/511.jpg
Y,24,512,DTASET A-Z/Y/512.jpg
Y,24,513,DTASET A-Z/Y/513.jpg
Y,24,514,DTASET A-Z/Y/514.jpg
Y,24,515,DTASET A-Z/Y/515.jpg
Y,24,516,DTASET A-Z/Y/516.jpg
Y,24,517,DTASET A-Z/Y/517.jpg
Y,24,518,DTASET A-Z/Y/518.jpg
Y,24,519,DTASET A-Z/Y/519.jpg
Y,24,520,DTASET A-Z/Y/520.jpg
Y,24,521,DTASET A-Z/Y/521.jpg
Y,24,522,DTASET A-Z/Y/522.jpg
Y,24,523,DTASET A-Z/Y/523.jpg
Y,24,524,DTASET A-Z/Y/524.jpg
Y,24,525,DTASET A-Z/Y/525.jpg
Y,24,526,DTASET A-Z/Y/526.jpg
Y,24,527,DTASET A-Z/Y/527.jpg
Y,24,528,DTASET A-Z/Y/528.jpg
Y,24,529,DTASET A-Z/Y/529.jpg
Y,24,530,DTASET A-Z/Y/530.jpg
Y,24,531,DTASET A-Z/Y/531.jpg
Y,24,532,DTASET A-Z/Y/532.jpg
Y,24,533,DTASET A-Z/Y/533.jpg
Y,24,534,DTASET A-Z/Y/534.jpg
Y,24,535,DTASET A-Z/Y/535.jpg
Y,24,536,DTASET A-Z/Y/536.jpg
Y,24,537,DTASET A-Z/Y/537.jpg
Y,24,538,DTASET A-Z/Y/538.jpg
Y,24,539,DTASET A-Z/Y/539.jpg
Y,24,540,DTASET A-Z/Y/540.jpg
Y,24,541,DTASET A-Z/Y/541.jpg
Y,24,542,DTASET A-Z/Y/542.jpg
Y,24,543,DTASET A-Z/Y/543.jpg
Y,24,544,DTASET A-Z/Y/544.jpg
Y,24,545,DTASET A-Z/Y/545.jpg
Y,24,546,DTASET A-Z/Y/546.jpg
Y,24,547,DTASET A-Z/Y/547.jpg
Y,24,548,DTASET A-Z/Y/548.jpg
Y,24,549,DTASET A-Z/Y/549.jpg
Y,24,550,DTASET A-Z/Y/550.jpg
Y,24,551,DTASET A-Z/Y/551.jpg
Y,24,552,DTASET A-Z/Y/552.jpg
Y,24,553,DTASET A-Z/Y/553.jpg
Y,24,554,DTASET A-Z/Y/554.jpg
Y,24,555,DTASET A-Z/Y/555.jpg
Y,24,556,DTASET A-Z/Y/556.jpg
Y,24,557,DTASET A-Z/Y/557.jpg
Y,24,558,DTASET A-Z/Y/558.jpg
Y,24,559,DTASET A-Z/Y/559.jpg
Y,24,560,DTASET A-Z/Y/560.jpg
Y,24,561,DTASET A-Z/Y/561.jpg
Y,24,562,DTASET A-Z/Y/562.jpg
Y,24,563,DTASET A-Z/Y/563.jpg
Y,24,564,DTASET A-Z/Y/564.jpg
Y,24,565,DTASET A-Z/Y/565.jpg
Y,24,566,DTASET A-Z/Y/566.jpg
Y,24,567,DTASET A-Z/Y/567.jpg
Y,24,568,DTASET A-Z/Y/568.jpg
Y,24,569,DTASET A-Z/Y/569.jpg
Y,24,570,DTASET A-Z/Y/570.jpg
Y,24,571,DTASET A-Z/Y/571.jpg
Y,24,572,DTASET A-Z/Y/572.jpg
Y,24,573,DTASET A-Z/Y/573.jpg
Y,24,574,DTASET A-Z/Y/574.jpg
Y,24,575,DTASET A-Z/Y/575.jpg
Y,24,576,DTASET A-Z/Y/576.jpg
Y,24,577,DTASET A-Z/Y/577.jpg
Y,24,578,DTASET A-Z/Y/578.jpg
Y,24,579,DTASET A-Z/Y/579.jpg
Y,24,580,DTASET A-Z/Y/580.jpg
Y,24,581,DTASET A-Z/Y/581.jpg
Y,24,582,DTASET A-Z/Y/582.jpg
Y,24,583,DTASET A-Z/Y/583.jpg
Y,24,584,DTASET A-Z/Y/584.jpg
Y,24,585,DTASET A-Z/Y/585.jpg
Y,24,586,DTASET A-Z/Y/586.jpg
Y,24,587,DTASET A-Z/Y/587.jpg
Y,24,588,DTASET A-Z/Y/588.jpg
Y,24,589,DTASET A-Z/Y/589.jpg
Y,24,590,DTASET A-Z/Y/590.jpg
Y,24,591,DTASET A-Z/Y/591.jpg
Y,24,592,DTASET A-Z/Y/592.jpg
Y,24,593,DTASET A-Z/Y/593.jpg
Y,24,594,DTASET A-Z/Y/594.jpg
Y,24,595,DTASET A-Z/Y/595.jpg
Y,24,596,DTASET A-Z/Y/596.jpg
Y,24,597,DTASET A-Z/Y/597.jpg
Y,24,598,DTASET A-Z/Y/598.jpg
Y,24,599,DTASET A-Z/Y/599.jpg
Y,24,600,DTASET A-Z/Y/600.jpg
Y,24,601,DTASET A-Z/Y/601.jpg
Y,24,602,DTASET A-Z/Y/602.jpg
Y,24,603,DTASET A-Z/Y/603.jpg
Y,24,604,DTASET A-Z/Y/604.jpg
Y,24,605,DTASET A-Z/Y/605.jpg
Y,24,606,DTASET A-Z/Y/606.jpg
Y,24,607,DTASET A-Z/Y/607.jpg
Y,24,608,DTASET A-Z/Y/608.jpg
Y,24,609,DTASET A-Z/Y/609.jpg
Y,24,610,DTASET A-Z/Y/610.jpg
Y,24,611,DTASET A-Z/Y/611.jpg
Y,24,612,DTASET A-Z/Y/612.jpg
Y,24,613,DTASET A-Z/Y/613.jpg
Y,24,614,DTASET A-Z/Y/614.jpg
Y,24,615,DTASET A-Z/Y/615.jpg
Y,24,616,DTASET A-Z/Y/616.jpg
Y,24,617,DTASET A-Z/Y/617.jpg
Y,24,618,DTASET A-Z/Y/618.jpg
Y,24,619,DTASET A-Z/Y/619.jpg
Y,24,620,DTASET A-Z/Y/620.jpg
Y,24,621,DTASET A-Z/Y/621.jpg
Y,24,622,DTASET A-Z/Y/622.jpg
Y,24,623,DTASET A-Z/Y/623.jpg
Y,24,624,DTASET A-Z/Y/624.jpg
Y,24,625,DTASET A-Z/Y/625.jpg
Y,24,626,DTASET A-Z/Y/626.jpg
Y,24,627,DTASET A-Z/Y/627.jpg
Y,24,628,DTASET A-Z/Y/628.jpg
Y,24,629,DTASET A-Z/Y/629.jpg
Y,24,630,DTASET A-Z/Y/630.jpg
Y,24,631,DTASET A-Z/Y/631.jpg
Y,24,632,DTASET A-Z/Y/632.jpg
Y,24,633,DTASET A-Z/Y/633.jpg
Y,24,634,DTASET A-Z/Y/634.jpg
Y,24,635,DTASET A-Z/Y/635.jpg
Y,24,636,DTASET A-Z/Y/636.jpg
Y,24,637,DTASET A-Z/Y/637.jpg
Y,24,638,DTASET A-Z/Y/638.jpg
Y,24,639,DTASET A-Z/Y/639.jpg
Y,24,640,DTASET A-Z/Y/640.jpg
Y,24,641,DTASET A-Z/Y/641.jpg
Y,24,642,DTASET A-Z/Y/642.jpg
Y,24,643,DTASET A-Z/Y/643.jpg
Y,24,644,DTASET A-Z/Y/644.jpg
Y,24,645,DTASET A-Z/Y/645.jpg
Y,24,646,DTASET A-Z/Y/646.jpg
Y,24,647,DTASET A-Z/Y/647.jpg
Y,24,648,DTASET A-Z/Y/648.jpg
Y,24,649,DTASET A-Z/Y/649.jpg
Y,24,650,DTASET A-Z/Y/650.jpg
Y,24,651,DTASET A-Z/Y/651.jpg
Y,24,652,DTASET A-Z/Y/652.jpg
Y,24,653,DTASET A-Z/Y/653.jpg
Y,24,654,DTASET A-Z/Y/654.jpg
Y,24,655,DTASET A-Z/Y/655.jpg
Y,24,656,DTASET A-Z/Y/656.jpg
Y,24,657,DTASET A-Z/Y/657.jpg
Y,24,658,DTASET A-Z/Y/658.jpg
Y,24,659,DTASET A-Z/Y/659.jpg
Y,24,660,DTASET A-Z/Y/660.jpg
Y,24,661,DTASET A-Z/Y/661.jpg
Y,24,662,DTASET A-Z/Y/662.jpg
Y,24,663,DTASET A-Z/Y/663.jpg
Y,24,664,DTASET A-Z/Y/664.jpg
Y,24,665,DTASET A-Z/Y/665.jpg
Y,24,666,DTASET A-Z/Y/666.jpg
Y,24,667,DTASET A-Z/Y/667.jpg
Y,24,668,DTASET A-Z/Y/668.jpg
Y,24,669,DTASET A-Z/Y/669.jpg
Y,24,670,DTASET A-Z/Y/670.jpg
Y,24,671,DTASET A-Z/Y/671.jpg
Y,24,672,DTASET A-Z/Y/672.jpg
Y,24,673,DTASET A-Z/Y/673.jpg
Y,24,674,DTASET A-Z/Y/674.jpg
Y,24,675,DTASET A-Z/Y/675.jpg
Y,24,676,DTASET A-Z/Y/676.jpg
Y,24,677,DTASET A-Z/Y/677.jpg
Y,24,678,DTASET A-Z/Y/678.jpg
Y,24,679,DTASET A-Z/Y/679.jpg
Y,24,680,DTASET A-Z/Y/680.jpg
Y,24,681,DTASET A-Z/Y/681.jpg
Y,24,682,DTASET A-Z/Y/682.jpg
Y,24,683,DTASET A-Z/Y/683.jpg
Y,24,684,DTASET A-Z/Y/684.jpg
Y,24,685,DTASET A-Z/Y/685.jpg
Y,24,686,DTASET A-Z/Y/686.jpg
Y,24,687,DTASET A-Z/Y/687.jpg
Y,24,688,DTASET A-Z/Y/688.jpg
Y,24,689,DTASET A-Z/Y/689.jpg
Y,24,690,DTASET A-Z/Y/690.jpg
Y,24,691,DTASET A-Z/Y/691.jpg
Y,24,692,DTASET A-Z/Y/692.jpg
Y,24,693,DTASET A-Z/Y/693.jpg
Y,24,694,DTASET A-Z/Y/694.jpg
Y,24,695,DTASET A-Z/Y/695.jpg
Y,24,696,DTASET A-Z/Y/696.jpg
Y,24,697,DTASET A-Z/Y/697.jpg
Y,24,698,DTASET A-Z/Y/698.jpg
Y,24,699,DTASET A-Z/Y/699.jpg
Y,24,700,DTASET A-Z/Y/700.jpg
Y,24,701,DTASET A-Z/Y/701.jpg
Y,24,702,DTASET A-Z/Y/702.jpg
Y,24,703,DTASET A-Z/Y/703.jpg
Y,24,704,DTASET A-Z/Y/704.jpg
Y,24,705,DTASET A-Z/Y/705.jpg
Y,24,706,DTASET A-Z/Y/706.jpg
Y,24,707,DTASET A-Z/Y/707.jpg
Y,24,708,DTASET A-Z/Y/708.jpg
Y,24,709,DTASET A-Z/Y/709.jpg
Y,24,710,DTASET A-Z/Y/710.jpg
Y,24,711,DTASET A-Z/Y/711.jpg
Y,24,712,DTASET A-Z/Y/712.jpg
Y,24,713,DTASET A-Z/Y/713.jpg
Y,24,714,DTASET A-Z/Y/714.jpg
Y,24,715,DTASET A-Z/Y/715.jpg
Y,24,716,DTASET A-Z/Y/716.jpg
Y,24,717,DTASET A-Z/Y/717.jpg
Y,24,718,DTASET A-Z/Y/718.jpg
Y,24,719,DTASET A-Z/Y/719.jpg
Y,24,720,DTASET A-Z/Y/720.jpg
Y,24,721,DTASET A-Z/Y/721.jpg
Y,24,722,DTASET A-Z/Y/722.jpg
Y,24,723,DTASET A-Z/Y/723.jpg
Y,24,724,DTASET A-Z/Y/724.jpg
Y,24,725,DTASET A-Z/Y/725.jpg
Y,24,726,DTASET A-Z/Y/726.jpg
Y,24,727,DTASET A-Z/Y/727.jpg
Y,24,728,DTASET A-Z/Y/728.jpg
Y,24,729,DTASET A-Z/Y/729.jpg
Y,24,730,DTASET A-Z/Y/730.jpg
Y,24,731,DTASET A-Z/Y/731.jpg
Y,24,732,DTASET A-Z/Y/732.jpg
Y,24,733,DTASET A-Z/Y/733.jpg
Y,24,734,DTASET A-Z/Y/734.jpg
Y,24,735,DTASET A-Z/Y/735.jpg
Y,24,736,DTASET A-Z/Y/736.jpg
Y,24,737,DTASET A-Z/Y/737.jpg
Y,24,738,DTASET A-Z/Y/738.jpg
Y,24,739,DTASET A-Z/Y/739.jpg
Y,24,740,DTASET A-Z/Y/740.jpg
Y,24,741,DTASET A-Z/Y/741.jpg
Y,24,742,DTASET A-Z/Y/742.jpg
Y,24,743,DTASET A-Z/Y/743.jpg
Y,24,744,DTASET A-Z/Y/744.jpg
Y,24,745,DTASET A-Z/Y/745.jpg
Y,24,746,DTASET A-Z/Y/746.jpg
Y,24,747,DTASET A-Z/Y/747.jpg
Y,24,748,DTASET A-Z/Y/748.jpg
Y,24,749,DTASET A-Z/Y/749.jpg
Y,24,750,DTASET A-Z/Y/750.jpg
Y,24,751,DTASET A-Z/Y/751.jpg
Y,24,752,DTASET A-Z/Y/752.jpg
Y,24,753,DTASET A-Z/Y/753.jpg
Y,24,754,DTASET A-Z/Y/754.jpg
Y,24,755,DTASET A-Z/Y/755.jpg
Y,24,756,DTASET A-Z/Y/756.jpg
Y,24,757,DTASET A-Z/Y/757.jpg
Y,24,758,DTASET A-Z/Y/758.jpg
Y,24,759,DTASET A-Z/Y/759.jpg
Y,24,760,DTASET A-Z/Y/760.jpg
Y,24,761,DTASET A-Z/Y/761.jpg
Y,24,762,DTASET A-Z/Y/762.jpg
Y,24,763,DTASET A-Z/Y/763.jpg
Y,24,764,DTASET A-Z/Y/764.jpg
Y,24,765,DTASET A-Z/Y/765.jpg
Y,24,766,DTASET A-Z/Y/766.jpg
Y,24,767,DTASET A-Z/Y/767.jpg
Y,24,768,DTASET A-Z/Y/768.jpg
Y,24,769,DTASET A-Z/Y/769.jpg
Y,24,770,DTASET A-Z/Y/770.jpg
Y,24,771,DTASET A-Z/Y/771.jpg
Y,24,772,DTASET A-Z/Y/772.jpg
Y,24,773,DTASET A-Z/Y/773.jpg
Y,24,774,DTASET A-Z/Y/774.jpg
Y,24,775,DTASET A-Z/Y/775.jpg
Y,24,776,DTASET A-Z/Y/776.jpg
Y,24,777,DTASET A-Z/Y/777.jpg
Y,24,778,DTASET A-Z/Y/778.jpg
Y,24,779,DTASET A-Z/Y/779.jpg
Y,24,780,DTASET A-Z/Y/780.jpg
Y,24,781,DTASET A-Z/Y/781.jpg
Y,24,782,DTASET A-Z/Y/782.jpg
Y,24,783,DTASET A-Z/Y/783.jpg
Y,24,784,DTASET A-Z/Y/784.jpg
Y,24,785,DTASET A-Z/Y/785.jpg
Y,24,786,DTASET A-Z/Y/786.jpg
Y,24,787,DTASET A-Z/Y/787.jpg
Y,24,788,DTASET A-Z/Y/788.jpg
Y,24,789,DTASET A-Z/Y/789.jpg
Y,24,790,DTASET A-Z/Y/790.jpg
Y,24,791,DTASET A-Z/Y/791.jpg
Y,24,792,DTASET A-Z/Y/792.jpg
Y,24,793,DTASET A-Z/Y/793.jpg
Y,24,794,DTASET A-Z/Y/794.jpg
Y,24,795,DTASET A-Z/Y/795.jpg
Y,24,796,DTASET A-Z/Y/796.jpg
Y,24,797,DTASET A-Z/Y/797.jpg
Y,24,798,DTASET A-Z/Y/798.jpg
Y,24,799,DTASET A-Z/Y/799.jpg
Y,24,800,DTASET A-Z/Y/800.jpg
Y,24,801,DTASET A-Z/Y/801.jpg
Y,24,802,DTASET A-Z/Y/802.jpg
Y,24,803,DTASET A-Z/Y/803.jpg
Y,24,804,DTASET A-Z/Y/804.jpg
Y,24,805,DTASET A-Z/Y/805.jpg
Y,24,806,DTASET A-Z/Y/806.jpg
Y,24,807,DTASET A-Z/Y/807.jpg
Y,24,808,DTASET A-Z/Y/808.jpg
Y,24,809,DTASET A-Z/Y/809.jpg
Y,24,810,DTASET A-Z/Y/810.jpg
Y,24,811,DTASET A-Z/Y/811.jpg
Y,24,812,DTASET A-Z/Y/812.jpg
Y,24,813,DTASET A-Z/Y/813.jpg
Y,24,814,DTASET A-Z/Y/814.jpg
Y,24,815,DTASET A-Z/Y/815.jpg
Y,24,816,DTASET A-Z/Y/816.jpg
Y,24,817,DTASET A-Z/Y/817.jpg
Y,24,818,DTASET A-Z/Y/818.jpg
Y,24,819,DTASET A-Z/Y/819.jpg
Y,24,820,DTASET A-Z/Y/820.jpg
Y,24,821,DTASET A-Z/Y/821.jpg
Y,24,822,DTASET A-Z/Y/822.jpg
Y,24,823,DTASET A-Z/Y/823.jpg
Y,24,824,DTASET A-Z/Y/824.jpg
Y,24,825,DTASET A-Z/Y/825.jpg
Y,24,826,DTASET A-Z/Y/826.jpg
Y,24,827,DTASET A-Z/Y/827.jpg
Y,24,828,DTASET A-Z/Y/828.jpg
Y,24,829,DTASET A-Z/Y/829.jpg
Y,24,830,DTASET A-Z/Y/830.jpg
Y,24,831,DTASET A-Z/Y/831.jpg
Y,24,832,DTASET A-Z/Y/832.jpg
Y,24,833,DTASET A-Z/Y/833.jpg
Y,24,834,DTASET A-Z/Y/834.jpg
Y,24,835,DTASET A-Z/Y/835.jpg
Y,24,836,DTASET A-Z/Y/836.jpg
Y,24,837,DTASET A-Z/Y/837.jpg
Y,24,838,DTASET A-Z/Y/838.jpg
Y,24,839,DTASET A-Z/Y/839.jpg
Y,24,840,DTASET A-Z/Y/840.jpg
Y,24,841,DTASET A-Z/Y/841.jpg
Y,24,842,DTASET A-Z/Y/842.jpg
Y,24,843,DTASET A-Z/Y/843.jpg
Y,24,844,DTASET A-Z/Y/844.jpg
Y,24,845,DTASET A-Z/Y/845.jpg
Y,24,846,DTASET A-Z/Y/846.jpg
Y,24,847,DTASET A-Z/Y/847.jpg
Y,24,848,DTASET A-Z/Y/848.jpg
Y,24,849,DTASET A-Z/Y/849.jpg
Y,24,850,DTASET A-Z/Y/850.jpg
Y,24,851,DTASET A-Z/Y/851.jpg
Y,24,852,DTASET A-Z/Y/852.jpg
Y,24,853,DTASET A-Z/Y/853.jpg
Y,24,854,DTASET A-Z/Y/854.jpg
Y,24,855,DTASET A-Z/Y/855.jpg
Y,24,856,DTASET A-Z/Y/856.jpg
Y,24,857,DTASET A-Z/Y/857.jpg
Y,24,858,DTASET A-Z/Y/858.jpg
Y,24,859,DTASET A-Z/Y/859.jpg
Y,24,860,DTASET A-Z/Y/860.jpg
Y,24,861,DTASET A-Z/Y/861.jpg
Y,24,862,DTASET A-Z/Y/862.jpg
Y,24,863,DTASET A-Z/Y/863.jpg
Y,24,864,DTASET A-Z/Y/864.jpg
Y,24,865,DTASET A-Z/Y/865.jpg
Y,24,866,DTASET A-Z/Y/866.jpg
Y,24,867,DTASET A-Z/Y/867.jpg
Y,24,868,DTASET A-Z/Y/868.jpg
Y,24,869,DTASET A-Z/Y/869.jpg
Y,24,870,DTASET A-Z/Y/870.jpg
Y,24,871,DTASET A-Z/Y/871.jpg
Y,24,872,DTASET A-Z/Y/872.jpg
Y,24,873,DTASET A-Z/Y/873.jpg
Y,24,874,DTASET A-Z/Y/874.jpg
Y,24,875,DTASET A-Z/Y/875.jpg
Y,24,876,DTASET A-Z/Y/876.jpg
Y,24,877,DTASET A-Z/Y/877.jpg
Y,24,878,DTASET A-Z/Y/878.jpg
Y,24,879,DTASET A-Z/Y/879.jpg
Y,24,880,DTASET A-Z/Y/880.jpg
Y,24,881,DTASET A-Z/Y/881.jpg
Y,24,882,DTASET A-Z/Y/882.jpg
Y,24,883,DTASET A-Z/Y/883.jpg
Y,24,884,DTASET A-Z/Y/884.jpg
Y,24,885,DTASET A-Z/Y/885.jpg
Y,24,886,DTASET A-Z/Y/886.jpg
Y,24,887,DTASET A-Z/Y/887.jpg
Y,24,888,DTASET A-Z/Y/888.jpg
Y,24,889,DTASET A-Z/Y/889.jpg
Y,24,890,DTASET A-Z/Y/890.jpg
Y,24,891,DTASET A-Z/Y/891.jpg
Y,24,892,DTASET A-Z/Y/892.jpg
Y,24,893,DTASET A-Z/Y/893.jpg
Y,24,894,DTASET A-Z/Y/894.jpg
Y,24,895,DTASET A-Z/Y/895.jpg
Y,24,896,DTASET A-Z/Y/896.jpg
Y,24,897,DTASET A-Z/Y/897.jpg
Y,24,898,DTASET A-Z/Y/898.jpg
Y,24,899,DTASET A-Z/Y/899.jpg
Y,24,900,DTASET A-Z/Y/900.jpg
Y,24,901,DTASET A-Z/Y/901.jpg
Y,24,902,DTASET A-Z/Y/902.jpg
Y,24,903,DTASET A-Z/Y/903.jpg
Y,24,904,DTASET A-Z/Y/904.jpg
Y,24,905,DTASET A-Z/Y/905.jpg
Y,24,906,DTASET A-Z/Y/906.jpg
Y,24,907,DTASET A-Z/Y/907.jpg
Y,24,908,DTASET A-Z/Y/908.jpg
Y,24,909,DTASET A-Z/Y/909.jpg
Y,24,910,DTASET A-Z/Y/910.jpg
Y,24,911,DTASET A-Z/Y/911.jpg
Y,24,912,DTASET A-Z/Y/912.jpg
Y,24,913,DTASET A-Z/Y/913.jpg
Y,24,914,DTASET A-Z/Y/914.jpg
Y,24,915,DTASET A-Z/Y/915.jpg
Y,24,916,DTASET A-Z/Y/916.jpg
Y,24,917,DTASET A-Z/Y/917.jpg
Y,24,918,DTASET A-Z/Y/918.jpg
Y,24,919,DTASET A-Z/Y/919.jpg
Y,24,920,DTASET A-Z/Y/920.jpg
Y,24,921,DTASET A-Z/Y/921.jpg
Y,24,922,DTASET A-Z/Y/922.jpg
Y,24,923,DTASET A-Z/Y/923.jpg
Y,24,924,DTASET A-Z/Y/924.jpg
Y,24,925,DTASET A-Z/Y/925.jpg
Y,24,926,DTASET A-Z/Y/926.jpg
Y,24,927,DTASET A-Z/Y/927.jpg
Y,24,928,DTASET A-Z/Y/928.jpg
Y,24,929,DTASET A-Z/Y/929.jpg
Y,24,930,DTASET A-Z/Y/930.jpg
Y,24,931,DTASET A-Z/Y/931.jpg
Y,24,932,DTASET A-Z/Y/932.jpg
Y,24,933,DTASET A-Z/Y/933.jpg
Y,24,934,DTASET A-Z/Y/934.jpg
Y,24,935,DTASET A-Z/Y/935.jpg
Y,24,936,DTASET A-Z/Y/936.jpg
Y,24,937,DTASET A-Z/Y/937.jpg
Y,24,938,DTASET A-Z/Y/938.jpg
Y,24,939,DTASET A-Z/Y/939.jpg
Y,24,940,DTASET A-Z/Y/940.jpg
Y,24,941,DTASET A-Z/Y/941.jpg
Y,24,942,DTASET A-Z/Y/942.jpg
Y,24,943,DTASET A-Z/Y/943.jpg
Y,24,944,DTASET A-Z/Y/944.jpg
Y,24,945,DTASET A-Z/Y/945.jpg
Y,24,946,DTASET A-Z/Y/946.jpg
Y,24,947,DTASET A-Z/Y/947.jpg
Y,24,948,DTASET A-Z/Y/948.jpg
Y,24,949,DTASET A-Z/Y/949.jpg
Y,24,950,DTASET A-Z/Y/950.jpg
Y,24,951,DTASET A-Z/Y/951.jpg
Y,24,952,DTASET A-Z/Y/952.jpg
Y,24,953,DTASET A-Z/Y/953.jpg
Y,24,954,DTASET A-Z/Y/954.jpg
Y,24,955,DTASET A-Z/Y/955.jpg
Y,24,956,DTASET A-Z/Y/956.jpg
Y,24,957,DTASET A-Z/Y/957.jpg
Y,24,958,DTASET A-Z/Y/958.jpg
Y,24,959,DTASET A-Z/Y/959.jpg
Y,24,960,DTASET A-Z/Y/960.jpg
Y,24,961,DTASET A-Z/Y/961.jpg
Y,24,962,DTASET A-Z/Y/962.jpg
Y,24,963,DTASET A-Z/Y/963.jpg
Y,24,964,DTASET A-Z/Y/964.jpg
Y,24,965,DTASET A-Z/Y/965.jpg
Y,24,966,DTASET A-Z/Y/966.jpg
Y,24,967,DTASET A-Z/Y/967.jpg
Y,24,968,DTASET A-Z/Y/968.jpg
Y,24,969,DTASET A-Z/Y/969.jpg
Y,24,970,DTASET A-Z/Y/970.jpg
Y,24,971,DTASET A-Z/Y/971.jpg
Y,24,972,DTASET A-Z/Y/972.jpg
Y,24,973,DTASET A-Z/Y/973.jpg
Y,24,974,DTASET A-Z/Y/974.jpg
Y,24,975,DTASET A-Z/Y/975.jpg
Y,24,976,DTASET A-Z/Y/976.jpg
Y,24,977,DTASET A-Z/Y/977.jpg
Y,24,978,DTASET A-Z/Y/978.jpg
Y,24,979,DTASET A-Z/Y/979.jpg
Y,24,980,DTASET A-Z/Y/980.jpg
Y,24,981,DTASET A-Z/Y/981.jpg
Y,24,982,DTASET A-Z/Y/982.jpg
Y,24,983,DTASET A-Z/Y/983.jpg
Y,24,984,DTASET A-Z/Y/984.jpg
Y,24,985,DTASET A-Z/Y/985.jpg
Y,24,986,DTASET A-Z/Y/986.jpg
Y,24,987,DTASET A-Z/Y/987.jpg
Y,24,988,DTASET A-Z/Y/988.jpg
Y,24,989,DTASET A-Z/Y/989.jpg
Y,24,990,DTASET A-Z/Y/990.jpg
Y,24,991,DTASET A-Z/Y/991.jpg
Y,24,992,DTASET A-Z/Y/992.jpg
Y,24,993,DTASET A-Z/Y/993.jpg
Y,24,994,DTASET A-Z/Y/994.jpg
Y,24,995,DTASET A-Z/Y/995.jpg
Y,24,996,DTASET A-Z/Y/996.jpg
Y,24,997,DTASET A-Z/Y/997.jpg
Y,24,998,DTASET A-Z/Y/998.jpg
Y,24,999,DTASET A-Z/Y/999.jpg
Y,24,1000,DTASET A-Z/Y/1000.jpg
Y,24,1001,DTASET A-Z/Y/1001.jpg
Y,24,1002,DTASET A-Z/Y/1002.jpg
Y,24,1003,DTASET A-Z/Y/1003.jpg
Y,24,1004,DTASET A-Z/Y/1004.jpg
Y,24,1005,DTASET A-Z/Y/1005.jpg
Y,24,1006,DTASET A-Z/Y/1006.jpg
Y,24,1007,DTASET A-Z/Y/1007.jpg
Y,24,1008,DTASET A-Z/Y/1008.jpg
Y,24,1009,DTASET A-Z/Y/1009.jpg
Y,24,1010,DTASET A-Z/Y/1010.jpg
Y,24,1011,DTASET A-Z/Y/1011.jpg
Y,24,1012,DTASET A-Z/Y/1012.jpg
Y,24,1013,DTASET A-Z/Y/1013.jpg
Y,24,1014,DTASET A-Z/Y/1014.jpg
Y,24,1015,DTASET A-Z/Y/1015.jpg
Y,24,1016,DTASET A-Z/Y/1016.jpg
Y,24,1017,DTASET A-Z/Y/1017.jpg
Y,24,1018,DTASET A-Z/Y/1018.jpg
Y,24,1019,DTASET A-Z/Y/1019.jpg
Y,24,1020,DTASET A-Z/Y/1020.jpg
Y,24,1021,DTASET A-Z/Y/1021.jpg
Y,24,1022,DTASET A-Z/Y/1022.jpg
Y,24,1023,DTASET A-Z/Y/1023.jpg
Y,24,1024,DTASET A-Z/Y/1024.jpg
Y,24,1025,DTASET A-Z/Y/1025.jpg
Y,24,1026,DTASET A-Z/Y/1026.jpg
Y,24,1027,DTASET A-Z/Y/1027.jpg
Y,24,1028,DTASET A-Z/Y/1028.jpg
Y,24,1029,DTASET A-Z/Y/1029.jpg
Y,24,1030,DTASET A-Z/Y/1030.jpg
Y,24,1031,DTASET A-Z/Y/1031.jpg
Y,24,1032,DTASET A-Z/Y/1032.jpg
Y,24,1033,DTASET A-Z/Y/1033.jpg
Y,24,1034,DTASET A-Z/Y/1034.jpg
Y,24,1035,DTASET A-Z/Y/1035.jpg
Y,24,1036,DTASET A-Z/Y/1036.jpg
Y,24,1037,DTASET A-Z/Y/1037.jpg
Y,24,1038,DTASET A-Z/Y/1038.jpg
Y,24,1039,DTASET A-Z/Y/1039.jpg
Y,24,1040,DTASET A-Z/Y/1040.jpg
Y,24,1041,DTASET A-Z/Y/1041.jpg
Y,24,1042,DTASET A-Z/Y/1042.jpg
Y,24,1043,DTASET A-Z/Y/1043.jpg
Y,24,1044,DTASET A-Z/Y/1044.jpg
Y,24,1045,DTASET A-Z/Y/1045.jpg
Y,24,1046,DTASET A-Z/Y/1046.jpg
Y,24,1047,DTASET A-Z/Y/1047.jpg
Y,24,1048,DTASET A-Z/Y/1048.jpg
Y,24,1049,DTASET A-Z/Y/1049.jpg
Y,24,1050,DTASET A-Z/Y/1050.jpg
Y,24,1051,DTASET A-Z/Y/1051.jpg
Y,24,1052,DTASET A-Z/Y/1052.jpg
Y,24,1053,DTASET A-Z/Y/1053.jpg
Y,24,1054,DTASET A-Z/Y/1054.jpg
Y,24,1055,DTASET A-Z/Y/1055.jpg
Y,24,1056,DTASET A-Z/Y/1056.jpg
Y,24,1057,DTASET A-Z/Y/1057.jpg
Y,24,1058,DTASET A-Z/Y/1058.jpg
Y,24,1059,DTASET A-Z/Y/1059.jpg
Y,24,1060,DTASET A-Z/Y/1060.jpg
Y,24,1061,DTASET A-Z/Y/1061.jpg
Y,24,1062,DTASET A-Z/Y/1062.jpg
Y,24,1063,DTASET A-Z/Y/1063.jpg
Y,24,1064,DTASET A-Z/Y/1064.jpg
Y,24,1065,DTASET A-Z/Y/1065.jpg
Y,24,1066,DTASET A-Z/Y/1066.jpg
Y,24,1067,DTASET A-Z/Y/1067.jpg
Y,24,1068,DTASET A-Z/Y/1068.jpg
Y,24,1069,DTASET A-Z/Y/1069.jpg
Y,24,1070,DTASET A-Z/Y/1070.jpg
Y,24,1071,DTASET A-Z/Y/1071.jpg
Y,24,1072,DTASET A-Z/Y/1072.jpg
Y,24,1073,DTASET A-Z/Y/1073.jpg
Y,24,1074,DTASET A-Z/Y/1074.jpg
Y,24,1075,DTASET A-Z/Y/1075.jpg
Y,24,1076,DTASET A-Z/Y/1076.jpg
Y,24,1077,DTASET A-Z/Y/1077.jpg
Y,24,1078,DTASET A-Z/Y/1078.jpg
Y,24,1079,DTASET A-Z/Y/1079.jpg
Y,24,1080,DTASET A-Z/Y/1080.jpg
Y,24,1081,DTASET A-Z/Y/1081.jpg
Y,24,1082,DTASET A-Z/Y/1082.jpg
Y,24,1083,DTASET A-Z/Y/1083.jpg
Y,24,1084,DTASET A-Z/Y/1084.jpg
Y,24,1085,DTASET A-Z/Y/1085.jpg
Y,24,1086,DTASET A-Z/Y/1086.jpg
Y,24,1087,DTASET A-Z/Y/1087.jpg
Y,24,1088,DTASET A-Z/Y/1088.jpg
Y,24,1089,DTASET A-Z/Y/1089.jpg
Y,24,1090,DTASET A-Z/Y/1090.jpg
Y,24,1091,DTASET A-Z/Y/1091.jpg
Y,24,1092,DTASET A-Z/Y/1092.jpg
Y,24,1093,DTASET A-Z/Y/1093.jpg
Y,24,1094,DTASET A-Z/Y/1094.jpg
Y,24,1095,DTASET A-Z/Y/1095.jpg
Y,24,1096,DTASET A-Z/Y/1096.jpg
Y,24,1097,DTASET A-Z/Y/1097.jpg
Y,24,1098,DTASET A-Z/Y/1098.jpg
Y,24,1099,DTASET A-Z/Y/1099.jpg
Y,24,1100,DTASET A-Z/Y/1100.jpg
Y,24,1101,DTASET A-Z/Y/1101.jpg
Y,24,1102,DTASET A-Z/Y/1102.jpg
Y,24,1103,DTASET A-Z/Y/1103.jpg
Y,24,1104,DTASET A-Z/Y/1104.jpg
Y,24,1105,DTASET A-Z/Y/1105.jpg
Y,24,1106,DTASET A-Z/Y/1106.jpg
Y,24,1107,DTASET A-Z/Y/1107.jpg
Y,24,1108,DTASET A-Z/Y/1108.jpg
Y,24,1109,DTASET A-Z/Y/1109.jpg
Y,24,1110,DTASET A-Z/Y/1110.jpg
Y,24,1111,DTASET A-Z/Y/1111.jpg
Y,24,1112,DTASET A-Z/Y/1112.jpg
Y,24,1113,DTASET A-Z/Y/1113.jpg
Y,24,1114,DTASET A-Z/Y/1114.jpg
Y,24,1115,DTASET A-Z/Y/1115.jpg
Y,24,1116,DTASET A-Z/Y/1116.jpg
Y,24,1117,DTASET A-Z/Y/1117.jpg
Y,24,1118,DTASET A-Z/Y/1118.jpg
Y,24,1119,DTASET A-Z/Y/1119.jpg
Y,24,1120,DTASET A-Z/Y/1120.jpg
Y,24,1121,DTASET A-Z/Y/1121.jpg
Y,24,1122,DTASET A-Z/Y/1122.jpg
Y,24,1123,DTASET A-Z/Y/1123.jpg
Y,24,1124,DTASET A-Z/Y/1124.jpg
Y,24,1125,DTASET A-Z/Y/1125.jpg
Y,24,1126,DTASET A-Z/Y/1126.jpg
Y,24,1127,DTASET A-Z/Y/1127.jpg
Y,24,1128,DTASET A-Z/Y/1128.jpg
Y,24,1129,DTASET A-Z/Y/1129.jpg
Y,24,1130,DTASET A-Z/Y/1130.jpg
Y,24,1131,DTASET A-Z/Y/1131.jpg
Y,24,1132,DTASET A-Z/Y/1132.jpg
Y,24,1133,DTASET A-Z/Y/1133.jpg
Y,24,1134,DTASET A-Z/Y/1134.jpg
Y,24,1135,DTASET A-Z/Y/1135.jpg
Y,24,1136,DTASET A-Z/Y/1136.jpg
Y,24,1137,DTASET A-Z/Y/1137.jpg
Y,24,1138,DTASET A-Z/Y/1138.jpg
Y,24,1139,DTASET A-Z/Y/1139.jpg
Y,24,1140,DTASET A-Z/Y/1140.jpg
Y,24,1141,DTASET A-Z/Y/1141.jpg
Y,24,1142,DTASET A-Z/Y/1142.jpg
Y,24,1143,DTASET A-Z/Y/1143.jpg
Y,24,1144,DTASET A-Z/Y/1144.jpg
Y,24,1145,DTASET A-Z/Y/1145.jpg
Y,24,1146,DTASET A-Z/Y/1146.jpg
Y,24,1147,DTASET A-Z/Y/1147.jpg
Y,24,1148,DTASET A-Z/Y/1148.jpg
Y,24,1149,DTASET A-Z/Y/1149.jpg
Y,24,1150,DTASET A-Z/Y/1150.jpg
Y,24,1151,DTASET A-Z/Y/1151.jpg
Y,24,1152,DTASET A-Z/Y/1152.jpg
Y,24,1153,DTASET A-Z/Y/1153.jpg
Y,24,1154,DTASET A-Z/Y/1154.jpg
Y,24,1155,DTASET A-Z/Y/1155.jpg
Y,24,1156,DTASET A-Z/Y/1156.jpg
Y,24,1157,DTASET A-Z/Y/1157.jpg
Y,24,1158,DTASET A-Z/Y/1158.jpg
Y,24,1159,DTASET A-Z/Y/1159.jpg
Y,24,1160,DTASET A-Z/Y/1160.jpg
Y,24,1161,DTASET A-Z/Y/1161.jpg
Y,24,1162,DTASET A-Z/Y/1162.jpg
Y,24,1163,DTASET A-Z/Y/1163.jpg
Y,24,1164,DTASET A-Z/Y/1164.jpg
Y,24,1165,DTASET A-Z/Y/1165.jpg
Y,24,1166,DTASET A-Z/Y/1166.jpg
Y,24,1167,DTASET A-Z/Y/1167.jpg
Y,24,1168,DTASET A-Z/Y/1168.jpg
Y,24,1169,DTASET A-Z/Y/1169.jpg
Y,24,1170,DTASET A-Z/Y/1170.jpg
Y,24,1171,DTASET A-Z/Y/1171.jpg
Y,24,1172,DTASET A-Z/Y/1172.jpg
Y,24,1173,DTASET A-Z/Y/1173.jpg
Y,24,1174,DTASET A-Z/Y/1174.jpg
Y,24,1175,DTASET A-Z/Y/1175.jpg
Y,24,1176,DTASET A-Z/Y/1176.jpg
Y,24,1177,DTASET A-Z/Y/1177.jpg
Y,24,1178,DTASET A-Z/Y/1178.jpg
Y,24,1179,DTASET A-Z/Y/1179.jpg
Y,24,1180,DTASET A-Z/Y/1180.jpg
Y,24,1181,DTASET A-Z/Y/1181.jpg
Y,24,1182,DTASET A-Z/Y/1182.jpg
Y,24,1183,DTASET A-Z/Y/1183.jpg
Y,24,1184,DTASET A-Z/Y/1184.jpg
Y,24,1185,DTASET A-Z/Y/1185.jpg
Y,24,1186,DTASET A-Z/Y/1186.jpg
Y,24,1187,DTASET A-Z/Y/1187.jpg
Y,24,1188,DTASET A-Z/Y/1188.jpg
Y,24,1189,DTASET A-Z/Y/1189.jpg
Y,24,1190,DTASET A-Z/Y/1190.jpg
Y,24,1191,DTASET A-Z/Y/1191.jpg
Y,24,1192,DTASET A-Z/Y/1192.jpg
Y,24,1193,DTASET A-Z/Y/1193.jpg
Y,24,1194,DTASET A-Z/Y/1194.jpg
Y,24,1195,DTASET A-Z/Y/1195.jpg
Y,24,1196,DTASET A-Z/Y/1196.jpg
Y,24,1197,DTASET A-Z/Y/1197.jpg
Y,24,1198,DTASET A-Z/Y/1198.jpg
Y,24,1199,DTASET A-Z/Y/1199.jpg
Z,25,0,DTASET A-Z/Z/0.jpg
Z,25,1,DTASET A-Z/Z/1.jpg
Z,25,2,DTASET A-Z/Z/2.jpg
Z,25,3,DTASET A-Z/Z/3.jpg
Z,25,4,DTASET A-Z/Z/4.jpg
Z,25,5,DTASET A-Z/Z/5.jpg
Z,25,6,DTASET A-Z/Z/6.jpg
Z,25,7,DTASET A-Z/Z/7.jpg
Z,25,8,DTASET A-Z/Z/8.jpg
Z,25,9,DTASET A-Z/Z/9.jpg
Z,25,10,DTASET A-Z/Z/10.jpg
Z,25,11,DTASET A-Z/Z/11.jpg
Z,25,12,DTASET A-Z/Z/12.jpg
Z,25,13,DTASET A-Z/Z/13.jpg
Z,25,14,DTASET A-Z/Z/14.jpg
Z,25,15,DTASET A-Z/Z/15.jpg
Z,25,16,DTASET A-Z/Z/16.jpg
Z,25,17,DTASET A-Z/Z/17.jpg
Z,25,18,DTASET A-Z/Z/18.jpg
Z,25,19,DTASET A-Z/Z/19.jpg
Z,25,20,DTASET A-Z/Z/20.jpg
Z,25,21,DTASET A-Z/Z/21.jpg
Z,25,22,DTASET A-Z/Z/22.jpg
Z,25,23,DTASET A-Z/Z/23.jpg
Z,25,24,DTASET A-Z/Z/24.jpg
Z,25,25,DTASET A-Z/Z/25.jpg
Z,25,26,DTASET A-Z/Z/26.jpg
Z,25,27,DTASET A-Z/Z/27.jpg
Z,25,28,DTASET A-Z/Z/28.jpg
Z,25,29,DTASET A-Z/Z/29.jpg
Z,25,30,DTASET A-Z/Z/30.jpg
Z,25,31,DTASET A-Z/Z/31.jpg
Z,25,32,DTASET A-Z/Z/32.jpg
Z,25,33,DTASET A-Z/Z/33.jpg
Z,25,34,DTASET A-Z/Z/34.jpg
Z,25,35,DTASET A-Z/Z/35.jpg
Z,25,36,DTASET A-Z/Z/36.jpg
Z,25,37,DTASET A-Z/Z/37.jpg
Z,25,38,DTASET A-Z/Z/38.jpg
Z,25,39,DTASET A-Z/Z/39.jpg
Z,25,40,DTASET A-Z/Z/40.jpg
Z,25,41,DTASET A-Z/Z/41.jpg
Z,25,42,DTASET A-Z/Z/42.jpg
Z,25,43,DTASET A-Z/Z/43.jpg
Z,25,44,DTASET A-Z/Z/44.jpg
Z,25,45,DTASET A-Z/Z/45.jpg
Z,25,46,DTASET A-Z/Z/46.jpg
Z,25,47,DTASET A-Z/Z/47.jpg
Z,25,48,DTASET A-Z/Z/48.jpg
Z,25,49,DTASET A-Z/Z/49.jpg
Z,25,50,DTASET A-Z/Z/50.jpg
Z,25,51,DTASET A-Z/Z/51.jpg
Z,25,52,DTASET A-Z/Z/52.jpg
Z,25,53,DTASET A-Z/Z/53.jpg
Z,25,54,DTASET A-Z/Z/54.jpg
Z,25,55,DTASET A-Z/Z/55.jpg
Z,25,56,DTASET A-Z/Z/56.jpg
Z,25,57,DTASET A-Z/Z/57.jpg
Z,25,58,DTASET A-Z/Z/58.jpg
Z,25,59,DTASET A-Z/Z/59.jpg
Z,25,60,DTASET A-Z/Z/60.jpg
Z,25,61,DTASET A-Z/Z/61.jpg
Z,25,62,DTASET A-Z/Z/62.jpg
Z,25,63,DTASET A-Z/Z/63.jpg
Z,25,64,DTASET A-Z/Z/64.jpg
Z,25,65,DTASET A-Z/Z/65.jpg
Z,25,66,DTASET A-Z/Z/66.jpg
Z,25,67,DTASET A-Z/Z/67.jpg
Z,25,68,DTASET A-Z/Z/68.jpg
Z,25,69,DTASET A-Z/Z/69.jpg
Z,25,70,DTASET A-Z/Z/70.jpg
Z,25,71,DTASET A-Z/Z/71.jpg
Z,25,72,DTASET A-Z/Z/72.jpg
Z,25,73,DTASET A-Z/Z/73.jpg
Z,25,74,DTASET A-Z/Z/74.jpg
Z,25,75,DTASET A-Z/Z/75.jpg
Z,25,76,DTASET A-Z/Z/76.jpg
Z,25,77,DTASET A-Z/Z/77.jpg
Z,25,78,DTASET A-Z/Z/78.jpg
Z,25,79,DTASET A-Z/Z/79.jpg
Z,25,80,DTASET A-Z/Z/80.jpg
Z,25,81,DTASET A-Z/Z/81.jpg
Z,25,82,DTASET A-Z/Z/82.jpg
Z,25,83,DTASET A-Z/Z/83.jpg
Z,25,84,DTASET A-Z/Z/84.jpg
Z,25,85,DTASET A-Z/Z/85.jpg
Z,25,86,DTASET A-Z/Z/86.jpg
Z,25,87,DTASET A-Z/Z/87.jpg
Z,25,88,DTASET A-Z/Z/88.jpg
Z,25,89,DTASET A-Z/Z/89.jpg
Z,25,90,DTASET A-Z/Z/90.jpg
Z,25,91,DTASET A-Z/Z/91.jpg
Z,25,92,DTASET A-Z/Z/92.jpg
Z,25,93,DTASET A-Z/Z/93.jpg
Z,25,94,DTASET A-Z/Z/94.jpg
Z,25,95,DTASET A-Z/Z/95.jpg
Z,25,96,DTASET A-Z/Z/96.jpg
Z,25,97,DTASET A-Z/Z/97.jpg
Z,25,98,DTASET A-Z/Z/98.jpg
Z,25,99,DTASET A-Z/Z/99.jpg
Z,25,100,DTASET A-Z/Z/100.jpg
Z,25,101,DTASET A-Z/Z/101.jpg
Z,25,102,DTASET A-Z/Z/102.jpg
Z,25,103,DTASET A-Z/Z/103.jpg
Z,25,104,DTASET A-Z/Z/104.jpg
Z,25,105,DTASET A-Z/Z/105.jpg
Z,25,106,DTASET A-Z/Z/106.jpg
Z,25,107,DTASET A-Z/Z/107.jpg
Z,25,108,DTASET A-Z/Z/108.jpg
Z,25,109,DTASET A-Z/Z/109.jpg
Z,25,110,DTASET A-Z/Z/110.jpg
Z,25,111,DTASET A-Z/Z/111.jpg
Z,25,112,DTASET A-Z/Z/112.jpg
Z,25,113,DTASET A-Z/Z/113.jpg
Z,25,114,DTASET A-Z/Z/114.jpg
Z,25,115,DTASET A-Z/Z/115.jpg
Z,25,116,DTASET A-Z/Z/116.jpg
Z,25,117,DTASET A-Z/Z/117.jpg
Z,25,118,DTASET A-Z/Z/118.jpg
Z,25,119,DTASET A-Z/Z/119.jpg
Z,25,120,DTASET A-Z/Z/120.jpg
Z,25,121,DTASET A-Z/Z/121.jpg
Z,25,122,DTASET A-Z/Z/122.jpg
Z,25,123,DTASET A-Z/Z/123.jpg
Z,25,124,DTASET A-Z/Z/124.jpg
Z,25,125,DTASET A-Z/Z/125.jpg
Z,25,126,DTASET A-Z/Z/126.jpg
Z,25,127,DTASET A-Z/Z/127.jpg
Z,25,128,DTASET A-Z/Z/128.jpg
Z,25,129,DTASET A-Z/Z/129.jpg
Z,25,130,DTASET A-Z/Z/130.jpg
Z,25,131,DTASET A-Z/Z/131.jpg
Z,25,132,DTASET A-Z/Z/132.jpg
Z,25,133,DTASET A-Z/Z/133.jpg
Z,25,134,DTASET A-Z/Z/134.jpg
Z,25,135,DTASET A-Z/Z/135.jpg
Z,25,136,DTASET A-Z/Z/136.jpg
Z,25,137,DTASET A-Z/Z/137.jpg
Z,25,138,DTASET A-Z/Z/138.jpg
Z,25,139,DTASET A-Z/Z/139.jpg
Z,25,140,DTASET A-Z/Z/140.jpg
Z,25,141,DTASET A-Z/Z/141.jpg
Z,25,142,DTASET A-Z/Z/142.jpg
Z,25,143,DTASET A-Z/Z/143.jpg
Z,25,144,DTASET A-Z/Z/144.jpg
Z,25,145,DTASET A-Z/Z/145.jpg
Z,25,146,DTASET A-Z/Z/146.jpg
Z,25,147,DTASET A-Z/Z/147.jpg
Z,25,148,DTASET A-Z/Z/148.jpg
Z,25,149,DTASET A-Z/Z/149.jpg
Z,25,150,DTASET A-Z/Z/150.jpg
Z,25,151,DTASET A-Z/Z/151.jpg
Z,25,152,DTASET A-Z/Z/152.jpg
Z,25,153,DTASET A-Z/Z/153.jpg
Z,25,154,DTASET A-Z/Z/154.jpg
Z,25,155,DTASET A-Z/Z/155.jpg
Z,25,156,DTASET A-Z/Z/156.jpg
Z,25,157,DTASET A-Z/Z/157.jpg
Z,25,158,DTASET A-Z/Z/158.jpg
Z,25,159,DTASET A-Z/Z/159.jpg
Z,25,160,DTASET A-Z/Z/160.jpg
Z,25,161,DTASET A-Z/Z/161.jpg
Z,25,162,DTASET A-Z/Z/162.jpg
Z,25,163,DTASET A-Z/Z/163.jpg
Z,25,164,DTASET A-Z/Z/164.jpg
Z,25,165,DTASET A-Z/Z/165.jpg
Z,25,166,DTASET A-Z/Z/166.jpg
Z,25,167,DTASET A-Z/Z/167.jpg
Z,25,168,DTASET A-Z/Z/168.jpg
Z,25,169,DTASET A-Z/Z/169.jpg
Z,25,170,DTASET A-Z/Z/170.jpg
Z,25,171,DTASET A-Z/Z/171.jpg
Z,25,172,DTASET A-Z/Z/172.jpg
Z,25,173,DTASET A-Z/Z/173.jpg
Z,25,174,DTASET A-Z/Z/174.jpg
Z,25,175,DTASET A-Z/Z/175.jpg
Z,25,176,DTASET A-Z/Z/176.jpg
Z,25,177,DTASET A-Z/Z/177.jpg
Z,25,178,DTASET A-Z/Z/178.jpg
Z,25,179,DTASET A-Z/Z/179.jpg
Z,25,180,DTASET A-Z/Z/180.jpg
Z,25,181,DTASET A-Z/Z/181.jpg
Z,25,182,DTASET A-Z/Z/182.jpg
Z,25,183,DTASET A-Z/Z/183.jpg
Z,25,184,DTASET A-Z/Z/184.jpg
Z,25,185,DTASET A-Z/Z/185.jpg
Z,25,186,DTASET A-Z/Z/186.jpg
Z,25,187,DTASET A-Z/Z/187.jpg
Z,25,188,DTASET A-Z/Z/188.jpg
Z,25,189,DTASET A-Z/Z/189.jpg
Z,25,190,DTASET A-Z/Z/190.jpg
Z,25,191,DTASET A-Z/Z/191.jpg
Z,25,192,DTASET A-Z/Z/192.jpg
Z,25,193,DTASET A-Z/Z/193.jpg
Z,25,194,DTASET A-Z/Z/194.jpg
Z,25,195,DTASET A-Z/Z/195.jpg
Z,25,196,DTASET A-Z/Z/196.jpg
Z,25,197,DTASET A-Z/Z/197.jpg
Z,25,198,DTASET A-Z/Z/198.jpg
Z,25,199,DTASET A-Z/Z/199.jpg
Z,25,200,DTASET A-Z/Z/200.jpg
Z,25,201,DTASET A-Z/Z/201.jpg
Z,25,202,DTASET A-Z/Z/202.jpg
Z,25,203,DTASET A-Z/Z/203.jpg
Z,25,204,DTASET A-Z/Z/204.jpg
Z,25,205,DTASET A-Z/Z/205.jpg
Z,25,206,DTASET A-Z/Z/206.jpg
Z,25,207,DTASET A-Z/Z/207.jpg
Z,25,208,DTASET A-Z/Z/208.jpg
Z,25,209,DTASET A-Z/Z/209.jpg
Z,25,210,DTASET A-Z/Z/210.jpg
Z,25,211,DTASET A-Z/Z/211.jpg
Z,25,212,DTASET A-Z/Z/212.jpg
Z,25,213,DTASET A-Z/Z/213.jpg
Z,25,214,DTASET A-Z/Z/214.jpg
Z,25,215,DTASET A-Z/Z/215.jpg
Z,25,216,DTASET A-Z/Z/216.jpg
Z,25,217,DTASET A-Z/Z/217.jpg
Z,25,218,DTASET A-Z/Z/218.jpg
Z,25,219,DTASET A-Z/Z/219.jpg
Z,25,220,DTASET A-Z/Z/220.jpg
Z,25,221,DTASET A-Z/Z/221.jpg
Z,25,222,DTASET A-Z/Z/222.jpg
Z,25,223,DTASET A-Z/Z/223.jpg
Z,25,224,DTASET A-Z/Z/224.jpg
Z,25,225,DTASET A-Z/Z/225.jpg
Z,25,226,DTASET A-Z/Z/226.jpg
Z,25,227,DTASET A-Z/Z/227.jpg
Z,25,228,DTASET A-Z/Z/228.jpg
Z,25,229,DTASET A-Z/Z/229.jpg
Z,25,230,DTASET A-Z/Z/230.jpg
Z,25,231,DTASET A-Z/Z/231.jpg
Z,25,232,DTASET A-Z/Z/232.jpg
Z,25,233,DTASET A-Z/Z/233.jpg
Z,25,234,DTASET A-Z/Z/234.jpg
Z,25,235,DTASET A-Z/Z/235.jpg
Z,25,236,DTASET A-Z/Z/236.jpg
Z,25,237,DTASET A-Z/Z/237.jpg
Z,25,238,DTASET A-Z/Z/238.jpg
Z,25,239,DTASET A-Z/Z/239.jpg
Z,25,240,DTASET A-Z/Z/240.jpg
Z,25,241,DTASET A-Z/Z/241.jpg
Z,25,242,DTASET A-Z/Z/242.jpg
Z,25,243,DTASET A-Z/Z/243.jpg
Z,25,244,DTASET A-Z/Z/244.jpg
Z,25,245,DTASET A-Z/Z/245.jpg
Z,25,246,DTASET A-Z/Z/246.jpg
Z,25,247,DTASET A-Z/Z/247.jpg
Z,25,248,DTASET A-Z/Z/248.jpg
Z,25,249,DTASET A-Z/Z/249.jpg
Z,25,250,DTASET A-Z/Z/250.jpg
Z,25,251,DTASET A-Z/Z/251.jpg
Z,25,252,DTASET A-Z/Z/252.jpg
Z,25,253,DTASET A-Z/Z/253.jpg
Z,25,254,DTASET A-Z/Z/254.jpg
Z,25,255,DTASET A-Z/Z/255.jpg
Z,25,256,DTASET A-Z/Z/256.jpg
Z,25,257,DTASET A-Z/Z/257.jpg
Z,25,258,DTASET A-Z/Z/258.jpg
Z,25,259,DTASET A-Z/Z/259.jpg
Z,25,260,DTASET A-Z/Z/260.jpg
Z,25,261,DTASET A-Z/Z/261.jpg
Z,25,262,DTASET A-Z/Z/262.jpg
Z,25,263,DTASET A-Z/Z/263.jpg
Z,25,264,DTASET A-Z/Z/264.jpg
Z,25,265,DTASET A-Z/Z/265.jpg
Z,25,266,DTASET A-Z/Z/266.jpg
Z,25,267,DTASET A-Z/Z/267.jpg
Z,25,268,DTASET A-Z/Z/268.jpg
Z,25,269,DTASET A-Z/Z/269.jpg
Z,25,270,DTASET A-Z/Z/270.jpg
Z,25,271,DTASET A-Z/Z/271.jpg
Z,25,272,DTASET A-Z/Z/272.jpg
Z,25,273,DTASET A-Z/Z/273.jpg
Z,25,274,DTASET A-Z/Z/274.jpg
Z,25,275,DTASET A-Z/Z/275.jpg
Z,25,276,DTASET A-Z/Z/276.jpg
Z,25,277,DTASET A-Z/Z/277.jpg
Z,25,278,DTASET A-Z/Z/278.jpg
Z,25,279,DTASET A-Z/Z/279.jpg
Z,25,280,DTASET A-Z/Z/280.jpg
Z,25,281,DTASET A-Z/Z/281.jpg
Z,25,282,DTASET A-Z/Z/282.jpg
Z,25,283,DTASET A-Z/Z/283.jpg
Z,25,284,DTASET A-Z/Z/284.jpg
Z,25,285,DTASET A-Z/Z/285.jpg
Z,25,286,DTASET A-Z/Z/286.jpg
Z,25,287,DTASET A-Z/Z/287.jpg
Z,25,288,DTASET A-Z/Z/288.jpg
Z,25,289,DTASET A-Z/Z/289.jpg
Z,25,290,DTASET A-Z/Z/290.jpg
Z,25,291,DTASET A-Z/Z/291.jpg
Z,25,292,DTASET A-Z/Z/292.jpg
Z,25,293,DTASET A-Z/Z/293.jpg
Z,25,294,DTASET A-Z/Z/294.jpg
Z,25,295,DTASET A-Z/Z/295.jpg
Z,25,296,DTASET A-Z/Z/296.jpg
Z,25,297,DTASET A-Z/Z/297.jpg
Z,25,298,DTASET A-Z/Z/298.jpg
Z,25,299,DTASET A-Z/Z/299.jpg
Z,25,300,DTASET A-Z/Z/300.jpg
Z,25,301,DTASET A-Z/Z/301.jpg
Z,25,302,DTASET A-Z/Z/302.jpg
Z,25,303,DTASET A-Z/Z/303.jpg
Z,25,304,DTASET A-Z/Z/304.jpg
Z,25,305,DTASET A-Z/Z/305.jpg
Z,25,306,DTASET A-Z/Z/306.jpg
Z,25,307,DTASET A-Z/Z/307.jpg
Z,25,308,DTASET A-Z/Z/308.jpg
Z,25,309,DTASET A-Z/Z/309.jpg
Z,25,310,DTASET A-Z/Z/310.jpg
Z,25,311,DTASET A-Z/Z/311.jpg
Z,25,312,DTASET A-Z/Z/312.jpg
Z,25,313,DTASET A-Z/Z/313.jpg
Z,25,314,DTASET A-Z/Z/314.jpg
Z,25,315,DTASET A-Z/Z/315.jpg
Z,25,316,DTASET A-Z/Z/316.jpg
Z,25,317,DTASET A-Z/Z/317.jpg
Z,25,318,DTASET A-Z/Z/318.jpg
Z,25,319,DTASET A-Z/Z/319.jpg
Z,25,320,DTASET A-Z/Z/320.jpg
Z,25,321,DTASET A-Z/Z/321.jpg
Z,25,322,DTASET A-Z/Z/322.jpg
Z,25,323,DTASET A-Z/Z/323.jpg
Z,25,324,DTASET A-Z/Z/324.jpg
Z,25,325,DTASET A-Z/Z/325.jpg
Z,25,326,DTASET A-Z/Z/326.jpg
Z,25,327,DTASET A-Z/Z/327.jpg
Z,25,328,DTASET A-Z/Z/328.jpg
Z,25,329,DTASET A-Z/Z/329.jpg
Z,25,330,DTASET A-Z/Z/330.jpg
Z,25,331,DTASET A-Z/Z/331.jpg
Z,25,332,DTASET A-Z/Z/332.jpg
Z,25,333,DTASET A-Z/Z/333.jpg
Z,25,334,DTASET A-Z/Z/334.jpg
Z,25,335,DTASET A-Z/Z/335.jpg
Z,25,336,DTASET A-Z/Z/336.jpg
Z,25,337,DTASET A-Z/Z/337.jpg
Z,25,338,DTASET A-Z/Z/338.jpg
Z,25,339,DTASET A-Z/Z/339.jpg
Z,25,340,DTASET A-Z/Z/340.jpg
Z,25,341,DTASET A-Z/Z/341.jpg
Z,25,342,DTASET A-Z/Z/342.jpg
Z,25,343,DTASET A-Z/Z/343.jpg
Z,25,344,DTASET A-Z/Z/344.jpg
Z,25,345,DTASET A-Z/Z/345.jpg
Z,25,346,DTASET A-Z/Z/346.jpg
Z,25,347,DTASET A-Z/Z/347.jpg
Z,25,348,DTASET A-Z/Z/348.jpg
Z,25,349,DTASET A-Z/Z/349.jpg
Z,25,350,DTASET A-Z/Z/350.jpg
Z,25,351,DTASET A-Z/Z/351.jpg
Z,25,352,DTASET A-Z/Z/352.jpg
Z,25,353,DTASET A-Z/Z/353.jpg
Z,25,354,DTASET A-Z/Z/354.jpg
Z,25,355,DTASET A-Z/Z/355.jpg
Z,25,356,DTASET A-Z/Z/356.jpg
Z,25,357,DTASET A-Z/Z/357.jpg
Z,25,358,DTASET A-Z/Z/358.jpg
Z,25,359,DTASET A-Z/Z/359.jpg
Z,25,360,DTASET A-Z/Z/360.jpg
Z,25,361,DTASET A-Z/Z/361.jpg
Z,25,362,DTASET A-Z/Z/362.jpg
Z,25,363,DTASET A-Z/Z/363.jpg
Z,25,364,DTASET A-Z/Z/364.jpg
Z,25,365,DTASET A-Z/Z/365.jpg
Z,25,366,DTASET A-Z/Z/366.jpg
Z,25,367,DTASET A-Z/Z/367.jpg
Z,25,368,DTASET A-Z/Z/368.jpg
Z,25,369,DTASET A-Z/Z/369.jpg
Z,25,370,DTASET A-Z/Z/370.jpg
Z,25,371,DTASET A-Z/Z/371.jpg
Z,25,372,DTASET A-Z/Z/372.jpg
Z,25,373,DTASET A-Z/Z/373.jpg
Z,25,374,DTASET A-Z/Z/374.jpg
Z,25,375,DTASET A-Z/Z/375.jpg
Z,25,376,DTASET A-Z/Z/376.jpg
Z,25,377,DTASET A-Z/Z/377.jpg
Z,25,378,DTASET A-Z/Z/378.jpg
Z,25,379,DTASET A-Z/Z/379.jpg
Z,25,380,DTASET A-Z/Z/380.jpg
Z,25,381,DTASET A-Z/Z/381.jpg
Z,25,382,DTASET A-Z/Z/382.jpg
Z,25,383,DTASET A-Z/Z/383.jpg
Z,25,384,DTASET A-Z/Z/384.jpg
Z,25,385,DTASET A-Z/Z/385.jpg
Z,25,386,DTASET A-Z/Z/386.jpg
Z,25,387,DTASET A-Z/Z/387.jpg
Z,25,388,DTASET A-Z/Z/388.jpg
Z,25,389,DTASET A-Z/Z/389.jpg
Z,25,390,DTASET A-Z/Z/390.jpg
Z,25,391,DTASET A-Z/Z/391.jpg
Z,25,392,DTASET A-Z/Z/392.jpg
Z,25,393,DTASET A-Z/Z/393.jpg
Z,25,394,DTASET A-Z/Z/394.jpg
Z,25,395,DTASET A-Z/Z/395.jpg
Z,25,396,DTASET A-Z/Z/396.jpg
Z,25,397,DTASET A-Z/Z/397.jpg
Z,25,398,DTASET A-Z/Z/398.jpg
Z,25,399,DTASET A-Z/Z/399.jpg
Z,25,400,DTASET A-Z/Z/400.jpg
Z,25,401,DTASET A-Z/Z/401.jpg
Z,25,402,DTASET A-Z/Z/402.jpg
Z,25,403,DTASET A-Z/Z/403.jpg
Z,25,404,DTASET A-Z/Z/404.jpg
Z,25,405,DTASET A-Z/Z/405.jpg
Z,25,406,DTASET A-Z/Z/406.jpg
Z,25,407,DTASET A-Z/Z/407.jpg
Z,25,408,DTASET A-Z/Z/408.jpg
Z,25,409,DTASET A-Z/Z/409.jpg
Z,25,410,DTASET A-Z/Z/410.jpg
Z,25,411,DTASET A-Z/Z/411.jpg
Z,25,412,DTASET A-Z/Z/412.jpg
Z,25,413,DTASET A-Z/Z/413.jpg
Z,25,414,DTASET A-Z/Z/414.jpg
Z,25,415,DTASET A-Z/Z/415.jpg
Z,25,416,DTASET A-Z/Z/416.jpg
Z,25,417,DTASET A-Z/Z/417.jpg
Z,25,418,DTASET A-Z/Z/418.jpg
Z,25,419,DTASET A-Z/Z/419.jpg
Z,25,420,DTASET A-Z/Z/420.jpg
Z,25,421,DTASET A-Z/Z/421.jpg
Z,25,422,DTASET A-Z/Z/422.jpg
Z,25,423,DTASET A-Z/Z/423.jpg
Z,25,424,DTASET A-Z/Z/424.jpg
Z,25,425,DTASET A-Z/Z/425.jpg
Z,25,426,DTASET A-Z/Z/426.jpg
Z,25,427,DTASET A-Z/Z/427.jpg
Z,25,428,DTASET A-Z/Z/428.jpg
Z,25,429,DTASET A-Z/Z/429.jpg
Z,25,430,DTASET A-Z/Z/430.jpg
Z,25,431,DTASET A-Z/Z/431.jpg
Z,25,432,DTASET A-Z/Z/432.jpg
Z,25,433,DTASET A-Z/Z/433.jpg
Z,25,434,DTASET A-Z/Z/434.jpg
Z,25,435,DTASET A-Z/Z/435.jpg
Z,25,436,DTASET A-Z/Z/436.jpg
Z,25,437,DTASET A-Z/Z/437.jpg
Z,25,438,DTASET A-Z/Z/438.jpg
Z,25,439,DTASET A-Z/Z/439.jpg
Z,25,440,DTASET A-Z/Z/440.jpg
Z,25,441,DTASET A-Z/Z/441.jpg
Z,25,442,DTASET A-Z/Z/442.jpg
Z,25,443,DTASET A-Z/Z/443.jpg
Z,25,444,DTASET A-Z/Z/444.jpg
Z,25,445,DTASET A-Z/Z/445.jpg
Z,25,446,DTASET A-Z/Z/446.jpg
Z,25,447,DTASET A-Z/Z/447.jpg
Z,25,448,DTASET A-Z/Z/448.jpg
Z,25,449,DTASET A-Z/Z/449.jpg
Z,25,450,DTASET A-Z/Z/450.jpg
Z,25,451,DTASET A-Z/Z/451.jpg
Z,25,452,DTASET A-Z/Z/452.jpg
Z,25,453,DTASET A-Z/Z/453.jpg
Z,25,454,DTASET A-Z/Z/454.jpg
Z,25,455,DTASET A-Z/Z/455.jpg
Z,25,456,DTASET A-Z/Z/456.jpg
Z,25,457,DTASET A-Z/Z/457.jpg
Z,25,458,DTASET A-Z/Z/458.jpg
Z,25,459,DTASET A-Z/Z/459.jpg
Z,25,460,DTASET A-Z/Z/460.jpg
Z,25,461,DTASET A-Z/Z/461.jpg
Z,25,462,DTASET A-Z/Z/462.jpg
Z,25,463,DTASET A-Z/Z/463.jpg
Z,25,464,DTASET A-Z/Z/464.jpg
Z,25,465,DTASET A-Z/Z/465.jpg
Z,25,466,DTASET A-Z/Z/466.jpg
Z,25,467,DTASET A-Z/Z/467.jpg
Z,25,468,DTASET A-Z/Z/468.jpg
Z,25,469,DTASET A-Z/Z/469.jpg
Z,25,470,DTASET A-Z/Z/470.jpg
Z,25,471,DTASET A-Z/Z/471.jpg
Z,25,472,DTASET A-Z/Z/472.jpg
Z,25,473,DTASET A-Z/Z/473.jpg
Z,25,474,DTASET A-Z/Z/474.jpg
Z,25,475,DTASET A-Z/Z/475.jpg
Z,25,476,DTASET A-Z/Z/476.jpg
Z,25,477,DTASET A-Z/Z/477.jpg
Z,25,478,DTASET A-Z/Z/478.jpg
Z,25,479,DTASET A-Z/Z/479.jpg
Z,25,480,DTASET A-Z/Z/480.jpg
Z,25,481,DTASET A-Z/Z/481.jpg
Z,25,482,DTASET A-Z/Z/482.jpg
Z,25,483,DTASET A-Z/Z/483.jpg
Z,25,484,DTASET A-Z/Z/484.jpg
Z,25,485,DTASET A-Z/Z/485.jpg
Z,25,486,DTASET A-Z/Z/486.jpg
Z,25,487,DTASET A-Z/Z/487.jpg
Z,25,488,DTASET A-Z/Z/488.jpg
Z,25,489,DTASET A-Z/Z/489.jpg
Z,25,490,DTASET A-Z/Z/490.jpg
Z,25,491,DTASET A-Z/Z/491.jpg
Z,25,492,DTASET A-Z/Z/492.jpg
Z,25,493,DTASET A-Z/Z/493.jpg
Z,25,494,DTASET A-Z/Z/494.jpg
Z,25,495,DTASET A-Z/Z/495.jpg
Z,25,496,DTASET A-Z/Z/496.jpg
Z,25,497,DTASET A-Z/Z/497.jpg
Z,25,498,DTASET A-Z/Z/498.jpg
Z,25,499,DTASET A-Z/Z/499.jpg
Z,25,500,DTASET A-Z/Z/500.jpg
Z,25,501,DTASET A-Z/Z/501.jpg
Z,25,502,DTASET A-Z/Z/502.jpg
Z,25,503,DTASET A-Z/Z/503.jpg
Z,25,504,DTASET A-Z/Z/504.jpg
Z,25,505,DTASET A-Z/Z/505.jpg
Z,25,506,DTASET A-Z/Z/506.jpg
Z,25,507,DTASET A-Z/Z/507.jpg
Z,25,508,DTASET A-Z/Z/508.jpg
Z,25,509,DTASET A-Z/Z/509.jpg
Z,25,510,DTASET A-Z/Z/510.jpg
Z,25,511,DTASET A-Z/Z/511.jpg
Z,25,512,DTASET A-Z/Z/512.jpg
Z,25,513,DTASET A-Z/Z/513.jpg
Z,25,514,DTASET A-Z/Z/514.jpg
Z,25,515,DTASET A-Z/Z/515.jpg
Z,25,516,DTASET A-Z/Z/516.jpg
Z,25,517,DTASET A-Z/Z/517.jpg
Z,25,518,DTASET A-Z/Z/518.jpg
Z,25,519,DTASET A-Z/Z/519.jpg
Z,25,520,DTASET A-Z/Z/520.jpg
Z,25,521,DTASET A-Z/Z/521.jpg
Z,25,522,DTASET A-Z/Z/522.jpg
Z,25,523,DTASET A-Z/Z/523.jpg
Z,25,524,DTASET A-Z/Z/524.jpg
Z,25,525,DTASET A-Z/Z/525.jpg
Z,25,526,DTASET A-Z/Z/526.jpg
Z,25,527,DTASET A-Z/Z/527.jpg
Z,25,528,DTASET A-Z/Z/528.jpg
Z,25,529,DTASET A-Z/Z/529.jpg
Z,25,530,DTASET A-Z/Z/530.jpg
Z,25,531,DTASET A-Z/Z/531.jpg
Z,25,532,DTASET A-Z/Z/532.jpg
Z,25,533,DTASET A-Z/Z/533.jpg
Z,25,534,DTASET A-Z/Z/534.jpg
Z,25,535,DTASET A-Z/Z/535.jpg
Z,25,536,DTASET A-Z/Z/536.jpg
Z,25,537,DTASET A-Z/Z/537.jpg
Z,25,538,DTASET A-Z/Z/538.jpg
Z,25,539,DTASET A-Z/Z/539.jpg
Z,25,540,DTASET A-Z/Z/540.jpg
Z,25,541,DTASET A-Z/Z/541.jpg
Z,25,542,DTASET A-Z/Z/542.jpg
Z,25,543,DTASET A-Z/Z/543.jpg
Z,25,544,DTASET A-Z/Z/544.jpg
Z,25,545,DTASET A-Z/Z/545.jpg
Z,25,546,DTASET A-Z/Z/546.jpg
Z,25,547,DTASET A-Z/Z/547.jpg
Z,25,548,DTASET A-Z/Z/548.jpg
Z,25,549,DTASET A-Z/Z/549.jpg
Z,25,550,DTASET A-Z/Z/550.jpg
Z,25,551,DTASET A-Z/Z/551.jpg
Z,25,552,DTASET A-Z/Z/552.jpg
Z,25,553,DTASET A-Z/Z/553.jpg
Z,25,554,DTASET A-Z/Z/554.jpg
Z,25,555,DTASET A-Z/Z/555.jpg
Z,25,556,DTASET A-Z/Z/556.jpg
Z,25,557,DTASET A-Z/Z/557.jpg
Z,25,558,DTASET A-Z/Z/558.jpg
Z,25,559,DTASET A-Z/Z/559.jpg
Z,25,560,DTASET A-Z/Z/560.jpg
Z,25,561,DTASET A-Z/Z/561.jpg
Z,25,562,DTASET A-Z/Z/562.jpg
Z,25,563,DTASET A-Z/Z/563.jpg
Z,25,564,DTASET A-Z/Z/564.jpg
Z,25,565,DTASET A-Z/Z/565.jpg
Z,25,566,DTASET A-Z/Z/566.jpg
Z,25,567,DTASET A-Z/Z/567.jpg
Z,25,568,DTASET A-Z/Z/568.jpg
Z,25,569,DTASET A-Z/Z/569.jpg
Z,25,570,DTASET A-Z/Z/570.jpg
Z,25,571,DTASET A-Z/Z/571.jpg
Z,25,572,DTASET A-Z/Z/572.jpg
Z,25,573,DTASET A-Z/Z/573.jpg
Z,25,574,DTASET A-Z/Z/574.jpg
Z,25,575,DTASET A-Z/Z/575.jpg
Z,25,576,DTASET A-Z/Z/576.jpg
Z,25,577,DTASET A-Z/Z/577.jpg
Z,25,578,DTASET A-Z/Z/578.jpg
Z,25,579,DTASET A-Z/Z/579.jpg
Z,25,580,DTASET A-Z/Z/580.jpg
Z,25,581,DTASET A-Z/Z/581.jpg
Z,25,582,DTASET A-Z/Z/582.jpg
Z,25,583,DTASET A-Z/Z/583.jpg
Z,25,584,DTASET A-Z/Z/584.jpg
Z,25,585,DTASET A-Z/Z/585.jpg
Z,25,586,DTASET A-Z/Z/586.jpg
Z,25,587,DTASET A-Z/Z/587.jpg
Z,25,588,DTASET A-Z/Z/588.jpg
Z,25,589,DTASET A-Z/Z/589.jpg
Z,25,590,DTASET A-Z/Z/590.jpg
Z,25,591,DTASET A-Z/Z/591.jpg
Z,25,592,DTASET A-Z/Z/592.jpg
Z,25,593,DTASET A-Z/Z/593.jpg
Z,25,594,DTASET A-Z/Z/594.jpg
Z,25,595,DTASET A-Z/Z/595.jpg
Z,25,596,DTASET A-Z/Z/596.jpg
Z,25,597,DTASET A-Z/Z/597.jpg
Z,25,598,DTASET A-Z/Z/598.jpg
Z,25,599,DTASET A-Z/Z/599.jpg
Z,25,600,DTASET A-Z/Z/600.jpg
Z,25,601,DTASET A-Z/Z/601.jpg
Z,25,602,DTASET A-Z/Z/602.jpg
Z,25,603,DTASET A-Z/Z/603.jpg
Z,25,604,DTASET A-Z/Z/604.jpg
Z,25,605,DTASET A-Z/Z/605.jpg
Z,25,606,DTASET A-Z/Z/606.jpg
Z,25,607,DTASET A-Z/Z/607.jpg
Z,25,608,DTASET A-Z/Z/608.jpg
Z,25,609,DTASET A-Z/Z/609.jpg
Z,25,610,DTASET A-Z/Z/610.jpg
Z,25,611,DTASET A-Z/Z/611.jpg
Z,25,612,DTASET A-Z/Z/612.jpg
Z,25,613,DTASET A-Z/Z/613.jpg
Z,25,614,DTASET A-Z/Z/614.jpg
Z,25,615,DTASET A-Z/Z/615.jpg
Z,25,616,DTASET A-Z/Z/616.jpg
Z,25,617,DTASET A-Z/Z/617.jpg
Z,25,618,DTASET A-Z/Z/618.jpg
Z,25,619,DTASET A-Z/Z/619.jpg
Z,25,620,DTASET A-Z/Z/620.jpg
Z,25,621,DTASET A-Z/Z/621.jpg
Z,25,622,DTASET A-Z/Z/622.jpg
Z,25,623,DTASET A-Z/Z/623.jpg
Z,25,624,DTASET A-Z/Z/624.jpg
Z,25,625,DTASET A-Z/Z/625.jpg
Z,25,626,DTASET A-Z/Z/626.jpg
Z,25,627,DTASET A-Z/Z/627.jpg
Z,25,628,DTASET A-Z/Z/628.jpg
Z,25,629,DTASET A-Z/Z/629.jpg
Z,25,630,DTASET A-Z/Z/630.jpg
Z,25,631,DTASET A-Z/Z/631.jpg
Z,25,632,DTASET A-Z/Z/632.jpg
Z,25,633,DTASET A-Z/Z/633.jpg
Z,25,634,DTASET A-Z/Z/634.jpg
Z,25,635,DTASET A-Z/Z/635.jpg
Z,25,636,DTASET A-Z/Z/636.jpg
Z,25,637,DTASET A-Z/Z/637.jpg
Z,25,638,DTASET A-Z/Z/638.jpg
Z,25,639,DTASET A-Z/Z/639.jpg
Z,25,640,DTASET A-Z/Z/640.jpg
Z,25,641,DTASET A-Z/Z/641.jpg
Z,25,642,DTASET A-Z/Z/642.jpg
Z,25,643,DTASET A-Z/Z/643.jpg
Z,25,644,DTASET A-Z/Z/644.jpg
Z,25,645,DTASET A-Z/Z/645.jpg
Z,25,646,DTASET A-Z/Z/646.jpg
Z,25,647,DTASET A-Z/Z/647.jpg
Z,25,648,DTASET A-Z/Z/648.jpg
Z,25,649,DTASET A-Z/Z/649.jpg
Z,25,650,DTASET A-Z/Z/650.jpg
Z,25,651,DTASET A-Z/Z/651.jpg
Z,25,652,DTASET A-Z/Z/652.jpg
Z,25,653,DTASET A-Z/Z/653.jpg
Z,25,654,DTASET A-Z/Z/654.jpg
Z,25,655,DTASET A-Z/Z/655.jpg
Z,25,656,DTASET A-Z/Z/656.jpg
Z,25,657,DTASET A-Z/Z/657.jpg
Z,25,658,DTASET A-Z/Z/658.jpg
Z,25,659,DTASET A-Z/Z/659.jpg
Z,25,660,DTASET A-Z/Z/660.jpg
Z,25,661,DTASET A-Z/Z/661.jpg
Z,25,662,DTASET A-Z/Z/662.jpg
Z,25,663,DTASET A-Z/Z/663.jpg
Z,25,664,DTASET A-Z/Z/664.jpg
Z,25,665,DTASET A-Z/Z/665.jpg
Z,25,666,DTASET A-Z/Z/666.jpg
Z,25,667,DTASET A-Z/Z/667.jpg
Z,25,668,DTASET A-Z/Z/668.jpg
Z,25,669,DTASET A-Z/Z/669.jpg
Z,25,670,DTASET A-Z/Z/670.jpg
Z,25,671,DTASET A-Z/Z/671.jpg
Z,25,672,DTASET A-Z/Z/672.jpg
Z,25,673,DTASET A-Z/Z/673.jpg
Z,25,674,DTASET A-Z/Z/674.jpg
Z,25,675,DTASET A-Z/Z/675.jpg
Z,25,676,DTASET A-Z/Z/676.jpg
Z,25,677,DTASET A-Z/Z/677.jpg
Z,25,678,DTASET A-Z/Z/678.jpg
Z,25,679,DTASET A-Z/Z/679.jpg
Z,25,680,DTASET A-Z/Z/680.jpg
Z,25,681,DTASET A-Z/Z/681.jpg
Z,25,682,DTASET A-Z/Z/682.jpg
Z,25,683,DTASET A-Z/Z/683.jpg
Z,25,684,DTASET A-Z/Z/684.jpg
Z,25,685,DTASET A-Z/Z/685.jpg
Z,25,686,DTASET A-Z/Z/686.jpg
Z,25,687,DTASET A-Z/Z/687.jpg
Z,25,688,DTASET A-Z/Z/688.jpg
Z,25,689,DTASET A-Z/Z/689.jpg
Z,25,690,DTASET A-Z/Z/690.jpg
Z,25,691,DTASET A-Z/Z/691.jpg
Z,25,692,DTASET A-Z/Z/692.jpg
Z,25,693,DTASET A-Z/Z/693.jpg
Z,25,694,DTASET A-Z/Z/694.jpg
Z,25,695,DTASET A-Z/Z/695.jpg
Z,25,696,DTASET A-Z/Z/696.jpg
Z,25,697,DTASET A-Z/Z/697.jpg
Z,25,698,DTASET A-Z/Z/698.jpg
Z,25,699,DTASET A-Z/Z/699.jpg
Z,25,700,DTASET A-Z/Z/700.jpg
Z,25,701,DTASET A-Z/Z/701.jpg
Z,25,702,DTASET A-Z/Z/702.jpg
Z,25,703,DTASET A-Z/Z/703.jpg
Z,25,704,DTASET A-Z/Z/704.jpg
Z,25,705,DTASET A-Z/Z/705.jpg
Z,25,706,DTASET A-Z/Z/706.jpg
Z,25,707,DTASET A-Z/Z/707.jpg
Z,25,708,DTASET A-Z/Z/708.jpg
Z,25,709,DTASET A-Z/Z/709.jpg
Z,25,710,DTASET A-Z/Z/710.jpg
Z,25,711,DTASET A-Z/Z/711.jpg
Z,25,712,DTASET A-Z/Z/712.jpg
Z,25,713,DTASET A-Z/Z/713.jpg
Z,25,714,DTASET A-Z/Z/714.jpg
Z,25,715,DTASET A-Z/Z/715.jpg
Z,25,716,DTASET A-Z/Z/716.jpg
Z,25,717,DTASET A-Z/Z/717.jpg
Z,25,718,DTASET A-Z/Z/718.jpg
Z,25,719,DTASET A-Z/Z/719.jpg
Z,25,720,DTASET A-Z/Z/720.jpg
Z,25,721,DTASET A-Z/Z/721.jpg
Z,25,722,DTASET A-Z/Z/722.jpg
Z,25,723,DTASET A-Z/Z/723.jpg
Z,25,724,DTASET A-Z/Z/724.jpg
Z,25,725,DTASET A-Z/Z/725.jpg
Z,25,726,DTASET A-Z/Z/726.jpg
Z,25,727,DTASET A-Z/Z/727.jpg
Z,25,728,DTASET A-Z/Z/728.jpg
Z,25,729,DTASET A-Z/Z/729.jpg
Z,25,730,DTASET A-Z/Z/730.jpg
Z,25,731,DTASET A-Z/Z/731.jpg
Z,25,732,DTASET A-Z/Z/732.jpg
Z,25,733,DTASET A-Z/Z/733.jpg
Z,25,734,DTASET A-Z/Z/734.jpg
Z,25,735,DTASET A-Z/Z/735.jpg
Z,25,736,DTASET A-Z/Z/736.jpg
Z,25,737,DTASET A-Z/Z/737.jpg
Z,25,738,DTASET A-Z/Z/738.jpg
Z,25,739,DTASET A-Z/Z/739.jpg
Z,25,740,DTASET A-Z/Z/740.jpg
Z,25,741,DTASET A-Z/Z/741.jpg
Z,25,742,DTASET A-Z/Z/742.jpg
Z,25,743,DTASET A-Z/Z/743.jpg
Z,25,744,DTASET A-Z/Z/744.jpg
Z,25,745,DTASET A-Z/Z/745.jpg
Z,25,746,DTASET A-Z/Z/746.jpg
Z,25,747,DTASET A-Z/Z/747.jpg
Z,25,748,DTASET A-Z/Z/748.jpg
Z,25,749,DTASET A-Z/Z/749.jpg
Z,25,750,DTASET A-Z/Z/750.jpg
Z,25,751,DTASET A-Z/Z/751.jpg
Z,25,752,DTASET A-Z/Z/752.jpg
Z,25,753,DTASET A-Z/Z/753.jpg
Z,25,754,DTASET A-Z/Z/754.jpg
Z,25,755,DTASET A-Z/Z/755.jpg
Z,25,756,DTASET A-Z/Z/756.jpg
Z,25,757,DTASET A-Z/Z/757.jpg
Z,25,758,DTASET A-Z/Z/758.jpg
Z,25,759,DTASET A-Z/Z/759.jpg
Z,25,760,DTASET A-Z/Z/760.jpg
Z,25,761,DTASET A-Z/Z/761.jpg
Z,25,762,DTASET A-Z/Z/762.jpg
Z,25,763,DTASET A-Z/Z/763.jpg
Z,25,764,DTASET A-Z/Z/764.jpg
Z,25,765,DTASET A-Z/Z/765.jpg
Z,25,766,DTASET A-Z/Z/766.jpg
Z,25,767,DTASET A-Z/Z/767.jpg
Z,25,768,DTASET A-Z/Z/768.jpg
Z,25,769,DTASET A-Z/Z/769.jpg
Z,25,770,DTASET A-Z/Z/770.jpg
Z,25,771,DTASET A-Z/Z/771.jpg
Z,25,772,DTASET A-Z/Z/772.jpg
Z,25,773,DTASET A-Z/Z/773.jpg
Z,25,774,DTASET A-Z/Z/774.jpg
Z,25,775,DTASET A-Z/Z/775.jpg
Z,25,776,DTASET A-Z/Z/776.jpg
Z,25,777,DTASET A-Z/Z/777.jpg
Z,25,778,DTASET A-Z/Z/778.jpg
Z,25,779,DTASET A-Z/Z/779.jpg
Z,25,780,DTASET A-Z/Z/780.jpg
Z,25,781,DTASET A-Z/Z/781.jpg
Z,25,782,DTASET A-Z/Z/782.jpg
Z,25,783,DTASET A-Z/Z/783.jpg
Z,25,784,DTASET A-Z/Z/784.jpg
Z,25,785,DTASET A-Z/Z/785.jpg
Z,25,786,DTASET A-Z/Z/786.jpg
Z,25,787,DTASET A-Z/Z/787.jpg
Z,25,788,DTASET A-Z/Z/788.jpg
Z,25,789,DTASET A-Z/Z/789.jpg
Z,25,790,DTASET A-Z/Z/790.jpg
Z,25,791,DTASET A-Z/Z/791.jpg
Z,25,792,DTASET A-Z/Z/792.jpg
Z,25,793,DTASET A-Z/Z/793.jpg
Z,25,794,DTASET A-Z/Z/794.jpg
Z,25,795,DTASET A-Z/Z/795.jpg
Z,25,796,DTASET A-Z/Z/796.jpg
Z,25,797,DTASET A-Z/Z/797.jpg
Z,25,798,DTASET A-Z/Z/798.jpg
Z,25,799,DTASET A-Z/Z/799.jpg
Z,25,800,DTASET A-Z/Z/800.jpg
Z,25,801,DTASET A-Z/Z/801.jpg
Z,25,802,DTASET A-Z/Z/802.jpg
Z,25,803,DTASET A-Z/Z/803.jpg
Z,25,804,DTASET A-Z/Z/804.jpg
Z,25,805,DTASET A-Z/Z/805.jpg
Z,25,806,DTASET A-Z/Z/806.jpg
Z,25,807,DTASET A-Z/Z/807.jpg
Z,25,808,DTASET A-Z/Z/808.jpg
Z,25,809,DTASET A-Z/Z/809.jpg
Z,25,810,DTASET A-Z/Z/810.jpg
Z,25,811,DTASET A-Z/Z/811.jpg
Z,25,812,DTASET A-Z/Z/812.jpg
Z,25,813,DTASET A-Z/Z/813.jpg
Z,25,814,DTASET A-Z/Z/814.jpg
Z,25,815,DTASET A-Z/Z/815.jpg
Z,25,816,DTASET A-Z/Z/816.jpg
Z,25,817,DTASET A-Z/Z/817.jpg
Z,25,818,DTASET A-Z/Z/818.jpg
Z,25,819,DTASET A-Z/Z/819.jpg
Z,25,820,DTASET A-Z/Z/820.jpg
Z,25,821,DTASET A-Z/Z/821.jpg
Z,25,822,DTASET A-Z/Z/822.jpg
Z,25,823,DTASET A-Z/Z/823.jpg
Z,25,824,DTASET A-Z/Z/824.jpg
Z,25,825,DTASET A-Z/Z/825.jpg
Z,25,826,DTASET A-Z/Z/826.jpg
Z,25,827,DTASET A-Z/Z/827.jpg
Z,25,828,DTASET A-Z/Z/828.jpg
Z,25,829,DTASET A-Z/Z/829.jpg
Z,25,830,DTASET A-Z/Z/830.jpg
Z,25,831,DTASET A-Z/Z/831.jpg
Z,25,832,DTASET A-Z/Z/832.jpg
Z,25,833,DTASET A-Z/Z/833.jpg
Z,25,834,DTASET A-Z/Z/834.jpg
Z,25,835,DTASET A-Z/Z/835.jpg
Z,25,836,DTASET A-Z/Z/836.jpg
Z,25,837,DTASET A-Z/Z/837.jpg
Z,25,838,DTASET A-Z/Z/838.jpg
Z,25,839,DTASET A-Z/Z/839.jpg
Z,25,840,DTASET A-Z/Z/840.jpg
Z,25,841,DTASET A-Z/Z/841.jpg
Z,25,842,DTASET A-Z/Z/842.jpg
Z,25,843,DTASET A-Z/Z/843.jpg
Z,25,844,DTASET A-Z/Z/844.jpg
Z,25,845,DTASET A-Z/Z/845.jpg
Z,25,846,DTASET A-Z/Z/846.jpg
Z,25,847,DTASET A-Z/Z/847.jpg
Z,25,848,DTASET A-Z/Z/848.jpg
Z,25,849,DTASET A-Z/Z/849.jpg
Z,25,850,DTASET A-Z/Z/850.jpg
Z,25,851,DTASET A-Z/Z/851.jpg
Z,25,852,DTASET A-Z/Z/852.jpg
Z,25,853,DTASET A-Z/Z/853.jpg
Z,25,854,DTASET A-Z/Z/854.jpg
Z,25,855,DTASET A-Z/Z/855.jpg
Z,25,856,DTASET A-Z/Z/856.jpg
Z,25,857,DTASET A-Z/Z/857.jpg
Z,25,858,DTASET A-Z/Z/858.jpg
Z,25,859,DTASET A-Z/Z/859.jpg
Z,25,860,DTASET A-Z/Z/860.jpg
Z,25,861,DTASET A-Z/Z/861.jpg
Z,25,862,DTASET A-Z/Z/862.jpg
Z,25,863,DTASET A-Z/Z/863.jpg
Z,25,864,DTASET A-Z/Z/864.jpg
Z,25,865,DTASET A-Z/Z/865.jpg
Z,25,866,DTASET A-Z/Z/866.jpg
Z,25,867,DTASET A-Z/Z/867.jpg
Z,25,868,DTASET A-Z/Z/868.jpg
Z,25,869,DTASET A-Z/Z/869.jpg
Z,25,870,DTASET A-Z/Z/870.jpg
Z,25,871,DTASET A-Z/Z/871.jpg
Z,25,872,DTASET A-Z/Z/872.jpg
Z,25,873,DTASET A-Z/Z/873.jpg
Z,25,874,DTASET A-Z/Z/874.jpg
Z,25,875,DTASET A-Z/Z/875.jpg
Z,25,876,DTASET A-Z/Z/876.jpg
Z,25,877,DTASET A-Z/Z/877.jpg
Z,25,878,DTASET A-Z/Z/878.jpg
Z,25,879,DTASET A-Z/Z/879.jpg
Z,25,880,DTASET A-Z/Z/880.jpg
Z,25,881,DTASET A-Z/Z/881.jpg
Z,25,882,DTASET A-Z/Z/882.jpg
Z,25,883,DTASET A-Z/Z/883.jpg
Z,25,884,DTASET A-Z/Z/884.jpg
Z,25,885,DTASET A-Z/Z/885.jpg
Z,25,886,DTASET A-Z/Z/886.jpg
Z,25,887,DTASET A-Z/Z/887.jpg
Z,25,888,DTASET A-Z/Z/888.jpg
Z,25,889,DTASET A-Z/Z/889.jpg
Z,25,890,DTASET A-Z/Z/890.jpg
Z,25,891,DTASET A-Z/Z/891.jpg
Z,25,892,DTASET A-Z/Z/892.jpg
Z,25,893,DTASET A-Z/Z/893.jpg
Z,25,894,DTASET A-Z/Z/894.jpg
Z,25,895,DTASET A-Z/Z/895.jpg
Z,25,896,DTASET A-Z/Z/896.jpg
Z,25,897,DTASET A-Z/Z/897.jpg
Z,25,898,DTASET A-Z/Z/898.jpg
Z,25,899,DTASET A-Z/Z/899.jpg
Z,25,900,DTASET A-Z/Z/900.jpg
Z,25,901,DTASET A-Z/Z/901.jpg
Z,25,902,DTASET A-Z/Z/902.jpg
Z,25,903,DTASET A-Z/Z/903.jpg
Z,25,904,DTASET A-Z/Z/904.jpg
Z,25,905,DTASET A-Z/Z/905.jpg
Z,25,906,DTASET A-Z/Z/906.jpg
Z,25,907,DTASET A-Z/Z/907.jpg
Z,25,908,DTASET A-Z/Z/908.jpg
Z,25,909,DTASET A-Z/Z/909.jpg
Z,25,910,DTASET A-Z/Z/910.jpg
Z,25,911,DTASET A-Z/Z/911.jpg
Z,25,912,DTASET A-Z/Z/912.jpg
Z,25,913,DTASET A-Z/Z/913.jpg
Z,25,914,DTASET A-Z/Z/914.jpg
Z,25,915,DTASET A-Z/Z/915.jpg
Z,25,916,DTASET A-Z/Z/916.jpg
Z,25,917,DTASET A-Z/Z/917.jpg
Z,25,918,DTASET A-Z/Z/918.jpg
Z,25,919,DTASET A-Z/Z/919.jpg
Z,25,920,DTASET A-Z/Z/920.jpg
Z,25,921,DTASET A-Z/Z/921.jpg
Z,25,922,DTASET A-Z/Z/922.jpg
Z,25,923,DTASET A-Z/Z/923.jpg
Z,25,924,DTASET A-Z/Z/924.jpg
Z,25,925,DTASET A-Z/Z/925.jpg
Z,25,926,DTASET A-Z/Z/926.jpg
Z,25,927,DTASET A-Z/Z/927.jpg
Z,25,928,DTASET A-Z/Z/928.jpg
Z,25,929,DTASET A-Z/Z/929.jpg
Z,25,930,DTASET A-Z/Z/930.jpg
Z,25,931,DTASET A-Z/Z/931.jpg
Z,25,932,DTASET A-Z/Z/932.jpg
Z,25,933,DTASET A-Z/Z/933.jpg
Z,25,934,DTASET A-Z/Z/934.jpg
Z,25,935,DTASET A-Z/Z/935.jpg
Z,25,936,DTASET A-Z/Z/936.jpg
Z,25,937,DTASET A-Z/Z/937.jpg
Z,25,938,DTASET A-Z/Z/938.jpg
Z,25,939,DTASET A-Z/Z/939.jpg
Z,25,940,DTASET A-Z/Z/940.jpg
Z,25,941,DTASET A-Z/Z/941.jpg
Z,25,942,DTASET A-Z/Z/942.jpg
Z,25,943,DTASET A-Z/Z/943.jpg
Z,25,944,DTASET A-Z/Z/944.jpg
Z,25,945,DTASET A-Z/Z/945.jpg
Z,25,946,DTASET A-Z/Z/946.jpg
Z,25,947,DTASET A-Z/Z/947.jpg
Z,25,948,DTASET A-Z/Z/948.jpg
Z,25,949,DTASET A-Z/Z/949.jpg
Z,25,950,DTASET A-Z/Z/950.jpg
Z,25,951,DTASET A-Z/Z/951.jpg
Z,25,952,DTASET A-Z/Z/952.jpg
Z,25,953,DTASET A-Z/Z/953.jpg
Z,25,954,DTASET A-Z/Z/954.jpg
Z,25,955,DTASET A-Z/Z/955.jpg
Z,25,956,DTASET A-Z/Z/956.jpg
Z,25,957,DTASET A-Z/Z/957.jpg
Z,25,958,DTASET A-Z/Z/958.jpg
Z,25,959,DTASET A-Z/Z/959.jpg
Z,25,960,DTASET A-Z/Z/960.jpg
Z,25,961,DTASET A-Z/Z/961.jpg
Z,25,962,DTASET A-Z/Z/962.jpg
Z,25,963,DTASET A-Z/Z/963.jpg
Z,25,964,DTASET A-Z/Z/964.jpg
Z,25,965,DTASET A-Z/Z/965.jpg
Z,25,966,DTASET A-Z/Z/966.jpg
Z,25,967,DTASET A-Z/Z/967.jpg
Z,25,968,DTASET A-Z/Z/968.jpg
Z,25,969,DTASET A-Z/Z/969.jpg
Z,25,970,DTASET A-Z/Z/970.jpg
Z,25,971,DTASET A-Z/Z/971.jpg
Z,25,972,DTASET A-Z/Z/972.jpg
Z,25,973,DTASET A-Z/Z/973.jpg
Z,25,974,DTASET A-Z/Z/974.jpg
Z,25,975,DTASET A-Z/Z/975.jpg
Z,25,976,DTASET A-Z/Z/976.jpg
Z,25,977,DTASET A-Z/Z/977.jpg
Z,25,978,DTASET A-Z/Z/978.jpg
Z,25,979,DTASET A-Z/Z/979.jpg
Z,25,980,DTASET A-Z/Z/980.jpg
Z,25,981,DTASET A-Z/Z/981.jpg
Z,25,982,DTASET A-Z/Z/982.jpg
Z,25,983,DTASET A-Z/Z/983.jpg
Z,25,984,DTASET A-Z/Z/984.jpg
Z,25,985,DTASET A-Z/Z/985.jpg
Z,25,986,DTASET A-Z/Z/986.jpg
Z,25,987,DTASET A-Z/Z/987.jpg
Z,25,988,DTASET A-Z/Z/988.jpg
Z,25,989,DTASET A-Z/Z/989.jpg
Z,25,990,DTASET A-Z/Z/990.jpg
Z,25,991,DTASET A-Z/Z/991.jpg
Z,25,992,DTASET A-Z/Z/992.jpg
Z,25,993,DTASET A-Z/Z/993.jpg
Z,25,994,DTASET A-Z/Z/994.jpg
Z,25,995,DTASET A-Z/Z/995.jpg
Z,25,996,DTASET A-Z/Z/996.jpg
Z,25,997,DTASET A-Z/Z/997.jpg
Z,25,998,DTASET A-Z/Z/998.jpg
Z,25,999,DTASET A-Z/Z/999.jpg
Z,25,1000,DTASET A-Z/Z/1000.jpg
Z,25,1001,DTASET A-Z/Z/1001.jpg
Z,25,1002,DTASET A-Z/Z/1002.jpg
Z,25,1003,DTASET A-Z/Z/1003.jpg
Z,25,1004,DTASET A-Z/Z/1004.jpg
Z,25,1005,DTASET A-Z/Z/1005.jpg
Z,25,1006,DTASET A-Z/Z/1006.jpg
Z,25,1007,DTASET A-Z/Z/1007.jpg
Z,25,1008,DTASET A-Z/Z/1008.jpg
Z,25,1009,DTASET A-Z/Z/1009.jpg
Z,25,1010,DTASET A-Z/Z/1010.jpg
Z,25,1011,DTASET A-Z/Z/1011.jpg
Z,25,1012,DTASET A-Z/Z/1012.jpg
Z,25,1013,DTASET A-Z/Z/1013.jpg
Z,25,1014,DTASET A-Z/Z/1014.jpg
Z,25,1015,DTASET A-Z/Z/1015.jpg
Z,25,1016,DTASET A-Z/Z/1016.jpg
Z,25,1017,DTASET A-Z/Z/1017.jpg
Z,25,1018,DTASET A-Z/Z/1018.jpg
Z,25,1019,DTASET A-Z/Z/1019.jpg
Z,25,1020,DTASET A-Z/Z/1020.jpg
Z,25,1021,DTASET A-Z/Z/1021.jpg
Z,25,1022,DTASET A-Z/Z/1022.jpg
Z,25,1023,DTASET A-Z/Z/1023.jpg
Z,25,1024,DTASET A-Z/Z/1024.jpg
Z,25,1025,DTASET A-Z/Z/1025.jpg
Z,25,1026,DTASET A-Z/Z/1026.jpg
Z,25,1027,DTASET A-Z/Z/1027.jpg
Z,25,1028,DTASET A-Z/Z/1028.jpg
Z,25,1029,DTASET A-Z/Z/1029.jpg
Z,25,1030,DTASET A-Z/Z/1030.jpg
Z,25,1031,DTASET A-Z/Z/1031.jpg
Z,25,1032,DTASET A-Z/Z/1032.jpg
Z,25,1033,DTASET A-Z/Z/1033.jpg
Z,25,1034,DTASET A-Z/Z/1034.jpg
Z,25,1035,DTASET A-Z/Z/1035.jpg
Z,25,1036,DTASET A-Z/Z/1036.jpg
Z,25,1037,DTASET A-Z/Z/1037.jpg
Z,25,1038,DTASET A-Z/Z/1038.jpg
Z,25,1039,DTASET A-Z/Z/1039.jpg
Z,25,1040,DTASET A-Z/Z/1040.jpg
Z,25,1041,DTASET A-Z/Z/1041.jpg
Z,25,1042,DTASET A-Z/Z/1042.jpg
Z,25,1043,DTASET A-Z/Z/1043.jpg
Z,25,1044,DTASET A-Z/Z/1044.jpg
Z,25,1045,DTASET A-Z/Z/1045.jpg
Z,25,1046,DTASET A-Z/Z/1046.jpg
Z,25,1047,DTASET A-Z/Z/1047.jpg
Z,25,1048,DTASET A-Z/Z/1048.jpg
Z,25,1049,DTASET A-Z/Z/1049.jpg
Z,25,1050,DTASET A-Z/Z/1050.jpg
Z,25,1051,DTASET A-Z/Z/1051.jpg
Z,25,1052,DTASET A-Z/Z/1052.jpg
Z,25,1053,DTASET A-Z/Z/1053.jpg
Z,25,1054,DTASET A-Z/Z/1054.jpg
Z,25,1055,DTASET A-Z/Z/1055.jpg
Z,25,1056,DTASET A-Z/Z/1056.jpg
Z,25,1057,DTASET A-Z/Z/1057.jpg
Z,25,1058,DTASET A-Z/Z/1058.jpg
Z,25,1059,DTASET A-Z/Z/1059.jpg
Z,25,1060,DTASET A-Z/Z/1060.jpg
Z,25,1061,DTASET A-Z/Z/1061.jpg
Z,25,1062,DTASET A-Z/Z/1062.jpg
Z,25,1063,DTASET A-Z/Z/1063.jpg
Z,25,1064,DTASET A-Z/Z/1064.jpg
Z,25,1065,DTASET A-Z/Z/1065.jpg
Z,25,1066,DTASET A-Z/Z/1066.jpg
Z,25,1067,DTASET A-Z/Z/1067.jpg
Z,25,1068,DTASET A-Z/Z/1068.jpg
Z,25,1069,DTASET A-Z/Z/1069.jpg
Z,25,1070,DTASET A-Z/Z/1070.jpg
Z,25,1071,DTASET A-Z/Z/1071.jpg
Z,25,1072,DTASET A-Z/Z/1072.jpg
Z,25,1073,DTASET A-Z/Z/1073.jpg
Z,25,1074,DTASET A-Z/Z/1074.jpg
Z,25,1075,DTASET A-Z/Z/1075.jpg
Z,25,1076,DTASET A-Z/Z/1076.jpg
Z,25,1077,DTASET A-Z/Z/1077.jpg
Z,25,1078,DTASET A-Z/Z/1078.jpg
Z,25,1079,DTASET A-Z/Z/1079.jpg
Z,25,1080,DTASET A-Z/Z/1080.jpg
Z,25,1081,DTASET A-Z/Z/1081.jpg
Z,25,1082,DTASET A-Z/Z/1082.jpg
Z,25,1083,DTASET A-Z/Z/1083.jpg
Z,25,1084,DTASET A-Z/Z/1084.jpg
Z,25,1085,DTASET A-Z/Z/1085.jpg
Z,25,1086,DTASET A-Z/Z/1086.jpg
Z,25,1087,DTASET A-Z/Z/1087.jpg
Z,25,1088,DTASET A-Z/Z/1088.jpg
Z,25,1089,DTASET A-Z/Z/1089.jpg
Z,25,1090,DTASET A-Z/Z/1090.jpg
Z,25,1091,DTASET A-Z/Z/1091.jpg
Z,25,1092,DTASET A-Z/Z/1092.jpg
Z,25,1093,DTASET A-Z/Z/1093.jpg
Z,25,1094,DTASET A-Z/Z/1094.jpg
Z,25,1095,DTASET A-Z/Z/1095.jpg
Z,25,1096,DTASET A-Z/Z/1096.jpg
Z,25,1097,DTASET A-Z/Z/1097.jpg
Z,25,1098,DTASET A-Z/Z/1098.jpg
Z,25,1099,DTASET A-Z/Z/1099.jpg
Z,25,1100,DTASET A-Z/Z/1100.jpg
Z,25,1101,DTASET A-Z/Z/1101.jpg
Z,25,1102,DTASET A-Z/Z/1102.jpg
Z,25,1103,DTASET A-Z/Z/1103.jpg
Z,25,1104,DTASET A-Z/Z/1104.jpg
Z,25,1105,DTASET A-Z/Z/1105.jpg
Z,25,1106,DTASET A-Z/Z/1106.jpg
Z,25,1107,DTASET A-Z/Z/1107.jpg
Z,25,1108,DTASET A-Z/Z/1108.jpg
Z,25,1109,DTASET A-Z/Z/1109.jpg
Z,25,1110,DTASET A-Z/Z/1110.jpg
Z,25,1111,DTASET A-Z/Z/1111.jpg
Z,25,1112,DTASET A-Z/Z/1112.jpg
Z,25,1113,DTASET A-Z/Z/1113.jpg
Z,25,1114,DTASET A-Z/Z/1114.jpg
Z,25,1115,DTASET A-Z/Z/1115.jpg
Z,25,1116,DTASET A-Z/Z/1116.jpg
Z,25,1117,DTASET A-Z/Z/1117.jpg
Z,25,1118,DTASET A-Z/Z/1118.jpg
Z,25,1119,DTASET A-Z/Z/1119.jpg
Z,25,1120,DTASET A-Z/Z/1120.jpg
Z,25,1121,DTASET A-Z/Z/1121.jpg
Z,25,1122,DTASET A-Z/Z/1122.jpg
Z,25,1123,DTASET A-Z/Z/1123.jpg
Z,25,1124,DTASET A-Z/Z/1124.jpg
Z,25,1125,DTASET A-Z/Z/1125.jpg
Z,25,1126,DTASET A-Z/Z/1126.jpg
Z,25,1127,DTASET A-Z/Z/1127.jpg
Z,25,1128,DTASET A-Z/Z/1128.jpg
Z,25,1129,DTASET A-Z/Z/1129.jpg
Z,25,1130,DTASET A-Z/Z/1130.jpg
Z,25,1131,DTASET A-Z/Z/1131.jpg
Z,25,1132,DTASET A-Z/Z/1132.jpg
Z,25,1133,DTASET A-Z/Z/1133.jpg
Z,25,1134,DTASET A-Z/Z/1134.jpg
Z,25,1135,DTASET A-Z/Z/1135.jpg
Z,25,1136,DTASET A-Z/Z/1136.jpg
Z,25,1137,DTASET A-Z/Z/1137.jpg
Z,25,1138,DTASET A-Z/Z/1138.jpg
Z,25,1139,DTASET A-Z/Z/1139.jpg
Z,25,1140,DTASET A-Z/Z/1140.jpg
Z,25,1141,DTASET A-Z/Z/1141.jpg
Z,25,1142,DTASET A-Z/Z/1142.jpg
Z,25,1143,DTASET A-Z/Z/1143.jpg
Z,25,1144,DTASET A-Z/Z/1144.jpg
Z,25,1145,DTASET A-Z/Z/1145.jpg
Z,25,1146,DTASET A-Z/Z/1146.jpg
Z,25,1147,DTASET A-Z/Z/1147.jpg
Z,25,1148,DTASET A-Z/Z/1148.jpg
Z,25,1149,DTASET A-Z/Z/1149.jpg
Z,25,1150,DTASET A-Z/Z/1150.jpg
Z,25,1151,DTASET A-Z/Z/1151.jpg
Z,25,1152,DTASET A-Z/Z/1152.jpg
Z,25,1153,DTASET A-Z/Z/1153.jpg
Z,25,1154,DTASET A-Z/Z/1154.jpg
Z,25,1155,DTASET A-Z/Z/1155.jpg
Z,25,1156,DTASET A-Z/Z/1156.jpg
Z,25,1157,DTASET A-Z/Z/1157.jpg
Z,25,1158,DTASET A-Z/Z/1158.jpg
Z,25,1159,DTASET A-Z/Z/1159.jpg
Z,25,1160,DTASET A-Z/Z/1160.jpg
Z,25,1161,DTASET A-Z/Z/1161.jpg
Z,25,1162,DTASET A-Z/Z/1162.jpg
Z,25,1163,DTASET A-Z/Z/1163.jpg
Z,25,1164,DTASET A-Z/Z/1164.jpg
Z,25,1165,DTASET A-Z/Z/1165.jpg
Z,25,1166,DTASET A-Z/Z/1166.jpg
Z,25,1167,DTASET A-Z/Z/1167.jpg
Z,25,1168,DTASET A-Z/Z/1168.jpg
Z,25,1169,DTASET A-Z/Z/1169.jpg
Z,25,1170,DTASET A-Z/Z/1170.jpg
Z,25,1171,DTASET A-Z/Z/1171.jpg
Z,25,1172,DTASET A-Z/Z/1172.jpg
Z,25,1173,DTASET A-Z/Z/1173.jpg
Z,25,1174,DTASET A-Z/Z/1174.jpg
Z,25,1175,DTASET A-Z/Z/1175.jpg
Z,25,1176,DTASET A-Z/Z/1176.jpg
Z,25,1177,DTASET A-Z/Z/1177.jpg
Z,25,1178,DTASET A-Z/Z/1178.jpg
Z,25,1179,DTASET A-Z/Z/1179.jpg
Z,25,1180,DTASET A-Z/Z/1180.jpg
Z,25,1181,DTASET A-Z/Z/1181.jpg
Z,25,1182,DTASET A-Z/Z/1182.jpg
Z,25,1183,DTASET A-Z/Z/1183.jpg
Z,25,1184,DTASET A-Z/Z/1184.jpg
Z,25,1185,DTASET A-Z/Z/1185.jpg
Z,25,1186,DTASET A-Z/Z/1186.jpg
Z,25,1187,DTASET A-Z/Z/1187.jpg
Z,25,1188,DTASET A-Z/Z/1188.jpg
Z,25,1189,DTASET A-Z/Z/1189.jpg
Z,25,1190,DTASET A-Z/Z/1190.jpg
Z,25,1191,DTASET A-Z/Z/1191.jpg
Z,25,1192,DTASET A-Z/Z/1192.jpg
Z,25,1193,DTASET A-Z/Z/1193.jpg
Z,25,1194,DTASET A-Z/Z/1194.jpg
Z,25,1195,DTASET A-Z/Z/1195.jpg
Z,25,1196,DTASET A-Z/Z/1196.jpg
Z,25,1197,DTASET A-Z/Z/1197.jpg
Z,25,1198,DTASET A-Z/Z/1198.jpg
Z,25,1199,DTASET A-Z/Z/1199.jpg
